row_id,region_id,graph_source,policy_id,scenario_id,scenario_family,scenario_type,disruption_mode,seed,mode,completion_rate,censored_count,risk_label,risk_label_rule,claim_scope,split,predicted_risk_label,prediction_correct,model_status,cluster_id
simrow-000001,goseong_mobilization,cached_graphml:data/cache/goseong_corridor_road.graphml,bus_only,no_disruption,no_disruption,none,none,2101,bus_only,1,0,normal,normal if completion_rate>=0.95 and censored_count=0; watch if completion_rate>=0.80; risk if completion_rate>=0.50; otherwise failure,"Phase 10 post-simulation ML decision-support analysis only; labels are derived from simulation outputs and do not prove real-world calibration, publication readiness, final-study readiness, formal acceptance, or operational forecasting.",test,normal,true,xgboost_trained,2
simrow-000002,goseong_mobilization,cached_graphml:data/cache/goseong_corridor_road.graphml,bus_only,no_disruption,no_disruption,none,none,2102,bus_only,1,0,normal,normal if completion_rate>=0.95 and censored_count=0; watch if completion_rate>=0.80; risk if completion_rate>=0.50; otherwise failure,"Phase 10 post-simulation ML decision-support analysis only; labels are derived from simulation outputs and do not prove real-world calibration, publication readiness, final-study readiness, formal acceptance, or operational forecasting.",train,normal,true,xgboost_trained,2
simrow-000003,goseong_mobilization,cached_graphml:data/cache/goseong_corridor_road.graphml,bus_only,no_disruption,no_disruption,none,none,2103,bus_only,1,0,normal,normal if completion_rate>=0.95 and censored_count=0; watch if completion_rate>=0.80; risk if completion_rate>=0.50; otherwise failure,"Phase 10 post-simulation ML decision-support analysis only; labels are derived from simulation outputs and do not prove real-world calibration, publication readiness, final-study readiness, formal acceptance, or operational forecasting.",train,normal,true,xgboost_trained,2
simrow-000004,goseong_mobilization,cached_graphml:data/cache/goseong_corridor_road.graphml,bus_only,no_disruption,no_disruption,none,none,2104,bus_only,1,0,normal,normal if completion_rate>=0.95 and censored_count=0; watch if completion_rate>=0.80; risk if completion_rate>=0.50; otherwise failure,"Phase 10 post-simulation ML decision-support analysis only; labels are derived from simulation outputs and do not prove real-world calibration, publication readiness, final-study readiness, formal acceptance, or operational forecasting.",train,normal,true,xgboost_trained,2
simrow-000005,goseong_mobilization,cached_graphml:data/cache/goseong_corridor_road.graphml,bus_only,no_disruption,no_disruption,none,none,2105,bus_only,1,0,normal,normal if completion_rate>=0.95 and censored_count=0; watch if completion_rate>=0.80; risk if completion_rate>=0.50; otherwise failure,"Phase 10 post-simulation ML decision-support analysis only; labels are derived from simulation outputs and do not prove real-world calibration, publication readiness, final-study readiness, formal acceptance, or operational forecasting.",train,normal,true,xgboost_trained,2
simrow-000006,goseong_mobilization,cached_graphml:data/cache/goseong_corridor_road.graphml,baseline_multimodal,no_disruption,no_disruption,none,none,2101,multimodal,1,0,normal,normal if completion_rate>=0.95 and censored_count=0; watch if completion_rate>=0.80; risk if completion_rate>=0.50; otherwise failure,"Phase 10 post-simulation ML decision-support analysis only; labels are derived from simulation outputs and do not prove real-world calibration, publication readiness, final-study readiness, formal acceptance, or operational forecasting.",test,normal,true,xgboost_trained,2
simrow-000007,goseong_mobilization,cached_graphml:data/cache/goseong_corridor_road.graphml,baseline_multimodal,no_disruption,no_disruption,none,none,2102,multimodal,1,0,normal,normal if completion_rate>=0.95 and censored_count=0; watch if completion_rate>=0.80; risk if completion_rate>=0.50; otherwise failure,"Phase 10 post-simulation ML decision-support analysis only; labels are derived from simulation outputs and do not prove real-world calibration, publication readiness, final-study readiness, formal acceptance, or operational forecasting.",train,normal,true,xgboost_trained,2
simrow-000008,goseong_mobilization,cached_graphml:data/cache/goseong_corridor_road.graphml,baseline_multimodal,no_disruption,no_disruption,none,none,2103,multimodal,1,0,normal,normal if completion_rate>=0.95 and censored_count=0; watch if completion_rate>=0.80; risk if completion_rate>=0.50; otherwise failure,"Phase 10 post-simulation ML decision-support analysis only; labels are derived from simulation outputs and do not prove real-world calibration, publication readiness, final-study readiness, formal acceptance, or operational forecasting.",train,normal,true,xgboost_trained,2
simrow-000009,goseong_mobilization,cached_graphml:data/cache/goseong_corridor_road.graphml,baseline_multimodal,no_disruption,no_disruption,none,none,2104,multimodal,1,0,normal,normal if completion_rate>=0.95 and censored_count=0; watch if completion_rate>=0.80; risk if completion_rate>=0.50; otherwise failure,"Phase 10 post-simulation ML decision-support analysis only; labels are derived from simulation outputs and do not prove real-world calibration, publication readiness, final-study readiness, formal acceptance, or operational forecasting.",train,normal,true,xgboost_trained,2
simrow-000010,goseong_mobilization,cached_graphml:data/cache/goseong_corridor_road.graphml,baseline_multimodal,no_disruption,no_disruption,none,none,2105,multimodal,1,0,normal,normal if completion_rate>=0.95 and censored_count=0; watch if completion_rate>=0.80; risk if completion_rate>=0.50; otherwise failure,"Phase 10 post-simulation ML decision-support analysis only; labels are derived from simulation outputs and do not prove real-world calibration, publication readiness, final-study readiness, formal acceptance, or operational forecasting.",train,normal,true,xgboost_trained,2
simrow-000011,goseong_mobilization,cached_graphml:data/cache/goseong_corridor_road.graphml,multimodal_lastmile_redundancy,no_disruption,no_disruption,none,none,2101,multimodal,1,0,normal,normal if completion_rate>=0.95 and censored_count=0; watch if completion_rate>=0.80; risk if completion_rate>=0.50; otherwise failure,"Phase 10 post-simulation ML decision-support analysis only; labels are derived from simulation outputs and do not prove real-world calibration, publication readiness, final-study readiness, formal acceptance, or operational forecasting.",test,normal,true,xgboost_trained,2
simrow-000012,goseong_mobilization,cached_graphml:data/cache/goseong_corridor_road.graphml,multimodal_lastmile_redundancy,no_disruption,no_disruption,none,none,2102,multimodal,1,0,normal,normal if completion_rate>=0.95 and censored_count=0; watch if completion_rate>=0.80; risk if completion_rate>=0.50; otherwise failure,"Phase 10 post-simulation ML decision-support analysis only; labels are derived from simulation outputs and do not prove real-world calibration, publication readiness, final-study readiness, formal acceptance, or operational forecasting.",train,normal,true,xgboost_trained,2
simrow-000013,goseong_mobilization,cached_graphml:data/cache/goseong_corridor_road.graphml,multimodal_lastmile_redundancy,no_disruption,no_disruption,none,none,2103,multimodal,1,0,normal,normal if completion_rate>=0.95 and censored_count=0; watch if completion_rate>=0.80; risk if completion_rate>=0.50; otherwise failure,"Phase 10 post-simulation ML decision-support analysis only; labels are derived from simulation outputs and do not prove real-world calibration, publication readiness, final-study readiness, formal acceptance, or operational forecasting.",train,normal,true,xgboost_trained,2
simrow-000014,goseong_mobilization,cached_graphml:data/cache/goseong_corridor_road.graphml,multimodal_lastmile_redundancy,no_disruption,no_disruption,none,none,2104,multimodal,1,0,normal,normal if completion_rate>=0.95 and censored_count=0; watch if completion_rate>=0.80; risk if completion_rate>=0.50; otherwise failure,"Phase 10 post-simulation ML decision-support analysis only; labels are derived from simulation outputs and do not prove real-world calibration, publication readiness, final-study readiness, formal acceptance, or operational forecasting.",train,normal,true,xgboost_trained,2
simrow-000015,goseong_mobilization,cached_graphml:data/cache/goseong_corridor_road.graphml,multimodal_lastmile_redundancy,no_disruption,no_disruption,none,none,2105,multimodal,1,0,normal,normal if completion_rate>=0.95 and censored_count=0; watch if completion_rate>=0.80; risk if completion_rate>=0.50; otherwise failure,"Phase 10 post-simulation ML decision-support analysis only; labels are derived from simulation outputs and do not prove real-world calibration, publication readiness, final-study readiness, formal acceptance, or operational forecasting.",train,normal,true,xgboost_trained,2
simrow-000016,goseong_mobilization,cached_graphml:data/cache/goseong_corridor_road.graphml,staggered_or_adaptive_dispatch,no_disruption,no_disruption,none,none,2101,multimodal,1,0,normal,normal if completion_rate>=0.95 and censored_count=0; watch if completion_rate>=0.80; risk if completion_rate>=0.50; otherwise failure,"Phase 10 post-simulation ML decision-support analysis only; labels are derived from simulation outputs and do not prove real-world calibration, publication readiness, final-study readiness, formal acceptance, or operational forecasting.",test,normal,true,xgboost_trained,2
simrow-000017,goseong_mobilization,cached_graphml:data/cache/goseong_corridor_road.graphml,staggered_or_adaptive_dispatch,no_disruption,no_disruption,none,none,2102,multimodal,1,0,normal,normal if completion_rate>=0.95 and censored_count=0; watch if completion_rate>=0.80; risk if completion_rate>=0.50; otherwise failure,"Phase 10 post-simulation ML decision-support analysis only; labels are derived from simulation outputs and do not prove real-world calibration, publication readiness, final-study readiness, formal acceptance, or operational forecasting.",train,normal,true,xgboost_trained,2
simrow-000018,goseong_mobilization,cached_graphml:data/cache/goseong_corridor_road.graphml,staggered_or_adaptive_dispatch,no_disruption,no_disruption,none,none,2103,multimodal,1,0,normal,normal if completion_rate>=0.95 and censored_count=0; watch if completion_rate>=0.80; risk if completion_rate>=0.50; otherwise failure,"Phase 10 post-simulation ML decision-support analysis only; labels are derived from simulation outputs and do not prove real-world calibration, publication readiness, final-study readiness, formal acceptance, or operational forecasting.",train,normal,true,xgboost_trained,2
simrow-000019,goseong_mobilization,cached_graphml:data/cache/goseong_corridor_road.graphml,staggered_or_adaptive_dispatch,no_disruption,no_disruption,none,none,2104,multimodal,1,0,normal,normal if completion_rate>=0.95 and censored_count=0; watch if completion_rate>=0.80; risk if completion_rate>=0.50; otherwise failure,"Phase 10 post-simulation ML decision-support analysis only; labels are derived from simulation outputs and do not prove real-world calibration, publication readiness, final-study readiness, formal acceptance, or operational forecasting.",train,normal,true,xgboost_trained,2
simrow-000020,goseong_mobilization,cached_graphml:data/cache/goseong_corridor_road.graphml,staggered_or_adaptive_dispatch,no_disruption,no_disruption,none,none,2105,multimodal,1,0,normal,normal if completion_rate>=0.95 and censored_count=0; watch if completion_rate>=0.80; risk if completion_rate>=0.50; otherwise failure,"Phase 10 post-simulation ML decision-support analysis only; labels are derived from simulation outputs and do not prove real-world calibration, publication readiness, final-study readiness, formal acceptance, or operational forecasting.",train,normal,true,xgboost_trained,2
simrow-000021,goseong_mobilization,cached_graphml:data/cache/goseong_corridor_road.graphml,multimodal_increased_feeder_capacity,no_disruption,no_disruption,none,none,2101,multimodal,1,0,normal,normal if completion_rate>=0.95 and censored_count=0; watch if completion_rate>=0.80; risk if completion_rate>=0.50; otherwise failure,"Phase 10 post-simulation ML decision-support analysis only; labels are derived from simulation outputs and do not prove real-world calibration, publication readiness, final-study readiness, formal acceptance, or operational forecasting.",test,normal,true,xgboost_trained,2
simrow-000022,goseong_mobilization,cached_graphml:data/cache/goseong_corridor_road.graphml,multimodal_increased_feeder_capacity,no_disruption,no_disruption,none,none,2102,multimodal,1,0,normal,normal if completion_rate>=0.95 and censored_count=0; watch if completion_rate>=0.80; risk if completion_rate>=0.50; otherwise failure,"Phase 10 post-simulation ML decision-support analysis only; labels are derived from simulation outputs and do not prove real-world calibration, publication readiness, final-study readiness, formal acceptance, or operational forecasting.",train,normal,true,xgboost_trained,2
simrow-000023,goseong_mobilization,cached_graphml:data/cache/goseong_corridor_road.graphml,multimodal_increased_feeder_capacity,no_disruption,no_disruption,none,none,2103,multimodal,1,0,normal,normal if completion_rate>=0.95 and censored_count=0; watch if completion_rate>=0.80; risk if completion_rate>=0.50; otherwise failure,"Phase 10 post-simulation ML decision-support analysis only; labels are derived from simulation outputs and do not prove real-world calibration, publication readiness, final-study readiness, formal acceptance, or operational forecasting.",train,normal,true,xgboost_trained,2
simrow-000024,goseong_mobilization,cached_graphml:data/cache/goseong_corridor_road.graphml,multimodal_increased_feeder_capacity,no_disruption,no_disruption,none,none,2104,multimodal,1,0,normal,normal if completion_rate>=0.95 and censored_count=0; watch if completion_rate>=0.80; risk if completion_rate>=0.50; otherwise failure,"Phase 10 post-simulation ML decision-support analysis only; labels are derived from simulation outputs and do not prove real-world calibration, publication readiness, final-study readiness, formal acceptance, or operational forecasting.",train,normal,true,xgboost_trained,2
simrow-000025,goseong_mobilization,cached_graphml:data/cache/goseong_corridor_road.graphml,multimodal_increased_feeder_capacity,no_disruption,no_disruption,none,none,2105,multimodal,1,0,normal,normal if completion_rate>=0.95 and censored_count=0; watch if completion_rate>=0.80; risk if completion_rate>=0.50; otherwise failure,"Phase 10 post-simulation ML decision-support analysis only; labels are derived from simulation outputs and do not prove real-world calibration, publication readiness, final-study readiness, formal acceptance, or operational forecasting.",train,normal,true,xgboost_trained,2
simrow-000026,goseong_mobilization,cached_graphml:data/cache/goseong_corridor_road.graphml,rail_delay_or_partial_unavailability,no_disruption,no_disruption,none,none,2101,multimodal,1,0,normal,normal if completion_rate>=0.95 and censored_count=0; watch if completion_rate>=0.80; risk if completion_rate>=0.50; otherwise failure,"Phase 10 post-simulation ML decision-support analysis only; labels are derived from simulation outputs and do not prove real-world calibration, publication readiness, final-study readiness, formal acceptance, or operational forecasting.",test,normal,true,xgboost_trained,2
simrow-000027,goseong_mobilization,cached_graphml:data/cache/goseong_corridor_road.graphml,rail_delay_or_partial_unavailability,no_disruption,no_disruption,none,none,2102,multimodal,1,0,normal,normal if completion_rate>=0.95 and censored_count=0; watch if completion_rate>=0.80; risk if completion_rate>=0.50; otherwise failure,"Phase 10 post-simulation ML decision-support analysis only; labels are derived from simulation outputs and do not prove real-world calibration, publication readiness, final-study readiness, formal acceptance, or operational forecasting.",train,normal,true,xgboost_trained,2
simrow-000028,goseong_mobilization,cached_graphml:data/cache/goseong_corridor_road.graphml,rail_delay_or_partial_unavailability,no_disruption,no_disruption,none,none,2103,multimodal,1,0,normal,normal if completion_rate>=0.95 and censored_count=0; watch if completion_rate>=0.80; risk if completion_rate>=0.50; otherwise failure,"Phase 10 post-simulation ML decision-support analysis only; labels are derived from simulation outputs and do not prove real-world calibration, publication readiness, final-study readiness, formal acceptance, or operational forecasting.",train,normal,true,xgboost_trained,2
simrow-000029,goseong_mobilization,cached_graphml:data/cache/goseong_corridor_road.graphml,rail_delay_or_partial_unavailability,no_disruption,no_disruption,none,none,2104,multimodal,1,0,normal,normal if completion_rate>=0.95 and censored_count=0; watch if completion_rate>=0.80; risk if completion_rate>=0.50; otherwise failure,"Phase 10 post-simulation ML decision-support analysis only; labels are derived from simulation outputs and do not prove real-world calibration, publication readiness, final-study readiness, formal acceptance, or operational forecasting.",train,normal,true,xgboost_trained,2
simrow-000030,goseong_mobilization,cached_graphml:data/cache/goseong_corridor_road.graphml,rail_delay_or_partial_unavailability,no_disruption,no_disruption,none,none,2105,multimodal,1,0,normal,normal if completion_rate>=0.95 and censored_count=0; watch if completion_rate>=0.80; risk if completion_rate>=0.50; otherwise failure,"Phase 10 post-simulation ML decision-support analysis only; labels are derived from simulation outputs and do not prove real-world calibration, publication readiness, final-study readiness, formal acceptance, or operational forecasting.",train,normal,true,xgboost_trained,2
simrow-000031,goseong_mobilization,cached_graphml:data/cache/goseong_corridor_road.graphml,fleet_shortage_stress,no_disruption,no_disruption,none,none,2101,multimodal,1,0,normal,normal if completion_rate>=0.95 and censored_count=0; watch if completion_rate>=0.80; risk if completion_rate>=0.50; otherwise failure,"Phase 10 post-simulation ML decision-support analysis only; labels are derived from simulation outputs and do not prove real-world calibration, publication readiness, final-study readiness, formal acceptance, or operational forecasting.",test,normal,true,xgboost_trained,2
simrow-000032,goseong_mobilization,cached_graphml:data/cache/goseong_corridor_road.graphml,fleet_shortage_stress,no_disruption,no_disruption,none,none,2102,multimodal,1,0,normal,normal if completion_rate>=0.95 and censored_count=0; watch if completion_rate>=0.80; risk if completion_rate>=0.50; otherwise failure,"Phase 10 post-simulation ML decision-support analysis only; labels are derived from simulation outputs and do not prove real-world calibration, publication readiness, final-study readiness, formal acceptance, or operational forecasting.",train,normal,true,xgboost_trained,2
simrow-000033,goseong_mobilization,cached_graphml:data/cache/goseong_corridor_road.graphml,fleet_shortage_stress,no_disruption,no_disruption,none,none,2103,multimodal,1,0,normal,normal if completion_rate>=0.95 and censored_count=0; watch if completion_rate>=0.80; risk if completion_rate>=0.50; otherwise failure,"Phase 10 post-simulation ML decision-support analysis only; labels are derived from simulation outputs and do not prove real-world calibration, publication readiness, final-study readiness, formal acceptance, or operational forecasting.",train,normal,true,xgboost_trained,2
simrow-000034,goseong_mobilization,cached_graphml:data/cache/goseong_corridor_road.graphml,fleet_shortage_stress,no_disruption,no_disruption,none,none,2104,multimodal,1,0,normal,normal if completion_rate>=0.95 and censored_count=0; watch if completion_rate>=0.80; risk if completion_rate>=0.50; otherwise failure,"Phase 10 post-simulation ML decision-support analysis only; labels are derived from simulation outputs and do not prove real-world calibration, publication readiness, final-study readiness, formal acceptance, or operational forecasting.",train,normal,true,xgboost_trained,2
simrow-000035,goseong_mobilization,cached_graphml:data/cache/goseong_corridor_road.graphml,fleet_shortage_stress,no_disruption,no_disruption,none,none,2105,multimodal,1,0,normal,normal if completion_rate>=0.95 and censored_count=0; watch if completion_rate>=0.80; risk if completion_rate>=0.50; otherwise failure,"Phase 10 post-simulation ML decision-support analysis only; labels are derived from simulation outputs and do not prove real-world calibration, publication readiness, final-study readiness, formal acceptance, or operational forecasting.",train,normal,true,xgboost_trained,2
simrow-000036,goseong_mobilization,cached_graphml:data/cache/goseong_corridor_road.graphml,bus_only,goseong_random_capacity_reduction,random,capacity_reduction,capacity_reduction,2101,bus_only,1,0,normal,normal if completion_rate>=0.95 and censored_count=0; watch if completion_rate>=0.80; risk if completion_rate>=0.50; otherwise failure,"Phase 10 post-simulation ML decision-support analysis only; labels are derived from simulation outputs and do not prove real-world calibration, publication readiness, final-study readiness, formal acceptance, or operational forecasting.",test,normal,true,xgboost_trained,1
simrow-000037,goseong_mobilization,cached_graphml:data/cache/goseong_corridor_road.graphml,bus_only,goseong_random_capacity_reduction,random,capacity_reduction,capacity_reduction,2102,bus_only,1,0,normal,normal if completion_rate>=0.95 and censored_count=0; watch if completion_rate>=0.80; risk if completion_rate>=0.50; otherwise failure,"Phase 10 post-simulation ML decision-support analysis only; labels are derived from simulation outputs and do not prove real-world calibration, publication readiness, final-study readiness, formal acceptance, or operational forecasting.",train,normal,true,xgboost_trained,1
simrow-000038,goseong_mobilization,cached_graphml:data/cache/goseong_corridor_road.graphml,bus_only,goseong_random_capacity_reduction,random,capacity_reduction,capacity_reduction,2103,bus_only,1,0,normal,normal if completion_rate>=0.95 and censored_count=0; watch if completion_rate>=0.80; risk if completion_rate>=0.50; otherwise failure,"Phase 10 post-simulation ML decision-support analysis only; labels are derived from simulation outputs and do not prove real-world calibration, publication readiness, final-study readiness, formal acceptance, or operational forecasting.",train,normal,true,xgboost_trained,1
simrow-000039,goseong_mobilization,cached_graphml:data/cache/goseong_corridor_road.graphml,bus_only,goseong_random_capacity_reduction,random,capacity_reduction,capacity_reduction,2104,bus_only,1,0,normal,normal if completion_rate>=0.95 and censored_count=0; watch if completion_rate>=0.80; risk if completion_rate>=0.50; otherwise failure,"Phase 10 post-simulation ML decision-support analysis only; labels are derived from simulation outputs and do not prove real-world calibration, publication readiness, final-study readiness, formal acceptance, or operational forecasting.",train,normal,true,xgboost_trained,1
simrow-000040,goseong_mobilization,cached_graphml:data/cache/goseong_corridor_road.graphml,bus_only,goseong_random_capacity_reduction,random,capacity_reduction,capacity_reduction,2105,bus_only,1,0,normal,normal if completion_rate>=0.95 and censored_count=0; watch if completion_rate>=0.80; risk if completion_rate>=0.50; otherwise failure,"Phase 10 post-simulation ML decision-support analysis only; labels are derived from simulation outputs and do not prove real-world calibration, publication readiness, final-study readiness, formal acceptance, or operational forecasting.",train,normal,true,xgboost_trained,1
simrow-000041,goseong_mobilization,cached_graphml:data/cache/goseong_corridor_road.graphml,baseline_multimodal,goseong_random_capacity_reduction,random,capacity_reduction,capacity_reduction,2101,multimodal,1,0,normal,normal if completion_rate>=0.95 and censored_count=0; watch if completion_rate>=0.80; risk if completion_rate>=0.50; otherwise failure,"Phase 10 post-simulation ML decision-support analysis only; labels are derived from simulation outputs and do not prove real-world calibration, publication readiness, final-study readiness, formal acceptance, or operational forecasting.",test,normal,true,xgboost_trained,0
simrow-000042,goseong_mobilization,cached_graphml:data/cache/goseong_corridor_road.graphml,baseline_multimodal,goseong_random_capacity_reduction,random,capacity_reduction,capacity_reduction,2102,multimodal,1,0,normal,normal if completion_rate>=0.95 and censored_count=0; watch if completion_rate>=0.80; risk if completion_rate>=0.50; otherwise failure,"Phase 10 post-simulation ML decision-support analysis only; labels are derived from simulation outputs and do not prove real-world calibration, publication readiness, final-study readiness, formal acceptance, or operational forecasting.",train,normal,true,xgboost_trained,0
simrow-000043,goseong_mobilization,cached_graphml:data/cache/goseong_corridor_road.graphml,baseline_multimodal,goseong_random_capacity_reduction,random,capacity_reduction,capacity_reduction,2103,multimodal,1,0,normal,normal if completion_rate>=0.95 and censored_count=0; watch if completion_rate>=0.80; risk if completion_rate>=0.50; otherwise failure,"Phase 10 post-simulation ML decision-support analysis only; labels are derived from simulation outputs and do not prove real-world calibration, publication readiness, final-study readiness, formal acceptance, or operational forecasting.",train,normal,true,xgboost_trained,0
simrow-000044,goseong_mobilization,cached_graphml:data/cache/goseong_corridor_road.graphml,baseline_multimodal,goseong_random_capacity_reduction,random,capacity_reduction,capacity_reduction,2104,multimodal,1,0,normal,normal if completion_rate>=0.95 and censored_count=0; watch if completion_rate>=0.80; risk if completion_rate>=0.50; otherwise failure,"Phase 10 post-simulation ML decision-support analysis only; labels are derived from simulation outputs and do not prove real-world calibration, publication readiness, final-study readiness, formal acceptance, or operational forecasting.",train,normal,true,xgboost_trained,0
simrow-000045,goseong_mobilization,cached_graphml:data/cache/goseong_corridor_road.graphml,baseline_multimodal,goseong_random_capacity_reduction,random,capacity_reduction,capacity_reduction,2105,multimodal,1,0,normal,normal if completion_rate>=0.95 and censored_count=0; watch if completion_rate>=0.80; risk if completion_rate>=0.50; otherwise failure,"Phase 10 post-simulation ML decision-support analysis only; labels are derived from simulation outputs and do not prove real-world calibration, publication readiness, final-study readiness, formal acceptance, or operational forecasting.",train,normal,true,xgboost_trained,0
simrow-000046,goseong_mobilization,cached_graphml:data/cache/goseong_corridor_road.graphml,multimodal_lastmile_redundancy,goseong_random_capacity_reduction,random,capacity_reduction,capacity_reduction,2101,multimodal,1,0,normal,normal if completion_rate>=0.95 and censored_count=0; watch if completion_rate>=0.80; risk if completion_rate>=0.50; otherwise failure,"Phase 10 post-simulation ML decision-support analysis only; labels are derived from simulation outputs and do not prove real-world calibration, publication readiness, final-study readiness, formal acceptance, or operational forecasting.",test,normal,true,xgboost_trained,0
simrow-000047,goseong_mobilization,cached_graphml:data/cache/goseong_corridor_road.graphml,multimodal_lastmile_redundancy,goseong_random_capacity_reduction,random,capacity_reduction,capacity_reduction,2102,multimodal,1,0,normal,normal if completion_rate>=0.95 and censored_count=0; watch if completion_rate>=0.80; risk if completion_rate>=0.50; otherwise failure,"Phase 10 post-simulation ML decision-support analysis only; labels are derived from simulation outputs and do not prove real-world calibration, publication readiness, final-study readiness, formal acceptance, or operational forecasting.",train,normal,true,xgboost_trained,0
simrow-000048,goseong_mobilization,cached_graphml:data/cache/goseong_corridor_road.graphml,multimodal_lastmile_redundancy,goseong_random_capacity_reduction,random,capacity_reduction,capacity_reduction,2103,multimodal,1,0,normal,normal if completion_rate>=0.95 and censored_count=0; watch if completion_rate>=0.80; risk if completion_rate>=0.50; otherwise failure,"Phase 10 post-simulation ML decision-support analysis only; labels are derived from simulation outputs and do not prove real-world calibration, publication readiness, final-study readiness, formal acceptance, or operational forecasting.",train,normal,true,xgboost_trained,0
simrow-000049,goseong_mobilization,cached_graphml:data/cache/goseong_corridor_road.graphml,multimodal_lastmile_redundancy,goseong_random_capacity_reduction,random,capacity_reduction,capacity_reduction,2104,multimodal,1,0,normal,normal if completion_rate>=0.95 and censored_count=0; watch if completion_rate>=0.80; risk if completion_rate>=0.50; otherwise failure,"Phase 10 post-simulation ML decision-support analysis only; labels are derived from simulation outputs and do not prove real-world calibration, publication readiness, final-study readiness, formal acceptance, or operational forecasting.",train,normal,true,xgboost_trained,0
simrow-000050,goseong_mobilization,cached_graphml:data/cache/goseong_corridor_road.graphml,multimodal_lastmile_redundancy,goseong_random_capacity_reduction,random,capacity_reduction,capacity_reduction,2105,multimodal,1,0,normal,normal if completion_rate>=0.95 and censored_count=0; watch if completion_rate>=0.80; risk if completion_rate>=0.50; otherwise failure,"Phase 10 post-simulation ML decision-support analysis only; labels are derived from simulation outputs and do not prove real-world calibration, publication readiness, final-study readiness, formal acceptance, or operational forecasting.",train,normal,true,xgboost_trained,0
simrow-000051,goseong_mobilization,cached_graphml:data/cache/goseong_corridor_road.graphml,staggered_or_adaptive_dispatch,goseong_random_capacity_reduction,random,capacity_reduction,capacity_reduction,2101,multimodal,1,0,normal,normal if completion_rate>=0.95 and censored_count=0; watch if completion_rate>=0.80; risk if completion_rate>=0.50; otherwise failure,"Phase 10 post-simulation ML decision-support analysis only; labels are derived from simulation outputs and do not prove real-world calibration, publication readiness, final-study readiness, formal acceptance, or operational forecasting.",test,normal,true,xgboost_trained,0
simrow-000052,goseong_mobilization,cached_graphml:data/cache/goseong_corridor_road.graphml,staggered_or_adaptive_dispatch,goseong_random_capacity_reduction,random,capacity_reduction,capacity_reduction,2102,multimodal,1,0,normal,normal if completion_rate>=0.95 and censored_count=0; watch if completion_rate>=0.80; risk if completion_rate>=0.50; otherwise failure,"Phase 10 post-simulation ML decision-support analysis only; labels are derived from simulation outputs and do not prove real-world calibration, publication readiness, final-study readiness, formal acceptance, or operational forecasting.",train,normal,true,xgboost_trained,0
simrow-000053,goseong_mobilization,cached_graphml:data/cache/goseong_corridor_road.graphml,staggered_or_adaptive_dispatch,goseong_random_capacity_reduction,random,capacity_reduction,capacity_reduction,2103,multimodal,1,0,normal,normal if completion_rate>=0.95 and censored_count=0; watch if completion_rate>=0.80; risk if completion_rate>=0.50; otherwise failure,"Phase 10 post-simulation ML decision-support analysis only; labels are derived from simulation outputs and do not prove real-world calibration, publication readiness, final-study readiness, formal acceptance, or operational forecasting.",train,normal,true,xgboost_trained,0
simrow-000054,goseong_mobilization,cached_graphml:data/cache/goseong_corridor_road.graphml,staggered_or_adaptive_dispatch,goseong_random_capacity_reduction,random,capacity_reduction,capacity_reduction,2104,multimodal,1,0,normal,normal if completion_rate>=0.95 and censored_count=0; watch if completion_rate>=0.80; risk if completion_rate>=0.50; otherwise failure,"Phase 10 post-simulation ML decision-support analysis only; labels are derived from simulation outputs and do not prove real-world calibration, publication readiness, final-study readiness, formal acceptance, or operational forecasting.",train,normal,true,xgboost_trained,0
simrow-000055,goseong_mobilization,cached_graphml:data/cache/goseong_corridor_road.graphml,staggered_or_adaptive_dispatch,goseong_random_capacity_reduction,random,capacity_reduction,capacity_reduction,2105,multimodal,1,0,normal,normal if completion_rate>=0.95 and censored_count=0; watch if completion_rate>=0.80; risk if completion_rate>=0.50; otherwise failure,"Phase 10 post-simulation ML decision-support analysis only; labels are derived from simulation outputs and do not prove real-world calibration, publication readiness, final-study readiness, formal acceptance, or operational forecasting.",train,normal,true,xgboost_trained,0
simrow-000056,goseong_mobilization,cached_graphml:data/cache/goseong_corridor_road.graphml,multimodal_increased_feeder_capacity,goseong_random_capacity_reduction,random,capacity_reduction,capacity_reduction,2101,multimodal,1,0,normal,normal if completion_rate>=0.95 and censored_count=0; watch if completion_rate>=0.80; risk if completion_rate>=0.50; otherwise failure,"Phase 10 post-simulation ML decision-support analysis only; labels are derived from simulation outputs and do not prove real-world calibration, publication readiness, final-study readiness, formal acceptance, or operational forecasting.",test,normal,true,xgboost_trained,0
simrow-000057,goseong_mobilization,cached_graphml:data/cache/goseong_corridor_road.graphml,multimodal_increased_feeder_capacity,goseong_random_capacity_reduction,random,capacity_reduction,capacity_reduction,2102,multimodal,1,0,normal,normal if completion_rate>=0.95 and censored_count=0; watch if completion_rate>=0.80; risk if completion_rate>=0.50; otherwise failure,"Phase 10 post-simulation ML decision-support analysis only; labels are derived from simulation outputs and do not prove real-world calibration, publication readiness, final-study readiness, formal acceptance, or operational forecasting.",train,normal,true,xgboost_trained,0
simrow-000058,goseong_mobilization,cached_graphml:data/cache/goseong_corridor_road.graphml,multimodal_increased_feeder_capacity,goseong_random_capacity_reduction,random,capacity_reduction,capacity_reduction,2103,multimodal,1,0,normal,normal if completion_rate>=0.95 and censored_count=0; watch if completion_rate>=0.80; risk if completion_rate>=0.50; otherwise failure,"Phase 10 post-simulation ML decision-support analysis only; labels are derived from simulation outputs and do not prove real-world calibration, publication readiness, final-study readiness, formal acceptance, or operational forecasting.",train,normal,true,xgboost_trained,0
simrow-000059,goseong_mobilization,cached_graphml:data/cache/goseong_corridor_road.graphml,multimodal_increased_feeder_capacity,goseong_random_capacity_reduction,random,capacity_reduction,capacity_reduction,2104,multimodal,1,0,normal,normal if completion_rate>=0.95 and censored_count=0; watch if completion_rate>=0.80; risk if completion_rate>=0.50; otherwise failure,"Phase 10 post-simulation ML decision-support analysis only; labels are derived from simulation outputs and do not prove real-world calibration, publication readiness, final-study readiness, formal acceptance, or operational forecasting.",train,normal,true,xgboost_trained,0
simrow-000060,goseong_mobilization,cached_graphml:data/cache/goseong_corridor_road.graphml,multimodal_increased_feeder_capacity,goseong_random_capacity_reduction,random,capacity_reduction,capacity_reduction,2105,multimodal,1,0,normal,normal if completion_rate>=0.95 and censored_count=0; watch if completion_rate>=0.80; risk if completion_rate>=0.50; otherwise failure,"Phase 10 post-simulation ML decision-support analysis only; labels are derived from simulation outputs and do not prove real-world calibration, publication readiness, final-study readiness, formal acceptance, or operational forecasting.",train,normal,true,xgboost_trained,0
simrow-000061,goseong_mobilization,cached_graphml:data/cache/goseong_corridor_road.graphml,rail_delay_or_partial_unavailability,goseong_random_capacity_reduction,random,capacity_reduction,capacity_reduction,2101,multimodal,1,0,normal,normal if completion_rate>=0.95 and censored_count=0; watch if completion_rate>=0.80; risk if completion_rate>=0.50; otherwise failure,"Phase 10 post-simulation ML decision-support analysis only; labels are derived from simulation outputs and do not prove real-world calibration, publication readiness, final-study readiness, formal acceptance, or operational forecasting.",test,normal,true,xgboost_trained,0
simrow-000062,goseong_mobilization,cached_graphml:data/cache/goseong_corridor_road.graphml,rail_delay_or_partial_unavailability,goseong_random_capacity_reduction,random,capacity_reduction,capacity_reduction,2102,multimodal,1,0,normal,normal if completion_rate>=0.95 and censored_count=0; watch if completion_rate>=0.80; risk if completion_rate>=0.50; otherwise failure,"Phase 10 post-simulation ML decision-support analysis only; labels are derived from simulation outputs and do not prove real-world calibration, publication readiness, final-study readiness, formal acceptance, or operational forecasting.",train,normal,true,xgboost_trained,0
simrow-000063,goseong_mobilization,cached_graphml:data/cache/goseong_corridor_road.graphml,rail_delay_or_partial_unavailability,goseong_random_capacity_reduction,random,capacity_reduction,capacity_reduction,2103,multimodal,1,0,normal,normal if completion_rate>=0.95 and censored_count=0; watch if completion_rate>=0.80; risk if completion_rate>=0.50; otherwise failure,"Phase 10 post-simulation ML decision-support analysis only; labels are derived from simulation outputs and do not prove real-world calibration, publication readiness, final-study readiness, formal acceptance, or operational forecasting.",train,normal,true,xgboost_trained,0
simrow-000064,goseong_mobilization,cached_graphml:data/cache/goseong_corridor_road.graphml,rail_delay_or_partial_unavailability,goseong_random_capacity_reduction,random,capacity_reduction,capacity_reduction,2104,multimodal,1,0,normal,normal if completion_rate>=0.95 and censored_count=0; watch if completion_rate>=0.80; risk if completion_rate>=0.50; otherwise failure,"Phase 10 post-simulation ML decision-support analysis only; labels are derived from simulation outputs and do not prove real-world calibration, publication readiness, final-study readiness, formal acceptance, or operational forecasting.",train,normal,true,xgboost_trained,0
simrow-000065,goseong_mobilization,cached_graphml:data/cache/goseong_corridor_road.graphml,rail_delay_or_partial_unavailability,goseong_random_capacity_reduction,random,capacity_reduction,capacity_reduction,2105,multimodal,1,0,normal,normal if completion_rate>=0.95 and censored_count=0; watch if completion_rate>=0.80; risk if completion_rate>=0.50; otherwise failure,"Phase 10 post-simulation ML decision-support analysis only; labels are derived from simulation outputs and do not prove real-world calibration, publication readiness, final-study readiness, formal acceptance, or operational forecasting.",train,normal,true,xgboost_trained,0
simrow-000066,goseong_mobilization,cached_graphml:data/cache/goseong_corridor_road.graphml,fleet_shortage_stress,goseong_random_capacity_reduction,random,capacity_reduction,capacity_reduction,2101,multimodal,1,0,normal,normal if completion_rate>=0.95 and censored_count=0; watch if completion_rate>=0.80; risk if completion_rate>=0.50; otherwise failure,"Phase 10 post-simulation ML decision-support analysis only; labels are derived from simulation outputs and do not prove real-world calibration, publication readiness, final-study readiness, formal acceptance, or operational forecasting.",test,normal,true,xgboost_trained,0
simrow-000067,goseong_mobilization,cached_graphml:data/cache/goseong_corridor_road.graphml,fleet_shortage_stress,goseong_random_capacity_reduction,random,capacity_reduction,capacity_reduction,2102,multimodal,1,0,normal,normal if completion_rate>=0.95 and censored_count=0; watch if completion_rate>=0.80; risk if completion_rate>=0.50; otherwise failure,"Phase 10 post-simulation ML decision-support analysis only; labels are derived from simulation outputs and do not prove real-world calibration, publication readiness, final-study readiness, formal acceptance, or operational forecasting.",train,normal,true,xgboost_trained,0
simrow-000068,goseong_mobilization,cached_graphml:data/cache/goseong_corridor_road.graphml,fleet_shortage_stress,goseong_random_capacity_reduction,random,capacity_reduction,capacity_reduction,2103,multimodal,1,0,normal,normal if completion_rate>=0.95 and censored_count=0; watch if completion_rate>=0.80; risk if completion_rate>=0.50; otherwise failure,"Phase 10 post-simulation ML decision-support analysis only; labels are derived from simulation outputs and do not prove real-world calibration, publication readiness, final-study readiness, formal acceptance, or operational forecasting.",train,normal,true,xgboost_trained,0
simrow-000069,goseong_mobilization,cached_graphml:data/cache/goseong_corridor_road.graphml,fleet_shortage_stress,goseong_random_capacity_reduction,random,capacity_reduction,capacity_reduction,2104,multimodal,1,0,normal,normal if completion_rate>=0.95 and censored_count=0; watch if completion_rate>=0.80; risk if completion_rate>=0.50; otherwise failure,"Phase 10 post-simulation ML decision-support analysis only; labels are derived from simulation outputs and do not prove real-world calibration, publication readiness, final-study readiness, formal acceptance, or operational forecasting.",train,normal,true,xgboost_trained,0
simrow-000070,goseong_mobilization,cached_graphml:data/cache/goseong_corridor_road.graphml,fleet_shortage_stress,goseong_random_capacity_reduction,random,capacity_reduction,capacity_reduction,2105,multimodal,1,0,normal,normal if completion_rate>=0.95 and censored_count=0; watch if completion_rate>=0.80; risk if completion_rate>=0.50; otherwise failure,"Phase 10 post-simulation ML decision-support analysis only; labels are derived from simulation outputs and do not prove real-world calibration, publication readiness, final-study readiness, formal acceptance, or operational forecasting.",train,normal,true,xgboost_trained,0
simrow-000071,goseong_mobilization,cached_graphml:data/cache/goseong_corridor_road.graphml,bus_only,goseong_random_blockage,random,blocked,blocked,2101,bus_only,0,24,failure,normal if completion_rate>=0.95 and censored_count=0; watch if completion_rate>=0.80; risk if completion_rate>=0.50; otherwise failure,"Phase 10 post-simulation ML decision-support analysis only; labels are derived from simulation outputs and do not prove real-world calibration, publication readiness, final-study readiness, formal acceptance, or operational forecasting.",test,failure,true,xgboost_trained,1
simrow-000072,goseong_mobilization,cached_graphml:data/cache/goseong_corridor_road.graphml,bus_only,goseong_random_blockage,random,blocked,blocked,2102,bus_only,0,24,failure,normal if completion_rate>=0.95 and censored_count=0; watch if completion_rate>=0.80; risk if completion_rate>=0.50; otherwise failure,"Phase 10 post-simulation ML decision-support analysis only; labels are derived from simulation outputs and do not prove real-world calibration, publication readiness, final-study readiness, formal acceptance, or operational forecasting.",train,failure,true,xgboost_trained,1
simrow-000073,goseong_mobilization,cached_graphml:data/cache/goseong_corridor_road.graphml,bus_only,goseong_random_blockage,random,blocked,blocked,2103,bus_only,0,24,failure,normal if completion_rate>=0.95 and censored_count=0; watch if completion_rate>=0.80; risk if completion_rate>=0.50; otherwise failure,"Phase 10 post-simulation ML decision-support analysis only; labels are derived from simulation outputs and do not prove real-world calibration, publication readiness, final-study readiness, formal acceptance, or operational forecasting.",train,failure,true,xgboost_trained,1
simrow-000074,goseong_mobilization,cached_graphml:data/cache/goseong_corridor_road.graphml,bus_only,goseong_random_blockage,random,blocked,blocked,2104,bus_only,0,24,failure,normal if completion_rate>=0.95 and censored_count=0; watch if completion_rate>=0.80; risk if completion_rate>=0.50; otherwise failure,"Phase 10 post-simulation ML decision-support analysis only; labels are derived from simulation outputs and do not prove real-world calibration, publication readiness, final-study readiness, formal acceptance, or operational forecasting.",train,failure,true,xgboost_trained,1
simrow-000075,goseong_mobilization,cached_graphml:data/cache/goseong_corridor_road.graphml,bus_only,goseong_random_blockage,random,blocked,blocked,2105,bus_only,0,24,failure,normal if completion_rate>=0.95 and censored_count=0; watch if completion_rate>=0.80; risk if completion_rate>=0.50; otherwise failure,"Phase 10 post-simulation ML decision-support analysis only; labels are derived from simulation outputs and do not prove real-world calibration, publication readiness, final-study readiness, formal acceptance, or operational forecasting.",train,failure,true,xgboost_trained,1
simrow-000076,goseong_mobilization,cached_graphml:data/cache/goseong_corridor_road.graphml,baseline_multimodal,goseong_random_blockage,random,blocked,blocked,2101,multimodal,0,24,failure,normal if completion_rate>=0.95 and censored_count=0; watch if completion_rate>=0.80; risk if completion_rate>=0.50; otherwise failure,"Phase 10 post-simulation ML decision-support analysis only; labels are derived from simulation outputs and do not prove real-world calibration, publication readiness, final-study readiness, formal acceptance, or operational forecasting.",test,failure,true,xgboost_trained,3
simrow-000077,goseong_mobilization,cached_graphml:data/cache/goseong_corridor_road.graphml,baseline_multimodal,goseong_random_blockage,random,blocked,blocked,2102,multimodal,0,24,failure,normal if completion_rate>=0.95 and censored_count=0; watch if completion_rate>=0.80; risk if completion_rate>=0.50; otherwise failure,"Phase 10 post-simulation ML decision-support analysis only; labels are derived from simulation outputs and do not prove real-world calibration, publication readiness, final-study readiness, formal acceptance, or operational forecasting.",train,failure,true,xgboost_trained,3
simrow-000078,goseong_mobilization,cached_graphml:data/cache/goseong_corridor_road.graphml,baseline_multimodal,goseong_random_blockage,random,blocked,blocked,2103,multimodal,0,24,failure,normal if completion_rate>=0.95 and censored_count=0; watch if completion_rate>=0.80; risk if completion_rate>=0.50; otherwise failure,"Phase 10 post-simulation ML decision-support analysis only; labels are derived from simulation outputs and do not prove real-world calibration, publication readiness, final-study readiness, formal acceptance, or operational forecasting.",train,failure,true,xgboost_trained,3
simrow-000079,goseong_mobilization,cached_graphml:data/cache/goseong_corridor_road.graphml,baseline_multimodal,goseong_random_blockage,random,blocked,blocked,2104,multimodal,0,24,failure,normal if completion_rate>=0.95 and censored_count=0; watch if completion_rate>=0.80; risk if completion_rate>=0.50; otherwise failure,"Phase 10 post-simulation ML decision-support analysis only; labels are derived from simulation outputs and do not prove real-world calibration, publication readiness, final-study readiness, formal acceptance, or operational forecasting.",train,failure,true,xgboost_trained,3
simrow-000080,goseong_mobilization,cached_graphml:data/cache/goseong_corridor_road.graphml,baseline_multimodal,goseong_random_blockage,random,blocked,blocked,2105,multimodal,0,24,failure,normal if completion_rate>=0.95 and censored_count=0; watch if completion_rate>=0.80; risk if completion_rate>=0.50; otherwise failure,"Phase 10 post-simulation ML decision-support analysis only; labels are derived from simulation outputs and do not prove real-world calibration, publication readiness, final-study readiness, formal acceptance, or operational forecasting.",train,failure,true,xgboost_trained,3
simrow-000081,goseong_mobilization,cached_graphml:data/cache/goseong_corridor_road.graphml,multimodal_lastmile_redundancy,goseong_random_blockage,random,blocked,blocked,2101,multimodal,0,24,failure,normal if completion_rate>=0.95 and censored_count=0; watch if completion_rate>=0.80; risk if completion_rate>=0.50; otherwise failure,"Phase 10 post-simulation ML decision-support analysis only; labels are derived from simulation outputs and do not prove real-world calibration, publication readiness, final-study readiness, formal acceptance, or operational forecasting.",test,failure,true,xgboost_trained,3
simrow-000082,goseong_mobilization,cached_graphml:data/cache/goseong_corridor_road.graphml,multimodal_lastmile_redundancy,goseong_random_blockage,random,blocked,blocked,2102,multimodal,0,24,failure,normal if completion_rate>=0.95 and censored_count=0; watch if completion_rate>=0.80; risk if completion_rate>=0.50; otherwise failure,"Phase 10 post-simulation ML decision-support analysis only; labels are derived from simulation outputs and do not prove real-world calibration, publication readiness, final-study readiness, formal acceptance, or operational forecasting.",train,failure,true,xgboost_trained,3
simrow-000083,goseong_mobilization,cached_graphml:data/cache/goseong_corridor_road.graphml,multimodal_lastmile_redundancy,goseong_random_blockage,random,blocked,blocked,2103,multimodal,0,24,failure,normal if completion_rate>=0.95 and censored_count=0; watch if completion_rate>=0.80; risk if completion_rate>=0.50; otherwise failure,"Phase 10 post-simulation ML decision-support analysis only; labels are derived from simulation outputs and do not prove real-world calibration, publication readiness, final-study readiness, formal acceptance, or operational forecasting.",train,failure,true,xgboost_trained,3
simrow-000084,goseong_mobilization,cached_graphml:data/cache/goseong_corridor_road.graphml,multimodal_lastmile_redundancy,goseong_random_blockage,random,blocked,blocked,2104,multimodal,0,24,failure,normal if completion_rate>=0.95 and censored_count=0; watch if completion_rate>=0.80; risk if completion_rate>=0.50; otherwise failure,"Phase 10 post-simulation ML decision-support analysis only; labels are derived from simulation outputs and do not prove real-world calibration, publication readiness, final-study readiness, formal acceptance, or operational forecasting.",train,failure,true,xgboost_trained,3
simrow-000085,goseong_mobilization,cached_graphml:data/cache/goseong_corridor_road.graphml,multimodal_lastmile_redundancy,goseong_random_blockage,random,blocked,blocked,2105,multimodal,0,24,failure,normal if completion_rate>=0.95 and censored_count=0; watch if completion_rate>=0.80; risk if completion_rate>=0.50; otherwise failure,"Phase 10 post-simulation ML decision-support analysis only; labels are derived from simulation outputs and do not prove real-world calibration, publication readiness, final-study readiness, formal acceptance, or operational forecasting.",train,failure,true,xgboost_trained,3
simrow-000086,goseong_mobilization,cached_graphml:data/cache/goseong_corridor_road.graphml,staggered_or_adaptive_dispatch,goseong_random_blockage,random,blocked,blocked,2101,multimodal,0,24,failure,normal if completion_rate>=0.95 and censored_count=0; watch if completion_rate>=0.80; risk if completion_rate>=0.50; otherwise failure,"Phase 10 post-simulation ML decision-support analysis only; labels are derived from simulation outputs and do not prove real-world calibration, publication readiness, final-study readiness, formal acceptance, or operational forecasting.",test,failure,true,xgboost_trained,3
simrow-000087,goseong_mobilization,cached_graphml:data/cache/goseong_corridor_road.graphml,staggered_or_adaptive_dispatch,goseong_random_blockage,random,blocked,blocked,2102,multimodal,0,24,failure,normal if completion_rate>=0.95 and censored_count=0; watch if completion_rate>=0.80; risk if completion_rate>=0.50; otherwise failure,"Phase 10 post-simulation ML decision-support analysis only; labels are derived from simulation outputs and do not prove real-world calibration, publication readiness, final-study readiness, formal acceptance, or operational forecasting.",train,failure,true,xgboost_trained,3
simrow-000088,goseong_mobilization,cached_graphml:data/cache/goseong_corridor_road.graphml,staggered_or_adaptive_dispatch,goseong_random_blockage,random,blocked,blocked,2103,multimodal,0,24,failure,normal if completion_rate>=0.95 and censored_count=0; watch if completion_rate>=0.80; risk if completion_rate>=0.50; otherwise failure,"Phase 10 post-simulation ML decision-support analysis only; labels are derived from simulation outputs and do not prove real-world calibration, publication readiness, final-study readiness, formal acceptance, or operational forecasting.",train,failure,true,xgboost_trained,3
simrow-000089,goseong_mobilization,cached_graphml:data/cache/goseong_corridor_road.graphml,staggered_or_adaptive_dispatch,goseong_random_blockage,random,blocked,blocked,2104,multimodal,0,24,failure,normal if completion_rate>=0.95 and censored_count=0; watch if completion_rate>=0.80; risk if completion_rate>=0.50; otherwise failure,"Phase 10 post-simulation ML decision-support analysis only; labels are derived from simulation outputs and do not prove real-world calibration, publication readiness, final-study readiness, formal acceptance, or operational forecasting.",train,failure,true,xgboost_trained,3
simrow-000090,goseong_mobilization,cached_graphml:data/cache/goseong_corridor_road.graphml,staggered_or_adaptive_dispatch,goseong_random_blockage,random,blocked,blocked,2105,multimodal,0,24,failure,normal if completion_rate>=0.95 and censored_count=0; watch if completion_rate>=0.80; risk if completion_rate>=0.50; otherwise failure,"Phase 10 post-simulation ML decision-support analysis only; labels are derived from simulation outputs and do not prove real-world calibration, publication readiness, final-study readiness, formal acceptance, or operational forecasting.",train,failure,true,xgboost_trained,3
simrow-000091,goseong_mobilization,cached_graphml:data/cache/goseong_corridor_road.graphml,multimodal_increased_feeder_capacity,goseong_random_blockage,random,blocked,blocked,2101,multimodal,0,24,failure,normal if completion_rate>=0.95 and censored_count=0; watch if completion_rate>=0.80; risk if completion_rate>=0.50; otherwise failure,"Phase 10 post-simulation ML decision-support analysis only; labels are derived from simulation outputs and do not prove real-world calibration, publication readiness, final-study readiness, formal acceptance, or operational forecasting.",test,failure,true,xgboost_trained,3
simrow-000092,goseong_mobilization,cached_graphml:data/cache/goseong_corridor_road.graphml,multimodal_increased_feeder_capacity,goseong_random_blockage,random,blocked,blocked,2102,multimodal,0,24,failure,normal if completion_rate>=0.95 and censored_count=0; watch if completion_rate>=0.80; risk if completion_rate>=0.50; otherwise failure,"Phase 10 post-simulation ML decision-support analysis only; labels are derived from simulation outputs and do not prove real-world calibration, publication readiness, final-study readiness, formal acceptance, or operational forecasting.",train,failure,true,xgboost_trained,3
simrow-000093,goseong_mobilization,cached_graphml:data/cache/goseong_corridor_road.graphml,multimodal_increased_feeder_capacity,goseong_random_blockage,random,blocked,blocked,2103,multimodal,0,24,failure,normal if completion_rate>=0.95 and censored_count=0; watch if completion_rate>=0.80; risk if completion_rate>=0.50; otherwise failure,"Phase 10 post-simulation ML decision-support analysis only; labels are derived from simulation outputs and do not prove real-world calibration, publication readiness, final-study readiness, formal acceptance, or operational forecasting.",train,failure,true,xgboost_trained,3
simrow-000094,goseong_mobilization,cached_graphml:data/cache/goseong_corridor_road.graphml,multimodal_increased_feeder_capacity,goseong_random_blockage,random,blocked,blocked,2104,multimodal,0,24,failure,normal if completion_rate>=0.95 and censored_count=0; watch if completion_rate>=0.80; risk if completion_rate>=0.50; otherwise failure,"Phase 10 post-simulation ML decision-support analysis only; labels are derived from simulation outputs and do not prove real-world calibration, publication readiness, final-study readiness, formal acceptance, or operational forecasting.",train,failure,true,xgboost_trained,3
simrow-000095,goseong_mobilization,cached_graphml:data/cache/goseong_corridor_road.graphml,multimodal_increased_feeder_capacity,goseong_random_blockage,random,blocked,blocked,2105,multimodal,0,24,failure,normal if completion_rate>=0.95 and censored_count=0; watch if completion_rate>=0.80; risk if completion_rate>=0.50; otherwise failure,"Phase 10 post-simulation ML decision-support analysis only; labels are derived from simulation outputs and do not prove real-world calibration, publication readiness, final-study readiness, formal acceptance, or operational forecasting.",train,failure,true,xgboost_trained,3
simrow-000096,goseong_mobilization,cached_graphml:data/cache/goseong_corridor_road.graphml,rail_delay_or_partial_unavailability,goseong_random_blockage,random,blocked,blocked,2101,multimodal,0,24,failure,normal if completion_rate>=0.95 and censored_count=0; watch if completion_rate>=0.80; risk if completion_rate>=0.50; otherwise failure,"Phase 10 post-simulation ML decision-support analysis only; labels are derived from simulation outputs and do not prove real-world calibration, publication readiness, final-study readiness, formal acceptance, or operational forecasting.",test,failure,true,xgboost_trained,3
simrow-000097,goseong_mobilization,cached_graphml:data/cache/goseong_corridor_road.graphml,rail_delay_or_partial_unavailability,goseong_random_blockage,random,blocked,blocked,2102,multimodal,0,24,failure,normal if completion_rate>=0.95 and censored_count=0; watch if completion_rate>=0.80; risk if completion_rate>=0.50; otherwise failure,"Phase 10 post-simulation ML decision-support analysis only; labels are derived from simulation outputs and do not prove real-world calibration, publication readiness, final-study readiness, formal acceptance, or operational forecasting.",train,failure,true,xgboost_trained,3
simrow-000098,goseong_mobilization,cached_graphml:data/cache/goseong_corridor_road.graphml,rail_delay_or_partial_unavailability,goseong_random_blockage,random,blocked,blocked,2103,multimodal,0,24,failure,normal if completion_rate>=0.95 and censored_count=0; watch if completion_rate>=0.80; risk if completion_rate>=0.50; otherwise failure,"Phase 10 post-simulation ML decision-support analysis only; labels are derived from simulation outputs and do not prove real-world calibration, publication readiness, final-study readiness, formal acceptance, or operational forecasting.",train,failure,true,xgboost_trained,3
simrow-000099,goseong_mobilization,cached_graphml:data/cache/goseong_corridor_road.graphml,rail_delay_or_partial_unavailability,goseong_random_blockage,random,blocked,blocked,2104,multimodal,0,24,failure,normal if completion_rate>=0.95 and censored_count=0; watch if completion_rate>=0.80; risk if completion_rate>=0.50; otherwise failure,"Phase 10 post-simulation ML decision-support analysis only; labels are derived from simulation outputs and do not prove real-world calibration, publication readiness, final-study readiness, formal acceptance, or operational forecasting.",train,failure,true,xgboost_trained,3
simrow-000100,goseong_mobilization,cached_graphml:data/cache/goseong_corridor_road.graphml,rail_delay_or_partial_unavailability,goseong_random_blockage,random,blocked,blocked,2105,multimodal,0,24,failure,normal if completion_rate>=0.95 and censored_count=0; watch if completion_rate>=0.80; risk if completion_rate>=0.50; otherwise failure,"Phase 10 post-simulation ML decision-support analysis only; labels are derived from simulation outputs and do not prove real-world calibration, publication readiness, final-study readiness, formal acceptance, or operational forecasting.",train,failure,true,xgboost_trained,3
simrow-000101,goseong_mobilization,cached_graphml:data/cache/goseong_corridor_road.graphml,fleet_shortage_stress,goseong_random_blockage,random,blocked,blocked,2101,multimodal,0,24,failure,normal if completion_rate>=0.95 and censored_count=0; watch if completion_rate>=0.80; risk if completion_rate>=0.50; otherwise failure,"Phase 10 post-simulation ML decision-support analysis only; labels are derived from simulation outputs and do not prove real-world calibration, publication readiness, final-study readiness, formal acceptance, or operational forecasting.",test,failure,true,xgboost_trained,3
simrow-000102,goseong_mobilization,cached_graphml:data/cache/goseong_corridor_road.graphml,fleet_shortage_stress,goseong_random_blockage,random,blocked,blocked,2102,multimodal,0,24,failure,normal if completion_rate>=0.95 and censored_count=0; watch if completion_rate>=0.80; risk if completion_rate>=0.50; otherwise failure,"Phase 10 post-simulation ML decision-support analysis only; labels are derived from simulation outputs and do not prove real-world calibration, publication readiness, final-study readiness, formal acceptance, or operational forecasting.",train,failure,true,xgboost_trained,3
simrow-000103,goseong_mobilization,cached_graphml:data/cache/goseong_corridor_road.graphml,fleet_shortage_stress,goseong_random_blockage,random,blocked,blocked,2103,multimodal,0,24,failure,normal if completion_rate>=0.95 and censored_count=0; watch if completion_rate>=0.80; risk if completion_rate>=0.50; otherwise failure,"Phase 10 post-simulation ML decision-support analysis only; labels are derived from simulation outputs and do not prove real-world calibration, publication readiness, final-study readiness, formal acceptance, or operational forecasting.",train,failure,true,xgboost_trained,3
simrow-000104,goseong_mobilization,cached_graphml:data/cache/goseong_corridor_road.graphml,fleet_shortage_stress,goseong_random_blockage,random,blocked,blocked,2104,multimodal,0,24,failure,normal if completion_rate>=0.95 and censored_count=0; watch if completion_rate>=0.80; risk if completion_rate>=0.50; otherwise failure,"Phase 10 post-simulation ML decision-support analysis only; labels are derived from simulation outputs and do not prove real-world calibration, publication readiness, final-study readiness, formal acceptance, or operational forecasting.",train,failure,true,xgboost_trained,3
simrow-000105,goseong_mobilization,cached_graphml:data/cache/goseong_corridor_road.graphml,fleet_shortage_stress,goseong_random_blockage,random,blocked,blocked,2105,multimodal,0,24,failure,normal if completion_rate>=0.95 and censored_count=0; watch if completion_rate>=0.80; risk if completion_rate>=0.50; otherwise failure,"Phase 10 post-simulation ML decision-support analysis only; labels are derived from simulation outputs and do not prove real-world calibration, publication readiness, final-study readiness, formal acceptance, or operational forecasting.",train,failure,true,xgboost_trained,3
simrow-000106,goseong_mobilization,cached_graphml:data/cache/goseong_corridor_road.graphml,bus_only,goseong_critical_link_blockage,critical_link,blocked,blocked,2101,bus_only,0,24,failure,normal if completion_rate>=0.95 and censored_count=0; watch if completion_rate>=0.80; risk if completion_rate>=0.50; otherwise failure,"Phase 10 post-simulation ML decision-support analysis only; labels are derived from simulation outputs and do not prove real-world calibration, publication readiness, final-study readiness, formal acceptance, or operational forecasting.",test,failure,true,xgboost_trained,1
simrow-000107,goseong_mobilization,cached_graphml:data/cache/goseong_corridor_road.graphml,bus_only,goseong_critical_link_blockage,critical_link,blocked,blocked,2102,bus_only,0,24,failure,normal if completion_rate>=0.95 and censored_count=0; watch if completion_rate>=0.80; risk if completion_rate>=0.50; otherwise failure,"Phase 10 post-simulation ML decision-support analysis only; labels are derived from simulation outputs and do not prove real-world calibration, publication readiness, final-study readiness, formal acceptance, or operational forecasting.",train,failure,true,xgboost_trained,1
simrow-000108,goseong_mobilization,cached_graphml:data/cache/goseong_corridor_road.graphml,bus_only,goseong_critical_link_blockage,critical_link,blocked,blocked,2103,bus_only,0,24,failure,normal if completion_rate>=0.95 and censored_count=0; watch if completion_rate>=0.80; risk if completion_rate>=0.50; otherwise failure,"Phase 10 post-simulation ML decision-support analysis only; labels are derived from simulation outputs and do not prove real-world calibration, publication readiness, final-study readiness, formal acceptance, or operational forecasting.",train,failure,true,xgboost_trained,1
simrow-000109,goseong_mobilization,cached_graphml:data/cache/goseong_corridor_road.graphml,bus_only,goseong_critical_link_blockage,critical_link,blocked,blocked,2104,bus_only,0,24,failure,normal if completion_rate>=0.95 and censored_count=0; watch if completion_rate>=0.80; risk if completion_rate>=0.50; otherwise failure,"Phase 10 post-simulation ML decision-support analysis only; labels are derived from simulation outputs and do not prove real-world calibration, publication readiness, final-study readiness, formal acceptance, or operational forecasting.",train,failure,true,xgboost_trained,1
simrow-000110,goseong_mobilization,cached_graphml:data/cache/goseong_corridor_road.graphml,bus_only,goseong_critical_link_blockage,critical_link,blocked,blocked,2105,bus_only,0,24,failure,normal if completion_rate>=0.95 and censored_count=0; watch if completion_rate>=0.80; risk if completion_rate>=0.50; otherwise failure,"Phase 10 post-simulation ML decision-support analysis only; labels are derived from simulation outputs and do not prove real-world calibration, publication readiness, final-study readiness, formal acceptance, or operational forecasting.",train,failure,true,xgboost_trained,1
simrow-000111,goseong_mobilization,cached_graphml:data/cache/goseong_corridor_road.graphml,baseline_multimodal,goseong_critical_link_blockage,critical_link,blocked,blocked,2101,multimodal,0,24,failure,normal if completion_rate>=0.95 and censored_count=0; watch if completion_rate>=0.80; risk if completion_rate>=0.50; otherwise failure,"Phase 10 post-simulation ML decision-support analysis only; labels are derived from simulation outputs and do not prove real-world calibration, publication readiness, final-study readiness, formal acceptance, or operational forecasting.",test,failure,true,xgboost_trained,3
simrow-000112,goseong_mobilization,cached_graphml:data/cache/goseong_corridor_road.graphml,baseline_multimodal,goseong_critical_link_blockage,critical_link,blocked,blocked,2102,multimodal,0,24,failure,normal if completion_rate>=0.95 and censored_count=0; watch if completion_rate>=0.80; risk if completion_rate>=0.50; otherwise failure,"Phase 10 post-simulation ML decision-support analysis only; labels are derived from simulation outputs and do not prove real-world calibration, publication readiness, final-study readiness, formal acceptance, or operational forecasting.",train,failure,true,xgboost_trained,3
simrow-000113,goseong_mobilization,cached_graphml:data/cache/goseong_corridor_road.graphml,baseline_multimodal,goseong_critical_link_blockage,critical_link,blocked,blocked,2103,multimodal,0,24,failure,normal if completion_rate>=0.95 and censored_count=0; watch if completion_rate>=0.80; risk if completion_rate>=0.50; otherwise failure,"Phase 10 post-simulation ML decision-support analysis only; labels are derived from simulation outputs and do not prove real-world calibration, publication readiness, final-study readiness, formal acceptance, or operational forecasting.",train,failure,true,xgboost_trained,3
simrow-000114,goseong_mobilization,cached_graphml:data/cache/goseong_corridor_road.graphml,baseline_multimodal,goseong_critical_link_blockage,critical_link,blocked,blocked,2104,multimodal,0,24,failure,normal if completion_rate>=0.95 and censored_count=0; watch if completion_rate>=0.80; risk if completion_rate>=0.50; otherwise failure,"Phase 10 post-simulation ML decision-support analysis only; labels are derived from simulation outputs and do not prove real-world calibration, publication readiness, final-study readiness, formal acceptance, or operational forecasting.",train,failure,true,xgboost_trained,3
simrow-000115,goseong_mobilization,cached_graphml:data/cache/goseong_corridor_road.graphml,baseline_multimodal,goseong_critical_link_blockage,critical_link,blocked,blocked,2105,multimodal,0,24,failure,normal if completion_rate>=0.95 and censored_count=0; watch if completion_rate>=0.80; risk if completion_rate>=0.50; otherwise failure,"Phase 10 post-simulation ML decision-support analysis only; labels are derived from simulation outputs and do not prove real-world calibration, publication readiness, final-study readiness, formal acceptance, or operational forecasting.",train,failure,true,xgboost_trained,3
simrow-000116,goseong_mobilization,cached_graphml:data/cache/goseong_corridor_road.graphml,multimodal_lastmile_redundancy,goseong_critical_link_blockage,critical_link,blocked,blocked,2101,multimodal,0,24,failure,normal if completion_rate>=0.95 and censored_count=0; watch if completion_rate>=0.80; risk if completion_rate>=0.50; otherwise failure,"Phase 10 post-simulation ML decision-support analysis only; labels are derived from simulation outputs and do not prove real-world calibration, publication readiness, final-study readiness, formal acceptance, or operational forecasting.",test,failure,true,xgboost_trained,3
simrow-000117,goseong_mobilization,cached_graphml:data/cache/goseong_corridor_road.graphml,multimodal_lastmile_redundancy,goseong_critical_link_blockage,critical_link,blocked,blocked,2102,multimodal,0,24,failure,normal if completion_rate>=0.95 and censored_count=0; watch if completion_rate>=0.80; risk if completion_rate>=0.50; otherwise failure,"Phase 10 post-simulation ML decision-support analysis only; labels are derived from simulation outputs and do not prove real-world calibration, publication readiness, final-study readiness, formal acceptance, or operational forecasting.",train,failure,true,xgboost_trained,3
simrow-000118,goseong_mobilization,cached_graphml:data/cache/goseong_corridor_road.graphml,multimodal_lastmile_redundancy,goseong_critical_link_blockage,critical_link,blocked,blocked,2103,multimodal,0,24,failure,normal if completion_rate>=0.95 and censored_count=0; watch if completion_rate>=0.80; risk if completion_rate>=0.50; otherwise failure,"Phase 10 post-simulation ML decision-support analysis only; labels are derived from simulation outputs and do not prove real-world calibration, publication readiness, final-study readiness, formal acceptance, or operational forecasting.",train,failure,true,xgboost_trained,3
simrow-000119,goseong_mobilization,cached_graphml:data/cache/goseong_corridor_road.graphml,multimodal_lastmile_redundancy,goseong_critical_link_blockage,critical_link,blocked,blocked,2104,multimodal,0,24,failure,normal if completion_rate>=0.95 and censored_count=0; watch if completion_rate>=0.80; risk if completion_rate>=0.50; otherwise failure,"Phase 10 post-simulation ML decision-support analysis only; labels are derived from simulation outputs and do not prove real-world calibration, publication readiness, final-study readiness, formal acceptance, or operational forecasting.",train,failure,true,xgboost_trained,3
simrow-000120,goseong_mobilization,cached_graphml:data/cache/goseong_corridor_road.graphml,multimodal_lastmile_redundancy,goseong_critical_link_blockage,critical_link,blocked,blocked,2105,multimodal,0,24,failure,normal if completion_rate>=0.95 and censored_count=0; watch if completion_rate>=0.80; risk if completion_rate>=0.50; otherwise failure,"Phase 10 post-simulation ML decision-support analysis only; labels are derived from simulation outputs and do not prove real-world calibration, publication readiness, final-study readiness, formal acceptance, or operational forecasting.",train,failure,true,xgboost_trained,3
simrow-000121,goseong_mobilization,cached_graphml:data/cache/goseong_corridor_road.graphml,staggered_or_adaptive_dispatch,goseong_critical_link_blockage,critical_link,blocked,blocked,2101,multimodal,0,24,failure,normal if completion_rate>=0.95 and censored_count=0; watch if completion_rate>=0.80; risk if completion_rate>=0.50; otherwise failure,"Phase 10 post-simulation ML decision-support analysis only; labels are derived from simulation outputs and do not prove real-world calibration, publication readiness, final-study readiness, formal acceptance, or operational forecasting.",test,failure,true,xgboost_trained,3
simrow-000122,goseong_mobilization,cached_graphml:data/cache/goseong_corridor_road.graphml,staggered_or_adaptive_dispatch,goseong_critical_link_blockage,critical_link,blocked,blocked,2102,multimodal,0,24,failure,normal if completion_rate>=0.95 and censored_count=0; watch if completion_rate>=0.80; risk if completion_rate>=0.50; otherwise failure,"Phase 10 post-simulation ML decision-support analysis only; labels are derived from simulation outputs and do not prove real-world calibration, publication readiness, final-study readiness, formal acceptance, or operational forecasting.",train,failure,true,xgboost_trained,3
simrow-000123,goseong_mobilization,cached_graphml:data/cache/goseong_corridor_road.graphml,staggered_or_adaptive_dispatch,goseong_critical_link_blockage,critical_link,blocked,blocked,2103,multimodal,0,24,failure,normal if completion_rate>=0.95 and censored_count=0; watch if completion_rate>=0.80; risk if completion_rate>=0.50; otherwise failure,"Phase 10 post-simulation ML decision-support analysis only; labels are derived from simulation outputs and do not prove real-world calibration, publication readiness, final-study readiness, formal acceptance, or operational forecasting.",train,failure,true,xgboost_trained,3
simrow-000124,goseong_mobilization,cached_graphml:data/cache/goseong_corridor_road.graphml,staggered_or_adaptive_dispatch,goseong_critical_link_blockage,critical_link,blocked,blocked,2104,multimodal,0,24,failure,normal if completion_rate>=0.95 and censored_count=0; watch if completion_rate>=0.80; risk if completion_rate>=0.50; otherwise failure,"Phase 10 post-simulation ML decision-support analysis only; labels are derived from simulation outputs and do not prove real-world calibration, publication readiness, final-study readiness, formal acceptance, or operational forecasting.",train,failure,true,xgboost_trained,3
simrow-000125,goseong_mobilization,cached_graphml:data/cache/goseong_corridor_road.graphml,staggered_or_adaptive_dispatch,goseong_critical_link_blockage,critical_link,blocked,blocked,2105,multimodal,0,24,failure,normal if completion_rate>=0.95 and censored_count=0; watch if completion_rate>=0.80; risk if completion_rate>=0.50; otherwise failure,"Phase 10 post-simulation ML decision-support analysis only; labels are derived from simulation outputs and do not prove real-world calibration, publication readiness, final-study readiness, formal acceptance, or operational forecasting.",train,failure,true,xgboost_trained,3
simrow-000126,goseong_mobilization,cached_graphml:data/cache/goseong_corridor_road.graphml,multimodal_increased_feeder_capacity,goseong_critical_link_blockage,critical_link,blocked,blocked,2101,multimodal,0,24,failure,normal if completion_rate>=0.95 and censored_count=0; watch if completion_rate>=0.80; risk if completion_rate>=0.50; otherwise failure,"Phase 10 post-simulation ML decision-support analysis only; labels are derived from simulation outputs and do not prove real-world calibration, publication readiness, final-study readiness, formal acceptance, or operational forecasting.",test,failure,true,xgboost_trained,3
simrow-000127,goseong_mobilization,cached_graphml:data/cache/goseong_corridor_road.graphml,multimodal_increased_feeder_capacity,goseong_critical_link_blockage,critical_link,blocked,blocked,2102,multimodal,0,24,failure,normal if completion_rate>=0.95 and censored_count=0; watch if completion_rate>=0.80; risk if completion_rate>=0.50; otherwise failure,"Phase 10 post-simulation ML decision-support analysis only; labels are derived from simulation outputs and do not prove real-world calibration, publication readiness, final-study readiness, formal acceptance, or operational forecasting.",train,failure,true,xgboost_trained,3
simrow-000128,goseong_mobilization,cached_graphml:data/cache/goseong_corridor_road.graphml,multimodal_increased_feeder_capacity,goseong_critical_link_blockage,critical_link,blocked,blocked,2103,multimodal,0,24,failure,normal if completion_rate>=0.95 and censored_count=0; watch if completion_rate>=0.80; risk if completion_rate>=0.50; otherwise failure,"Phase 10 post-simulation ML decision-support analysis only; labels are derived from simulation outputs and do not prove real-world calibration, publication readiness, final-study readiness, formal acceptance, or operational forecasting.",train,failure,true,xgboost_trained,3
simrow-000129,goseong_mobilization,cached_graphml:data/cache/goseong_corridor_road.graphml,multimodal_increased_feeder_capacity,goseong_critical_link_blockage,critical_link,blocked,blocked,2104,multimodal,0,24,failure,normal if completion_rate>=0.95 and censored_count=0; watch if completion_rate>=0.80; risk if completion_rate>=0.50; otherwise failure,"Phase 10 post-simulation ML decision-support analysis only; labels are derived from simulation outputs and do not prove real-world calibration, publication readiness, final-study readiness, formal acceptance, or operational forecasting.",train,failure,true,xgboost_trained,3
simrow-000130,goseong_mobilization,cached_graphml:data/cache/goseong_corridor_road.graphml,multimodal_increased_feeder_capacity,goseong_critical_link_blockage,critical_link,blocked,blocked,2105,multimodal,0,24,failure,normal if completion_rate>=0.95 and censored_count=0; watch if completion_rate>=0.80; risk if completion_rate>=0.50; otherwise failure,"Phase 10 post-simulation ML decision-support analysis only; labels are derived from simulation outputs and do not prove real-world calibration, publication readiness, final-study readiness, formal acceptance, or operational forecasting.",train,failure,true,xgboost_trained,3
simrow-000131,goseong_mobilization,cached_graphml:data/cache/goseong_corridor_road.graphml,rail_delay_or_partial_unavailability,goseong_critical_link_blockage,critical_link,blocked,blocked,2101,multimodal,0,24,failure,normal if completion_rate>=0.95 and censored_count=0; watch if completion_rate>=0.80; risk if completion_rate>=0.50; otherwise failure,"Phase 10 post-simulation ML decision-support analysis only; labels are derived from simulation outputs and do not prove real-world calibration, publication readiness, final-study readiness, formal acceptance, or operational forecasting.",test,failure,true,xgboost_trained,3
simrow-000132,goseong_mobilization,cached_graphml:data/cache/goseong_corridor_road.graphml,rail_delay_or_partial_unavailability,goseong_critical_link_blockage,critical_link,blocked,blocked,2102,multimodal,0,24,failure,normal if completion_rate>=0.95 and censored_count=0; watch if completion_rate>=0.80; risk if completion_rate>=0.50; otherwise failure,"Phase 10 post-simulation ML decision-support analysis only; labels are derived from simulation outputs and do not prove real-world calibration, publication readiness, final-study readiness, formal acceptance, or operational forecasting.",train,failure,true,xgboost_trained,3
simrow-000133,goseong_mobilization,cached_graphml:data/cache/goseong_corridor_road.graphml,rail_delay_or_partial_unavailability,goseong_critical_link_blockage,critical_link,blocked,blocked,2103,multimodal,0,24,failure,normal if completion_rate>=0.95 and censored_count=0; watch if completion_rate>=0.80; risk if completion_rate>=0.50; otherwise failure,"Phase 10 post-simulation ML decision-support analysis only; labels are derived from simulation outputs and do not prove real-world calibration, publication readiness, final-study readiness, formal acceptance, or operational forecasting.",train,failure,true,xgboost_trained,3
simrow-000134,goseong_mobilization,cached_graphml:data/cache/goseong_corridor_road.graphml,rail_delay_or_partial_unavailability,goseong_critical_link_blockage,critical_link,blocked,blocked,2104,multimodal,0,24,failure,normal if completion_rate>=0.95 and censored_count=0; watch if completion_rate>=0.80; risk if completion_rate>=0.50; otherwise failure,"Phase 10 post-simulation ML decision-support analysis only; labels are derived from simulation outputs and do not prove real-world calibration, publication readiness, final-study readiness, formal acceptance, or operational forecasting.",train,failure,true,xgboost_trained,3
simrow-000135,goseong_mobilization,cached_graphml:data/cache/goseong_corridor_road.graphml,rail_delay_or_partial_unavailability,goseong_critical_link_blockage,critical_link,blocked,blocked,2105,multimodal,0,24,failure,normal if completion_rate>=0.95 and censored_count=0; watch if completion_rate>=0.80; risk if completion_rate>=0.50; otherwise failure,"Phase 10 post-simulation ML decision-support analysis only; labels are derived from simulation outputs and do not prove real-world calibration, publication readiness, final-study readiness, formal acceptance, or operational forecasting.",train,failure,true,xgboost_trained,3
simrow-000136,goseong_mobilization,cached_graphml:data/cache/goseong_corridor_road.graphml,fleet_shortage_stress,goseong_critical_link_blockage,critical_link,blocked,blocked,2101,multimodal,0,24,failure,normal if completion_rate>=0.95 and censored_count=0; watch if completion_rate>=0.80; risk if completion_rate>=0.50; otherwise failure,"Phase 10 post-simulation ML decision-support analysis only; labels are derived from simulation outputs and do not prove real-world calibration, publication readiness, final-study readiness, formal acceptance, or operational forecasting.",test,failure,true,xgboost_trained,3
simrow-000137,goseong_mobilization,cached_graphml:data/cache/goseong_corridor_road.graphml,fleet_shortage_stress,goseong_critical_link_blockage,critical_link,blocked,blocked,2102,multimodal,0,24,failure,normal if completion_rate>=0.95 and censored_count=0; watch if completion_rate>=0.80; risk if completion_rate>=0.50; otherwise failure,"Phase 10 post-simulation ML decision-support analysis only; labels are derived from simulation outputs and do not prove real-world calibration, publication readiness, final-study readiness, formal acceptance, or operational forecasting.",train,failure,true,xgboost_trained,3
simrow-000138,goseong_mobilization,cached_graphml:data/cache/goseong_corridor_road.graphml,fleet_shortage_stress,goseong_critical_link_blockage,critical_link,blocked,blocked,2103,multimodal,0,24,failure,normal if completion_rate>=0.95 and censored_count=0; watch if completion_rate>=0.80; risk if completion_rate>=0.50; otherwise failure,"Phase 10 post-simulation ML decision-support analysis only; labels are derived from simulation outputs and do not prove real-world calibration, publication readiness, final-study readiness, formal acceptance, or operational forecasting.",train,failure,true,xgboost_trained,3
simrow-000139,goseong_mobilization,cached_graphml:data/cache/goseong_corridor_road.graphml,fleet_shortage_stress,goseong_critical_link_blockage,critical_link,blocked,blocked,2104,multimodal,0,24,failure,normal if completion_rate>=0.95 and censored_count=0; watch if completion_rate>=0.80; risk if completion_rate>=0.50; otherwise failure,"Phase 10 post-simulation ML decision-support analysis only; labels are derived from simulation outputs and do not prove real-world calibration, publication readiness, final-study readiness, formal acceptance, or operational forecasting.",train,failure,true,xgboost_trained,3
simrow-000140,goseong_mobilization,cached_graphml:data/cache/goseong_corridor_road.graphml,fleet_shortage_stress,goseong_critical_link_blockage,critical_link,blocked,blocked,2105,multimodal,0,24,failure,normal if completion_rate>=0.95 and censored_count=0; watch if completion_rate>=0.80; risk if completion_rate>=0.50; otherwise failure,"Phase 10 post-simulation ML decision-support analysis only; labels are derived from simulation outputs and do not prove real-world calibration, publication readiness, final-study readiness, formal acceptance, or operational forecasting.",train,failure,true,xgboost_trained,3
simrow-000141,goseong_mobilization,cached_graphml:data/cache/goseong_corridor_road.graphml,bus_only,goseong_access_origin_to_station,access_road,capacity_reduction,capacity_reduction,2101,bus_only,1,0,normal,normal if completion_rate>=0.95 and censored_count=0; watch if completion_rate>=0.80; risk if completion_rate>=0.50; otherwise failure,"Phase 10 post-simulation ML decision-support analysis only; labels are derived from simulation outputs and do not prove real-world calibration, publication readiness, final-study readiness, formal acceptance, or operational forecasting.",test,normal,true,xgboost_trained,1
simrow-000142,goseong_mobilization,cached_graphml:data/cache/goseong_corridor_road.graphml,bus_only,goseong_access_origin_to_station,access_road,capacity_reduction,capacity_reduction,2102,bus_only,1,0,normal,normal if completion_rate>=0.95 and censored_count=0; watch if completion_rate>=0.80; risk if completion_rate>=0.50; otherwise failure,"Phase 10 post-simulation ML decision-support analysis only; labels are derived from simulation outputs and do not prove real-world calibration, publication readiness, final-study readiness, formal acceptance, or operational forecasting.",train,normal,true,xgboost_trained,1
simrow-000143,goseong_mobilization,cached_graphml:data/cache/goseong_corridor_road.graphml,bus_only,goseong_access_origin_to_station,access_road,capacity_reduction,capacity_reduction,2103,bus_only,1,0,normal,normal if completion_rate>=0.95 and censored_count=0; watch if completion_rate>=0.80; risk if completion_rate>=0.50; otherwise failure,"Phase 10 post-simulation ML decision-support analysis only; labels are derived from simulation outputs and do not prove real-world calibration, publication readiness, final-study readiness, formal acceptance, or operational forecasting.",train,normal,true,xgboost_trained,1
simrow-000144,goseong_mobilization,cached_graphml:data/cache/goseong_corridor_road.graphml,bus_only,goseong_access_origin_to_station,access_road,capacity_reduction,capacity_reduction,2104,bus_only,1,0,normal,normal if completion_rate>=0.95 and censored_count=0; watch if completion_rate>=0.80; risk if completion_rate>=0.50; otherwise failure,"Phase 10 post-simulation ML decision-support analysis only; labels are derived from simulation outputs and do not prove real-world calibration, publication readiness, final-study readiness, formal acceptance, or operational forecasting.",train,normal,true,xgboost_trained,1
simrow-000145,goseong_mobilization,cached_graphml:data/cache/goseong_corridor_road.graphml,bus_only,goseong_access_origin_to_station,access_road,capacity_reduction,capacity_reduction,2105,bus_only,1,0,normal,normal if completion_rate>=0.95 and censored_count=0; watch if completion_rate>=0.80; risk if completion_rate>=0.50; otherwise failure,"Phase 10 post-simulation ML decision-support analysis only; labels are derived from simulation outputs and do not prove real-world calibration, publication readiness, final-study readiness, formal acceptance, or operational forecasting.",train,normal,true,xgboost_trained,1
simrow-000146,goseong_mobilization,cached_graphml:data/cache/goseong_corridor_road.graphml,baseline_multimodal,goseong_access_origin_to_station,access_road,capacity_reduction,capacity_reduction,2101,multimodal,1,0,normal,normal if completion_rate>=0.95 and censored_count=0; watch if completion_rate>=0.80; risk if completion_rate>=0.50; otherwise failure,"Phase 10 post-simulation ML decision-support analysis only; labels are derived from simulation outputs and do not prove real-world calibration, publication readiness, final-study readiness, formal acceptance, or operational forecasting.",test,normal,true,xgboost_trained,0
simrow-000147,goseong_mobilization,cached_graphml:data/cache/goseong_corridor_road.graphml,baseline_multimodal,goseong_access_origin_to_station,access_road,capacity_reduction,capacity_reduction,2102,multimodal,1,0,normal,normal if completion_rate>=0.95 and censored_count=0; watch if completion_rate>=0.80; risk if completion_rate>=0.50; otherwise failure,"Phase 10 post-simulation ML decision-support analysis only; labels are derived from simulation outputs and do not prove real-world calibration, publication readiness, final-study readiness, formal acceptance, or operational forecasting.",train,normal,true,xgboost_trained,0
simrow-000148,goseong_mobilization,cached_graphml:data/cache/goseong_corridor_road.graphml,baseline_multimodal,goseong_access_origin_to_station,access_road,capacity_reduction,capacity_reduction,2103,multimodal,1,0,normal,normal if completion_rate>=0.95 and censored_count=0; watch if completion_rate>=0.80; risk if completion_rate>=0.50; otherwise failure,"Phase 10 post-simulation ML decision-support analysis only; labels are derived from simulation outputs and do not prove real-world calibration, publication readiness, final-study readiness, formal acceptance, or operational forecasting.",train,normal,true,xgboost_trained,0
simrow-000149,goseong_mobilization,cached_graphml:data/cache/goseong_corridor_road.graphml,baseline_multimodal,goseong_access_origin_to_station,access_road,capacity_reduction,capacity_reduction,2104,multimodal,1,0,normal,normal if completion_rate>=0.95 and censored_count=0; watch if completion_rate>=0.80; risk if completion_rate>=0.50; otherwise failure,"Phase 10 post-simulation ML decision-support analysis only; labels are derived from simulation outputs and do not prove real-world calibration, publication readiness, final-study readiness, formal acceptance, or operational forecasting.",train,normal,true,xgboost_trained,0
simrow-000150,goseong_mobilization,cached_graphml:data/cache/goseong_corridor_road.graphml,baseline_multimodal,goseong_access_origin_to_station,access_road,capacity_reduction,capacity_reduction,2105,multimodal,1,0,normal,normal if completion_rate>=0.95 and censored_count=0; watch if completion_rate>=0.80; risk if completion_rate>=0.50; otherwise failure,"Phase 10 post-simulation ML decision-support analysis only; labels are derived from simulation outputs and do not prove real-world calibration, publication readiness, final-study readiness, formal acceptance, or operational forecasting.",train,normal,true,xgboost_trained,0
simrow-000151,goseong_mobilization,cached_graphml:data/cache/goseong_corridor_road.graphml,multimodal_lastmile_redundancy,goseong_access_origin_to_station,access_road,capacity_reduction,capacity_reduction,2101,multimodal,1,0,normal,normal if completion_rate>=0.95 and censored_count=0; watch if completion_rate>=0.80; risk if completion_rate>=0.50; otherwise failure,"Phase 10 post-simulation ML decision-support analysis only; labels are derived from simulation outputs and do not prove real-world calibration, publication readiness, final-study readiness, formal acceptance, or operational forecasting.",test,normal,true,xgboost_trained,0
simrow-000152,goseong_mobilization,cached_graphml:data/cache/goseong_corridor_road.graphml,multimodal_lastmile_redundancy,goseong_access_origin_to_station,access_road,capacity_reduction,capacity_reduction,2102,multimodal,1,0,normal,normal if completion_rate>=0.95 and censored_count=0; watch if completion_rate>=0.80; risk if completion_rate>=0.50; otherwise failure,"Phase 10 post-simulation ML decision-support analysis only; labels are derived from simulation outputs and do not prove real-world calibration, publication readiness, final-study readiness, formal acceptance, or operational forecasting.",train,normal,true,xgboost_trained,0
simrow-000153,goseong_mobilization,cached_graphml:data/cache/goseong_corridor_road.graphml,multimodal_lastmile_redundancy,goseong_access_origin_to_station,access_road,capacity_reduction,capacity_reduction,2103,multimodal,1,0,normal,normal if completion_rate>=0.95 and censored_count=0; watch if completion_rate>=0.80; risk if completion_rate>=0.50; otherwise failure,"Phase 10 post-simulation ML decision-support analysis only; labels are derived from simulation outputs and do not prove real-world calibration, publication readiness, final-study readiness, formal acceptance, or operational forecasting.",train,normal,true,xgboost_trained,0
simrow-000154,goseong_mobilization,cached_graphml:data/cache/goseong_corridor_road.graphml,multimodal_lastmile_redundancy,goseong_access_origin_to_station,access_road,capacity_reduction,capacity_reduction,2104,multimodal,1,0,normal,normal if completion_rate>=0.95 and censored_count=0; watch if completion_rate>=0.80; risk if completion_rate>=0.50; otherwise failure,"Phase 10 post-simulation ML decision-support analysis only; labels are derived from simulation outputs and do not prove real-world calibration, publication readiness, final-study readiness, formal acceptance, or operational forecasting.",train,normal,true,xgboost_trained,0
simrow-000155,goseong_mobilization,cached_graphml:data/cache/goseong_corridor_road.graphml,multimodal_lastmile_redundancy,goseong_access_origin_to_station,access_road,capacity_reduction,capacity_reduction,2105,multimodal,1,0,normal,normal if completion_rate>=0.95 and censored_count=0; watch if completion_rate>=0.80; risk if completion_rate>=0.50; otherwise failure,"Phase 10 post-simulation ML decision-support analysis only; labels are derived from simulation outputs and do not prove real-world calibration, publication readiness, final-study readiness, formal acceptance, or operational forecasting.",train,normal,true,xgboost_trained,0
simrow-000156,goseong_mobilization,cached_graphml:data/cache/goseong_corridor_road.graphml,staggered_or_adaptive_dispatch,goseong_access_origin_to_station,access_road,capacity_reduction,capacity_reduction,2101,multimodal,1,0,normal,normal if completion_rate>=0.95 and censored_count=0; watch if completion_rate>=0.80; risk if completion_rate>=0.50; otherwise failure,"Phase 10 post-simulation ML decision-support analysis only; labels are derived from simulation outputs and do not prove real-world calibration, publication readiness, final-study readiness, formal acceptance, or operational forecasting.",test,normal,true,xgboost_trained,0
simrow-000157,goseong_mobilization,cached_graphml:data/cache/goseong_corridor_road.graphml,staggered_or_adaptive_dispatch,goseong_access_origin_to_station,access_road,capacity_reduction,capacity_reduction,2102,multimodal,1,0,normal,normal if completion_rate>=0.95 and censored_count=0; watch if completion_rate>=0.80; risk if completion_rate>=0.50; otherwise failure,"Phase 10 post-simulation ML decision-support analysis only; labels are derived from simulation outputs and do not prove real-world calibration, publication readiness, final-study readiness, formal acceptance, or operational forecasting.",train,normal,true,xgboost_trained,0
simrow-000158,goseong_mobilization,cached_graphml:data/cache/goseong_corridor_road.graphml,staggered_or_adaptive_dispatch,goseong_access_origin_to_station,access_road,capacity_reduction,capacity_reduction,2103,multimodal,1,0,normal,normal if completion_rate>=0.95 and censored_count=0; watch if completion_rate>=0.80; risk if completion_rate>=0.50; otherwise failure,"Phase 10 post-simulation ML decision-support analysis only; labels are derived from simulation outputs and do not prove real-world calibration, publication readiness, final-study readiness, formal acceptance, or operational forecasting.",train,normal,true,xgboost_trained,0
simrow-000159,goseong_mobilization,cached_graphml:data/cache/goseong_corridor_road.graphml,staggered_or_adaptive_dispatch,goseong_access_origin_to_station,access_road,capacity_reduction,capacity_reduction,2104,multimodal,1,0,normal,normal if completion_rate>=0.95 and censored_count=0; watch if completion_rate>=0.80; risk if completion_rate>=0.50; otherwise failure,"Phase 10 post-simulation ML decision-support analysis only; labels are derived from simulation outputs and do not prove real-world calibration, publication readiness, final-study readiness, formal acceptance, or operational forecasting.",train,normal,true,xgboost_trained,0
simrow-000160,goseong_mobilization,cached_graphml:data/cache/goseong_corridor_road.graphml,staggered_or_adaptive_dispatch,goseong_access_origin_to_station,access_road,capacity_reduction,capacity_reduction,2105,multimodal,1,0,normal,normal if completion_rate>=0.95 and censored_count=0; watch if completion_rate>=0.80; risk if completion_rate>=0.50; otherwise failure,"Phase 10 post-simulation ML decision-support analysis only; labels are derived from simulation outputs and do not prove real-world calibration, publication readiness, final-study readiness, formal acceptance, or operational forecasting.",train,normal,true,xgboost_trained,0
simrow-000161,goseong_mobilization,cached_graphml:data/cache/goseong_corridor_road.graphml,multimodal_increased_feeder_capacity,goseong_access_origin_to_station,access_road,capacity_reduction,capacity_reduction,2101,multimodal,1,0,normal,normal if completion_rate>=0.95 and censored_count=0; watch if completion_rate>=0.80; risk if completion_rate>=0.50; otherwise failure,"Phase 10 post-simulation ML decision-support analysis only; labels are derived from simulation outputs and do not prove real-world calibration, publication readiness, final-study readiness, formal acceptance, or operational forecasting.",test,normal,true,xgboost_trained,0
simrow-000162,goseong_mobilization,cached_graphml:data/cache/goseong_corridor_road.graphml,multimodal_increased_feeder_capacity,goseong_access_origin_to_station,access_road,capacity_reduction,capacity_reduction,2102,multimodal,1,0,normal,normal if completion_rate>=0.95 and censored_count=0; watch if completion_rate>=0.80; risk if completion_rate>=0.50; otherwise failure,"Phase 10 post-simulation ML decision-support analysis only; labels are derived from simulation outputs and do not prove real-world calibration, publication readiness, final-study readiness, formal acceptance, or operational forecasting.",train,normal,true,xgboost_trained,0
simrow-000163,goseong_mobilization,cached_graphml:data/cache/goseong_corridor_road.graphml,multimodal_increased_feeder_capacity,goseong_access_origin_to_station,access_road,capacity_reduction,capacity_reduction,2103,multimodal,1,0,normal,normal if completion_rate>=0.95 and censored_count=0; watch if completion_rate>=0.80; risk if completion_rate>=0.50; otherwise failure,"Phase 10 post-simulation ML decision-support analysis only; labels are derived from simulation outputs and do not prove real-world calibration, publication readiness, final-study readiness, formal acceptance, or operational forecasting.",train,normal,true,xgboost_trained,0
simrow-000164,goseong_mobilization,cached_graphml:data/cache/goseong_corridor_road.graphml,multimodal_increased_feeder_capacity,goseong_access_origin_to_station,access_road,capacity_reduction,capacity_reduction,2104,multimodal,1,0,normal,normal if completion_rate>=0.95 and censored_count=0; watch if completion_rate>=0.80; risk if completion_rate>=0.50; otherwise failure,"Phase 10 post-simulation ML decision-support analysis only; labels are derived from simulation outputs and do not prove real-world calibration, publication readiness, final-study readiness, formal acceptance, or operational forecasting.",train,normal,true,xgboost_trained,0
simrow-000165,goseong_mobilization,cached_graphml:data/cache/goseong_corridor_road.graphml,multimodal_increased_feeder_capacity,goseong_access_origin_to_station,access_road,capacity_reduction,capacity_reduction,2105,multimodal,1,0,normal,normal if completion_rate>=0.95 and censored_count=0; watch if completion_rate>=0.80; risk if completion_rate>=0.50; otherwise failure,"Phase 10 post-simulation ML decision-support analysis only; labels are derived from simulation outputs and do not prove real-world calibration, publication readiness, final-study readiness, formal acceptance, or operational forecasting.",train,normal,true,xgboost_trained,0
simrow-000166,goseong_mobilization,cached_graphml:data/cache/goseong_corridor_road.graphml,rail_delay_or_partial_unavailability,goseong_access_origin_to_station,access_road,capacity_reduction,capacity_reduction,2101,multimodal,1,0,normal,normal if completion_rate>=0.95 and censored_count=0; watch if completion_rate>=0.80; risk if completion_rate>=0.50; otherwise failure,"Phase 10 post-simulation ML decision-support analysis only; labels are derived from simulation outputs and do not prove real-world calibration, publication readiness, final-study readiness, formal acceptance, or operational forecasting.",test,normal,true,xgboost_trained,0
simrow-000167,goseong_mobilization,cached_graphml:data/cache/goseong_corridor_road.graphml,rail_delay_or_partial_unavailability,goseong_access_origin_to_station,access_road,capacity_reduction,capacity_reduction,2102,multimodal,1,0,normal,normal if completion_rate>=0.95 and censored_count=0; watch if completion_rate>=0.80; risk if completion_rate>=0.50; otherwise failure,"Phase 10 post-simulation ML decision-support analysis only; labels are derived from simulation outputs and do not prove real-world calibration, publication readiness, final-study readiness, formal acceptance, or operational forecasting.",train,normal,true,xgboost_trained,0
simrow-000168,goseong_mobilization,cached_graphml:data/cache/goseong_corridor_road.graphml,rail_delay_or_partial_unavailability,goseong_access_origin_to_station,access_road,capacity_reduction,capacity_reduction,2103,multimodal,1,0,normal,normal if completion_rate>=0.95 and censored_count=0; watch if completion_rate>=0.80; risk if completion_rate>=0.50; otherwise failure,"Phase 10 post-simulation ML decision-support analysis only; labels are derived from simulation outputs and do not prove real-world calibration, publication readiness, final-study readiness, formal acceptance, or operational forecasting.",train,normal,true,xgboost_trained,0
simrow-000169,goseong_mobilization,cached_graphml:data/cache/goseong_corridor_road.graphml,rail_delay_or_partial_unavailability,goseong_access_origin_to_station,access_road,capacity_reduction,capacity_reduction,2104,multimodal,1,0,normal,normal if completion_rate>=0.95 and censored_count=0; watch if completion_rate>=0.80; risk if completion_rate>=0.50; otherwise failure,"Phase 10 post-simulation ML decision-support analysis only; labels are derived from simulation outputs and do not prove real-world calibration, publication readiness, final-study readiness, formal acceptance, or operational forecasting.",train,normal,true,xgboost_trained,0
simrow-000170,goseong_mobilization,cached_graphml:data/cache/goseong_corridor_road.graphml,rail_delay_or_partial_unavailability,goseong_access_origin_to_station,access_road,capacity_reduction,capacity_reduction,2105,multimodal,1,0,normal,normal if completion_rate>=0.95 and censored_count=0; watch if completion_rate>=0.80; risk if completion_rate>=0.50; otherwise failure,"Phase 10 post-simulation ML decision-support analysis only; labels are derived from simulation outputs and do not prove real-world calibration, publication readiness, final-study readiness, formal acceptance, or operational forecasting.",train,normal,true,xgboost_trained,0
simrow-000171,goseong_mobilization,cached_graphml:data/cache/goseong_corridor_road.graphml,fleet_shortage_stress,goseong_access_origin_to_station,access_road,capacity_reduction,capacity_reduction,2101,multimodal,1,0,normal,normal if completion_rate>=0.95 and censored_count=0; watch if completion_rate>=0.80; risk if completion_rate>=0.50; otherwise failure,"Phase 10 post-simulation ML decision-support analysis only; labels are derived from simulation outputs and do not prove real-world calibration, publication readiness, final-study readiness, formal acceptance, or operational forecasting.",test,normal,true,xgboost_trained,0
simrow-000172,goseong_mobilization,cached_graphml:data/cache/goseong_corridor_road.graphml,fleet_shortage_stress,goseong_access_origin_to_station,access_road,capacity_reduction,capacity_reduction,2102,multimodal,1,0,normal,normal if completion_rate>=0.95 and censored_count=0; watch if completion_rate>=0.80; risk if completion_rate>=0.50; otherwise failure,"Phase 10 post-simulation ML decision-support analysis only; labels are derived from simulation outputs and do not prove real-world calibration, publication readiness, final-study readiness, formal acceptance, or operational forecasting.",train,normal,true,xgboost_trained,0
simrow-000173,goseong_mobilization,cached_graphml:data/cache/goseong_corridor_road.graphml,fleet_shortage_stress,goseong_access_origin_to_station,access_road,capacity_reduction,capacity_reduction,2103,multimodal,1,0,normal,normal if completion_rate>=0.95 and censored_count=0; watch if completion_rate>=0.80; risk if completion_rate>=0.50; otherwise failure,"Phase 10 post-simulation ML decision-support analysis only; labels are derived from simulation outputs and do not prove real-world calibration, publication readiness, final-study readiness, formal acceptance, or operational forecasting.",train,normal,true,xgboost_trained,0
simrow-000174,goseong_mobilization,cached_graphml:data/cache/goseong_corridor_road.graphml,fleet_shortage_stress,goseong_access_origin_to_station,access_road,capacity_reduction,capacity_reduction,2104,multimodal,1,0,normal,normal if completion_rate>=0.95 and censored_count=0; watch if completion_rate>=0.80; risk if completion_rate>=0.50; otherwise failure,"Phase 10 post-simulation ML decision-support analysis only; labels are derived from simulation outputs and do not prove real-world calibration, publication readiness, final-study readiness, formal acceptance, or operational forecasting.",train,normal,true,xgboost_trained,0
simrow-000175,goseong_mobilization,cached_graphml:data/cache/goseong_corridor_road.graphml,fleet_shortage_stress,goseong_access_origin_to_station,access_road,capacity_reduction,capacity_reduction,2105,multimodal,1,0,normal,normal if completion_rate>=0.95 and censored_count=0; watch if completion_rate>=0.80; risk if completion_rate>=0.50; otherwise failure,"Phase 10 post-simulation ML decision-support analysis only; labels are derived from simulation outputs and do not prove real-world calibration, publication readiness, final-study readiness, formal acceptance, or operational forecasting.",train,normal,true,xgboost_trained,0
simrow-000176,goseong_mobilization,cached_graphml:data/cache/goseong_corridor_road.graphml,bus_only,goseong_access_origin_to_destination,access_road,capacity_reduction,capacity_reduction,2101,bus_only,1,0,normal,normal if completion_rate>=0.95 and censored_count=0; watch if completion_rate>=0.80; risk if completion_rate>=0.50; otherwise failure,"Phase 10 post-simulation ML decision-support analysis only; labels are derived from simulation outputs and do not prove real-world calibration, publication readiness, final-study readiness, formal acceptance, or operational forecasting.",test,normal,true,xgboost_trained,1
simrow-000177,goseong_mobilization,cached_graphml:data/cache/goseong_corridor_road.graphml,bus_only,goseong_access_origin_to_destination,access_road,capacity_reduction,capacity_reduction,2102,bus_only,1,0,normal,normal if completion_rate>=0.95 and censored_count=0; watch if completion_rate>=0.80; risk if completion_rate>=0.50; otherwise failure,"Phase 10 post-simulation ML decision-support analysis only; labels are derived from simulation outputs and do not prove real-world calibration, publication readiness, final-study readiness, formal acceptance, or operational forecasting.",train,normal,true,xgboost_trained,1
simrow-000178,goseong_mobilization,cached_graphml:data/cache/goseong_corridor_road.graphml,bus_only,goseong_access_origin_to_destination,access_road,capacity_reduction,capacity_reduction,2103,bus_only,1,0,normal,normal if completion_rate>=0.95 and censored_count=0; watch if completion_rate>=0.80; risk if completion_rate>=0.50; otherwise failure,"Phase 10 post-simulation ML decision-support analysis only; labels are derived from simulation outputs and do not prove real-world calibration, publication readiness, final-study readiness, formal acceptance, or operational forecasting.",train,normal,true,xgboost_trained,1
simrow-000179,goseong_mobilization,cached_graphml:data/cache/goseong_corridor_road.graphml,bus_only,goseong_access_origin_to_destination,access_road,capacity_reduction,capacity_reduction,2104,bus_only,1,0,normal,normal if completion_rate>=0.95 and censored_count=0; watch if completion_rate>=0.80; risk if completion_rate>=0.50; otherwise failure,"Phase 10 post-simulation ML decision-support analysis only; labels are derived from simulation outputs and do not prove real-world calibration, publication readiness, final-study readiness, formal acceptance, or operational forecasting.",train,normal,true,xgboost_trained,1
simrow-000180,goseong_mobilization,cached_graphml:data/cache/goseong_corridor_road.graphml,bus_only,goseong_access_origin_to_destination,access_road,capacity_reduction,capacity_reduction,2105,bus_only,1,0,normal,normal if completion_rate>=0.95 and censored_count=0; watch if completion_rate>=0.80; risk if completion_rate>=0.50; otherwise failure,"Phase 10 post-simulation ML decision-support analysis only; labels are derived from simulation outputs and do not prove real-world calibration, publication readiness, final-study readiness, formal acceptance, or operational forecasting.",train,normal,true,xgboost_trained,1
simrow-000181,goseong_mobilization,cached_graphml:data/cache/goseong_corridor_road.graphml,baseline_multimodal,goseong_access_origin_to_destination,access_road,capacity_reduction,capacity_reduction,2101,multimodal,1,0,normal,normal if completion_rate>=0.95 and censored_count=0; watch if completion_rate>=0.80; risk if completion_rate>=0.50; otherwise failure,"Phase 10 post-simulation ML decision-support analysis only; labels are derived from simulation outputs and do not prove real-world calibration, publication readiness, final-study readiness, formal acceptance, or operational forecasting.",test,normal,true,xgboost_trained,0
simrow-000182,goseong_mobilization,cached_graphml:data/cache/goseong_corridor_road.graphml,baseline_multimodal,goseong_access_origin_to_destination,access_road,capacity_reduction,capacity_reduction,2102,multimodal,1,0,normal,normal if completion_rate>=0.95 and censored_count=0; watch if completion_rate>=0.80; risk if completion_rate>=0.50; otherwise failure,"Phase 10 post-simulation ML decision-support analysis only; labels are derived from simulation outputs and do not prove real-world calibration, publication readiness, final-study readiness, formal acceptance, or operational forecasting.",train,normal,true,xgboost_trained,0
simrow-000183,goseong_mobilization,cached_graphml:data/cache/goseong_corridor_road.graphml,baseline_multimodal,goseong_access_origin_to_destination,access_road,capacity_reduction,capacity_reduction,2103,multimodal,1,0,normal,normal if completion_rate>=0.95 and censored_count=0; watch if completion_rate>=0.80; risk if completion_rate>=0.50; otherwise failure,"Phase 10 post-simulation ML decision-support analysis only; labels are derived from simulation outputs and do not prove real-world calibration, publication readiness, final-study readiness, formal acceptance, or operational forecasting.",train,normal,true,xgboost_trained,0
simrow-000184,goseong_mobilization,cached_graphml:data/cache/goseong_corridor_road.graphml,baseline_multimodal,goseong_access_origin_to_destination,access_road,capacity_reduction,capacity_reduction,2104,multimodal,1,0,normal,normal if completion_rate>=0.95 and censored_count=0; watch if completion_rate>=0.80; risk if completion_rate>=0.50; otherwise failure,"Phase 10 post-simulation ML decision-support analysis only; labels are derived from simulation outputs and do not prove real-world calibration, publication readiness, final-study readiness, formal acceptance, or operational forecasting.",train,normal,true,xgboost_trained,0
simrow-000185,goseong_mobilization,cached_graphml:data/cache/goseong_corridor_road.graphml,baseline_multimodal,goseong_access_origin_to_destination,access_road,capacity_reduction,capacity_reduction,2105,multimodal,1,0,normal,normal if completion_rate>=0.95 and censored_count=0; watch if completion_rate>=0.80; risk if completion_rate>=0.50; otherwise failure,"Phase 10 post-simulation ML decision-support analysis only; labels are derived from simulation outputs and do not prove real-world calibration, publication readiness, final-study readiness, formal acceptance, or operational forecasting.",train,normal,true,xgboost_trained,0
simrow-000186,goseong_mobilization,cached_graphml:data/cache/goseong_corridor_road.graphml,multimodal_lastmile_redundancy,goseong_access_origin_to_destination,access_road,capacity_reduction,capacity_reduction,2101,multimodal,1,0,normal,normal if completion_rate>=0.95 and censored_count=0; watch if completion_rate>=0.80; risk if completion_rate>=0.50; otherwise failure,"Phase 10 post-simulation ML decision-support analysis only; labels are derived from simulation outputs and do not prove real-world calibration, publication readiness, final-study readiness, formal acceptance, or operational forecasting.",test,normal,true,xgboost_trained,0
simrow-000187,goseong_mobilization,cached_graphml:data/cache/goseong_corridor_road.graphml,multimodal_lastmile_redundancy,goseong_access_origin_to_destination,access_road,capacity_reduction,capacity_reduction,2102,multimodal,1,0,normal,normal if completion_rate>=0.95 and censored_count=0; watch if completion_rate>=0.80; risk if completion_rate>=0.50; otherwise failure,"Phase 10 post-simulation ML decision-support analysis only; labels are derived from simulation outputs and do not prove real-world calibration, publication readiness, final-study readiness, formal acceptance, or operational forecasting.",train,normal,true,xgboost_trained,0
simrow-000188,goseong_mobilization,cached_graphml:data/cache/goseong_corridor_road.graphml,multimodal_lastmile_redundancy,goseong_access_origin_to_destination,access_road,capacity_reduction,capacity_reduction,2103,multimodal,1,0,normal,normal if completion_rate>=0.95 and censored_count=0; watch if completion_rate>=0.80; risk if completion_rate>=0.50; otherwise failure,"Phase 10 post-simulation ML decision-support analysis only; labels are derived from simulation outputs and do not prove real-world calibration, publication readiness, final-study readiness, formal acceptance, or operational forecasting.",train,normal,true,xgboost_trained,0
simrow-000189,goseong_mobilization,cached_graphml:data/cache/goseong_corridor_road.graphml,multimodal_lastmile_redundancy,goseong_access_origin_to_destination,access_road,capacity_reduction,capacity_reduction,2104,multimodal,1,0,normal,normal if completion_rate>=0.95 and censored_count=0; watch if completion_rate>=0.80; risk if completion_rate>=0.50; otherwise failure,"Phase 10 post-simulation ML decision-support analysis only; labels are derived from simulation outputs and do not prove real-world calibration, publication readiness, final-study readiness, formal acceptance, or operational forecasting.",train,normal,true,xgboost_trained,0
simrow-000190,goseong_mobilization,cached_graphml:data/cache/goseong_corridor_road.graphml,multimodal_lastmile_redundancy,goseong_access_origin_to_destination,access_road,capacity_reduction,capacity_reduction,2105,multimodal,1,0,normal,normal if completion_rate>=0.95 and censored_count=0; watch if completion_rate>=0.80; risk if completion_rate>=0.50; otherwise failure,"Phase 10 post-simulation ML decision-support analysis only; labels are derived from simulation outputs and do not prove real-world calibration, publication readiness, final-study readiness, formal acceptance, or operational forecasting.",train,normal,true,xgboost_trained,0
simrow-000191,goseong_mobilization,cached_graphml:data/cache/goseong_corridor_road.graphml,staggered_or_adaptive_dispatch,goseong_access_origin_to_destination,access_road,capacity_reduction,capacity_reduction,2101,multimodal,1,0,normal,normal if completion_rate>=0.95 and censored_count=0; watch if completion_rate>=0.80; risk if completion_rate>=0.50; otherwise failure,"Phase 10 post-simulation ML decision-support analysis only; labels are derived from simulation outputs and do not prove real-world calibration, publication readiness, final-study readiness, formal acceptance, or operational forecasting.",test,normal,true,xgboost_trained,0
simrow-000192,goseong_mobilization,cached_graphml:data/cache/goseong_corridor_road.graphml,staggered_or_adaptive_dispatch,goseong_access_origin_to_destination,access_road,capacity_reduction,capacity_reduction,2102,multimodal,1,0,normal,normal if completion_rate>=0.95 and censored_count=0; watch if completion_rate>=0.80; risk if completion_rate>=0.50; otherwise failure,"Phase 10 post-simulation ML decision-support analysis only; labels are derived from simulation outputs and do not prove real-world calibration, publication readiness, final-study readiness, formal acceptance, or operational forecasting.",train,normal,true,xgboost_trained,0
simrow-000193,goseong_mobilization,cached_graphml:data/cache/goseong_corridor_road.graphml,staggered_or_adaptive_dispatch,goseong_access_origin_to_destination,access_road,capacity_reduction,capacity_reduction,2103,multimodal,1,0,normal,normal if completion_rate>=0.95 and censored_count=0; watch if completion_rate>=0.80; risk if completion_rate>=0.50; otherwise failure,"Phase 10 post-simulation ML decision-support analysis only; labels are derived from simulation outputs and do not prove real-world calibration, publication readiness, final-study readiness, formal acceptance, or operational forecasting.",train,normal,true,xgboost_trained,0
simrow-000194,goseong_mobilization,cached_graphml:data/cache/goseong_corridor_road.graphml,staggered_or_adaptive_dispatch,goseong_access_origin_to_destination,access_road,capacity_reduction,capacity_reduction,2104,multimodal,1,0,normal,normal if completion_rate>=0.95 and censored_count=0; watch if completion_rate>=0.80; risk if completion_rate>=0.50; otherwise failure,"Phase 10 post-simulation ML decision-support analysis only; labels are derived from simulation outputs and do not prove real-world calibration, publication readiness, final-study readiness, formal acceptance, or operational forecasting.",train,normal,true,xgboost_trained,0
simrow-000195,goseong_mobilization,cached_graphml:data/cache/goseong_corridor_road.graphml,staggered_or_adaptive_dispatch,goseong_access_origin_to_destination,access_road,capacity_reduction,capacity_reduction,2105,multimodal,1,0,normal,normal if completion_rate>=0.95 and censored_count=0; watch if completion_rate>=0.80; risk if completion_rate>=0.50; otherwise failure,"Phase 10 post-simulation ML decision-support analysis only; labels are derived from simulation outputs and do not prove real-world calibration, publication readiness, final-study readiness, formal acceptance, or operational forecasting.",train,normal,true,xgboost_trained,0
simrow-000196,goseong_mobilization,cached_graphml:data/cache/goseong_corridor_road.graphml,multimodal_increased_feeder_capacity,goseong_access_origin_to_destination,access_road,capacity_reduction,capacity_reduction,2101,multimodal,1,0,normal,normal if completion_rate>=0.95 and censored_count=0; watch if completion_rate>=0.80; risk if completion_rate>=0.50; otherwise failure,"Phase 10 post-simulation ML decision-support analysis only; labels are derived from simulation outputs and do not prove real-world calibration, publication readiness, final-study readiness, formal acceptance, or operational forecasting.",test,normal,true,xgboost_trained,0
simrow-000197,goseong_mobilization,cached_graphml:data/cache/goseong_corridor_road.graphml,multimodal_increased_feeder_capacity,goseong_access_origin_to_destination,access_road,capacity_reduction,capacity_reduction,2102,multimodal,1,0,normal,normal if completion_rate>=0.95 and censored_count=0; watch if completion_rate>=0.80; risk if completion_rate>=0.50; otherwise failure,"Phase 10 post-simulation ML decision-support analysis only; labels are derived from simulation outputs and do not prove real-world calibration, publication readiness, final-study readiness, formal acceptance, or operational forecasting.",train,normal,true,xgboost_trained,0
simrow-000198,goseong_mobilization,cached_graphml:data/cache/goseong_corridor_road.graphml,multimodal_increased_feeder_capacity,goseong_access_origin_to_destination,access_road,capacity_reduction,capacity_reduction,2103,multimodal,1,0,normal,normal if completion_rate>=0.95 and censored_count=0; watch if completion_rate>=0.80; risk if completion_rate>=0.50; otherwise failure,"Phase 10 post-simulation ML decision-support analysis only; labels are derived from simulation outputs and do not prove real-world calibration, publication readiness, final-study readiness, formal acceptance, or operational forecasting.",train,normal,true,xgboost_trained,0
simrow-000199,goseong_mobilization,cached_graphml:data/cache/goseong_corridor_road.graphml,multimodal_increased_feeder_capacity,goseong_access_origin_to_destination,access_road,capacity_reduction,capacity_reduction,2104,multimodal,1,0,normal,normal if completion_rate>=0.95 and censored_count=0; watch if completion_rate>=0.80; risk if completion_rate>=0.50; otherwise failure,"Phase 10 post-simulation ML decision-support analysis only; labels are derived from simulation outputs and do not prove real-world calibration, publication readiness, final-study readiness, formal acceptance, or operational forecasting.",train,normal,true,xgboost_trained,0
simrow-000200,goseong_mobilization,cached_graphml:data/cache/goseong_corridor_road.graphml,multimodal_increased_feeder_capacity,goseong_access_origin_to_destination,access_road,capacity_reduction,capacity_reduction,2105,multimodal,1,0,normal,normal if completion_rate>=0.95 and censored_count=0; watch if completion_rate>=0.80; risk if completion_rate>=0.50; otherwise failure,"Phase 10 post-simulation ML decision-support analysis only; labels are derived from simulation outputs and do not prove real-world calibration, publication readiness, final-study readiness, formal acceptance, or operational forecasting.",train,normal,true,xgboost_trained,0
simrow-000201,goseong_mobilization,cached_graphml:data/cache/goseong_corridor_road.graphml,rail_delay_or_partial_unavailability,goseong_access_origin_to_destination,access_road,capacity_reduction,capacity_reduction,2101,multimodal,1,0,normal,normal if completion_rate>=0.95 and censored_count=0; watch if completion_rate>=0.80; risk if completion_rate>=0.50; otherwise failure,"Phase 10 post-simulation ML decision-support analysis only; labels are derived from simulation outputs and do not prove real-world calibration, publication readiness, final-study readiness, formal acceptance, or operational forecasting.",test,normal,true,xgboost_trained,0
simrow-000202,goseong_mobilization,cached_graphml:data/cache/goseong_corridor_road.graphml,rail_delay_or_partial_unavailability,goseong_access_origin_to_destination,access_road,capacity_reduction,capacity_reduction,2102,multimodal,1,0,normal,normal if completion_rate>=0.95 and censored_count=0; watch if completion_rate>=0.80; risk if completion_rate>=0.50; otherwise failure,"Phase 10 post-simulation ML decision-support analysis only; labels are derived from simulation outputs and do not prove real-world calibration, publication readiness, final-study readiness, formal acceptance, or operational forecasting.",train,normal,true,xgboost_trained,0
simrow-000203,goseong_mobilization,cached_graphml:data/cache/goseong_corridor_road.graphml,rail_delay_or_partial_unavailability,goseong_access_origin_to_destination,access_road,capacity_reduction,capacity_reduction,2103,multimodal,1,0,normal,normal if completion_rate>=0.95 and censored_count=0; watch if completion_rate>=0.80; risk if completion_rate>=0.50; otherwise failure,"Phase 10 post-simulation ML decision-support analysis only; labels are derived from simulation outputs and do not prove real-world calibration, publication readiness, final-study readiness, formal acceptance, or operational forecasting.",train,normal,true,xgboost_trained,0
simrow-000204,goseong_mobilization,cached_graphml:data/cache/goseong_corridor_road.graphml,rail_delay_or_partial_unavailability,goseong_access_origin_to_destination,access_road,capacity_reduction,capacity_reduction,2104,multimodal,1,0,normal,normal if completion_rate>=0.95 and censored_count=0; watch if completion_rate>=0.80; risk if completion_rate>=0.50; otherwise failure,"Phase 10 post-simulation ML decision-support analysis only; labels are derived from simulation outputs and do not prove real-world calibration, publication readiness, final-study readiness, formal acceptance, or operational forecasting.",train,normal,true,xgboost_trained,0
simrow-000205,goseong_mobilization,cached_graphml:data/cache/goseong_corridor_road.graphml,rail_delay_or_partial_unavailability,goseong_access_origin_to_destination,access_road,capacity_reduction,capacity_reduction,2105,multimodal,1,0,normal,normal if completion_rate>=0.95 and censored_count=0; watch if completion_rate>=0.80; risk if completion_rate>=0.50; otherwise failure,"Phase 10 post-simulation ML decision-support analysis only; labels are derived from simulation outputs and do not prove real-world calibration, publication readiness, final-study readiness, formal acceptance, or operational forecasting.",train,normal,true,xgboost_trained,0
simrow-000206,goseong_mobilization,cached_graphml:data/cache/goseong_corridor_road.graphml,fleet_shortage_stress,goseong_access_origin_to_destination,access_road,capacity_reduction,capacity_reduction,2101,multimodal,1,0,normal,normal if completion_rate>=0.95 and censored_count=0; watch if completion_rate>=0.80; risk if completion_rate>=0.50; otherwise failure,"Phase 10 post-simulation ML decision-support analysis only; labels are derived from simulation outputs and do not prove real-world calibration, publication readiness, final-study readiness, formal acceptance, or operational forecasting.",test,normal,true,xgboost_trained,0
simrow-000207,goseong_mobilization,cached_graphml:data/cache/goseong_corridor_road.graphml,fleet_shortage_stress,goseong_access_origin_to_destination,access_road,capacity_reduction,capacity_reduction,2102,multimodal,1,0,normal,normal if completion_rate>=0.95 and censored_count=0; watch if completion_rate>=0.80; risk if completion_rate>=0.50; otherwise failure,"Phase 10 post-simulation ML decision-support analysis only; labels are derived from simulation outputs and do not prove real-world calibration, publication readiness, final-study readiness, formal acceptance, or operational forecasting.",train,normal,true,xgboost_trained,0
simrow-000208,goseong_mobilization,cached_graphml:data/cache/goseong_corridor_road.graphml,fleet_shortage_stress,goseong_access_origin_to_destination,access_road,capacity_reduction,capacity_reduction,2103,multimodal,1,0,normal,normal if completion_rate>=0.95 and censored_count=0; watch if completion_rate>=0.80; risk if completion_rate>=0.50; otherwise failure,"Phase 10 post-simulation ML decision-support analysis only; labels are derived from simulation outputs and do not prove real-world calibration, publication readiness, final-study readiness, formal acceptance, or operational forecasting.",train,normal,true,xgboost_trained,0
simrow-000209,goseong_mobilization,cached_graphml:data/cache/goseong_corridor_road.graphml,fleet_shortage_stress,goseong_access_origin_to_destination,access_road,capacity_reduction,capacity_reduction,2104,multimodal,1,0,normal,normal if completion_rate>=0.95 and censored_count=0; watch if completion_rate>=0.80; risk if completion_rate>=0.50; otherwise failure,"Phase 10 post-simulation ML decision-support analysis only; labels are derived from simulation outputs and do not prove real-world calibration, publication readiness, final-study readiness, formal acceptance, or operational forecasting.",train,normal,true,xgboost_trained,0
simrow-000210,goseong_mobilization,cached_graphml:data/cache/goseong_corridor_road.graphml,fleet_shortage_stress,goseong_access_origin_to_destination,access_road,capacity_reduction,capacity_reduction,2105,multimodal,1,0,normal,normal if completion_rate>=0.95 and censored_count=0; watch if completion_rate>=0.80; risk if completion_rate>=0.50; otherwise failure,"Phase 10 post-simulation ML decision-support analysis only; labels are derived from simulation outputs and do not prove real-world calibration, publication readiness, final-study readiness, formal acceptance, or operational forecasting.",train,normal,true,xgboost_trained,0
simrow-000211,goseong_mobilization,cached_graphml:data/cache/goseong_corridor_road.graphml,bus_only,goseong_last_mile_station_to_destination,last_mile,capacity_reduction,capacity_reduction,2101,bus_only,1,0,normal,normal if completion_rate>=0.95 and censored_count=0; watch if completion_rate>=0.80; risk if completion_rate>=0.50; otherwise failure,"Phase 10 post-simulation ML decision-support analysis only; labels are derived from simulation outputs and do not prove real-world calibration, publication readiness, final-study readiness, formal acceptance, or operational forecasting.",test,normal,true,xgboost_trained,1
simrow-000212,goseong_mobilization,cached_graphml:data/cache/goseong_corridor_road.graphml,bus_only,goseong_last_mile_station_to_destination,last_mile,capacity_reduction,capacity_reduction,2102,bus_only,1,0,normal,normal if completion_rate>=0.95 and censored_count=0; watch if completion_rate>=0.80; risk if completion_rate>=0.50; otherwise failure,"Phase 10 post-simulation ML decision-support analysis only; labels are derived from simulation outputs and do not prove real-world calibration, publication readiness, final-study readiness, formal acceptance, or operational forecasting.",train,normal,true,xgboost_trained,1
simrow-000213,goseong_mobilization,cached_graphml:data/cache/goseong_corridor_road.graphml,bus_only,goseong_last_mile_station_to_destination,last_mile,capacity_reduction,capacity_reduction,2103,bus_only,1,0,normal,normal if completion_rate>=0.95 and censored_count=0; watch if completion_rate>=0.80; risk if completion_rate>=0.50; otherwise failure,"Phase 10 post-simulation ML decision-support analysis only; labels are derived from simulation outputs and do not prove real-world calibration, publication readiness, final-study readiness, formal acceptance, or operational forecasting.",train,normal,true,xgboost_trained,1
simrow-000214,goseong_mobilization,cached_graphml:data/cache/goseong_corridor_road.graphml,bus_only,goseong_last_mile_station_to_destination,last_mile,capacity_reduction,capacity_reduction,2104,bus_only,1,0,normal,normal if completion_rate>=0.95 and censored_count=0; watch if completion_rate>=0.80; risk if completion_rate>=0.50; otherwise failure,"Phase 10 post-simulation ML decision-support analysis only; labels are derived from simulation outputs and do not prove real-world calibration, publication readiness, final-study readiness, formal acceptance, or operational forecasting.",train,normal,true,xgboost_trained,1
simrow-000215,goseong_mobilization,cached_graphml:data/cache/goseong_corridor_road.graphml,bus_only,goseong_last_mile_station_to_destination,last_mile,capacity_reduction,capacity_reduction,2105,bus_only,1,0,normal,normal if completion_rate>=0.95 and censored_count=0; watch if completion_rate>=0.80; risk if completion_rate>=0.50; otherwise failure,"Phase 10 post-simulation ML decision-support analysis only; labels are derived from simulation outputs and do not prove real-world calibration, publication readiness, final-study readiness, formal acceptance, or operational forecasting.",train,normal,true,xgboost_trained,1
simrow-000216,goseong_mobilization,cached_graphml:data/cache/goseong_corridor_road.graphml,baseline_multimodal,goseong_last_mile_station_to_destination,last_mile,capacity_reduction,capacity_reduction,2101,multimodal,1,0,normal,normal if completion_rate>=0.95 and censored_count=0; watch if completion_rate>=0.80; risk if completion_rate>=0.50; otherwise failure,"Phase 10 post-simulation ML decision-support analysis only; labels are derived from simulation outputs and do not prove real-world calibration, publication readiness, final-study readiness, formal acceptance, or operational forecasting.",test,normal,true,xgboost_trained,0
simrow-000217,goseong_mobilization,cached_graphml:data/cache/goseong_corridor_road.graphml,baseline_multimodal,goseong_last_mile_station_to_destination,last_mile,capacity_reduction,capacity_reduction,2102,multimodal,1,0,normal,normal if completion_rate>=0.95 and censored_count=0; watch if completion_rate>=0.80; risk if completion_rate>=0.50; otherwise failure,"Phase 10 post-simulation ML decision-support analysis only; labels are derived from simulation outputs and do not prove real-world calibration, publication readiness, final-study readiness, formal acceptance, or operational forecasting.",train,normal,true,xgboost_trained,0
simrow-000218,goseong_mobilization,cached_graphml:data/cache/goseong_corridor_road.graphml,baseline_multimodal,goseong_last_mile_station_to_destination,last_mile,capacity_reduction,capacity_reduction,2103,multimodal,1,0,normal,normal if completion_rate>=0.95 and censored_count=0; watch if completion_rate>=0.80; risk if completion_rate>=0.50; otherwise failure,"Phase 10 post-simulation ML decision-support analysis only; labels are derived from simulation outputs and do not prove real-world calibration, publication readiness, final-study readiness, formal acceptance, or operational forecasting.",train,normal,true,xgboost_trained,0
simrow-000219,goseong_mobilization,cached_graphml:data/cache/goseong_corridor_road.graphml,baseline_multimodal,goseong_last_mile_station_to_destination,last_mile,capacity_reduction,capacity_reduction,2104,multimodal,1,0,normal,normal if completion_rate>=0.95 and censored_count=0; watch if completion_rate>=0.80; risk if completion_rate>=0.50; otherwise failure,"Phase 10 post-simulation ML decision-support analysis only; labels are derived from simulation outputs and do not prove real-world calibration, publication readiness, final-study readiness, formal acceptance, or operational forecasting.",train,normal,true,xgboost_trained,0
simrow-000220,goseong_mobilization,cached_graphml:data/cache/goseong_corridor_road.graphml,baseline_multimodal,goseong_last_mile_station_to_destination,last_mile,capacity_reduction,capacity_reduction,2105,multimodal,1,0,normal,normal if completion_rate>=0.95 and censored_count=0; watch if completion_rate>=0.80; risk if completion_rate>=0.50; otherwise failure,"Phase 10 post-simulation ML decision-support analysis only; labels are derived from simulation outputs and do not prove real-world calibration, publication readiness, final-study readiness, formal acceptance, or operational forecasting.",train,normal,true,xgboost_trained,0
simrow-000221,goseong_mobilization,cached_graphml:data/cache/goseong_corridor_road.graphml,multimodal_lastmile_redundancy,goseong_last_mile_station_to_destination,last_mile,capacity_reduction,capacity_reduction,2101,multimodal,1,0,normal,normal if completion_rate>=0.95 and censored_count=0; watch if completion_rate>=0.80; risk if completion_rate>=0.50; otherwise failure,"Phase 10 post-simulation ML decision-support analysis only; labels are derived from simulation outputs and do not prove real-world calibration, publication readiness, final-study readiness, formal acceptance, or operational forecasting.",test,normal,true,xgboost_trained,0
simrow-000222,goseong_mobilization,cached_graphml:data/cache/goseong_corridor_road.graphml,multimodal_lastmile_redundancy,goseong_last_mile_station_to_destination,last_mile,capacity_reduction,capacity_reduction,2102,multimodal,1,0,normal,normal if completion_rate>=0.95 and censored_count=0; watch if completion_rate>=0.80; risk if completion_rate>=0.50; otherwise failure,"Phase 10 post-simulation ML decision-support analysis only; labels are derived from simulation outputs and do not prove real-world calibration, publication readiness, final-study readiness, formal acceptance, or operational forecasting.",train,normal,true,xgboost_trained,0
simrow-000223,goseong_mobilization,cached_graphml:data/cache/goseong_corridor_road.graphml,multimodal_lastmile_redundancy,goseong_last_mile_station_to_destination,last_mile,capacity_reduction,capacity_reduction,2103,multimodal,1,0,normal,normal if completion_rate>=0.95 and censored_count=0; watch if completion_rate>=0.80; risk if completion_rate>=0.50; otherwise failure,"Phase 10 post-simulation ML decision-support analysis only; labels are derived from simulation outputs and do not prove real-world calibration, publication readiness, final-study readiness, formal acceptance, or operational forecasting.",train,normal,true,xgboost_trained,0
simrow-000224,goseong_mobilization,cached_graphml:data/cache/goseong_corridor_road.graphml,multimodal_lastmile_redundancy,goseong_last_mile_station_to_destination,last_mile,capacity_reduction,capacity_reduction,2104,multimodal,1,0,normal,normal if completion_rate>=0.95 and censored_count=0; watch if completion_rate>=0.80; risk if completion_rate>=0.50; otherwise failure,"Phase 10 post-simulation ML decision-support analysis only; labels are derived from simulation outputs and do not prove real-world calibration, publication readiness, final-study readiness, formal acceptance, or operational forecasting.",train,normal,true,xgboost_trained,0
simrow-000225,goseong_mobilization,cached_graphml:data/cache/goseong_corridor_road.graphml,multimodal_lastmile_redundancy,goseong_last_mile_station_to_destination,last_mile,capacity_reduction,capacity_reduction,2105,multimodal,1,0,normal,normal if completion_rate>=0.95 and censored_count=0; watch if completion_rate>=0.80; risk if completion_rate>=0.50; otherwise failure,"Phase 10 post-simulation ML decision-support analysis only; labels are derived from simulation outputs and do not prove real-world calibration, publication readiness, final-study readiness, formal acceptance, or operational forecasting.",train,normal,true,xgboost_trained,0
simrow-000226,goseong_mobilization,cached_graphml:data/cache/goseong_corridor_road.graphml,staggered_or_adaptive_dispatch,goseong_last_mile_station_to_destination,last_mile,capacity_reduction,capacity_reduction,2101,multimodal,1,0,normal,normal if completion_rate>=0.95 and censored_count=0; watch if completion_rate>=0.80; risk if completion_rate>=0.50; otherwise failure,"Phase 10 post-simulation ML decision-support analysis only; labels are derived from simulation outputs and do not prove real-world calibration, publication readiness, final-study readiness, formal acceptance, or operational forecasting.",test,normal,true,xgboost_trained,0
simrow-000227,goseong_mobilization,cached_graphml:data/cache/goseong_corridor_road.graphml,staggered_or_adaptive_dispatch,goseong_last_mile_station_to_destination,last_mile,capacity_reduction,capacity_reduction,2102,multimodal,1,0,normal,normal if completion_rate>=0.95 and censored_count=0; watch if completion_rate>=0.80; risk if completion_rate>=0.50; otherwise failure,"Phase 10 post-simulation ML decision-support analysis only; labels are derived from simulation outputs and do not prove real-world calibration, publication readiness, final-study readiness, formal acceptance, or operational forecasting.",train,normal,true,xgboost_trained,0
simrow-000228,goseong_mobilization,cached_graphml:data/cache/goseong_corridor_road.graphml,staggered_or_adaptive_dispatch,goseong_last_mile_station_to_destination,last_mile,capacity_reduction,capacity_reduction,2103,multimodal,1,0,normal,normal if completion_rate>=0.95 and censored_count=0; watch if completion_rate>=0.80; risk if completion_rate>=0.50; otherwise failure,"Phase 10 post-simulation ML decision-support analysis only; labels are derived from simulation outputs and do not prove real-world calibration, publication readiness, final-study readiness, formal acceptance, or operational forecasting.",train,normal,true,xgboost_trained,0
simrow-000229,goseong_mobilization,cached_graphml:data/cache/goseong_corridor_road.graphml,staggered_or_adaptive_dispatch,goseong_last_mile_station_to_destination,last_mile,capacity_reduction,capacity_reduction,2104,multimodal,1,0,normal,normal if completion_rate>=0.95 and censored_count=0; watch if completion_rate>=0.80; risk if completion_rate>=0.50; otherwise failure,"Phase 10 post-simulation ML decision-support analysis only; labels are derived from simulation outputs and do not prove real-world calibration, publication readiness, final-study readiness, formal acceptance, or operational forecasting.",train,normal,true,xgboost_trained,0
simrow-000230,goseong_mobilization,cached_graphml:data/cache/goseong_corridor_road.graphml,staggered_or_adaptive_dispatch,goseong_last_mile_station_to_destination,last_mile,capacity_reduction,capacity_reduction,2105,multimodal,1,0,normal,normal if completion_rate>=0.95 and censored_count=0; watch if completion_rate>=0.80; risk if completion_rate>=0.50; otherwise failure,"Phase 10 post-simulation ML decision-support analysis only; labels are derived from simulation outputs and do not prove real-world calibration, publication readiness, final-study readiness, formal acceptance, or operational forecasting.",train,normal,true,xgboost_trained,0
simrow-000231,goseong_mobilization,cached_graphml:data/cache/goseong_corridor_road.graphml,multimodal_increased_feeder_capacity,goseong_last_mile_station_to_destination,last_mile,capacity_reduction,capacity_reduction,2101,multimodal,1,0,normal,normal if completion_rate>=0.95 and censored_count=0; watch if completion_rate>=0.80; risk if completion_rate>=0.50; otherwise failure,"Phase 10 post-simulation ML decision-support analysis only; labels are derived from simulation outputs and do not prove real-world calibration, publication readiness, final-study readiness, formal acceptance, or operational forecasting.",test,normal,true,xgboost_trained,0
simrow-000232,goseong_mobilization,cached_graphml:data/cache/goseong_corridor_road.graphml,multimodal_increased_feeder_capacity,goseong_last_mile_station_to_destination,last_mile,capacity_reduction,capacity_reduction,2102,multimodal,1,0,normal,normal if completion_rate>=0.95 and censored_count=0; watch if completion_rate>=0.80; risk if completion_rate>=0.50; otherwise failure,"Phase 10 post-simulation ML decision-support analysis only; labels are derived from simulation outputs and do not prove real-world calibration, publication readiness, final-study readiness, formal acceptance, or operational forecasting.",train,normal,true,xgboost_trained,0
simrow-000233,goseong_mobilization,cached_graphml:data/cache/goseong_corridor_road.graphml,multimodal_increased_feeder_capacity,goseong_last_mile_station_to_destination,last_mile,capacity_reduction,capacity_reduction,2103,multimodal,1,0,normal,normal if completion_rate>=0.95 and censored_count=0; watch if completion_rate>=0.80; risk if completion_rate>=0.50; otherwise failure,"Phase 10 post-simulation ML decision-support analysis only; labels are derived from simulation outputs and do not prove real-world calibration, publication readiness, final-study readiness, formal acceptance, or operational forecasting.",train,normal,true,xgboost_trained,0
simrow-000234,goseong_mobilization,cached_graphml:data/cache/goseong_corridor_road.graphml,multimodal_increased_feeder_capacity,goseong_last_mile_station_to_destination,last_mile,capacity_reduction,capacity_reduction,2104,multimodal,1,0,normal,normal if completion_rate>=0.95 and censored_count=0; watch if completion_rate>=0.80; risk if completion_rate>=0.50; otherwise failure,"Phase 10 post-simulation ML decision-support analysis only; labels are derived from simulation outputs and do not prove real-world calibration, publication readiness, final-study readiness, formal acceptance, or operational forecasting.",train,normal,true,xgboost_trained,0
simrow-000235,goseong_mobilization,cached_graphml:data/cache/goseong_corridor_road.graphml,multimodal_increased_feeder_capacity,goseong_last_mile_station_to_destination,last_mile,capacity_reduction,capacity_reduction,2105,multimodal,1,0,normal,normal if completion_rate>=0.95 and censored_count=0; watch if completion_rate>=0.80; risk if completion_rate>=0.50; otherwise failure,"Phase 10 post-simulation ML decision-support analysis only; labels are derived from simulation outputs and do not prove real-world calibration, publication readiness, final-study readiness, formal acceptance, or operational forecasting.",train,normal,true,xgboost_trained,0
simrow-000236,goseong_mobilization,cached_graphml:data/cache/goseong_corridor_road.graphml,rail_delay_or_partial_unavailability,goseong_last_mile_station_to_destination,last_mile,capacity_reduction,capacity_reduction,2101,multimodal,1,0,normal,normal if completion_rate>=0.95 and censored_count=0; watch if completion_rate>=0.80; risk if completion_rate>=0.50; otherwise failure,"Phase 10 post-simulation ML decision-support analysis only; labels are derived from simulation outputs and do not prove real-world calibration, publication readiness, final-study readiness, formal acceptance, or operational forecasting.",test,normal,true,xgboost_trained,0
simrow-000237,goseong_mobilization,cached_graphml:data/cache/goseong_corridor_road.graphml,rail_delay_or_partial_unavailability,goseong_last_mile_station_to_destination,last_mile,capacity_reduction,capacity_reduction,2102,multimodal,1,0,normal,normal if completion_rate>=0.95 and censored_count=0; watch if completion_rate>=0.80; risk if completion_rate>=0.50; otherwise failure,"Phase 10 post-simulation ML decision-support analysis only; labels are derived from simulation outputs and do not prove real-world calibration, publication readiness, final-study readiness, formal acceptance, or operational forecasting.",train,normal,true,xgboost_trained,0
simrow-000238,goseong_mobilization,cached_graphml:data/cache/goseong_corridor_road.graphml,rail_delay_or_partial_unavailability,goseong_last_mile_station_to_destination,last_mile,capacity_reduction,capacity_reduction,2103,multimodal,1,0,normal,normal if completion_rate>=0.95 and censored_count=0; watch if completion_rate>=0.80; risk if completion_rate>=0.50; otherwise failure,"Phase 10 post-simulation ML decision-support analysis only; labels are derived from simulation outputs and do not prove real-world calibration, publication readiness, final-study readiness, formal acceptance, or operational forecasting.",train,normal,true,xgboost_trained,0
simrow-000239,goseong_mobilization,cached_graphml:data/cache/goseong_corridor_road.graphml,rail_delay_or_partial_unavailability,goseong_last_mile_station_to_destination,last_mile,capacity_reduction,capacity_reduction,2104,multimodal,1,0,normal,normal if completion_rate>=0.95 and censored_count=0; watch if completion_rate>=0.80; risk if completion_rate>=0.50; otherwise failure,"Phase 10 post-simulation ML decision-support analysis only; labels are derived from simulation outputs and do not prove real-world calibration, publication readiness, final-study readiness, formal acceptance, or operational forecasting.",train,normal,true,xgboost_trained,0
simrow-000240,goseong_mobilization,cached_graphml:data/cache/goseong_corridor_road.graphml,rail_delay_or_partial_unavailability,goseong_last_mile_station_to_destination,last_mile,capacity_reduction,capacity_reduction,2105,multimodal,1,0,normal,normal if completion_rate>=0.95 and censored_count=0; watch if completion_rate>=0.80; risk if completion_rate>=0.50; otherwise failure,"Phase 10 post-simulation ML decision-support analysis only; labels are derived from simulation outputs and do not prove real-world calibration, publication readiness, final-study readiness, formal acceptance, or operational forecasting.",train,normal,true,xgboost_trained,0
simrow-000241,goseong_mobilization,cached_graphml:data/cache/goseong_corridor_road.graphml,fleet_shortage_stress,goseong_last_mile_station_to_destination,last_mile,capacity_reduction,capacity_reduction,2101,multimodal,1,0,normal,normal if completion_rate>=0.95 and censored_count=0; watch if completion_rate>=0.80; risk if completion_rate>=0.50; otherwise failure,"Phase 10 post-simulation ML decision-support analysis only; labels are derived from simulation outputs and do not prove real-world calibration, publication readiness, final-study readiness, formal acceptance, or operational forecasting.",test,normal,true,xgboost_trained,0
simrow-000242,goseong_mobilization,cached_graphml:data/cache/goseong_corridor_road.graphml,fleet_shortage_stress,goseong_last_mile_station_to_destination,last_mile,capacity_reduction,capacity_reduction,2102,multimodal,1,0,normal,normal if completion_rate>=0.95 and censored_count=0; watch if completion_rate>=0.80; risk if completion_rate>=0.50; otherwise failure,"Phase 10 post-simulation ML decision-support analysis only; labels are derived from simulation outputs and do not prove real-world calibration, publication readiness, final-study readiness, formal acceptance, or operational forecasting.",train,normal,true,xgboost_trained,0
simrow-000243,goseong_mobilization,cached_graphml:data/cache/goseong_corridor_road.graphml,fleet_shortage_stress,goseong_last_mile_station_to_destination,last_mile,capacity_reduction,capacity_reduction,2103,multimodal,1,0,normal,normal if completion_rate>=0.95 and censored_count=0; watch if completion_rate>=0.80; risk if completion_rate>=0.50; otherwise failure,"Phase 10 post-simulation ML decision-support analysis only; labels are derived from simulation outputs and do not prove real-world calibration, publication readiness, final-study readiness, formal acceptance, or operational forecasting.",train,normal,true,xgboost_trained,0
simrow-000244,goseong_mobilization,cached_graphml:data/cache/goseong_corridor_road.graphml,fleet_shortage_stress,goseong_last_mile_station_to_destination,last_mile,capacity_reduction,capacity_reduction,2104,multimodal,1,0,normal,normal if completion_rate>=0.95 and censored_count=0; watch if completion_rate>=0.80; risk if completion_rate>=0.50; otherwise failure,"Phase 10 post-simulation ML decision-support analysis only; labels are derived from simulation outputs and do not prove real-world calibration, publication readiness, final-study readiness, formal acceptance, or operational forecasting.",train,normal,true,xgboost_trained,0
simrow-000245,goseong_mobilization,cached_graphml:data/cache/goseong_corridor_road.graphml,fleet_shortage_stress,goseong_last_mile_station_to_destination,last_mile,capacity_reduction,capacity_reduction,2105,multimodal,1,0,normal,normal if completion_rate>=0.95 and censored_count=0; watch if completion_rate>=0.80; risk if completion_rate>=0.50; otherwise failure,"Phase 10 post-simulation ML decision-support analysis only; labels are derived from simulation outputs and do not prove real-world calibration, publication readiness, final-study readiness, formal acceptance, or operational forecasting.",train,normal,true,xgboost_trained,0
simrow-000246,goseong_mobilization,cached_graphml:data/cache/goseong_corridor_road.graphml,bus_only,goseong_rail_station_access,rail_station_access,capacity_reduction,capacity_reduction,2101,bus_only,1,0,normal,normal if completion_rate>=0.95 and censored_count=0; watch if completion_rate>=0.80; risk if completion_rate>=0.50; otherwise failure,"Phase 10 post-simulation ML decision-support analysis only; labels are derived from simulation outputs and do not prove real-world calibration, publication readiness, final-study readiness, formal acceptance, or operational forecasting.",test,normal,true,xgboost_trained,1
simrow-000247,goseong_mobilization,cached_graphml:data/cache/goseong_corridor_road.graphml,bus_only,goseong_rail_station_access,rail_station_access,capacity_reduction,capacity_reduction,2102,bus_only,1,0,normal,normal if completion_rate>=0.95 and censored_count=0; watch if completion_rate>=0.80; risk if completion_rate>=0.50; otherwise failure,"Phase 10 post-simulation ML decision-support analysis only; labels are derived from simulation outputs and do not prove real-world calibration, publication readiness, final-study readiness, formal acceptance, or operational forecasting.",train,normal,true,xgboost_trained,1
simrow-000248,goseong_mobilization,cached_graphml:data/cache/goseong_corridor_road.graphml,bus_only,goseong_rail_station_access,rail_station_access,capacity_reduction,capacity_reduction,2103,bus_only,1,0,normal,normal if completion_rate>=0.95 and censored_count=0; watch if completion_rate>=0.80; risk if completion_rate>=0.50; otherwise failure,"Phase 10 post-simulation ML decision-support analysis only; labels are derived from simulation outputs and do not prove real-world calibration, publication readiness, final-study readiness, formal acceptance, or operational forecasting.",train,normal,true,xgboost_trained,1
simrow-000249,goseong_mobilization,cached_graphml:data/cache/goseong_corridor_road.graphml,bus_only,goseong_rail_station_access,rail_station_access,capacity_reduction,capacity_reduction,2104,bus_only,1,0,normal,normal if completion_rate>=0.95 and censored_count=0; watch if completion_rate>=0.80; risk if completion_rate>=0.50; otherwise failure,"Phase 10 post-simulation ML decision-support analysis only; labels are derived from simulation outputs and do not prove real-world calibration, publication readiness, final-study readiness, formal acceptance, or operational forecasting.",train,normal,true,xgboost_trained,1
simrow-000250,goseong_mobilization,cached_graphml:data/cache/goseong_corridor_road.graphml,bus_only,goseong_rail_station_access,rail_station_access,capacity_reduction,capacity_reduction,2105,bus_only,1,0,normal,normal if completion_rate>=0.95 and censored_count=0; watch if completion_rate>=0.80; risk if completion_rate>=0.50; otherwise failure,"Phase 10 post-simulation ML decision-support analysis only; labels are derived from simulation outputs and do not prove real-world calibration, publication readiness, final-study readiness, formal acceptance, or operational forecasting.",train,normal,true,xgboost_trained,1
simrow-000251,goseong_mobilization,cached_graphml:data/cache/goseong_corridor_road.graphml,baseline_multimodal,goseong_rail_station_access,rail_station_access,capacity_reduction,capacity_reduction,2101,multimodal,1,0,normal,normal if completion_rate>=0.95 and censored_count=0; watch if completion_rate>=0.80; risk if completion_rate>=0.50; otherwise failure,"Phase 10 post-simulation ML decision-support analysis only; labels are derived from simulation outputs and do not prove real-world calibration, publication readiness, final-study readiness, formal acceptance, or operational forecasting.",test,normal,true,xgboost_trained,0
simrow-000252,goseong_mobilization,cached_graphml:data/cache/goseong_corridor_road.graphml,baseline_multimodal,goseong_rail_station_access,rail_station_access,capacity_reduction,capacity_reduction,2102,multimodal,1,0,normal,normal if completion_rate>=0.95 and censored_count=0; watch if completion_rate>=0.80; risk if completion_rate>=0.50; otherwise failure,"Phase 10 post-simulation ML decision-support analysis only; labels are derived from simulation outputs and do not prove real-world calibration, publication readiness, final-study readiness, formal acceptance, or operational forecasting.",train,normal,true,xgboost_trained,0
simrow-000253,goseong_mobilization,cached_graphml:data/cache/goseong_corridor_road.graphml,baseline_multimodal,goseong_rail_station_access,rail_station_access,capacity_reduction,capacity_reduction,2103,multimodal,1,0,normal,normal if completion_rate>=0.95 and censored_count=0; watch if completion_rate>=0.80; risk if completion_rate>=0.50; otherwise failure,"Phase 10 post-simulation ML decision-support analysis only; labels are derived from simulation outputs and do not prove real-world calibration, publication readiness, final-study readiness, formal acceptance, or operational forecasting.",train,normal,true,xgboost_trained,0
simrow-000254,goseong_mobilization,cached_graphml:data/cache/goseong_corridor_road.graphml,baseline_multimodal,goseong_rail_station_access,rail_station_access,capacity_reduction,capacity_reduction,2104,multimodal,1,0,normal,normal if completion_rate>=0.95 and censored_count=0; watch if completion_rate>=0.80; risk if completion_rate>=0.50; otherwise failure,"Phase 10 post-simulation ML decision-support analysis only; labels are derived from simulation outputs and do not prove real-world calibration, publication readiness, final-study readiness, formal acceptance, or operational forecasting.",train,normal,true,xgboost_trained,0
simrow-000255,goseong_mobilization,cached_graphml:data/cache/goseong_corridor_road.graphml,baseline_multimodal,goseong_rail_station_access,rail_station_access,capacity_reduction,capacity_reduction,2105,multimodal,1,0,normal,normal if completion_rate>=0.95 and censored_count=0; watch if completion_rate>=0.80; risk if completion_rate>=0.50; otherwise failure,"Phase 10 post-simulation ML decision-support analysis only; labels are derived from simulation outputs and do not prove real-world calibration, publication readiness, final-study readiness, formal acceptance, or operational forecasting.",train,normal,true,xgboost_trained,0
simrow-000256,goseong_mobilization,cached_graphml:data/cache/goseong_corridor_road.graphml,multimodal_lastmile_redundancy,goseong_rail_station_access,rail_station_access,capacity_reduction,capacity_reduction,2101,multimodal,1,0,normal,normal if completion_rate>=0.95 and censored_count=0; watch if completion_rate>=0.80; risk if completion_rate>=0.50; otherwise failure,"Phase 10 post-simulation ML decision-support analysis only; labels are derived from simulation outputs and do not prove real-world calibration, publication readiness, final-study readiness, formal acceptance, or operational forecasting.",test,normal,true,xgboost_trained,0
simrow-000257,goseong_mobilization,cached_graphml:data/cache/goseong_corridor_road.graphml,multimodal_lastmile_redundancy,goseong_rail_station_access,rail_station_access,capacity_reduction,capacity_reduction,2102,multimodal,1,0,normal,normal if completion_rate>=0.95 and censored_count=0; watch if completion_rate>=0.80; risk if completion_rate>=0.50; otherwise failure,"Phase 10 post-simulation ML decision-support analysis only; labels are derived from simulation outputs and do not prove real-world calibration, publication readiness, final-study readiness, formal acceptance, or operational forecasting.",train,normal,true,xgboost_trained,0
simrow-000258,goseong_mobilization,cached_graphml:data/cache/goseong_corridor_road.graphml,multimodal_lastmile_redundancy,goseong_rail_station_access,rail_station_access,capacity_reduction,capacity_reduction,2103,multimodal,1,0,normal,normal if completion_rate>=0.95 and censored_count=0; watch if completion_rate>=0.80; risk if completion_rate>=0.50; otherwise failure,"Phase 10 post-simulation ML decision-support analysis only; labels are derived from simulation outputs and do not prove real-world calibration, publication readiness, final-study readiness, formal acceptance, or operational forecasting.",train,normal,true,xgboost_trained,0
simrow-000259,goseong_mobilization,cached_graphml:data/cache/goseong_corridor_road.graphml,multimodal_lastmile_redundancy,goseong_rail_station_access,rail_station_access,capacity_reduction,capacity_reduction,2104,multimodal,1,0,normal,normal if completion_rate>=0.95 and censored_count=0; watch if completion_rate>=0.80; risk if completion_rate>=0.50; otherwise failure,"Phase 10 post-simulation ML decision-support analysis only; labels are derived from simulation outputs and do not prove real-world calibration, publication readiness, final-study readiness, formal acceptance, or operational forecasting.",train,normal,true,xgboost_trained,0
simrow-000260,goseong_mobilization,cached_graphml:data/cache/goseong_corridor_road.graphml,multimodal_lastmile_redundancy,goseong_rail_station_access,rail_station_access,capacity_reduction,capacity_reduction,2105,multimodal,1,0,normal,normal if completion_rate>=0.95 and censored_count=0; watch if completion_rate>=0.80; risk if completion_rate>=0.50; otherwise failure,"Phase 10 post-simulation ML decision-support analysis only; labels are derived from simulation outputs and do not prove real-world calibration, publication readiness, final-study readiness, formal acceptance, or operational forecasting.",train,normal,true,xgboost_trained,0
simrow-000261,goseong_mobilization,cached_graphml:data/cache/goseong_corridor_road.graphml,staggered_or_adaptive_dispatch,goseong_rail_station_access,rail_station_access,capacity_reduction,capacity_reduction,2101,multimodal,1,0,normal,normal if completion_rate>=0.95 and censored_count=0; watch if completion_rate>=0.80; risk if completion_rate>=0.50; otherwise failure,"Phase 10 post-simulation ML decision-support analysis only; labels are derived from simulation outputs and do not prove real-world calibration, publication readiness, final-study readiness, formal acceptance, or operational forecasting.",test,normal,true,xgboost_trained,0
simrow-000262,goseong_mobilization,cached_graphml:data/cache/goseong_corridor_road.graphml,staggered_or_adaptive_dispatch,goseong_rail_station_access,rail_station_access,capacity_reduction,capacity_reduction,2102,multimodal,1,0,normal,normal if completion_rate>=0.95 and censored_count=0; watch if completion_rate>=0.80; risk if completion_rate>=0.50; otherwise failure,"Phase 10 post-simulation ML decision-support analysis only; labels are derived from simulation outputs and do not prove real-world calibration, publication readiness, final-study readiness, formal acceptance, or operational forecasting.",train,normal,true,xgboost_trained,0
simrow-000263,goseong_mobilization,cached_graphml:data/cache/goseong_corridor_road.graphml,staggered_or_adaptive_dispatch,goseong_rail_station_access,rail_station_access,capacity_reduction,capacity_reduction,2103,multimodal,1,0,normal,normal if completion_rate>=0.95 and censored_count=0; watch if completion_rate>=0.80; risk if completion_rate>=0.50; otherwise failure,"Phase 10 post-simulation ML decision-support analysis only; labels are derived from simulation outputs and do not prove real-world calibration, publication readiness, final-study readiness, formal acceptance, or operational forecasting.",train,normal,true,xgboost_trained,0
simrow-000264,goseong_mobilization,cached_graphml:data/cache/goseong_corridor_road.graphml,staggered_or_adaptive_dispatch,goseong_rail_station_access,rail_station_access,capacity_reduction,capacity_reduction,2104,multimodal,1,0,normal,normal if completion_rate>=0.95 and censored_count=0; watch if completion_rate>=0.80; risk if completion_rate>=0.50; otherwise failure,"Phase 10 post-simulation ML decision-support analysis only; labels are derived from simulation outputs and do not prove real-world calibration, publication readiness, final-study readiness, formal acceptance, or operational forecasting.",train,normal,true,xgboost_trained,0
simrow-000265,goseong_mobilization,cached_graphml:data/cache/goseong_corridor_road.graphml,staggered_or_adaptive_dispatch,goseong_rail_station_access,rail_station_access,capacity_reduction,capacity_reduction,2105,multimodal,1,0,normal,normal if completion_rate>=0.95 and censored_count=0; watch if completion_rate>=0.80; risk if completion_rate>=0.50; otherwise failure,"Phase 10 post-simulation ML decision-support analysis only; labels are derived from simulation outputs and do not prove real-world calibration, publication readiness, final-study readiness, formal acceptance, or operational forecasting.",train,normal,true,xgboost_trained,0
simrow-000266,goseong_mobilization,cached_graphml:data/cache/goseong_corridor_road.graphml,multimodal_increased_feeder_capacity,goseong_rail_station_access,rail_station_access,capacity_reduction,capacity_reduction,2101,multimodal,1,0,normal,normal if completion_rate>=0.95 and censored_count=0; watch if completion_rate>=0.80; risk if completion_rate>=0.50; otherwise failure,"Phase 10 post-simulation ML decision-support analysis only; labels are derived from simulation outputs and do not prove real-world calibration, publication readiness, final-study readiness, formal acceptance, or operational forecasting.",test,normal,true,xgboost_trained,0
simrow-000267,goseong_mobilization,cached_graphml:data/cache/goseong_corridor_road.graphml,multimodal_increased_feeder_capacity,goseong_rail_station_access,rail_station_access,capacity_reduction,capacity_reduction,2102,multimodal,1,0,normal,normal if completion_rate>=0.95 and censored_count=0; watch if completion_rate>=0.80; risk if completion_rate>=0.50; otherwise failure,"Phase 10 post-simulation ML decision-support analysis only; labels are derived from simulation outputs and do not prove real-world calibration, publication readiness, final-study readiness, formal acceptance, or operational forecasting.",train,normal,true,xgboost_trained,0
simrow-000268,goseong_mobilization,cached_graphml:data/cache/goseong_corridor_road.graphml,multimodal_increased_feeder_capacity,goseong_rail_station_access,rail_station_access,capacity_reduction,capacity_reduction,2103,multimodal,1,0,normal,normal if completion_rate>=0.95 and censored_count=0; watch if completion_rate>=0.80; risk if completion_rate>=0.50; otherwise failure,"Phase 10 post-simulation ML decision-support analysis only; labels are derived from simulation outputs and do not prove real-world calibration, publication readiness, final-study readiness, formal acceptance, or operational forecasting.",train,normal,true,xgboost_trained,0
simrow-000269,goseong_mobilization,cached_graphml:data/cache/goseong_corridor_road.graphml,multimodal_increased_feeder_capacity,goseong_rail_station_access,rail_station_access,capacity_reduction,capacity_reduction,2104,multimodal,1,0,normal,normal if completion_rate>=0.95 and censored_count=0; watch if completion_rate>=0.80; risk if completion_rate>=0.50; otherwise failure,"Phase 10 post-simulation ML decision-support analysis only; labels are derived from simulation outputs and do not prove real-world calibration, publication readiness, final-study readiness, formal acceptance, or operational forecasting.",train,normal,true,xgboost_trained,0
simrow-000270,goseong_mobilization,cached_graphml:data/cache/goseong_corridor_road.graphml,multimodal_increased_feeder_capacity,goseong_rail_station_access,rail_station_access,capacity_reduction,capacity_reduction,2105,multimodal,1,0,normal,normal if completion_rate>=0.95 and censored_count=0; watch if completion_rate>=0.80; risk if completion_rate>=0.50; otherwise failure,"Phase 10 post-simulation ML decision-support analysis only; labels are derived from simulation outputs and do not prove real-world calibration, publication readiness, final-study readiness, formal acceptance, or operational forecasting.",train,normal,true,xgboost_trained,0
simrow-000271,goseong_mobilization,cached_graphml:data/cache/goseong_corridor_road.graphml,rail_delay_or_partial_unavailability,goseong_rail_station_access,rail_station_access,capacity_reduction,capacity_reduction,2101,multimodal,1,0,normal,normal if completion_rate>=0.95 and censored_count=0; watch if completion_rate>=0.80; risk if completion_rate>=0.50; otherwise failure,"Phase 10 post-simulation ML decision-support analysis only; labels are derived from simulation outputs and do not prove real-world calibration, publication readiness, final-study readiness, formal acceptance, or operational forecasting.",test,normal,true,xgboost_trained,0
simrow-000272,goseong_mobilization,cached_graphml:data/cache/goseong_corridor_road.graphml,rail_delay_or_partial_unavailability,goseong_rail_station_access,rail_station_access,capacity_reduction,capacity_reduction,2102,multimodal,1,0,normal,normal if completion_rate>=0.95 and censored_count=0; watch if completion_rate>=0.80; risk if completion_rate>=0.50; otherwise failure,"Phase 10 post-simulation ML decision-support analysis only; labels are derived from simulation outputs and do not prove real-world calibration, publication readiness, final-study readiness, formal acceptance, or operational forecasting.",train,normal,true,xgboost_trained,0
simrow-000273,goseong_mobilization,cached_graphml:data/cache/goseong_corridor_road.graphml,rail_delay_or_partial_unavailability,goseong_rail_station_access,rail_station_access,capacity_reduction,capacity_reduction,2103,multimodal,1,0,normal,normal if completion_rate>=0.95 and censored_count=0; watch if completion_rate>=0.80; risk if completion_rate>=0.50; otherwise failure,"Phase 10 post-simulation ML decision-support analysis only; labels are derived from simulation outputs and do not prove real-world calibration, publication readiness, final-study readiness, formal acceptance, or operational forecasting.",train,normal,true,xgboost_trained,0
simrow-000274,goseong_mobilization,cached_graphml:data/cache/goseong_corridor_road.graphml,rail_delay_or_partial_unavailability,goseong_rail_station_access,rail_station_access,capacity_reduction,capacity_reduction,2104,multimodal,1,0,normal,normal if completion_rate>=0.95 and censored_count=0; watch if completion_rate>=0.80; risk if completion_rate>=0.50; otherwise failure,"Phase 10 post-simulation ML decision-support analysis only; labels are derived from simulation outputs and do not prove real-world calibration, publication readiness, final-study readiness, formal acceptance, or operational forecasting.",train,normal,true,xgboost_trained,0
simrow-000275,goseong_mobilization,cached_graphml:data/cache/goseong_corridor_road.graphml,rail_delay_or_partial_unavailability,goseong_rail_station_access,rail_station_access,capacity_reduction,capacity_reduction,2105,multimodal,1,0,normal,normal if completion_rate>=0.95 and censored_count=0; watch if completion_rate>=0.80; risk if completion_rate>=0.50; otherwise failure,"Phase 10 post-simulation ML decision-support analysis only; labels are derived from simulation outputs and do not prove real-world calibration, publication readiness, final-study readiness, formal acceptance, or operational forecasting.",train,normal,true,xgboost_trained,0
simrow-000276,goseong_mobilization,cached_graphml:data/cache/goseong_corridor_road.graphml,fleet_shortage_stress,goseong_rail_station_access,rail_station_access,capacity_reduction,capacity_reduction,2101,multimodal,1,0,normal,normal if completion_rate>=0.95 and censored_count=0; watch if completion_rate>=0.80; risk if completion_rate>=0.50; otherwise failure,"Phase 10 post-simulation ML decision-support analysis only; labels are derived from simulation outputs and do not prove real-world calibration, publication readiness, final-study readiness, formal acceptance, or operational forecasting.",test,normal,true,xgboost_trained,0
simrow-000277,goseong_mobilization,cached_graphml:data/cache/goseong_corridor_road.graphml,fleet_shortage_stress,goseong_rail_station_access,rail_station_access,capacity_reduction,capacity_reduction,2102,multimodal,1,0,normal,normal if completion_rate>=0.95 and censored_count=0; watch if completion_rate>=0.80; risk if completion_rate>=0.50; otherwise failure,"Phase 10 post-simulation ML decision-support analysis only; labels are derived from simulation outputs and do not prove real-world calibration, publication readiness, final-study readiness, formal acceptance, or operational forecasting.",train,normal,true,xgboost_trained,0
simrow-000278,goseong_mobilization,cached_graphml:data/cache/goseong_corridor_road.graphml,fleet_shortage_stress,goseong_rail_station_access,rail_station_access,capacity_reduction,capacity_reduction,2103,multimodal,1,0,normal,normal if completion_rate>=0.95 and censored_count=0; watch if completion_rate>=0.80; risk if completion_rate>=0.50; otherwise failure,"Phase 10 post-simulation ML decision-support analysis only; labels are derived from simulation outputs and do not prove real-world calibration, publication readiness, final-study readiness, formal acceptance, or operational forecasting.",train,normal,true,xgboost_trained,0
simrow-000279,goseong_mobilization,cached_graphml:data/cache/goseong_corridor_road.graphml,fleet_shortage_stress,goseong_rail_station_access,rail_station_access,capacity_reduction,capacity_reduction,2104,multimodal,1,0,normal,normal if completion_rate>=0.95 and censored_count=0; watch if completion_rate>=0.80; risk if completion_rate>=0.50; otherwise failure,"Phase 10 post-simulation ML decision-support analysis only; labels are derived from simulation outputs and do not prove real-world calibration, publication readiness, final-study readiness, formal acceptance, or operational forecasting.",train,normal,true,xgboost_trained,0
simrow-000280,goseong_mobilization,cached_graphml:data/cache/goseong_corridor_road.graphml,fleet_shortage_stress,goseong_rail_station_access,rail_station_access,capacity_reduction,capacity_reduction,2105,multimodal,1,0,normal,normal if completion_rate>=0.95 and censored_count=0; watch if completion_rate>=0.80; risk if completion_rate>=0.50; otherwise failure,"Phase 10 post-simulation ML decision-support analysis only; labels are derived from simulation outputs and do not prove real-world calibration, publication readiness, final-study readiness, formal acceptance, or operational forecasting.",train,normal,true,xgboost_trained,0
