part,scenario_id,graph_scope,resource_frame,n_feeder,road_multiplier,policy_id,arrival_seed,makespan,completion_rate,empty_return_trips,empty_return_minutes,road_vehicle_cycles,elapsed_s
audit,no_disruption,,configured_bundle,,1.0,bus_only,3101,326.8568824293319,1.0,24,2510.86,24,0.2
audit,no_disruption,,configured_bundle,,1.0,bus_only,3102,326.8568824293319,1.0,24,2510.86,24,0.2
audit,no_disruption,,configured_bundle,,1.0,bus_only,3103,326.8568824293319,1.0,24,2510.86,24,0.2
audit,no_disruption,,configured_bundle,,1.0,bus_only,3104,326.8568824293319,1.0,24,2510.86,24,0.2
audit,no_disruption,,configured_bundle,,1.0,bus_only,3105,219.61901521432324,1.0,23,2406.24,23,0.2
audit,no_disruption,,configured_bundle,,1.0,bus_only,3106,326.8568824293319,1.0,24,2510.86,24,0.2
audit,no_disruption,,configured_bundle,,1.0,bus_only,3107,219.61901521432324,1.0,23,2406.24,23,0.2
audit,no_disruption,,configured_bundle,,1.0,bus_only,3108,336.8569079084516,1.0,26,2720.09,26,0.2
audit,no_disruption,,configured_bundle,,1.0,bus_only,3109,341.8569214757593,1.0,27,2824.71,27,0.2
audit,no_disruption,,configured_bundle,,1.0,bus_only,3110,331.8568947307515,1.0,25,2615.47,25,0.2
audit,no_disruption,,configured_bundle,,1.0,bus_only,3111,326.8568824293319,1.0,24,2510.86,24,0.2
audit,no_disruption,,configured_bundle,,1.0,bus_only,3112,331.8568947307515,1.0,25,2615.47,25,0.2
audit,no_disruption,,configured_bundle,,1.0,bus_only,3113,334.6189650799517,1.0,25,2615.47,25,0.2
audit,no_disruption,,configured_bundle,,1.0,bus_only,3114,219.61901521432324,1.0,23,2406.24,23,0.2
audit,no_disruption,,configured_bundle,,1.0,bus_only,3115,326.8568824293319,1.0,24,2510.86,24,0.2
audit,no_disruption,,configured_bundle,,1.0,bus_only,3116,331.8568947307515,1.0,25,2615.47,25,0.2
audit,no_disruption,,configured_bundle,,1.0,bus_only,3117,326.8568824293319,1.0,24,2510.86,24,0.2
audit,no_disruption,,configured_bundle,,1.0,bus_only,3118,326.8568824293319,1.0,24,2510.86,24,0.2
audit,no_disruption,,configured_bundle,,1.0,bus_only,3119,326.8568824293319,1.0,24,2510.86,24,0.1
audit,no_disruption,,configured_bundle,,1.0,bus_only,3120,331.8568947307515,1.0,25,2615.47,25,0.2
audit,no_disruption,,configured_bundle,,1.0,bus_only,3121,331.8568947307515,1.0,25,2615.47,25,0.2
audit,no_disruption,,configured_bundle,,1.0,bus_only,3122,326.8568824293319,1.0,24,2510.86,24,0.2
audit,no_disruption,,configured_bundle,,1.0,bus_only,3123,336.8569079084516,1.0,26,2720.09,26,0.2
audit,no_disruption,,configured_bundle,,1.0,bus_only,3124,454.6189608097767,1.0,25,2615.47,25,0.2
audit,no_disruption,,configured_bundle,,1.0,bus_only,3125,219.61901521432324,1.0,23,2406.24,23,0.2
audit,no_disruption,,configured_bundle,,1.0,bus_only,3126,326.8568824293319,1.0,24,2510.86,24,0.2
audit,no_disruption,,configured_bundle,,1.0,bus_only,3127,326.8568824293319,1.0,24,2510.86,24,0.2
audit,no_disruption,,configured_bundle,,1.0,bus_only,3128,219.61901521432324,1.0,23,2406.24,23,0.2
audit,no_disruption,,configured_bundle,,1.0,bus_only,3129,219.61901521432324,1.0,23,2406.24,23,0.2
audit,no_disruption,,configured_bundle,,1.0,bus_only,3130,326.8568824293319,1.0,24,2510.86,24,0.2
audit,no_disruption,,configured_bundle,,1.0,static_multimodal,3101,332.12156451998965,1.0,48,1252.26,48,0.1
audit,no_disruption,,configured_bundle,,1.0,static_multimodal,3102,312.12164227595815,1.0,47,1215.14,47,0.2
audit,no_disruption,,configured_bundle,,1.0,static_multimodal,3103,332.12156451998965,1.0,48,1252.26,48,0.1
audit,no_disruption,,configured_bundle,,1.0,static_multimodal,3104,332.12156451998965,1.0,48,1252.26,48,0.2
audit,no_disruption,,configured_bundle,,1.0,static_multimodal,3105,312.12164227595815,1.0,46,1200.08,46,0.2
audit,no_disruption,,configured_bundle,,1.0,static_multimodal,3106,362.121355425225,1.0,48,1252.26,48,0.2
audit,no_disruption,,configured_bundle,,1.0,static_multimodal,3107,312.12164227595815,1.0,46,1200.08,46,0.1
audit,no_disruption,,configured_bundle,,1.0,static_multimodal,3108,332.12156451998965,1.0,50,1282.37,50,0.2
audit,no_disruption,,configured_bundle,,1.0,static_multimodal,3109,362.12138786352784,1.0,52,1334.55,52,0.2
audit,no_disruption,,configured_bundle,,1.0,static_multimodal,3110,362.12138786352784,1.0,50,1304.43,50,0.2
audit,no_disruption,,configured_bundle,,1.0,static_multimodal,3111,332.12156451998965,1.0,48,1252.26,48,0.1
audit,no_disruption,,configured_bundle,,1.0,static_multimodal,3112,332.12156451998965,1.0,49,1267.31,49,0.2
audit,no_disruption,,configured_bundle,,1.0,static_multimodal,3113,422.12126357398733,1.0,49,1267.31,49,0.2
audit,no_disruption,,configured_bundle,,1.0,static_multimodal,3114,312.12164227595815,1.0,46,1200.08,46,0.1
audit,no_disruption,,configured_bundle,,1.0,static_multimodal,3115,332.12156451998965,1.0,48,1252.26,48,0.1
audit,no_disruption,,configured_bundle,,1.0,static_multimodal,3116,362.121355425225,1.0,49,1267.31,49,0.2
audit,no_disruption,,configured_bundle,,1.0,static_multimodal,3117,312.12164227595815,1.0,47,1215.14,47,0.2
audit,no_disruption,,configured_bundle,,1.0,static_multimodal,3118,312.12164227595815,1.0,47,1215.14,47,0.1
audit,no_disruption,,configured_bundle,,1.0,static_multimodal,3119,312.12164227595815,1.0,47,1215.14,47,0.1
audit,no_disruption,,configured_bundle,,1.0,static_multimodal,3120,362.121355425225,1.0,49,1267.31,49,0.2
audit,no_disruption,,configured_bundle,,1.0,static_multimodal,3121,312.12164227595815,1.0,48,1230.19,48,0.1
audit,no_disruption,,configured_bundle,,1.0,static_multimodal,3122,312.12164227595815,1.0,47,1215.14,47,0.1
audit,no_disruption,,configured_bundle,,1.0,static_multimodal,3123,332.12156451998965,1.0,50,1282.37,50,0.1
audit,no_disruption,,configured_bundle,,1.0,static_multimodal,3124,542.1212635739881,1.0,50,1304.43,50,0.1
audit,no_disruption,,configured_bundle,,1.0,static_multimodal,3125,312.12164227595815,1.0,46,1200.08,46,0.1
audit,no_disruption,,configured_bundle,,1.0,static_multimodal,3126,332.12156451998965,1.0,48,1252.26,48,0.1
audit,no_disruption,,configured_bundle,,1.0,static_multimodal,3127,312.12164227595815,1.0,47,1215.14,47,0.1
audit,no_disruption,,configured_bundle,,1.0,static_multimodal,3128,312.12164227595815,1.0,46,1200.08,46,0.2
audit,no_disruption,,configured_bundle,,1.0,static_multimodal,3129,312.12164227595815,1.0,46,1200.08,46,0.1
audit,no_disruption,,configured_bundle,,1.0,static_multimodal,3130,362.121355425225,1.0,48,1252.26,48,0.1
audit,no_disruption,,configured_bundle,,1.0,bus_only,3101,326.8568824293319,1.0,24,2510.86,24,0.2
audit,no_disruption,,configured_bundle,,1.0,bus_only,3102,326.8568824293319,1.0,24,2510.86,24,0.2
audit,no_disruption,,configured_bundle,,1.0,bus_only,3103,326.8568824293319,1.0,24,2510.86,24,0.2
audit,no_disruption,,configured_bundle,,1.0,bus_only,3104,326.8568824293319,1.0,24,2510.86,24,0.5
audit,no_disruption,,configured_bundle,,1.0,bus_only,3105,219.61901521432324,1.0,23,2406.24,23,0.2
audit,no_disruption,,configured_bundle,,1.0,bus_only,3106,326.8568824293319,1.0,24,2510.86,24,0.2
audit,no_disruption,,configured_bundle,,1.0,bus_only,3107,219.61901521432324,1.0,23,2406.24,23,0.2
audit,no_disruption,,configured_bundle,,1.0,bus_only,3108,336.8569079084516,1.0,26,2720.09,26,0.2
audit,no_disruption,,configured_bundle,,1.0,bus_only,3109,341.8569214757593,1.0,27,2824.71,27,0.2
audit,no_disruption,,configured_bundle,,1.0,bus_only,3110,331.8568947307515,1.0,25,2615.47,25,0.2
audit,no_disruption,,configured_bundle,,1.0,bus_only,3111,326.8568824293319,1.0,24,2510.86,24,0.2
audit,no_disruption,,configured_bundle,,1.0,bus_only,3112,331.8568947307515,1.0,25,2615.47,25,0.2
audit,no_disruption,,configured_bundle,,1.0,bus_only,3113,334.6189650799517,1.0,25,2615.47,25,0.2
audit,no_disruption,,configured_bundle,,1.0,bus_only,3114,219.61901521432324,1.0,23,2406.24,23,0.2
audit,no_disruption,,configured_bundle,,1.0,bus_only,3115,326.8568824293319,1.0,24,2510.86,24,0.2
audit,no_disruption,,configured_bundle,,1.0,bus_only,3116,331.8568947307515,1.0,25,2615.47,25,0.2
audit,no_disruption,,configured_bundle,,1.0,bus_only,3117,326.8568824293319,1.0,24,2510.86,24,0.2
audit,no_disruption,,configured_bundle,,1.0,bus_only,3118,326.8568824293319,1.0,24,2510.86,24,0.2
audit,no_disruption,,configured_bundle,,1.0,bus_only,3119,326.8568824293319,1.0,24,2510.86,24,0.2
audit,no_disruption,,configured_bundle,,1.0,bus_only,3120,331.8568947307515,1.0,25,2615.47,25,0.2
audit,no_disruption,,configured_bundle,,1.0,bus_only,3121,331.8568947307515,1.0,25,2615.47,25,0.2
audit,no_disruption,,configured_bundle,,1.0,bus_only,3122,326.8568824293319,1.0,24,2510.86,24,0.2
audit,no_disruption,,configured_bundle,,1.0,bus_only,3123,336.8569079084516,1.0,26,2720.09,26,0.2
audit,no_disruption,,configured_bundle,,1.0,bus_only,3124,454.6189608097767,1.0,25,2615.47,25,0.2
audit,no_disruption,,configured_bundle,,1.0,bus_only,3125,219.61901521432324,1.0,23,2406.24,23,0.2
audit,no_disruption,,configured_bundle,,1.0,bus_only,3126,326.8568824293319,1.0,24,2510.86,24,0.2
audit,no_disruption,,configured_bundle,,1.0,bus_only,3127,326.8568824293319,1.0,24,2510.86,24,0.2
audit,no_disruption,,configured_bundle,,1.0,bus_only,3128,219.61901521432324,1.0,23,2406.24,23,0.5
audit,no_disruption,,configured_bundle,,1.0,bus_only,3129,219.61901521432324,1.0,23,2406.24,23,0.2
audit,no_disruption,,configured_bundle,,1.0,bus_only,3130,326.8568824293319,1.0,24,2510.86,24,0.2
audit,no_disruption,,configured_bundle,,1.0,static_multimodal,3101,332.12156451998965,1.0,48,1252.26,48,0.2
audit,no_disruption,,configured_bundle,,1.0,static_multimodal,3102,312.12164227595815,1.0,47,1215.14,47,0.2
audit,no_disruption,,configured_bundle,,1.0,static_multimodal,3103,332.12156451998965,1.0,48,1252.26,48,0.2
audit,no_disruption,,configured_bundle,,1.0,static_multimodal,3104,332.12156451998965,1.0,48,1252.26,48,0.2
audit,no_disruption,,configured_bundle,,1.0,static_multimodal,3105,312.12164227595815,1.0,46,1200.08,46,0.2
audit,no_disruption,,configured_bundle,,1.0,static_multimodal,3106,362.121355425225,1.0,48,1252.26,48,0.2
audit,no_disruption,,configured_bundle,,1.0,static_multimodal,3107,312.12164227595815,1.0,46,1200.08,46,0.2
audit,no_disruption,,configured_bundle,,1.0,static_multimodal,3108,332.12156451998965,1.0,50,1282.37,50,0.2
audit,no_disruption,,configured_bundle,,1.0,static_multimodal,3109,362.12138786352784,1.0,52,1334.55,52,0.2
audit,no_disruption,,configured_bundle,,1.0,static_multimodal,3110,362.12138786352784,1.0,50,1304.43,50,0.2
audit,no_disruption,,configured_bundle,,1.0,static_multimodal,3111,332.12156451998965,1.0,48,1252.26,48,0.2
audit,no_disruption,,configured_bundle,,1.0,static_multimodal,3112,332.12156451998965,1.0,49,1267.31,49,0.2
audit,no_disruption,,configured_bundle,,1.0,static_multimodal,3113,422.12126357398733,1.0,49,1267.31,49,0.2
audit,no_disruption,,configured_bundle,,1.0,static_multimodal,3114,312.12164227595815,1.0,46,1200.08,46,0.2
audit,no_disruption,,configured_bundle,,1.0,static_multimodal,3115,332.12156451998965,1.0,48,1252.26,48,0.2
audit,no_disruption,,configured_bundle,,1.0,static_multimodal,3116,362.121355425225,1.0,49,1267.31,49,0.2
audit,no_disruption,,configured_bundle,,1.0,static_multimodal,3117,312.12164227595815,1.0,47,1215.14,47,0.2
audit,no_disruption,,configured_bundle,,1.0,static_multimodal,3118,312.12164227595815,1.0,47,1215.14,47,0.2
audit,no_disruption,,configured_bundle,,1.0,static_multimodal,3119,312.12164227595815,1.0,47,1215.14,47,0.2
audit,no_disruption,,configured_bundle,,1.0,static_multimodal,3120,362.121355425225,1.0,49,1267.31,49,0.2
audit,no_disruption,,configured_bundle,,1.0,static_multimodal,3121,312.12164227595815,1.0,48,1230.19,48,0.2
audit,no_disruption,,configured_bundle,,1.0,static_multimodal,3122,312.12164227595815,1.0,47,1215.14,47,0.2
audit,no_disruption,,configured_bundle,,1.0,static_multimodal,3123,332.12156451998965,1.0,50,1282.37,50,0.2
audit,no_disruption,,configured_bundle,,1.0,static_multimodal,3124,542.1212635739881,1.0,50,1304.43,50,0.2
audit,no_disruption,,configured_bundle,,1.0,static_multimodal,3125,312.12164227595815,1.0,46,1200.08,46,0.2
audit,no_disruption,,configured_bundle,,1.0,static_multimodal,3126,332.12156451998965,1.0,48,1252.26,48,0.2
audit,no_disruption,,configured_bundle,,1.0,static_multimodal,3127,312.12164227595815,1.0,47,1215.14,47,0.2
audit,no_disruption,,configured_bundle,,1.0,static_multimodal,3128,312.12164227595815,1.0,46,1200.08,46,0.5
audit,no_disruption,,configured_bundle,,1.0,static_multimodal,3129,312.12164227595815,1.0,46,1200.08,46,0.2
audit,no_disruption,,configured_bundle,,1.0,static_multimodal,3130,362.121355425225,1.0,48,1252.26,48,0.2
audit,no_disruption,,configured_bundle,,1.0,bus_only,3101,326.8568824293319,1.0,24,2510.86,24,0.4
audit,no_disruption,,configured_bundle,,1.0,bus_only,3102,326.8568824293319,1.0,24,2510.86,24,0.4
audit,no_disruption,,configured_bundle,,1.0,bus_only,3103,326.8568824293319,1.0,24,2510.86,24,0.4
audit,no_disruption,,configured_bundle,,1.0,bus_only,3104,326.8568824293319,1.0,24,2510.86,24,0.4
audit,no_disruption,,configured_bundle,,1.0,bus_only,3105,219.61901521432324,1.0,23,2406.24,23,0.4
audit,no_disruption,,configured_bundle,,1.0,bus_only,3106,326.8568824293319,1.0,24,2510.86,24,0.7
audit,no_disruption,,configured_bundle,,1.0,bus_only,3107,219.61901521432324,1.0,23,2406.24,23,0.4
audit,no_disruption,,configured_bundle,,1.0,bus_only,3108,336.8569079084516,1.0,26,2720.09,26,0.4
audit,no_disruption,,configured_bundle,,1.0,bus_only,3109,341.8569214757593,1.0,27,2824.71,27,0.4
audit,no_disruption,,configured_bundle,,1.0,bus_only,3110,331.8568947307515,1.0,25,2615.47,25,0.3
audit,no_disruption,,configured_bundle,,1.0,bus_only,3111,326.8568824293319,1.0,24,2510.86,24,0.7
audit,no_disruption,,configured_bundle,,1.0,bus_only,3112,331.8568947307515,1.0,25,2615.47,25,0.4
audit,no_disruption,,configured_bundle,,1.0,bus_only,3113,334.6189650799517,1.0,25,2615.47,25,0.4
audit,no_disruption,,configured_bundle,,1.0,bus_only,3114,219.61901521432324,1.0,23,2406.24,23,0.4
audit,no_disruption,,configured_bundle,,1.0,bus_only,3115,326.8568824293319,1.0,24,2510.86,24,0.4
audit,no_disruption,,configured_bundle,,1.0,bus_only,3116,331.8568947307515,1.0,25,2615.47,25,0.4
audit,no_disruption,,configured_bundle,,1.0,bus_only,3117,326.8568824293319,1.0,24,2510.86,24,0.8
audit,no_disruption,,configured_bundle,,1.0,bus_only,3118,326.8568824293319,1.0,24,2510.86,24,0.4
audit,no_disruption,,configured_bundle,,1.0,bus_only,3119,326.8568824293319,1.0,24,2510.86,24,0.4
audit,no_disruption,,configured_bundle,,1.0,bus_only,3120,331.8568947307515,1.0,25,2615.47,25,0.4
audit,no_disruption,,configured_bundle,,1.0,bus_only,3121,331.8568947307515,1.0,25,2615.47,25,0.4
audit,no_disruption,,configured_bundle,,1.0,bus_only,3122,326.8568824293319,1.0,24,2510.86,24,0.7
audit,no_disruption,,configured_bundle,,1.0,bus_only,3123,336.8569079084516,1.0,26,2720.09,26,0.4
audit,no_disruption,,configured_bundle,,1.0,bus_only,3124,454.6189608097767,1.0,25,2615.47,25,0.4
audit,no_disruption,,configured_bundle,,1.0,bus_only,3125,219.61901521432324,1.0,23,2406.24,23,0.4
audit,no_disruption,,configured_bundle,,1.0,bus_only,3126,326.8568824293319,1.0,24,2510.86,24,0.4
audit,no_disruption,,configured_bundle,,1.0,bus_only,3127,326.8568824293319,1.0,24,2510.86,24,0.4
audit,no_disruption,,configured_bundle,,1.0,bus_only,3128,219.61901521432324,1.0,23,2406.24,23,0.7
audit,no_disruption,,configured_bundle,,1.0,bus_only,3129,219.61901521432324,1.0,23,2406.24,23,0.4
audit,no_disruption,,configured_bundle,,1.0,bus_only,3130,326.8568824293319,1.0,24,2510.86,24,0.4
audit,no_disruption,,configured_bundle,,1.0,static_multimodal,3101,332.12156451998965,1.0,48,1252.26,48,0.3
audit,no_disruption,,configured_bundle,,1.0,static_multimodal,3102,312.12164227595815,1.0,47,1215.14,47,0.3
audit,no_disruption,,configured_bundle,,1.0,static_multimodal,3103,332.12156451998965,1.0,48,1252.26,48,0.3
audit,no_disruption,,configured_bundle,,1.0,static_multimodal,3104,332.12156451998965,1.0,48,1252.26,48,0.6
audit,no_disruption,,configured_bundle,,1.0,static_multimodal,3105,312.12164227595815,1.0,46,1200.08,46,0.3
audit,no_disruption,,configured_bundle,,1.0,static_multimodal,3106,362.121355425225,1.0,48,1252.26,48,0.3
audit,no_disruption,,configured_bundle,,1.0,static_multimodal,3107,312.12164227595815,1.0,46,1200.08,46,0.3
audit,no_disruption,,configured_bundle,,1.0,static_multimodal,3108,332.12156451998965,1.0,50,1282.37,50,0.3
audit,no_disruption,,configured_bundle,,1.0,static_multimodal,3109,362.12138786352784,1.0,52,1334.55,52,0.3
audit,no_disruption,,configured_bundle,,1.0,static_multimodal,3110,362.12138786352784,1.0,50,1304.43,50,0.3
audit,no_disruption,,configured_bundle,,1.0,static_multimodal,3111,332.12156451998965,1.0,48,1252.26,48,0.3
audit,no_disruption,,configured_bundle,,1.0,static_multimodal,3112,332.12156451998965,1.0,49,1267.31,49,0.3
audit,no_disruption,,configured_bundle,,1.0,static_multimodal,3113,422.12126357398733,1.0,49,1267.31,49,0.6
audit,no_disruption,,configured_bundle,,1.0,static_multimodal,3114,312.12164227595815,1.0,46,1200.08,46,0.3
audit,no_disruption,,configured_bundle,,1.0,static_multimodal,3115,332.12156451998965,1.0,48,1252.26,48,0.3
audit,no_disruption,,configured_bundle,,1.0,static_multimodal,3116,362.121355425225,1.0,49,1267.31,49,0.3
audit,no_disruption,,configured_bundle,,1.0,static_multimodal,3117,312.12164227595815,1.0,47,1215.14,47,0.3
audit,no_disruption,,configured_bundle,,1.0,static_multimodal,3118,312.12164227595815,1.0,47,1215.14,47,0.3
audit,no_disruption,,configured_bundle,,1.0,static_multimodal,3119,312.12164227595815,1.0,47,1215.14,47,0.3
audit,no_disruption,,configured_bundle,,1.0,static_multimodal,3120,362.121355425225,1.0,49,1267.31,49,0.3
audit,no_disruption,,configured_bundle,,1.0,static_multimodal,3121,312.12164227595815,1.0,48,1230.19,48,0.6
audit,no_disruption,,configured_bundle,,1.0,static_multimodal,3122,312.12164227595815,1.0,47,1215.14,47,0.3
audit,no_disruption,,configured_bundle,,1.0,static_multimodal,3123,332.12156451998965,1.0,50,1282.37,50,0.3
audit,no_disruption,,configured_bundle,,1.0,static_multimodal,3124,542.1212635739881,1.0,50,1304.43,50,0.3
audit,no_disruption,,configured_bundle,,1.0,static_multimodal,3125,312.12164227595815,1.0,46,1200.08,46,0.3
audit,no_disruption,,configured_bundle,,1.0,static_multimodal,3126,332.12156451998965,1.0,48,1252.26,48,0.3
audit,no_disruption,,configured_bundle,,1.0,static_multimodal,3127,312.12164227595815,1.0,47,1215.14,47,0.3
audit,no_disruption,,configured_bundle,,1.0,static_multimodal,3128,312.12164227595815,1.0,46,1200.08,46,0.3
audit,no_disruption,,configured_bundle,,1.0,static_multimodal,3129,312.12164227595815,1.0,46,1200.08,46,0.3
audit,no_disruption,,configured_bundle,,1.0,static_multimodal,3130,362.121355425225,1.0,48,1252.26,48,0.6
audit,no_disruption,,configured_bundle,,1.0,bus_only,3101,326.8568824293319,1.0,24,2510.86,24,9.7
audit,no_disruption,,configured_bundle,,1.0,bus_only,3102,326.8568824293319,1.0,24,2510.86,24,9.7
audit,no_disruption,,configured_bundle,,1.0,bus_only,3103,326.8568824293319,1.0,24,2510.86,24,10.6
audit,no_disruption,,configured_bundle,,1.0,bus_only,3104,326.8568824293319,1.0,24,2510.86,24,9.7
audit,no_disruption,,configured_bundle,,1.0,bus_only,3105,219.61901521432324,1.0,23,2406.24,23,10.0
audit,no_disruption,,configured_bundle,,1.0,static_multimodal,3101,332.12156451998965,1.0,48,1252.26,48,6.3
audit,no_disruption,,configured_bundle,,1.0,static_multimodal,3102,312.12164227595815,1.0,47,1215.14,47,6.2
audit,no_disruption,,configured_bundle,,1.0,static_multimodal,3103,332.12156451998965,1.0,48,1252.26,48,5.8
audit,no_disruption,,configured_bundle,,1.0,static_multimodal,3104,332.12156451998965,1.0,48,1252.26,48,6.0
audit,no_disruption,,configured_bundle,,1.0,static_multimodal,3105,312.12164227595815,1.0,46,1200.08,46,5.8
audit,yangyang_long_haul_damage_severe,,configured_bundle,,1.0,bus_only,3101,326.8568824293319,1.0,24,2510.86,24,0.2
audit,yangyang_long_haul_damage_severe,,configured_bundle,,1.0,bus_only,3102,326.8568824293319,1.0,24,2510.86,24,0.2
audit,yangyang_long_haul_damage_severe,,configured_bundle,,1.0,bus_only,3103,326.8568824293319,1.0,24,2510.86,24,0.2
audit,yangyang_long_haul_damage_severe,,configured_bundle,,1.0,bus_only,3104,326.8568824293319,1.0,24,2510.86,24,0.2
audit,yangyang_long_haul_damage_severe,,configured_bundle,,1.0,bus_only,3105,219.61901521432324,1.0,23,2406.24,23,0.2
audit,yangyang_long_haul_damage_severe,,configured_bundle,,1.0,bus_only,3106,326.8568824293319,1.0,24,2510.86,24,0.2
audit,yangyang_long_haul_damage_severe,,configured_bundle,,1.0,bus_only,3107,219.61901521432324,1.0,23,2406.24,23,0.2
audit,yangyang_long_haul_damage_severe,,configured_bundle,,1.0,bus_only,3108,336.8569079084516,1.0,26,2720.09,26,0.2
audit,yangyang_long_haul_damage_severe,,configured_bundle,,1.0,bus_only,3109,341.8569214757593,1.0,27,2824.71,27,0.2
audit,yangyang_long_haul_damage_severe,,configured_bundle,,1.0,bus_only,3110,331.8568947307515,1.0,25,2615.47,25,0.2
audit,yangyang_long_haul_damage_severe,,configured_bundle,,1.0,bus_only,3111,326.8568824293319,1.0,24,2510.86,24,0.2
audit,yangyang_long_haul_damage_severe,,configured_bundle,,1.0,bus_only,3112,331.8568947307515,1.0,25,2615.47,25,0.2
audit,yangyang_long_haul_damage_severe,,configured_bundle,,1.0,bus_only,3113,334.6189650799517,1.0,25,2615.47,25,0.2
audit,yangyang_long_haul_damage_severe,,configured_bundle,,1.0,bus_only,3114,219.61901521432324,1.0,23,2406.24,23,0.2
audit,yangyang_long_haul_damage_severe,,configured_bundle,,1.0,bus_only,3115,326.8568824293319,1.0,24,2510.86,24,0.2
audit,yangyang_long_haul_damage_severe,,configured_bundle,,1.0,bus_only,3116,331.8568947307515,1.0,25,2615.47,25,0.2
audit,yangyang_long_haul_damage_severe,,configured_bundle,,1.0,bus_only,3117,326.8568824293319,1.0,24,2510.86,24,0.2
audit,yangyang_long_haul_damage_severe,,configured_bundle,,1.0,bus_only,3118,326.8568824293319,1.0,24,2510.86,24,0.2
audit,yangyang_long_haul_damage_severe,,configured_bundle,,1.0,bus_only,3119,326.8568824293319,1.0,24,2510.86,24,0.2
audit,yangyang_long_haul_damage_severe,,configured_bundle,,1.0,bus_only,3120,331.8568947307515,1.0,25,2615.47,25,0.2
audit,yangyang_long_haul_damage_severe,,configured_bundle,,1.0,bus_only,3121,331.8568947307515,1.0,25,2615.47,25,0.2
audit,yangyang_long_haul_damage_severe,,configured_bundle,,1.0,bus_only,3122,326.8568824293319,1.0,24,2510.86,24,0.2
audit,yangyang_long_haul_damage_severe,,configured_bundle,,1.0,bus_only,3123,336.8569079084516,1.0,26,2720.09,26,0.2
audit,yangyang_long_haul_damage_severe,,configured_bundle,,1.0,bus_only,3124,454.6189608097767,1.0,25,2615.47,25,0.2
audit,yangyang_long_haul_damage_severe,,configured_bundle,,1.0,bus_only,3125,219.61901521432324,1.0,23,2406.24,23,0.2
audit,yangyang_long_haul_damage_severe,,configured_bundle,,1.0,bus_only,3126,326.8568824293319,1.0,24,2510.86,24,0.2
audit,yangyang_long_haul_damage_severe,,configured_bundle,,1.0,bus_only,3127,326.8568824293319,1.0,24,2510.86,24,0.2
audit,yangyang_long_haul_damage_severe,,configured_bundle,,1.0,bus_only,3128,219.61901521432324,1.0,23,2406.24,23,0.1
audit,yangyang_long_haul_damage_severe,,configured_bundle,,1.0,bus_only,3129,219.61901521432324,1.0,23,2406.24,23,0.2
audit,yangyang_long_haul_damage_severe,,configured_bundle,,1.0,bus_only,3130,326.8568824293319,1.0,24,2510.86,24,0.2
audit,yangyang_long_haul_damage_severe,,configured_bundle,,1.0,static_multimodal,3101,332.12156451998965,1.0,48,1252.26,48,0.1
audit,yangyang_long_haul_damage_severe,,configured_bundle,,1.0,static_multimodal,3102,312.12164227595815,1.0,47,1215.14,47,0.1
audit,yangyang_long_haul_damage_severe,,configured_bundle,,1.0,static_multimodal,3103,332.12156451998965,1.0,48,1252.26,48,0.1
audit,yangyang_long_haul_damage_severe,,configured_bundle,,1.0,static_multimodal,3104,332.12156451998965,1.0,48,1252.26,48,0.1
audit,yangyang_long_haul_damage_severe,,configured_bundle,,1.0,static_multimodal,3105,312.12164227595815,1.0,46,1200.08,46,0.1
audit,yangyang_long_haul_damage_severe,,configured_bundle,,1.0,static_multimodal,3106,362.121355425225,1.0,48,1252.26,48,0.1
audit,yangyang_long_haul_damage_severe,,configured_bundle,,1.0,static_multimodal,3107,312.12164227595815,1.0,46,1200.08,46,0.1
audit,yangyang_long_haul_damage_severe,,configured_bundle,,1.0,static_multimodal,3108,332.12156451998965,1.0,50,1282.37,50,0.1
audit,yangyang_long_haul_damage_severe,,configured_bundle,,1.0,static_multimodal,3109,362.12138786352784,1.0,52,1334.55,52,0.1
audit,yangyang_long_haul_damage_severe,,configured_bundle,,1.0,static_multimodal,3110,362.12138786352784,1.0,50,1304.43,50,0.1
audit,yangyang_long_haul_damage_severe,,configured_bundle,,1.0,static_multimodal,3111,332.12156451998965,1.0,48,1252.26,48,0.1
audit,yangyang_long_haul_damage_severe,,configured_bundle,,1.0,static_multimodal,3112,332.12156451998965,1.0,49,1267.31,49,0.1
audit,yangyang_long_haul_damage_severe,,configured_bundle,,1.0,static_multimodal,3113,422.12126357398733,1.0,49,1267.31,49,0.1
audit,yangyang_long_haul_damage_severe,,configured_bundle,,1.0,static_multimodal,3114,312.12164227595815,1.0,46,1200.08,46,0.2
audit,yangyang_long_haul_damage_severe,,configured_bundle,,1.0,static_multimodal,3115,332.12156451998965,1.0,48,1252.26,48,0.1
audit,yangyang_long_haul_damage_severe,,configured_bundle,,1.0,static_multimodal,3116,362.121355425225,1.0,49,1267.31,49,0.2
audit,yangyang_long_haul_damage_severe,,configured_bundle,,1.0,static_multimodal,3117,312.12164227595815,1.0,47,1215.14,47,0.1
audit,yangyang_long_haul_damage_severe,,configured_bundle,,1.0,static_multimodal,3118,312.12164227595815,1.0,47,1215.14,47,0.1
audit,yangyang_long_haul_damage_severe,,configured_bundle,,1.0,static_multimodal,3119,312.12164227595815,1.0,47,1215.14,47,0.2
audit,yangyang_long_haul_damage_severe,,configured_bundle,,1.0,static_multimodal,3120,362.121355425225,1.0,49,1267.31,49,0.2
audit,yangyang_long_haul_damage_severe,,configured_bundle,,1.0,static_multimodal,3121,312.12164227595815,1.0,48,1230.19,48,0.1
audit,yangyang_long_haul_damage_severe,,configured_bundle,,1.0,static_multimodal,3122,312.12164227595815,1.0,47,1215.14,47,0.2
audit,yangyang_long_haul_damage_severe,,configured_bundle,,1.0,static_multimodal,3123,332.12156451998965,1.0,50,1282.37,50,0.1
audit,yangyang_long_haul_damage_severe,,configured_bundle,,1.0,static_multimodal,3124,542.1212635739881,1.0,50,1304.43,50,0.2
audit,yangyang_long_haul_damage_severe,,configured_bundle,,1.0,static_multimodal,3125,312.12164227595815,1.0,46,1200.08,46,0.2
audit,yangyang_long_haul_damage_severe,,configured_bundle,,1.0,static_multimodal,3126,332.12156451998965,1.0,48,1252.26,48,0.2
audit,yangyang_long_haul_damage_severe,,configured_bundle,,1.0,static_multimodal,3127,312.12164227595815,1.0,47,1215.14,47,0.1
audit,yangyang_long_haul_damage_severe,,configured_bundle,,1.0,static_multimodal,3128,312.12164227595815,1.0,46,1200.08,46,0.1
audit,yangyang_long_haul_damage_severe,,configured_bundle,,1.0,static_multimodal,3129,312.12164227595815,1.0,46,1200.08,46,0.1
audit,yangyang_long_haul_damage_severe,,configured_bundle,,1.0,static_multimodal,3130,362.121355425225,1.0,48,1252.26,48,0.2
audit,yangyang_long_haul_damage_severe,,configured_bundle,,1.0,bus_only,3101,326.8568824293319,1.0,24,2510.86,24,0.2
audit,yangyang_long_haul_damage_severe,,configured_bundle,,1.0,bus_only,3102,326.8568824293319,1.0,24,2510.86,24,0.2
audit,yangyang_long_haul_damage_severe,,configured_bundle,,1.0,bus_only,3103,326.8568824293319,1.0,24,2510.86,24,0.2
audit,yangyang_long_haul_damage_severe,,configured_bundle,,1.0,bus_only,3104,326.8568824293319,1.0,24,2510.86,24,0.2
audit,yangyang_long_haul_damage_severe,,configured_bundle,,1.0,bus_only,3105,219.61901521432324,1.0,23,2406.24,23,0.2
audit,yangyang_long_haul_damage_severe,,configured_bundle,,1.0,bus_only,3106,326.8568824293319,1.0,24,2510.86,24,0.2
audit,yangyang_long_haul_damage_severe,,configured_bundle,,1.0,bus_only,3107,219.61901521432324,1.0,23,2406.24,23,0.2
audit,yangyang_long_haul_damage_severe,,configured_bundle,,1.0,bus_only,3108,336.8569079084516,1.0,26,2720.09,26,0.2
audit,yangyang_long_haul_damage_severe,,configured_bundle,,1.0,bus_only,3109,341.8569214757593,1.0,27,2824.71,27,0.2
audit,yangyang_long_haul_damage_severe,,configured_bundle,,1.0,bus_only,3110,331.8568947307515,1.0,25,2615.47,25,0.2
audit,yangyang_long_haul_damage_severe,,configured_bundle,,1.0,bus_only,3111,326.8568824293319,1.0,24,2510.86,24,0.2
audit,yangyang_long_haul_damage_severe,,configured_bundle,,1.0,bus_only,3112,331.8568947307515,1.0,25,2615.47,25,0.5
audit,yangyang_long_haul_damage_severe,,configured_bundle,,1.0,bus_only,3113,334.6189650799517,1.0,25,2615.47,25,0.2
audit,yangyang_long_haul_damage_severe,,configured_bundle,,1.0,bus_only,3114,219.61901521432324,1.0,23,2406.24,23,0.2
audit,yangyang_long_haul_damage_severe,,configured_bundle,,1.0,bus_only,3115,326.8568824293319,1.0,24,2510.86,24,0.2
audit,yangyang_long_haul_damage_severe,,configured_bundle,,1.0,bus_only,3116,331.8568947307515,1.0,25,2615.47,25,0.2
audit,yangyang_long_haul_damage_severe,,configured_bundle,,1.0,bus_only,3117,326.8568824293319,1.0,24,2510.86,24,0.2
audit,yangyang_long_haul_damage_severe,,configured_bundle,,1.0,bus_only,3118,326.8568824293319,1.0,24,2510.86,24,0.2
audit,yangyang_long_haul_damage_severe,,configured_bundle,,1.0,bus_only,3119,326.8568824293319,1.0,24,2510.86,24,0.2
audit,yangyang_long_haul_damage_severe,,configured_bundle,,1.0,bus_only,3120,331.8568947307515,1.0,25,2615.47,25,0.2
audit,yangyang_long_haul_damage_severe,,configured_bundle,,1.0,bus_only,3121,331.8568947307515,1.0,25,2615.47,25,0.2
audit,yangyang_long_haul_damage_severe,,configured_bundle,,1.0,bus_only,3122,326.8568824293319,1.0,24,2510.86,24,0.2
audit,yangyang_long_haul_damage_severe,,configured_bundle,,1.0,bus_only,3123,336.8569079084516,1.0,26,2720.09,26,0.2
audit,yangyang_long_haul_damage_severe,,configured_bundle,,1.0,bus_only,3124,454.6189608097767,1.0,25,2615.47,25,0.2
audit,yangyang_long_haul_damage_severe,,configured_bundle,,1.0,bus_only,3125,219.61901521432324,1.0,23,2406.24,23,0.2
audit,yangyang_long_haul_damage_severe,,configured_bundle,,1.0,bus_only,3126,326.8568824293319,1.0,24,2510.86,24,0.2
audit,yangyang_long_haul_damage_severe,,configured_bundle,,1.0,bus_only,3127,326.8568824293319,1.0,24,2510.86,24,0.2
audit,yangyang_long_haul_damage_severe,,configured_bundle,,1.0,bus_only,3128,219.61901521432324,1.0,23,2406.24,23,0.2
audit,yangyang_long_haul_damage_severe,,configured_bundle,,1.0,bus_only,3129,219.61901521432324,1.0,23,2406.24,23,0.2
audit,yangyang_long_haul_damage_severe,,configured_bundle,,1.0,bus_only,3130,326.8568824293319,1.0,24,2510.86,24,0.2
audit,yangyang_long_haul_damage_severe,,configured_bundle,,1.0,static_multimodal,3101,332.12156451998965,1.0,48,1252.26,48,0.2
audit,yangyang_long_haul_damage_severe,,configured_bundle,,1.0,static_multimodal,3102,312.12164227595815,1.0,47,1215.14,47,0.2
audit,yangyang_long_haul_damage_severe,,configured_bundle,,1.0,static_multimodal,3103,332.12156451998965,1.0,48,1252.26,48,0.2
audit,yangyang_long_haul_damage_severe,,configured_bundle,,1.0,static_multimodal,3104,332.12156451998965,1.0,48,1252.26,48,0.2
audit,yangyang_long_haul_damage_severe,,configured_bundle,,1.0,static_multimodal,3105,312.12164227595815,1.0,46,1200.08,46,0.2
audit,yangyang_long_haul_damage_severe,,configured_bundle,,1.0,static_multimodal,3106,362.121355425225,1.0,48,1252.26,48,0.2
audit,yangyang_long_haul_damage_severe,,configured_bundle,,1.0,static_multimodal,3107,312.12164227595815,1.0,46,1200.08,46,0.2
audit,yangyang_long_haul_damage_severe,,configured_bundle,,1.0,static_multimodal,3108,332.12156451998965,1.0,50,1282.37,50,0.2
audit,yangyang_long_haul_damage_severe,,configured_bundle,,1.0,static_multimodal,3109,362.12138786352784,1.0,52,1334.55,52,0.2
audit,yangyang_long_haul_damage_severe,,configured_bundle,,1.0,static_multimodal,3110,362.12138786352784,1.0,50,1304.43,50,0.1
audit,yangyang_long_haul_damage_severe,,configured_bundle,,1.0,static_multimodal,3111,332.12156451998965,1.0,48,1252.26,48,0.2
audit,yangyang_long_haul_damage_severe,,configured_bundle,,1.0,static_multimodal,3112,332.12156451998965,1.0,49,1267.31,49,0.2
audit,yangyang_long_haul_damage_severe,,configured_bundle,,1.0,static_multimodal,3113,422.12126357398733,1.0,49,1267.31,49,0.2
audit,yangyang_long_haul_damage_severe,,configured_bundle,,1.0,static_multimodal,3114,312.12164227595815,1.0,46,1200.08,46,0.2
audit,yangyang_long_haul_damage_severe,,configured_bundle,,1.0,static_multimodal,3115,332.12156451998965,1.0,48,1252.26,48,0.1
audit,yangyang_long_haul_damage_severe,,configured_bundle,,1.0,static_multimodal,3116,362.121355425225,1.0,49,1267.31,49,0.2
audit,yangyang_long_haul_damage_severe,,configured_bundle,,1.0,static_multimodal,3117,312.12164227595815,1.0,47,1215.14,47,0.1
audit,yangyang_long_haul_damage_severe,,configured_bundle,,1.0,static_multimodal,3118,312.12164227595815,1.0,47,1215.14,47,0.2
audit,yangyang_long_haul_damage_severe,,configured_bundle,,1.0,static_multimodal,3119,312.12164227595815,1.0,47,1215.14,47,0.2
audit,yangyang_long_haul_damage_severe,,configured_bundle,,1.0,static_multimodal,3120,362.121355425225,1.0,49,1267.31,49,0.2
audit,yangyang_long_haul_damage_severe,,configured_bundle,,1.0,static_multimodal,3121,312.12164227595815,1.0,48,1230.19,48,0.2
audit,yangyang_long_haul_damage_severe,,configured_bundle,,1.0,static_multimodal,3122,312.12164227595815,1.0,47,1215.14,47,0.2
audit,yangyang_long_haul_damage_severe,,configured_bundle,,1.0,static_multimodal,3123,332.12156451998965,1.0,50,1282.37,50,0.2
audit,yangyang_long_haul_damage_severe,,configured_bundle,,1.0,static_multimodal,3124,542.1212635739881,1.0,50,1304.43,50,0.2
audit,yangyang_long_haul_damage_severe,,configured_bundle,,1.0,static_multimodal,3125,312.12164227595815,1.0,46,1200.08,46,0.1
audit,yangyang_long_haul_damage_severe,,configured_bundle,,1.0,static_multimodal,3126,332.12156451998965,1.0,48,1252.26,48,0.2
audit,yangyang_long_haul_damage_severe,,configured_bundle,,1.0,static_multimodal,3127,312.12164227595815,1.0,47,1215.14,47,0.2
audit,yangyang_long_haul_damage_severe,,configured_bundle,,1.0,static_multimodal,3128,312.12164227595815,1.0,46,1200.08,46,0.2
audit,yangyang_long_haul_damage_severe,,configured_bundle,,1.0,static_multimodal,3129,312.12164227595815,1.0,46,1200.08,46,0.2
audit,yangyang_long_haul_damage_severe,,configured_bundle,,1.0,static_multimodal,3130,362.121355425225,1.0,48,1252.26,48,0.2
audit,yangyang_long_haul_damage_severe,,configured_bundle,,1.0,bus_only,3101,326.8568824293319,1.0,24,2510.86,24,0.3
audit,yangyang_long_haul_damage_severe,,configured_bundle,,1.0,bus_only,3102,326.8568824293319,1.0,24,2510.86,24,0.3
audit,yangyang_long_haul_damage_severe,,configured_bundle,,1.0,bus_only,3103,326.8568824293319,1.0,24,2510.86,24,0.7
audit,yangyang_long_haul_damage_severe,,configured_bundle,,1.0,bus_only,3104,326.8568824293319,1.0,24,2510.86,24,0.3
audit,yangyang_long_haul_damage_severe,,configured_bundle,,1.0,bus_only,3105,219.61901521432324,1.0,23,2406.24,23,0.3
audit,yangyang_long_haul_damage_severe,,configured_bundle,,1.0,bus_only,3106,326.8568824293319,1.0,24,2510.86,24,0.3
audit,yangyang_long_haul_damage_severe,,configured_bundle,,1.0,bus_only,3107,219.61901521432324,1.0,23,2406.24,23,0.3
audit,yangyang_long_haul_damage_severe,,configured_bundle,,1.0,bus_only,3108,336.8569079084516,1.0,26,2720.09,26,0.3
audit,yangyang_long_haul_damage_severe,,configured_bundle,,1.0,bus_only,3109,341.8569214757593,1.0,27,2824.71,27,0.3
audit,yangyang_long_haul_damage_severe,,configured_bundle,,1.0,bus_only,3110,331.8568947307515,1.0,25,2615.47,25,0.3
audit,yangyang_long_haul_damage_severe,,configured_bundle,,1.0,bus_only,3111,326.8568824293319,1.0,24,2510.86,24,0.3
audit,yangyang_long_haul_damage_severe,,configured_bundle,,1.0,bus_only,3112,331.8568947307515,1.0,25,2615.47,25,0.3
audit,yangyang_long_haul_damage_severe,,configured_bundle,,1.0,bus_only,3113,334.6189650799517,1.0,25,2615.47,25,0.6
audit,yangyang_long_haul_damage_severe,,configured_bundle,,1.0,bus_only,3114,219.61901521432324,1.0,23,2406.24,23,0.3
audit,yangyang_long_haul_damage_severe,,configured_bundle,,1.0,bus_only,3115,326.8568824293319,1.0,24,2510.86,24,0.3
audit,yangyang_long_haul_damage_severe,,configured_bundle,,1.0,bus_only,3116,331.8568947307515,1.0,25,2615.47,25,0.3
audit,yangyang_long_haul_damage_severe,,configured_bundle,,1.0,bus_only,3117,326.8568824293319,1.0,24,2510.86,24,0.3
audit,yangyang_long_haul_damage_severe,,configured_bundle,,1.0,bus_only,3118,326.8568824293319,1.0,24,2510.86,24,0.3
audit,yangyang_long_haul_damage_severe,,configured_bundle,,1.0,bus_only,3119,326.8568824293319,1.0,24,2510.86,24,0.3
audit,yangyang_long_haul_damage_severe,,configured_bundle,,1.0,bus_only,3120,331.8568947307515,1.0,25,2615.47,25,0.3
audit,yangyang_long_haul_damage_severe,,configured_bundle,,1.0,bus_only,3121,331.8568947307515,1.0,25,2615.47,25,0.3
audit,yangyang_long_haul_damage_severe,,configured_bundle,,1.0,bus_only,3122,326.8568824293319,1.0,24,2510.86,24,0.3
audit,yangyang_long_haul_damage_severe,,configured_bundle,,1.0,bus_only,3123,336.8569079084516,1.0,26,2720.09,26,0.6
audit,yangyang_long_haul_damage_severe,,configured_bundle,,1.0,bus_only,3124,454.6189608097767,1.0,25,2615.47,25,0.3
audit,yangyang_long_haul_damage_severe,,configured_bundle,,1.0,bus_only,3125,219.61901521432324,1.0,23,2406.24,23,0.3
audit,yangyang_long_haul_damage_severe,,configured_bundle,,1.0,bus_only,3126,326.8568824293319,1.0,24,2510.86,24,0.3
audit,yangyang_long_haul_damage_severe,,configured_bundle,,1.0,bus_only,3127,326.8568824293319,1.0,24,2510.86,24,0.3
audit,yangyang_long_haul_damage_severe,,configured_bundle,,1.0,bus_only,3128,219.61901521432324,1.0,23,2406.24,23,0.3
audit,yangyang_long_haul_damage_severe,,configured_bundle,,1.0,bus_only,3129,219.61901521432324,1.0,23,2406.24,23,0.3
audit,yangyang_long_haul_damage_severe,,configured_bundle,,1.0,bus_only,3130,326.8568824293319,1.0,24,2510.86,24,0.3
audit,yangyang_long_haul_damage_severe,,configured_bundle,,1.0,static_multimodal,3101,332.12156451998965,1.0,48,1252.26,48,0.2
audit,yangyang_long_haul_damage_severe,,configured_bundle,,1.0,static_multimodal,3102,312.12164227595815,1.0,47,1215.14,47,0.2
audit,yangyang_long_haul_damage_severe,,configured_bundle,,1.0,static_multimodal,3103,332.12156451998965,1.0,48,1252.26,48,0.2
audit,yangyang_long_haul_damage_severe,,configured_bundle,,1.0,static_multimodal,3104,332.12156451998965,1.0,48,1252.26,48,0.2
audit,yangyang_long_haul_damage_severe,,configured_bundle,,1.0,static_multimodal,3105,312.12164227595815,1.0,46,1200.08,46,0.6
audit,yangyang_long_haul_damage_severe,,configured_bundle,,1.0,static_multimodal,3106,362.121355425225,1.0,48,1252.26,48,0.2
audit,yangyang_long_haul_damage_severe,,configured_bundle,,1.0,static_multimodal,3107,312.12164227595815,1.0,46,1200.08,46,0.2
audit,yangyang_long_haul_damage_severe,,configured_bundle,,1.0,static_multimodal,3108,332.12156451998965,1.0,50,1282.37,50,0.2
audit,yangyang_long_haul_damage_severe,,configured_bundle,,1.0,static_multimodal,3109,362.12138786352784,1.0,52,1334.55,52,0.2
audit,yangyang_long_haul_damage_severe,,configured_bundle,,1.0,static_multimodal,3110,362.12138786352784,1.0,50,1304.43,50,0.2
audit,yangyang_long_haul_damage_severe,,configured_bundle,,1.0,static_multimodal,3111,332.12156451998965,1.0,48,1252.26,48,0.2
audit,yangyang_long_haul_damage_severe,,configured_bundle,,1.0,static_multimodal,3112,332.12156451998965,1.0,49,1267.31,49,0.2
audit,yangyang_long_haul_damage_severe,,configured_bundle,,1.0,static_multimodal,3113,422.12126357398733,1.0,49,1267.31,49,0.2
audit,yangyang_long_haul_damage_severe,,configured_bundle,,1.0,static_multimodal,3114,312.12164227595815,1.0,46,1200.08,46,0.2
audit,yangyang_long_haul_damage_severe,,configured_bundle,,1.0,static_multimodal,3115,332.12156451998965,1.0,48,1252.26,48,0.2
audit,yangyang_long_haul_damage_severe,,configured_bundle,,1.0,static_multimodal,3116,362.121355425225,1.0,49,1267.31,49,0.2
audit,yangyang_long_haul_damage_severe,,configured_bundle,,1.0,static_multimodal,3117,312.12164227595815,1.0,47,1215.14,47,0.2
audit,yangyang_long_haul_damage_severe,,configured_bundle,,1.0,static_multimodal,3118,312.12164227595815,1.0,47,1215.14,47,0.2
audit,yangyang_long_haul_damage_severe,,configured_bundle,,1.0,static_multimodal,3119,312.12164227595815,1.0,47,1215.14,47,0.2
audit,yangyang_long_haul_damage_severe,,configured_bundle,,1.0,static_multimodal,3120,362.121355425225,1.0,49,1267.31,49,0.2
audit,yangyang_long_haul_damage_severe,,configured_bundle,,1.0,static_multimodal,3121,312.12164227595815,1.0,48,1230.19,48,0.2
audit,yangyang_long_haul_damage_severe,,configured_bundle,,1.0,static_multimodal,3122,312.12164227595815,1.0,47,1215.14,47,0.2
audit,yangyang_long_haul_damage_severe,,configured_bundle,,1.0,static_multimodal,3123,332.12156451998965,1.0,50,1282.37,50,0.2
audit,yangyang_long_haul_damage_severe,,configured_bundle,,1.0,static_multimodal,3124,542.1212635739881,1.0,50,1304.43,50,0.2
audit,yangyang_long_haul_damage_severe,,configured_bundle,,1.0,static_multimodal,3125,312.12164227595815,1.0,46,1200.08,46,0.2
audit,yangyang_long_haul_damage_severe,,configured_bundle,,1.0,static_multimodal,3126,332.12156451998965,1.0,48,1252.26,48,0.2
audit,yangyang_long_haul_damage_severe,,configured_bundle,,1.0,static_multimodal,3127,312.12164227595815,1.0,47,1215.14,47,0.2
audit,yangyang_long_haul_damage_severe,,configured_bundle,,1.0,static_multimodal,3128,312.12164227595815,1.0,46,1200.08,46,0.2
audit,yangyang_long_haul_damage_severe,,configured_bundle,,1.0,static_multimodal,3129,312.12164227595815,1.0,46,1200.08,46,0.6
audit,yangyang_long_haul_damage_severe,,configured_bundle,,1.0,static_multimodal,3130,362.121355425225,1.0,48,1252.26,48,0.3
audit,yangyang_long_haul_damage_severe,,configured_bundle,,1.0,bus_only,3101,326.8568824293319,1.0,24,2510.86,24,5.4
audit,yangyang_long_haul_damage_severe,,configured_bundle,,1.0,bus_only,3102,326.8568824293319,1.0,24,2510.86,24,5.5
audit,yangyang_long_haul_damage_severe,,configured_bundle,,1.0,bus_only,3103,326.8568824293319,1.0,24,2510.86,24,5.4
audit,yangyang_long_haul_damage_severe,,configured_bundle,,1.0,bus_only,3104,326.8568824293319,1.0,24,2510.86,24,5.4
audit,yangyang_long_haul_damage_severe,,configured_bundle,,1.0,bus_only,3105,219.61901521432324,1.0,23,2406.24,23,5.6
audit,yangyang_long_haul_damage_severe,,configured_bundle,,1.0,static_multimodal,3101,332.12156451998965,1.0,48,1252.26,48,0.9
audit,yangyang_long_haul_damage_severe,,configured_bundle,,1.0,static_multimodal,3102,312.12164227595815,1.0,47,1215.14,47,0.9
audit,yangyang_long_haul_damage_severe,,configured_bundle,,1.0,static_multimodal,3103,332.12156451998965,1.0,48,1252.26,48,1.4
audit,yangyang_long_haul_damage_severe,,configured_bundle,,1.0,static_multimodal,3104,332.12156451998965,1.0,48,1252.26,48,0.9
audit,yangyang_long_haul_damage_severe,,configured_bundle,,1.0,static_multimodal,3105,312.12164227595815,1.0,46,1200.08,46,1.2
audit,yangyang_critical_link_blockage,,configured_bundle,,1.0,bus_only,3101,inf,0.0,0,0.0,0,0.0
audit,yangyang_critical_link_blockage,,configured_bundle,,1.0,bus_only,3102,inf,0.0,0,0.0,0,0.0
audit,yangyang_critical_link_blockage,,configured_bundle,,1.0,bus_only,3103,inf,0.0,0,0.0,0,0.0
audit,yangyang_critical_link_blockage,,configured_bundle,,1.0,bus_only,3104,inf,0.0,0,0.0,0,0.0
audit,yangyang_critical_link_blockage,,configured_bundle,,1.0,bus_only,3105,inf,0.0,0,0.0,0,0.0
audit,yangyang_critical_link_blockage,,configured_bundle,,1.0,bus_only,3106,inf,0.0,0,0.0,0,0.0
audit,yangyang_critical_link_blockage,,configured_bundle,,1.0,bus_only,3107,inf,0.0,0,0.0,0,0.0
audit,yangyang_critical_link_blockage,,configured_bundle,,1.0,bus_only,3108,inf,0.0,0,0.0,0,0.0
audit,yangyang_critical_link_blockage,,configured_bundle,,1.0,bus_only,3109,inf,0.0,0,0.0,0,0.0
audit,yangyang_critical_link_blockage,,configured_bundle,,1.0,bus_only,3110,inf,0.0,0,0.0,0,0.0
audit,yangyang_critical_link_blockage,,configured_bundle,,1.0,bus_only,3111,inf,0.0,0,0.0,0,0.0
audit,yangyang_critical_link_blockage,,configured_bundle,,1.0,bus_only,3112,inf,0.0,0,0.0,0,0.0
audit,yangyang_critical_link_blockage,,configured_bundle,,1.0,bus_only,3113,inf,0.0,0,0.0,0,0.0
audit,yangyang_critical_link_blockage,,configured_bundle,,1.0,bus_only,3114,inf,0.0,0,0.0,0,0.0
audit,yangyang_critical_link_blockage,,configured_bundle,,1.0,bus_only,3115,inf,0.0,0,0.0,0,0.0
audit,yangyang_critical_link_blockage,,configured_bundle,,1.0,bus_only,3116,inf,0.0,0,0.0,0,0.0
audit,yangyang_critical_link_blockage,,configured_bundle,,1.0,bus_only,3117,inf,0.0,0,0.0,0,0.0
audit,yangyang_critical_link_blockage,,configured_bundle,,1.0,bus_only,3118,inf,0.0,0,0.0,0,0.0
audit,yangyang_critical_link_blockage,,configured_bundle,,1.0,bus_only,3119,inf,0.0,0,0.0,0,0.0
audit,yangyang_critical_link_blockage,,configured_bundle,,1.0,bus_only,3120,inf,0.0,0,0.0,0,0.0
audit,yangyang_critical_link_blockage,,configured_bundle,,1.0,bus_only,3121,inf,0.0,0,0.0,0,0.0
audit,yangyang_critical_link_blockage,,configured_bundle,,1.0,bus_only,3122,inf,0.0,0,0.0,0,0.0
audit,yangyang_critical_link_blockage,,configured_bundle,,1.0,bus_only,3123,inf,0.0,0,0.0,0,0.0
audit,yangyang_critical_link_blockage,,configured_bundle,,1.0,bus_only,3124,inf,0.0,0,0.0,0,0.0
audit,yangyang_critical_link_blockage,,configured_bundle,,1.0,bus_only,3125,inf,0.0,0,0.0,0,0.0
audit,yangyang_critical_link_blockage,,configured_bundle,,1.0,bus_only,3126,inf,0.0,0,0.0,0,0.0
audit,yangyang_critical_link_blockage,,configured_bundle,,1.0,bus_only,3127,inf,0.0,0,0.0,0,0.0
audit,yangyang_critical_link_blockage,,configured_bundle,,1.0,bus_only,3128,inf,0.0,0,0.0,0,0.0
audit,yangyang_critical_link_blockage,,configured_bundle,,1.0,bus_only,3129,inf,0.0,0,0.0,0,0.0
audit,yangyang_critical_link_blockage,,configured_bundle,,1.0,bus_only,3130,inf,0.0,0,0.0,0,0.0
audit,yangyang_critical_link_blockage,,configured_bundle,,1.0,static_multimodal,3101,332.12156451998965,1.0,48,1252.26,48,0.1
audit,yangyang_critical_link_blockage,,configured_bundle,,1.0,static_multimodal,3102,312.12164227595815,1.0,47,1215.14,47,0.1
audit,yangyang_critical_link_blockage,,configured_bundle,,1.0,static_multimodal,3103,332.12156451998965,1.0,48,1252.26,48,0.1
audit,yangyang_critical_link_blockage,,configured_bundle,,1.0,static_multimodal,3104,332.12156451998965,1.0,48,1252.26,48,0.2
audit,yangyang_critical_link_blockage,,configured_bundle,,1.0,static_multimodal,3105,312.12164227595815,1.0,46,1200.08,46,0.1
audit,yangyang_critical_link_blockage,,configured_bundle,,1.0,static_multimodal,3106,362.121355425225,1.0,48,1252.26,48,0.2
audit,yangyang_critical_link_blockage,,configured_bundle,,1.0,static_multimodal,3107,312.12164227595815,1.0,46,1200.08,46,0.2
audit,yangyang_critical_link_blockage,,configured_bundle,,1.0,static_multimodal,3108,332.12156451998965,1.0,50,1282.37,50,0.1
audit,yangyang_critical_link_blockage,,configured_bundle,,1.0,static_multimodal,3109,362.12138786352784,1.0,52,1334.55,52,0.1
audit,yangyang_critical_link_blockage,,configured_bundle,,1.0,static_multimodal,3110,362.12138786352784,1.0,50,1304.43,50,0.2
audit,yangyang_critical_link_blockage,,configured_bundle,,1.0,static_multimodal,3111,332.12156451998965,1.0,48,1252.26,48,0.1
audit,yangyang_critical_link_blockage,,configured_bundle,,1.0,static_multimodal,3112,332.12156451998965,1.0,49,1267.31,49,0.2
audit,yangyang_critical_link_blockage,,configured_bundle,,1.0,static_multimodal,3113,422.12126357398733,1.0,49,1267.31,49,0.2
audit,yangyang_critical_link_blockage,,configured_bundle,,1.0,static_multimodal,3114,312.12164227595815,1.0,46,1200.08,46,0.1
audit,yangyang_critical_link_blockage,,configured_bundle,,1.0,static_multimodal,3115,332.12156451998965,1.0,48,1252.26,48,0.2
audit,yangyang_critical_link_blockage,,configured_bundle,,1.0,static_multimodal,3116,362.121355425225,1.0,49,1267.31,49,0.2
audit,yangyang_critical_link_blockage,,configured_bundle,,1.0,static_multimodal,3117,312.12164227595815,1.0,47,1215.14,47,0.1
audit,yangyang_critical_link_blockage,,configured_bundle,,1.0,static_multimodal,3118,312.12164227595815,1.0,47,1215.14,47,0.2
audit,yangyang_critical_link_blockage,,configured_bundle,,1.0,static_multimodal,3119,312.12164227595815,1.0,47,1215.14,47,0.1
audit,yangyang_critical_link_blockage,,configured_bundle,,1.0,static_multimodal,3120,362.121355425225,1.0,49,1267.31,49,0.2
audit,yangyang_critical_link_blockage,,configured_bundle,,1.0,static_multimodal,3121,312.12164227595815,1.0,48,1230.19,48,0.2
audit,yangyang_critical_link_blockage,,configured_bundle,,1.0,static_multimodal,3122,312.12164227595815,1.0,47,1215.14,47,0.1
audit,yangyang_critical_link_blockage,,configured_bundle,,1.0,static_multimodal,3123,332.12156451998965,1.0,50,1282.37,50,0.2
audit,yangyang_critical_link_blockage,,configured_bundle,,1.0,static_multimodal,3124,542.1212635739881,1.0,50,1304.43,50,0.2
audit,yangyang_critical_link_blockage,,configured_bundle,,1.0,static_multimodal,3125,312.12164227595815,1.0,46,1200.08,46,0.1
audit,yangyang_critical_link_blockage,,configured_bundle,,1.0,static_multimodal,3126,332.12156451998965,1.0,48,1252.26,48,0.1
audit,yangyang_critical_link_blockage,,configured_bundle,,1.0,static_multimodal,3127,312.12164227595815,1.0,47,1215.14,47,0.1
audit,yangyang_critical_link_blockage,,configured_bundle,,1.0,static_multimodal,3128,312.12164227595815,1.0,46,1200.08,46,0.2
audit,yangyang_critical_link_blockage,,configured_bundle,,1.0,static_multimodal,3129,312.12164227595815,1.0,46,1200.08,46,0.2
audit,yangyang_critical_link_blockage,,configured_bundle,,1.0,static_multimodal,3130,362.121355425225,1.0,48,1252.26,48,0.2
audit,yangyang_critical_link_blockage,,configured_bundle,,1.0,bus_only,3101,331.55375213936316,1.0,24,2548.43,24,0.2
audit,yangyang_critical_link_blockage,,configured_bundle,,1.0,bus_only,3102,331.55375213936316,1.0,24,2548.43,24,0.2
audit,yangyang_critical_link_blockage,,configured_bundle,,1.0,bus_only,3103,331.55375213936316,1.0,24,2548.43,24,0.3
audit,yangyang_critical_link_blockage,,configured_bundle,,1.0,bus_only,3104,331.55375213936316,1.0,24,2548.43,24,0.2
audit,yangyang_critical_link_blockage,,configured_bundle,,1.0,bus_only,3105,221.1846421271754,1.0,23,2442.25,23,0.2
audit,yangyang_critical_link_blockage,,configured_bundle,,1.0,bus_only,3106,331.55375213936316,1.0,24,2548.43,24,0.2
audit,yangyang_critical_link_blockage,,configured_bundle,,1.0,bus_only,3107,221.1846421271754,1.0,23,2442.25,23,0.2
audit,yangyang_critical_link_blockage,,configured_bundle,,1.0,bus_only,3108,341.5537792066917,1.0,26,2760.8,26,0.2
audit,yangyang_critical_link_blockage,,configured_bundle,,1.0,bus_only,3109,346.5537936868137,1.0,27,2866.98,27,0.2
audit,yangyang_critical_link_blockage,,configured_bundle,,1.0,bus_only,3110,336.5537651424287,1.0,25,2654.62,25,0.2
audit,yangyang_critical_link_blockage,,configured_bundle,,1.0,bus_only,3111,331.55375213936316,1.0,24,2548.43,24,0.2
audit,yangyang_critical_link_blockage,,configured_bundle,,1.0,bus_only,3112,336.5537651424287,1.0,25,2654.62,25,0.2
audit,yangyang_critical_link_blockage,,configured_bundle,,1.0,bus_only,3113,336.5537651424287,1.0,25,2654.62,25,0.2
audit,yangyang_critical_link_blockage,,configured_bundle,,1.0,bus_only,3114,221.1846421271754,1.0,23,2442.25,23,0.2
audit,yangyang_critical_link_blockage,,configured_bundle,,1.0,bus_only,3115,331.55375213936316,1.0,24,2548.43,24,0.2
audit,yangyang_critical_link_blockage,,configured_bundle,,1.0,bus_only,3116,336.5537651424287,1.0,25,2654.62,25,0.2
audit,yangyang_critical_link_blockage,,configured_bundle,,1.0,bus_only,3117,331.55375213936316,1.0,24,2548.43,24,0.2
audit,yangyang_critical_link_blockage,,configured_bundle,,1.0,bus_only,3118,331.55375213936316,1.0,24,2548.43,24,0.2
audit,yangyang_critical_link_blockage,,configured_bundle,,1.0,bus_only,3119,331.55375213936316,1.0,24,2548.43,24,0.2
audit,yangyang_critical_link_blockage,,configured_bundle,,1.0,bus_only,3120,336.5537651424287,1.0,25,2654.62,25,0.2
audit,yangyang_critical_link_blockage,,configured_bundle,,1.0,bus_only,3121,336.5537651424287,1.0,25,2654.62,25,0.6
audit,yangyang_critical_link_blockage,,configured_bundle,,1.0,bus_only,3122,331.55375213936316,1.0,24,2548.43,24,0.2
audit,yangyang_critical_link_blockage,,configured_bundle,,1.0,bus_only,3123,341.5537792066917,1.0,26,2760.8,26,0.2
audit,yangyang_critical_link_blockage,,configured_bundle,,1.0,bus_only,3124,456.18458404645423,1.0,25,2654.62,25,0.2
audit,yangyang_critical_link_blockage,,configured_bundle,,1.0,bus_only,3125,221.1846421271754,1.0,23,2442.25,23,0.2
audit,yangyang_critical_link_blockage,,configured_bundle,,1.0,bus_only,3126,331.55375213936316,1.0,24,2548.43,24,0.2
audit,yangyang_critical_link_blockage,,configured_bundle,,1.0,bus_only,3127,331.55375213936316,1.0,24,2548.43,24,0.2
audit,yangyang_critical_link_blockage,,configured_bundle,,1.0,bus_only,3128,221.1846421271754,1.0,23,2442.25,23,0.2
audit,yangyang_critical_link_blockage,,configured_bundle,,1.0,bus_only,3129,221.1846421271754,1.0,23,2442.25,23,0.2
audit,yangyang_critical_link_blockage,,configured_bundle,,1.0,bus_only,3130,331.55375213936316,1.0,24,2548.43,24,0.2
audit,yangyang_critical_link_blockage,,configured_bundle,,1.0,static_multimodal,3101,332.12156451998965,1.0,48,1252.26,48,0.2
audit,yangyang_critical_link_blockage,,configured_bundle,,1.0,static_multimodal,3102,312.12164227595815,1.0,47,1215.14,47,0.2
audit,yangyang_critical_link_blockage,,configured_bundle,,1.0,static_multimodal,3103,332.12156451998965,1.0,48,1252.26,48,0.2
audit,yangyang_critical_link_blockage,,configured_bundle,,1.0,static_multimodal,3104,332.12156451998965,1.0,48,1252.26,48,0.2
audit,yangyang_critical_link_blockage,,configured_bundle,,1.0,static_multimodal,3105,312.12164227595815,1.0,46,1200.08,46,0.2
audit,yangyang_critical_link_blockage,,configured_bundle,,1.0,static_multimodal,3106,362.121355425225,1.0,48,1252.26,48,0.1
audit,yangyang_critical_link_blockage,,configured_bundle,,1.0,static_multimodal,3107,312.12164227595815,1.0,46,1200.08,46,0.2
audit,yangyang_critical_link_blockage,,configured_bundle,,1.0,static_multimodal,3108,332.12156451998965,1.0,50,1282.37,50,0.2
audit,yangyang_critical_link_blockage,,configured_bundle,,1.0,static_multimodal,3109,362.12138786352784,1.0,52,1334.55,52,0.2
audit,yangyang_critical_link_blockage,,configured_bundle,,1.0,static_multimodal,3110,362.12138786352784,1.0,50,1304.43,50,0.2
audit,yangyang_critical_link_blockage,,configured_bundle,,1.0,static_multimodal,3111,332.12156451998965,1.0,48,1252.26,48,0.2
audit,yangyang_critical_link_blockage,,configured_bundle,,1.0,static_multimodal,3112,332.12156451998965,1.0,49,1267.31,49,0.2
audit,yangyang_critical_link_blockage,,configured_bundle,,1.0,static_multimodal,3113,422.12126357398733,1.0,49,1267.31,49,0.2
audit,yangyang_critical_link_blockage,,configured_bundle,,1.0,static_multimodal,3114,312.12164227595815,1.0,46,1200.08,46,0.2
audit,yangyang_critical_link_blockage,,configured_bundle,,1.0,static_multimodal,3115,332.12156451998965,1.0,48,1252.26,48,0.2
audit,yangyang_critical_link_blockage,,configured_bundle,,1.0,static_multimodal,3116,362.121355425225,1.0,49,1267.31,49,0.2
audit,yangyang_critical_link_blockage,,configured_bundle,,1.0,static_multimodal,3117,312.12164227595815,1.0,47,1215.14,47,0.2
audit,yangyang_critical_link_blockage,,configured_bundle,,1.0,static_multimodal,3118,312.12164227595815,1.0,47,1215.14,47,0.2
audit,yangyang_critical_link_blockage,,configured_bundle,,1.0,static_multimodal,3119,312.12164227595815,1.0,47,1215.14,47,0.2
audit,yangyang_critical_link_blockage,,configured_bundle,,1.0,static_multimodal,3120,362.121355425225,1.0,49,1267.31,49,0.2
audit,yangyang_critical_link_blockage,,configured_bundle,,1.0,static_multimodal,3121,312.12164227595815,1.0,48,1230.19,48,0.2
audit,yangyang_critical_link_blockage,,configured_bundle,,1.0,static_multimodal,3122,312.12164227595815,1.0,47,1215.14,47,0.1
audit,yangyang_critical_link_blockage,,configured_bundle,,1.0,static_multimodal,3123,332.12156451998965,1.0,50,1282.37,50,0.2
audit,yangyang_critical_link_blockage,,configured_bundle,,1.0,static_multimodal,3124,542.1212635739881,1.0,50,1304.43,50,0.2
audit,yangyang_critical_link_blockage,,configured_bundle,,1.0,static_multimodal,3125,312.12164227595815,1.0,46,1200.08,46,0.2
audit,yangyang_critical_link_blockage,,configured_bundle,,1.0,static_multimodal,3126,332.12156451998965,1.0,48,1252.26,48,0.2
audit,yangyang_critical_link_blockage,,configured_bundle,,1.0,static_multimodal,3127,312.12164227595815,1.0,47,1215.14,47,0.2
audit,yangyang_critical_link_blockage,,configured_bundle,,1.0,static_multimodal,3128,312.12164227595815,1.0,46,1200.08,46,0.2
audit,yangyang_critical_link_blockage,,configured_bundle,,1.0,static_multimodal,3129,312.12164227595815,1.0,46,1200.08,46,0.2
audit,yangyang_critical_link_blockage,,configured_bundle,,1.0,static_multimodal,3130,362.121355425225,1.0,48,1252.26,48,0.2
audit,yangyang_critical_link_blockage,,configured_bundle,,1.0,bus_only,3101,331.50933102848165,1.0,24,2548.08,24,0.3
audit,yangyang_critical_link_blockage,,configured_bundle,,1.0,bus_only,3102,331.50933102848165,1.0,24,2548.08,24,0.3
audit,yangyang_critical_link_blockage,,configured_bundle,,1.0,bus_only,3103,331.50933102848165,1.0,24,2548.08,24,0.3
audit,yangyang_critical_link_blockage,,configured_bundle,,1.0,bus_only,3104,331.50933102848165,1.0,24,2548.08,24,0.3
audit,yangyang_critical_link_blockage,,configured_bundle,,1.0,bus_only,3105,221.16983464906914,1.0,23,2441.91,23,0.7
audit,yangyang_critical_link_blockage,,configured_bundle,,1.0,bus_only,3106,331.50933102848165,1.0,24,2548.08,24,0.3
audit,yangyang_critical_link_blockage,,configured_bundle,,1.0,bus_only,3107,221.16983464906914,1.0,23,2441.91,23,0.3
audit,yangyang_critical_link_blockage,,configured_bundle,,1.0,bus_only,3108,341.50935788563726,1.0,26,2760.42,26,0.3
audit,yangyang_critical_link_blockage,,configured_bundle,,1.0,bus_only,3109,346.5093722556413,1.0,27,2866.58,27,0.3
audit,yangyang_critical_link_blockage,,configured_bundle,,1.0,bus_only,3110,336.5093439283306,1.0,25,2654.25,25,0.3
audit,yangyang_critical_link_blockage,,configured_bundle,,1.0,bus_only,3111,331.50933102848165,1.0,24,2548.08,24,0.3
audit,yangyang_critical_link_blockage,,configured_bundle,,1.0,bus_only,3112,336.5093439283306,1.0,25,2654.25,25,0.4
audit,yangyang_critical_link_blockage,,configured_bundle,,1.0,bus_only,3113,336.5093439283306,1.0,25,2654.25,25,0.4
audit,yangyang_critical_link_blockage,,configured_bundle,,1.0,bus_only,3114,221.16983464906914,1.0,23,2441.91,23,0.3
audit,yangyang_critical_link_blockage,,configured_bundle,,1.0,bus_only,3115,331.50933102848165,1.0,24,2548.08,24,0.7
audit,yangyang_critical_link_blockage,,configured_bundle,,1.0,bus_only,3116,336.5093439283306,1.0,25,2654.25,25,0.3
audit,yangyang_critical_link_blockage,,configured_bundle,,1.0,bus_only,3117,331.50933102848165,1.0,24,2548.08,24,0.3
audit,yangyang_critical_link_blockage,,configured_bundle,,1.0,bus_only,3118,331.50933102848165,1.0,24,2548.08,24,0.3
audit,yangyang_critical_link_blockage,,configured_bundle,,1.0,bus_only,3119,331.50933102848165,1.0,24,2548.08,24,0.3
audit,yangyang_critical_link_blockage,,configured_bundle,,1.0,bus_only,3120,336.5093439283306,1.0,25,2654.25,25,0.3
audit,yangyang_critical_link_blockage,,configured_bundle,,1.0,bus_only,3121,336.5093439283306,1.0,25,2654.25,25,0.4
audit,yangyang_critical_link_blockage,,configured_bundle,,1.0,bus_only,3122,331.50933102848165,1.0,24,2548.08,24,0.3
audit,yangyang_critical_link_blockage,,configured_bundle,,1.0,bus_only,3123,341.50935788563726,1.0,26,2760.42,26,0.3
audit,yangyang_critical_link_blockage,,configured_bundle,,1.0,bus_only,3124,456.16977700949366,1.0,25,2654.25,25,0.3
audit,yangyang_critical_link_blockage,,configured_bundle,,1.0,bus_only,3125,221.16983464906914,1.0,23,2441.91,23,0.3
audit,yangyang_critical_link_blockage,,configured_bundle,,1.0,bus_only,3126,331.50933102848165,1.0,24,2548.08,24,0.7
audit,yangyang_critical_link_blockage,,configured_bundle,,1.0,bus_only,3127,331.50933102848165,1.0,24,2548.08,24,0.3
audit,yangyang_critical_link_blockage,,configured_bundle,,1.0,bus_only,3128,221.16983464906914,1.0,23,2441.91,23,0.3
audit,yangyang_critical_link_blockage,,configured_bundle,,1.0,bus_only,3129,221.16983464906914,1.0,23,2441.91,23,0.3
audit,yangyang_critical_link_blockage,,configured_bundle,,1.0,bus_only,3130,331.50933102848165,1.0,24,2548.08,24,0.3
audit,yangyang_critical_link_blockage,,configured_bundle,,1.0,static_multimodal,3101,332.12156451998965,1.0,48,1252.26,48,0.2
audit,yangyang_critical_link_blockage,,configured_bundle,,1.0,static_multimodal,3102,312.12164227595815,1.0,47,1215.14,47,0.2
audit,yangyang_critical_link_blockage,,configured_bundle,,1.0,static_multimodal,3103,332.12156451998965,1.0,48,1252.26,48,0.2
audit,yangyang_critical_link_blockage,,configured_bundle,,1.0,static_multimodal,3104,332.12156451998965,1.0,48,1252.26,48,0.2
audit,yangyang_critical_link_blockage,,configured_bundle,,1.0,static_multimodal,3105,312.12164227595815,1.0,46,1200.08,46,0.2
audit,yangyang_critical_link_blockage,,configured_bundle,,1.0,static_multimodal,3106,362.121355425225,1.0,48,1252.26,48,0.2
audit,yangyang_critical_link_blockage,,configured_bundle,,1.0,static_multimodal,3107,312.12164227595815,1.0,46,1200.08,46,0.2
audit,yangyang_critical_link_blockage,,configured_bundle,,1.0,static_multimodal,3108,332.12156451998965,1.0,50,1282.37,50,0.2
audit,yangyang_critical_link_blockage,,configured_bundle,,1.0,static_multimodal,3109,362.12138786352784,1.0,52,1334.55,52,0.2
audit,yangyang_critical_link_blockage,,configured_bundle,,1.0,static_multimodal,3110,362.12138786352784,1.0,50,1304.43,50,0.2
audit,yangyang_critical_link_blockage,,configured_bundle,,1.0,static_multimodal,3111,332.12156451998965,1.0,48,1252.26,48,0.6
audit,yangyang_critical_link_blockage,,configured_bundle,,1.0,static_multimodal,3112,332.12156451998965,1.0,49,1267.31,49,0.2
audit,yangyang_critical_link_blockage,,configured_bundle,,1.0,static_multimodal,3113,422.12126357398733,1.0,49,1267.31,49,0.2
audit,yangyang_critical_link_blockage,,configured_bundle,,1.0,static_multimodal,3114,312.12164227595815,1.0,46,1200.08,46,0.2
audit,yangyang_critical_link_blockage,,configured_bundle,,1.0,static_multimodal,3115,332.12156451998965,1.0,48,1252.26,48,0.2
audit,yangyang_critical_link_blockage,,configured_bundle,,1.0,static_multimodal,3116,362.121355425225,1.0,49,1267.31,49,0.2
audit,yangyang_critical_link_blockage,,configured_bundle,,1.0,static_multimodal,3117,312.12164227595815,1.0,47,1215.14,47,0.2
audit,yangyang_critical_link_blockage,,configured_bundle,,1.0,static_multimodal,3118,312.12164227595815,1.0,47,1215.14,47,0.2
audit,yangyang_critical_link_blockage,,configured_bundle,,1.0,static_multimodal,3119,312.12164227595815,1.0,47,1215.14,47,0.2
audit,yangyang_critical_link_blockage,,configured_bundle,,1.0,static_multimodal,3120,362.121355425225,1.0,49,1267.31,49,0.2
audit,yangyang_critical_link_blockage,,configured_bundle,,1.0,static_multimodal,3121,312.12164227595815,1.0,48,1230.19,48,0.2
audit,yangyang_critical_link_blockage,,configured_bundle,,1.0,static_multimodal,3122,312.12164227595815,1.0,47,1215.14,47,0.2
audit,yangyang_critical_link_blockage,,configured_bundle,,1.0,static_multimodal,3123,332.12156451998965,1.0,50,1282.37,50,0.2
audit,yangyang_critical_link_blockage,,configured_bundle,,1.0,static_multimodal,3124,542.1212635739881,1.0,50,1304.43,50,0.2
audit,yangyang_critical_link_blockage,,configured_bundle,,1.0,static_multimodal,3125,312.12164227595815,1.0,46,1200.08,46,0.2
audit,yangyang_critical_link_blockage,,configured_bundle,,1.0,static_multimodal,3126,332.12156451998965,1.0,48,1252.26,48,0.2
audit,yangyang_critical_link_blockage,,configured_bundle,,1.0,static_multimodal,3127,312.12164227595815,1.0,47,1215.14,47,0.2
audit,yangyang_critical_link_blockage,,configured_bundle,,1.0,static_multimodal,3128,312.12164227595815,1.0,46,1200.08,46,0.2
audit,yangyang_critical_link_blockage,,configured_bundle,,1.0,static_multimodal,3129,312.12164227595815,1.0,46,1200.08,46,0.3
audit,yangyang_critical_link_blockage,,configured_bundle,,1.0,static_multimodal,3130,362.121355425225,1.0,48,1252.26,48,0.2
audit,yangyang_critical_link_blockage,,configured_bundle,,1.0,bus_only,3101,328.04753179399574,1.0,24,2520.38,24,6.0
audit,yangyang_critical_link_blockage,,configured_bundle,,1.0,bus_only,3102,328.04753179399574,1.0,24,2520.38,24,5.0
audit,yangyang_critical_link_blockage,,configured_bundle,,1.0,bus_only,3103,328.04753179399574,1.0,24,2520.38,24,6.0
audit,yangyang_critical_link_blockage,,configured_bundle,,1.0,bus_only,3104,328.04753179399574,1.0,24,2520.38,24,5.5
audit,yangyang_critical_link_blockage,,configured_bundle,,1.0,bus_only,3105,220.0158996742249,1.0,23,2415.37,23,5.7
audit,yangyang_critical_link_blockage,,configured_bundle,,1.0,static_multimodal,3101,332.12156451998965,1.0,48,1252.26,48,1.0
audit,yangyang_critical_link_blockage,,configured_bundle,,1.0,static_multimodal,3102,312.12164227595815,1.0,47,1215.14,47,0.9
audit,yangyang_critical_link_blockage,,configured_bundle,,1.0,static_multimodal,3103,332.12156451998965,1.0,48,1252.26,48,1.3
audit,yangyang_critical_link_blockage,,configured_bundle,,1.0,static_multimodal,3104,332.12156451998965,1.0,48,1252.26,48,1.0
audit,yangyang_critical_link_blockage,,configured_bundle,,1.0,static_multimodal,3105,312.12164227595815,1.0,46,1200.08,46,1.3
audit,yangyang_random_blockage,,configured_bundle,,1.0,bus_only,3101,219.61901521432324,0.999,0,0.0,0,0.1
audit,yangyang_random_blockage,,configured_bundle,,1.0,bus_only,3102,219.61901521432324,0.999,0,0.0,0,0.1
audit,yangyang_random_blockage,,configured_bundle,,1.0,bus_only,3103,219.61901521432324,0.999,0,0.0,0,0.1
audit,yangyang_random_blockage,,configured_bundle,,1.0,bus_only,3104,219.61901521432324,0.999,0,0.0,0,0.1
audit,yangyang_random_blockage,,configured_bundle,,1.0,bus_only,3105,219.61901521432324,1.0,0,0.0,0,0.1
audit,yangyang_random_blockage,,configured_bundle,,1.0,bus_only,3106,219.61901521432324,0.999,0,0.0,0,0.1
audit,yangyang_random_blockage,,configured_bundle,,1.0,bus_only,3107,219.61901521432324,1.0,0,0.0,0,0.1
audit,yangyang_random_blockage,,configured_bundle,,1.0,bus_only,3108,219.61901521432324,0.997,0,0.0,0,0.1
audit,yangyang_random_blockage,,configured_bundle,,1.0,bus_only,3109,219.61901521432324,0.996,0,0.0,0,0.1
audit,yangyang_random_blockage,,configured_bundle,,1.0,bus_only,3110,219.61901521432324,0.998,0,0.0,0,0.1
audit,yangyang_random_blockage,,configured_bundle,,1.0,bus_only,3111,219.61901521432324,0.999,0,0.0,0,0.1
audit,yangyang_random_blockage,,configured_bundle,,1.0,bus_only,3112,219.61901521432324,0.998,0,0.0,0,0.1
audit,yangyang_random_blockage,,configured_bundle,,1.0,bus_only,3113,219.61901521432324,0.998,0,0.0,0,0.1
audit,yangyang_random_blockage,,configured_bundle,,1.0,bus_only,3114,219.61901521432324,1.0,0,0.0,0,0.1
audit,yangyang_random_blockage,,configured_bundle,,1.0,bus_only,3115,219.61901521432324,0.999,0,0.0,0,0.1
audit,yangyang_random_blockage,,configured_bundle,,1.0,bus_only,3116,219.61901521432324,0.998,0,0.0,0,0.1
audit,yangyang_random_blockage,,configured_bundle,,1.0,bus_only,3117,219.61901521432324,0.999,0,0.0,0,0.1
audit,yangyang_random_blockage,,configured_bundle,,1.0,bus_only,3118,219.61901521432324,0.999,0,0.0,0,0.1
audit,yangyang_random_blockage,,configured_bundle,,1.0,bus_only,3119,219.61901521432324,0.999,0,0.0,0,0.1
audit,yangyang_random_blockage,,configured_bundle,,1.0,bus_only,3120,219.61901521432324,0.998,0,0.0,0,0.1
audit,yangyang_random_blockage,,configured_bundle,,1.0,bus_only,3121,219.61901521432324,0.997,0,0.0,0,0.1
audit,yangyang_random_blockage,,configured_bundle,,1.0,bus_only,3122,219.61901521432324,0.999,0,0.0,0,0.1
audit,yangyang_random_blockage,,configured_bundle,,1.0,bus_only,3123,219.61901521432324,0.997,0,0.0,0,0.1
audit,yangyang_random_blockage,,configured_bundle,,1.0,bus_only,3124,219.61901521432324,0.998,0,0.0,0,0.1
audit,yangyang_random_blockage,,configured_bundle,,1.0,bus_only,3125,219.61901521432324,1.0,0,0.0,0,0.1
audit,yangyang_random_blockage,,configured_bundle,,1.0,bus_only,3126,219.61901521432324,0.999,0,0.0,0,0.1
audit,yangyang_random_blockage,,configured_bundle,,1.0,bus_only,3127,219.61901521432324,0.999,0,0.0,0,0.1
audit,yangyang_random_blockage,,configured_bundle,,1.0,bus_only,3128,219.61901521432324,1.0,0,0.0,0,0.1
audit,yangyang_random_blockage,,configured_bundle,,1.0,bus_only,3129,219.61901521432324,1.0,0,0.0,0,0.1
audit,yangyang_random_blockage,,configured_bundle,,1.0,bus_only,3130,219.61901521432324,0.999,0,0.0,0,0.1
audit,yangyang_random_blockage,,configured_bundle,,1.0,static_multimodal,3101,inf,0.0,0,0.0,0,0.0
audit,yangyang_random_blockage,,configured_bundle,,1.0,static_multimodal,3102,inf,0.0,0,0.0,0,0.0
audit,yangyang_random_blockage,,configured_bundle,,1.0,static_multimodal,3103,inf,0.0,0,0.0,0,0.0
audit,yangyang_random_blockage,,configured_bundle,,1.0,static_multimodal,3104,inf,0.0,0,0.0,0,0.0
audit,yangyang_random_blockage,,configured_bundle,,1.0,static_multimodal,3105,inf,0.0,0,0.0,0,0.0
audit,yangyang_random_blockage,,configured_bundle,,1.0,static_multimodal,3106,inf,0.0,0,0.0,0,0.0
audit,yangyang_random_blockage,,configured_bundle,,1.0,static_multimodal,3107,inf,0.0,0,0.0,0,0.0
audit,yangyang_random_blockage,,configured_bundle,,1.0,static_multimodal,3108,inf,0.0,0,0.0,0,0.0
audit,yangyang_random_blockage,,configured_bundle,,1.0,static_multimodal,3109,inf,0.0,0,0.0,0,0.0
audit,yangyang_random_blockage,,configured_bundle,,1.0,static_multimodal,3110,inf,0.0,0,0.0,0,0.0
audit,yangyang_random_blockage,,configured_bundle,,1.0,static_multimodal,3111,inf,0.0,0,0.0,0,0.0
audit,yangyang_random_blockage,,configured_bundle,,1.0,static_multimodal,3112,inf,0.0,0,0.0,0,0.0
audit,yangyang_random_blockage,,configured_bundle,,1.0,static_multimodal,3113,inf,0.0,0,0.0,0,0.0
audit,yangyang_random_blockage,,configured_bundle,,1.0,static_multimodal,3114,inf,0.0,0,0.0,0,0.0
audit,yangyang_random_blockage,,configured_bundle,,1.0,static_multimodal,3115,inf,0.0,0,0.0,0,0.0
audit,yangyang_random_blockage,,configured_bundle,,1.0,static_multimodal,3116,inf,0.0,0,0.0,0,0.0
audit,yangyang_random_blockage,,configured_bundle,,1.0,static_multimodal,3117,inf,0.0,0,0.0,0,0.0
audit,yangyang_random_blockage,,configured_bundle,,1.0,static_multimodal,3118,inf,0.0,0,0.0,0,0.0
audit,yangyang_random_blockage,,configured_bundle,,1.0,static_multimodal,3119,inf,0.0,0,0.0,0,0.0
audit,yangyang_random_blockage,,configured_bundle,,1.0,static_multimodal,3120,inf,0.0,0,0.0,0,0.0
audit,yangyang_random_blockage,,configured_bundle,,1.0,static_multimodal,3121,inf,0.0,0,0.0,0,0.0
audit,yangyang_random_blockage,,configured_bundle,,1.0,static_multimodal,3122,inf,0.0,0,0.0,0,0.0
audit,yangyang_random_blockage,,configured_bundle,,1.0,static_multimodal,3123,inf,0.0,0,0.0,0,0.0
audit,yangyang_random_blockage,,configured_bundle,,1.0,static_multimodal,3124,inf,0.0,0,0.0,0,0.0
audit,yangyang_random_blockage,,configured_bundle,,1.0,static_multimodal,3125,inf,0.0,0,0.0,0,0.0
audit,yangyang_random_blockage,,configured_bundle,,1.0,static_multimodal,3126,inf,0.0,0,0.0,0,0.0
audit,yangyang_random_blockage,,configured_bundle,,1.0,static_multimodal,3127,inf,0.0,0,0.0,0,0.0
audit,yangyang_random_blockage,,configured_bundle,,1.0,static_multimodal,3128,inf,0.0,0,0.0,0,0.0
audit,yangyang_random_blockage,,configured_bundle,,1.0,static_multimodal,3129,inf,0.0,0,0.0,0,0.0
audit,yangyang_random_blockage,,configured_bundle,,1.0,static_multimodal,3130,inf,0.0,0,0.0,0,0.0
audit,yangyang_random_blockage,,configured_bundle,,1.0,bus_only,3101,328.42250566600893,1.0,24,2548.43,24,0.2
audit,yangyang_random_blockage,,configured_bundle,,1.0,bus_only,3102,328.42250566600893,1.0,24,2548.43,24,0.2
audit,yangyang_random_blockage,,configured_bundle,,1.0,bus_only,3103,328.42250566600893,1.0,24,2548.43,24,0.2
audit,yangyang_random_blockage,,configured_bundle,,1.0,bus_only,3104,328.42250566600893,1.0,24,2548.43,24,0.2
audit,yangyang_random_blockage,,configured_bundle,,1.0,bus_only,3105,219.61901521432324,1.0,23,2442.25,23,0.2
audit,yangyang_random_blockage,,configured_bundle,,1.0,bus_only,3106,328.42250566600893,1.0,24,2548.43,24,0.3
audit,yangyang_random_blockage,,configured_bundle,,1.0,bus_only,3107,219.61901521432324,1.0,23,2442.25,23,0.2
audit,yangyang_random_blockage,,configured_bundle,,1.0,bus_only,3108,338.42253173082156,1.0,26,2760.8,26,0.2
audit,yangyang_random_blockage,,configured_bundle,,1.0,bus_only,3109,343.4225456040646,1.0,27,2866.98,27,0.2
audit,yangyang_random_blockage,,configured_bundle,,1.0,bus_only,3110,333.4225182559689,1.0,25,2654.62,25,0.2
audit,yangyang_random_blockage,,configured_bundle,,1.0,bus_only,3111,328.42250566600893,1.0,24,2548.43,24,0.2
audit,yangyang_random_blockage,,configured_bundle,,1.0,bus_only,3112,333.4225182559689,1.0,25,2654.62,25,0.2
audit,yangyang_random_blockage,,configured_bundle,,1.0,bus_only,3113,334.6189650799517,1.0,25,2654.62,25,0.2
audit,yangyang_random_blockage,,configured_bundle,,1.0,bus_only,3114,219.61901521432324,1.0,23,2442.25,23,0.2
audit,yangyang_random_blockage,,configured_bundle,,1.0,bus_only,3115,328.42250566600893,1.0,24,2548.43,24,0.2
audit,yangyang_random_blockage,,configured_bundle,,1.0,bus_only,3116,333.4225182559689,1.0,25,2654.62,25,0.2
audit,yangyang_random_blockage,,configured_bundle,,1.0,bus_only,3117,328.42250566600893,1.0,24,2548.43,24,0.2
audit,yangyang_random_blockage,,configured_bundle,,1.0,bus_only,3118,328.42250566600893,1.0,24,2548.43,24,0.2
audit,yangyang_random_blockage,,configured_bundle,,1.0,bus_only,3119,328.42250566600893,1.0,24,2548.43,24,0.2
audit,yangyang_random_blockage,,configured_bundle,,1.0,bus_only,3120,333.4225182559689,1.0,25,2654.62,25,0.2
audit,yangyang_random_blockage,,configured_bundle,,1.0,bus_only,3121,333.4225182559689,1.0,25,2654.62,25,0.2
audit,yangyang_random_blockage,,configured_bundle,,1.0,bus_only,3122,328.42250566600893,1.0,24,2548.43,24,0.2
audit,yangyang_random_blockage,,configured_bundle,,1.0,bus_only,3123,338.42253173082156,1.0,26,2760.8,26,0.2
audit,yangyang_random_blockage,,configured_bundle,,1.0,bus_only,3124,454.6189608097767,1.0,25,2654.62,25,0.2
audit,yangyang_random_blockage,,configured_bundle,,1.0,bus_only,3125,219.61901521432324,1.0,23,2442.25,23,0.2
audit,yangyang_random_blockage,,configured_bundle,,1.0,bus_only,3126,328.42250566600893,1.0,24,2548.43,24,0.2
audit,yangyang_random_blockage,,configured_bundle,,1.0,bus_only,3127,328.42250566600893,1.0,24,2548.43,24,0.2
audit,yangyang_random_blockage,,configured_bundle,,1.0,bus_only,3128,219.61901521432324,1.0,23,2442.25,23,0.5
audit,yangyang_random_blockage,,configured_bundle,,1.0,bus_only,3129,219.61901521432324,1.0,23,2442.25,23,0.2
audit,yangyang_random_blockage,,configured_bundle,,1.0,bus_only,3130,328.42250566600893,1.0,24,2548.43,24,0.2
audit,yangyang_random_blockage,,configured_bundle,,1.0,static_multimodal,3101,332.12156451998965,1.0,48,1252.26,48,0.2
audit,yangyang_random_blockage,,configured_bundle,,1.0,static_multimodal,3102,312.12164227595815,1.0,47,1215.14,47,0.2
audit,yangyang_random_blockage,,configured_bundle,,1.0,static_multimodal,3103,332.12156451998965,1.0,48,1252.26,48,0.2
audit,yangyang_random_blockage,,configured_bundle,,1.0,static_multimodal,3104,332.12156451998965,1.0,48,1252.26,48,0.2
audit,yangyang_random_blockage,,configured_bundle,,1.0,static_multimodal,3105,312.12164227595815,1.0,46,1200.08,46,0.2
audit,yangyang_random_blockage,,configured_bundle,,1.0,static_multimodal,3106,362.121355425225,1.0,48,1252.26,48,0.2
audit,yangyang_random_blockage,,configured_bundle,,1.0,static_multimodal,3107,312.12164227595815,1.0,46,1200.08,46,0.1
audit,yangyang_random_blockage,,configured_bundle,,1.0,static_multimodal,3108,332.12156451998965,1.0,50,1282.37,50,0.2
audit,yangyang_random_blockage,,configured_bundle,,1.0,static_multimodal,3109,362.12138786352784,1.0,52,1334.55,52,0.2
audit,yangyang_random_blockage,,configured_bundle,,1.0,static_multimodal,3110,362.12138786352784,1.0,50,1304.43,50,0.2
audit,yangyang_random_blockage,,configured_bundle,,1.0,static_multimodal,3111,332.12156451998965,1.0,48,1252.26,48,0.2
audit,yangyang_random_blockage,,configured_bundle,,1.0,static_multimodal,3112,332.12156451998965,1.0,49,1267.31,49,0.2
audit,yangyang_random_blockage,,configured_bundle,,1.0,static_multimodal,3113,422.12126357398733,1.0,49,1267.31,49,0.2
audit,yangyang_random_blockage,,configured_bundle,,1.0,static_multimodal,3114,312.12164227595815,1.0,46,1200.08,46,0.2
audit,yangyang_random_blockage,,configured_bundle,,1.0,static_multimodal,3115,332.12156451998965,1.0,48,1252.26,48,0.2
audit,yangyang_random_blockage,,configured_bundle,,1.0,static_multimodal,3116,362.121355425225,1.0,49,1267.31,49,0.2
audit,yangyang_random_blockage,,configured_bundle,,1.0,static_multimodal,3117,312.12164227595815,1.0,47,1215.14,47,0.1
audit,yangyang_random_blockage,,configured_bundle,,1.0,static_multimodal,3118,312.12164227595815,1.0,47,1215.14,47,0.2
audit,yangyang_random_blockage,,configured_bundle,,1.0,static_multimodal,3119,312.12164227595815,1.0,47,1215.14,47,0.2
audit,yangyang_random_blockage,,configured_bundle,,1.0,static_multimodal,3120,362.121355425225,1.0,49,1267.31,49,0.2
audit,yangyang_random_blockage,,configured_bundle,,1.0,static_multimodal,3121,312.12164227595815,1.0,48,1230.19,48,0.2
audit,yangyang_random_blockage,,configured_bundle,,1.0,static_multimodal,3122,312.12164227595815,1.0,47,1215.14,47,0.2
audit,yangyang_random_blockage,,configured_bundle,,1.0,static_multimodal,3123,332.12156451998965,1.0,50,1282.37,50,0.2
audit,yangyang_random_blockage,,configured_bundle,,1.0,static_multimodal,3124,542.1212635739881,1.0,50,1304.43,50,0.2
audit,yangyang_random_blockage,,configured_bundle,,1.0,static_multimodal,3125,312.12164227595815,1.0,46,1200.08,46,0.1
audit,yangyang_random_blockage,,configured_bundle,,1.0,static_multimodal,3126,332.12156451998965,1.0,48,1252.26,48,0.2
audit,yangyang_random_blockage,,configured_bundle,,1.0,static_multimodal,3127,312.12164227595815,1.0,47,1215.14,47,0.2
audit,yangyang_random_blockage,,configured_bundle,,1.0,static_multimodal,3128,312.12164227595815,1.0,46,1200.08,46,0.2
audit,yangyang_random_blockage,,configured_bundle,,1.0,static_multimodal,3129,312.12164227595815,1.0,46,1200.08,46,0.1
audit,yangyang_random_blockage,,configured_bundle,,1.0,static_multimodal,3130,362.121355425225,1.0,48,1252.26,48,0.2
audit,yangyang_random_blockage,,configured_bundle,,1.0,bus_only,3101,328.4076986290484,1.0,24,2548.08,24,0.4
audit,yangyang_random_blockage,,configured_bundle,,1.0,bus_only,3102,328.4076986290484,1.0,24,2548.08,24,0.3
audit,yangyang_random_blockage,,configured_bundle,,1.0,bus_only,3103,328.4076986290484,1.0,24,2548.08,24,0.3
audit,yangyang_random_blockage,,configured_bundle,,1.0,bus_only,3104,328.4076986290484,1.0,24,2548.08,24,0.3
audit,yangyang_random_blockage,,configured_bundle,,1.0,bus_only,3105,219.61901521432324,1.0,23,2441.91,23,0.3
audit,yangyang_random_blockage,,configured_bundle,,1.0,bus_only,3106,328.4076986290484,1.0,24,2548.08,24,0.7
audit,yangyang_random_blockage,,configured_bundle,,1.0,bus_only,3107,219.61901521432324,1.0,23,2441.91,23,0.3
audit,yangyang_random_blockage,,configured_bundle,,1.0,bus_only,3108,338.4077246235772,1.0,26,2760.42,26,0.3
audit,yangyang_random_blockage,,configured_bundle,,1.0,bus_only,3109,343.4077384601076,1.0,27,2866.58,27,0.3
audit,yangyang_random_blockage,,configured_bundle,,1.0,bus_only,3110,333.40771118438323,1.0,25,2654.25,25,0.3
audit,yangyang_random_blockage,,configured_bundle,,1.0,bus_only,3111,328.4076986290484,1.0,24,2548.08,24,0.4
audit,yangyang_random_blockage,,configured_bundle,,1.0,bus_only,3112,333.40771118438323,1.0,25,2654.25,25,0.3
audit,yangyang_random_blockage,,configured_bundle,,1.0,bus_only,3113,334.6189650799517,1.0,25,2654.25,25,0.3
audit,yangyang_random_blockage,,configured_bundle,,1.0,bus_only,3114,219.61901521432324,1.0,23,2441.91,23,0.3
audit,yangyang_random_blockage,,configured_bundle,,1.0,bus_only,3115,328.4076986290484,1.0,24,2548.08,24,0.3
audit,yangyang_random_blockage,,configured_bundle,,1.0,bus_only,3116,333.40771118438323,1.0,25,2654.25,25,0.7
audit,yangyang_random_blockage,,configured_bundle,,1.0,bus_only,3117,328.4076986290484,1.0,24,2548.08,24,0.3
audit,yangyang_random_blockage,,configured_bundle,,1.0,bus_only,3118,328.4076986290484,1.0,24,2548.08,24,0.4
audit,yangyang_random_blockage,,configured_bundle,,1.0,bus_only,3119,328.4076986290484,1.0,24,2548.08,24,0.4
audit,yangyang_random_blockage,,configured_bundle,,1.0,bus_only,3120,333.40771118438323,1.0,25,2654.25,25,0.3
audit,yangyang_random_blockage,,configured_bundle,,1.0,bus_only,3121,333.40771118438323,1.0,25,2654.25,25,0.3
audit,yangyang_random_blockage,,configured_bundle,,1.0,bus_only,3122,328.4076986290484,1.0,24,2548.08,24,0.3
audit,yangyang_random_blockage,,configured_bundle,,1.0,bus_only,3123,338.4077246235772,1.0,26,2760.42,26,0.3
audit,yangyang_random_blockage,,configured_bundle,,1.0,bus_only,3124,454.6189608097767,1.0,25,2654.25,25,0.3
audit,yangyang_random_blockage,,configured_bundle,,1.0,bus_only,3125,219.61901521432324,1.0,23,2441.91,23,0.3
audit,yangyang_random_blockage,,configured_bundle,,1.0,bus_only,3126,328.4076986290484,1.0,24,2548.08,24,0.3
audit,yangyang_random_blockage,,configured_bundle,,1.0,bus_only,3127,328.4076986290484,1.0,24,2548.08,24,0.7
audit,yangyang_random_blockage,,configured_bundle,,1.0,bus_only,3128,219.61901521432324,1.0,23,2441.91,23,0.3
audit,yangyang_random_blockage,,configured_bundle,,1.0,bus_only,3129,219.61901521432324,1.0,23,2441.91,23,0.3
audit,yangyang_random_blockage,,configured_bundle,,1.0,bus_only,3130,328.4076986290484,1.0,24,2548.08,24,0.4
audit,yangyang_random_blockage,,configured_bundle,,1.0,static_multimodal,3101,332.12156451998965,1.0,48,1252.26,48,0.2
audit,yangyang_random_blockage,,configured_bundle,,1.0,static_multimodal,3102,312.12164227595815,1.0,47,1215.14,47,0.2
audit,yangyang_random_blockage,,configured_bundle,,1.0,static_multimodal,3103,332.12156451998965,1.0,48,1252.26,48,0.2
audit,yangyang_random_blockage,,configured_bundle,,1.0,static_multimodal,3104,332.12156451998965,1.0,48,1252.26,48,0.2
audit,yangyang_random_blockage,,configured_bundle,,1.0,static_multimodal,3105,312.12164227595815,1.0,46,1200.08,46,0.2
audit,yangyang_random_blockage,,configured_bundle,,1.0,static_multimodal,3106,362.121355425225,1.0,48,1252.26,48,0.2
audit,yangyang_random_blockage,,configured_bundle,,1.0,static_multimodal,3107,312.12164227595815,1.0,46,1200.08,46,0.2
audit,yangyang_random_blockage,,configured_bundle,,1.0,static_multimodal,3108,332.12156451998965,1.0,50,1282.37,50,0.2
audit,yangyang_random_blockage,,configured_bundle,,1.0,static_multimodal,3109,362.12138786352784,1.0,52,1334.55,52,0.2
audit,yangyang_random_blockage,,configured_bundle,,1.0,static_multimodal,3110,362.12138786352784,1.0,50,1304.43,50,0.2
audit,yangyang_random_blockage,,configured_bundle,,1.0,static_multimodal,3111,332.12156451998965,1.0,48,1252.26,48,0.2
audit,yangyang_random_blockage,,configured_bundle,,1.0,static_multimodal,3112,332.12156451998965,1.0,49,1267.31,49,0.2
audit,yangyang_random_blockage,,configured_bundle,,1.0,static_multimodal,3113,422.12126357398733,1.0,49,1267.31,49,0.2
audit,yangyang_random_blockage,,configured_bundle,,1.0,static_multimodal,3114,312.12164227595815,1.0,46,1200.08,46,0.6
audit,yangyang_random_blockage,,configured_bundle,,1.0,static_multimodal,3115,332.12156451998965,1.0,48,1252.26,48,0.2
audit,yangyang_random_blockage,,configured_bundle,,1.0,static_multimodal,3116,362.121355425225,1.0,49,1267.31,49,0.2
audit,yangyang_random_blockage,,configured_bundle,,1.0,static_multimodal,3117,312.12164227595815,1.0,47,1215.14,47,0.2
audit,yangyang_random_blockage,,configured_bundle,,1.0,static_multimodal,3118,312.12164227595815,1.0,47,1215.14,47,0.2
audit,yangyang_random_blockage,,configured_bundle,,1.0,static_multimodal,3119,312.12164227595815,1.0,47,1215.14,47,0.2
audit,yangyang_random_blockage,,configured_bundle,,1.0,static_multimodal,3120,362.121355425225,1.0,49,1267.31,49,0.2
audit,yangyang_random_blockage,,configured_bundle,,1.0,static_multimodal,3121,312.12164227595815,1.0,48,1230.19,48,0.2
audit,yangyang_random_blockage,,configured_bundle,,1.0,static_multimodal,3122,312.12164227595815,1.0,47,1215.14,47,0.2
audit,yangyang_random_blockage,,configured_bundle,,1.0,static_multimodal,3123,332.12156451998965,1.0,50,1282.37,50,0.3
audit,yangyang_random_blockage,,configured_bundle,,1.0,static_multimodal,3124,542.1212635739881,1.0,50,1304.43,50,0.2
audit,yangyang_random_blockage,,configured_bundle,,1.0,static_multimodal,3125,312.12164227595815,1.0,46,1200.08,46,0.2
audit,yangyang_random_blockage,,configured_bundle,,1.0,static_multimodal,3126,332.12156451998965,1.0,48,1252.26,48,0.2
audit,yangyang_random_blockage,,configured_bundle,,1.0,static_multimodal,3127,312.12164227595815,1.0,47,1215.14,47,0.2
audit,yangyang_random_blockage,,configured_bundle,,1.0,static_multimodal,3128,312.12164227595815,1.0,46,1200.08,46,0.3
audit,yangyang_random_blockage,,configured_bundle,,1.0,static_multimodal,3129,312.12164227595815,1.0,46,1200.08,46,0.2
audit,yangyang_random_blockage,,configured_bundle,,1.0,static_multimodal,3130,362.121355425225,1.0,48,1252.26,48,0.2
audit,yangyang_random_blockage,,configured_bundle,,1.0,bus_only,3101,327.2537655508865,1.0,24,2520.38,24,5.5
audit,yangyang_random_blockage,,configured_bundle,,1.0,bus_only,3102,327.2537655508865,1.0,24,2520.38,24,5.3
audit,yangyang_random_blockage,,configured_bundle,,1.0,bus_only,3103,327.2537655508865,1.0,24,2520.38,24,6.1
audit,yangyang_random_blockage,,configured_bundle,,1.0,bus_only,3104,327.2537655508865,1.0,24,2520.38,24,5.5
audit,yangyang_random_blockage,,configured_bundle,,1.0,bus_only,3105,219.61901521432324,1.0,23,2415.37,23,5.1
audit,yangyang_random_blockage,,configured_bundle,,1.0,static_multimodal,3101,332.12156451998965,1.0,48,1252.26,48,1.3
audit,yangyang_random_blockage,,configured_bundle,,1.0,static_multimodal,3102,312.12164227595815,1.0,47,1215.14,47,1.4
audit,yangyang_random_blockage,,configured_bundle,,1.0,static_multimodal,3103,332.12156451998965,1.0,48,1252.26,48,1.0
audit,yangyang_random_blockage,,configured_bundle,,1.0,static_multimodal,3104,332.12156451998965,1.0,48,1252.26,48,1.3
audit,yangyang_random_blockage,,configured_bundle,,1.0,static_multimodal,3105,312.12164227595815,1.0,46,1200.08,46,1.0
audit,yangyang_access_road_damage_severe,,configured_bundle,,1.0,bus_only,3101,326.8568824293319,1.0,24,2510.86,24,0.2
audit,yangyang_access_road_damage_severe,,configured_bundle,,1.0,bus_only,3102,326.8568824293319,1.0,24,2510.86,24,0.2
audit,yangyang_access_road_damage_severe,,configured_bundle,,1.0,bus_only,3103,326.8568824293319,1.0,24,2510.86,24,0.2
audit,yangyang_access_road_damage_severe,,configured_bundle,,1.0,bus_only,3104,326.8568824293319,1.0,24,2510.86,24,0.2
audit,yangyang_access_road_damage_severe,,configured_bundle,,1.0,bus_only,3105,219.61901521432324,1.0,23,2406.24,23,0.2
audit,yangyang_access_road_damage_severe,,configured_bundle,,1.0,bus_only,3106,326.8568824293319,1.0,24,2510.86,24,0.2
audit,yangyang_access_road_damage_severe,,configured_bundle,,1.0,bus_only,3107,219.61901521432324,1.0,23,2406.24,23,0.2
audit,yangyang_access_road_damage_severe,,configured_bundle,,1.0,bus_only,3108,336.8569079084516,1.0,26,2720.09,26,0.2
audit,yangyang_access_road_damage_severe,,configured_bundle,,1.0,bus_only,3109,341.8569214757593,1.0,27,2824.71,27,0.2
audit,yangyang_access_road_damage_severe,,configured_bundle,,1.0,bus_only,3110,331.8568947307515,1.0,25,2615.47,25,0.2
audit,yangyang_access_road_damage_severe,,configured_bundle,,1.0,bus_only,3111,326.8568824293319,1.0,24,2510.86,24,0.2
audit,yangyang_access_road_damage_severe,,configured_bundle,,1.0,bus_only,3112,331.8568947307515,1.0,25,2615.47,25,0.2
audit,yangyang_access_road_damage_severe,,configured_bundle,,1.0,bus_only,3113,334.6189650799517,1.0,25,2615.47,25,0.2
audit,yangyang_access_road_damage_severe,,configured_bundle,,1.0,bus_only,3114,219.61901521432324,1.0,23,2406.24,23,0.2
audit,yangyang_access_road_damage_severe,,configured_bundle,,1.0,bus_only,3115,326.8568824293319,1.0,24,2510.86,24,0.2
audit,yangyang_access_road_damage_severe,,configured_bundle,,1.0,bus_only,3116,331.8568947307515,1.0,25,2615.47,25,0.2
audit,yangyang_access_road_damage_severe,,configured_bundle,,1.0,bus_only,3117,326.8568824293319,1.0,24,2510.86,24,0.2
audit,yangyang_access_road_damage_severe,,configured_bundle,,1.0,bus_only,3118,326.8568824293319,1.0,24,2510.86,24,0.2
audit,yangyang_access_road_damage_severe,,configured_bundle,,1.0,bus_only,3119,326.8568824293319,1.0,24,2510.86,24,0.2
audit,yangyang_access_road_damage_severe,,configured_bundle,,1.0,bus_only,3120,331.8568947307515,1.0,25,2615.47,25,0.2
audit,yangyang_access_road_damage_severe,,configured_bundle,,1.0,bus_only,3121,331.8568947307515,1.0,25,2615.47,25,0.2
audit,yangyang_access_road_damage_severe,,configured_bundle,,1.0,bus_only,3122,326.8568824293319,1.0,24,2510.86,24,0.2
audit,yangyang_access_road_damage_severe,,configured_bundle,,1.0,bus_only,3123,336.8569079084516,1.0,26,2720.09,26,0.2
audit,yangyang_access_road_damage_severe,,configured_bundle,,1.0,bus_only,3124,454.6189608097767,1.0,25,2615.47,25,0.2
audit,yangyang_access_road_damage_severe,,configured_bundle,,1.0,bus_only,3125,219.61901521432324,1.0,23,2406.24,23,0.2
audit,yangyang_access_road_damage_severe,,configured_bundle,,1.0,bus_only,3126,326.8568824293319,1.0,24,2510.86,24,0.2
audit,yangyang_access_road_damage_severe,,configured_bundle,,1.0,bus_only,3127,326.8568824293319,1.0,24,2510.86,24,0.2
audit,yangyang_access_road_damage_severe,,configured_bundle,,1.0,bus_only,3128,219.61901521432324,1.0,23,2406.24,23,0.2
audit,yangyang_access_road_damage_severe,,configured_bundle,,1.0,bus_only,3129,219.61901521432324,1.0,23,2406.24,23,0.2
audit,yangyang_access_road_damage_severe,,configured_bundle,,1.0,bus_only,3130,326.8568824293319,1.0,24,2510.86,24,0.2
audit,yangyang_access_road_damage_severe,,configured_bundle,,1.0,static_multimodal,3101,332.12156451998965,1.0,48,1252.26,48,0.1
audit,yangyang_access_road_damage_severe,,configured_bundle,,1.0,static_multimodal,3102,312.12164227595815,1.0,47,1215.14,47,0.1
audit,yangyang_access_road_damage_severe,,configured_bundle,,1.0,static_multimodal,3103,332.12156451998965,1.0,48,1252.26,48,0.2
audit,yangyang_access_road_damage_severe,,configured_bundle,,1.0,static_multimodal,3104,332.12156451998965,1.0,48,1252.26,48,0.1
audit,yangyang_access_road_damage_severe,,configured_bundle,,1.0,static_multimodal,3105,312.12164227595815,1.0,46,1200.08,46,0.2
audit,yangyang_access_road_damage_severe,,configured_bundle,,1.0,static_multimodal,3106,362.121355425225,1.0,48,1252.26,48,0.1
audit,yangyang_access_road_damage_severe,,configured_bundle,,1.0,static_multimodal,3107,312.12164227595815,1.0,46,1200.08,46,0.2
audit,yangyang_access_road_damage_severe,,configured_bundle,,1.0,static_multimodal,3108,332.12156451998965,1.0,50,1282.37,50,0.2
audit,yangyang_access_road_damage_severe,,configured_bundle,,1.0,static_multimodal,3109,362.12138786352784,1.0,52,1334.55,52,0.1
audit,yangyang_access_road_damage_severe,,configured_bundle,,1.0,static_multimodal,3110,362.12138786352784,1.0,50,1304.43,50,0.1
audit,yangyang_access_road_damage_severe,,configured_bundle,,1.0,static_multimodal,3111,332.12156451998965,1.0,48,1252.26,48,0.1
audit,yangyang_access_road_damage_severe,,configured_bundle,,1.0,static_multimodal,3112,332.12156451998965,1.0,49,1267.31,49,0.2
audit,yangyang_access_road_damage_severe,,configured_bundle,,1.0,static_multimodal,3113,422.12126357398733,1.0,49,1267.31,49,0.1
audit,yangyang_access_road_damage_severe,,configured_bundle,,1.0,static_multimodal,3114,312.12164227595815,1.0,46,1200.08,46,0.1
audit,yangyang_access_road_damage_severe,,configured_bundle,,1.0,static_multimodal,3115,332.12156451998965,1.0,48,1252.26,48,0.2
audit,yangyang_access_road_damage_severe,,configured_bundle,,1.0,static_multimodal,3116,362.121355425225,1.0,49,1267.31,49,0.1
audit,yangyang_access_road_damage_severe,,configured_bundle,,1.0,static_multimodal,3117,312.12164227595815,1.0,47,1215.14,47,0.2
audit,yangyang_access_road_damage_severe,,configured_bundle,,1.0,static_multimodal,3118,312.12164227595815,1.0,47,1215.14,47,0.1
audit,yangyang_access_road_damage_severe,,configured_bundle,,1.0,static_multimodal,3119,312.12164227595815,1.0,47,1215.14,47,0.2
audit,yangyang_access_road_damage_severe,,configured_bundle,,1.0,static_multimodal,3120,362.121355425225,1.0,49,1267.31,49,0.1
audit,yangyang_access_road_damage_severe,,configured_bundle,,1.0,static_multimodal,3121,312.12164227595815,1.0,48,1230.19,48,0.1
audit,yangyang_access_road_damage_severe,,configured_bundle,,1.0,static_multimodal,3122,312.12164227595815,1.0,47,1215.14,47,0.1
audit,yangyang_access_road_damage_severe,,configured_bundle,,1.0,static_multimodal,3123,332.12156451998965,1.0,50,1282.37,50,0.1
audit,yangyang_access_road_damage_severe,,configured_bundle,,1.0,static_multimodal,3124,542.1212635739881,1.0,50,1304.43,50,0.2
audit,yangyang_access_road_damage_severe,,configured_bundle,,1.0,static_multimodal,3125,312.12164227595815,1.0,46,1200.08,46,0.1
audit,yangyang_access_road_damage_severe,,configured_bundle,,1.0,static_multimodal,3126,332.12156451998965,1.0,48,1252.26,48,0.1
audit,yangyang_access_road_damage_severe,,configured_bundle,,1.0,static_multimodal,3127,312.12164227595815,1.0,47,1215.14,47,0.1
audit,yangyang_access_road_damage_severe,,configured_bundle,,1.0,static_multimodal,3128,312.12164227595815,1.0,46,1200.08,46,0.1
audit,yangyang_access_road_damage_severe,,configured_bundle,,1.0,static_multimodal,3129,312.12164227595815,1.0,46,1200.08,46,0.2
audit,yangyang_access_road_damage_severe,,configured_bundle,,1.0,static_multimodal,3130,362.121355425225,1.0,48,1252.26,48,0.1
audit,yangyang_access_road_damage_severe,,configured_bundle,,1.0,bus_only,3101,326.8568824293319,1.0,24,2510.86,24,0.2
audit,yangyang_access_road_damage_severe,,configured_bundle,,1.0,bus_only,3102,326.8568824293319,1.0,24,2510.86,24,0.2
audit,yangyang_access_road_damage_severe,,configured_bundle,,1.0,bus_only,3103,326.8568824293319,1.0,24,2510.86,24,0.2
audit,yangyang_access_road_damage_severe,,configured_bundle,,1.0,bus_only,3104,326.8568824293319,1.0,24,2510.86,24,0.2
audit,yangyang_access_road_damage_severe,,configured_bundle,,1.0,bus_only,3105,219.61901521432324,1.0,23,2406.24,23,0.2
audit,yangyang_access_road_damage_severe,,configured_bundle,,1.0,bus_only,3106,326.8568824293319,1.0,24,2510.86,24,0.2
audit,yangyang_access_road_damage_severe,,configured_bundle,,1.0,bus_only,3107,219.61901521432324,1.0,23,2406.24,23,0.2
audit,yangyang_access_road_damage_severe,,configured_bundle,,1.0,bus_only,3108,336.8569079084516,1.0,26,2720.09,26,0.2
audit,yangyang_access_road_damage_severe,,configured_bundle,,1.0,bus_only,3109,341.8569214757593,1.0,27,2824.71,27,0.2
audit,yangyang_access_road_damage_severe,,configured_bundle,,1.0,bus_only,3110,331.8568947307515,1.0,25,2615.47,25,0.2
audit,yangyang_access_road_damage_severe,,configured_bundle,,1.0,bus_only,3111,326.8568824293319,1.0,24,2510.86,24,0.2
audit,yangyang_access_road_damage_severe,,configured_bundle,,1.0,bus_only,3112,331.8568947307515,1.0,25,2615.47,25,0.2
audit,yangyang_access_road_damage_severe,,configured_bundle,,1.0,bus_only,3113,334.6189650799517,1.0,25,2615.47,25,0.6
audit,yangyang_access_road_damage_severe,,configured_bundle,,1.0,bus_only,3114,219.61901521432324,1.0,23,2406.24,23,0.2
audit,yangyang_access_road_damage_severe,,configured_bundle,,1.0,bus_only,3115,326.8568824293319,1.0,24,2510.86,24,0.2
audit,yangyang_access_road_damage_severe,,configured_bundle,,1.0,bus_only,3116,331.8568947307515,1.0,25,2615.47,25,0.2
audit,yangyang_access_road_damage_severe,,configured_bundle,,1.0,bus_only,3117,326.8568824293319,1.0,24,2510.86,24,0.2
audit,yangyang_access_road_damage_severe,,configured_bundle,,1.0,bus_only,3118,326.8568824293319,1.0,24,2510.86,24,0.2
audit,yangyang_access_road_damage_severe,,configured_bundle,,1.0,bus_only,3119,326.8568824293319,1.0,24,2510.86,24,0.2
audit,yangyang_access_road_damage_severe,,configured_bundle,,1.0,bus_only,3120,331.8568947307515,1.0,25,2615.47,25,0.2
audit,yangyang_access_road_damage_severe,,configured_bundle,,1.0,bus_only,3121,331.8568947307515,1.0,25,2615.47,25,0.2
audit,yangyang_access_road_damage_severe,,configured_bundle,,1.0,bus_only,3122,326.8568824293319,1.0,24,2510.86,24,0.2
audit,yangyang_access_road_damage_severe,,configured_bundle,,1.0,bus_only,3123,336.8569079084516,1.0,26,2720.09,26,0.2
audit,yangyang_access_road_damage_severe,,configured_bundle,,1.0,bus_only,3124,454.6189608097767,1.0,25,2615.47,25,0.2
audit,yangyang_access_road_damage_severe,,configured_bundle,,1.0,bus_only,3125,219.61901521432324,1.0,23,2406.24,23,0.2
audit,yangyang_access_road_damage_severe,,configured_bundle,,1.0,bus_only,3126,326.8568824293319,1.0,24,2510.86,24,0.2
audit,yangyang_access_road_damage_severe,,configured_bundle,,1.0,bus_only,3127,326.8568824293319,1.0,24,2510.86,24,0.2
audit,yangyang_access_road_damage_severe,,configured_bundle,,1.0,bus_only,3128,219.61901521432324,1.0,23,2406.24,23,0.2
audit,yangyang_access_road_damage_severe,,configured_bundle,,1.0,bus_only,3129,219.61901521432324,1.0,23,2406.24,23,0.2
audit,yangyang_access_road_damage_severe,,configured_bundle,,1.0,bus_only,3130,326.8568824293319,1.0,24,2510.86,24,0.2
audit,yangyang_access_road_damage_severe,,configured_bundle,,1.0,static_multimodal,3101,332.12156451998965,1.0,48,1252.26,48,0.2
audit,yangyang_access_road_damage_severe,,configured_bundle,,1.0,static_multimodal,3102,312.12164227595815,1.0,47,1215.14,47,0.2
audit,yangyang_access_road_damage_severe,,configured_bundle,,1.0,static_multimodal,3103,332.12156451998965,1.0,48,1252.26,48,0.2
audit,yangyang_access_road_damage_severe,,configured_bundle,,1.0,static_multimodal,3104,332.12156451998965,1.0,48,1252.26,48,0.2
audit,yangyang_access_road_damage_severe,,configured_bundle,,1.0,static_multimodal,3105,312.12164227595815,1.0,46,1200.08,46,0.2
audit,yangyang_access_road_damage_severe,,configured_bundle,,1.0,static_multimodal,3106,362.121355425225,1.0,48,1252.26,48,0.2
audit,yangyang_access_road_damage_severe,,configured_bundle,,1.0,static_multimodal,3107,312.12164227595815,1.0,46,1200.08,46,0.2
audit,yangyang_access_road_damage_severe,,configured_bundle,,1.0,static_multimodal,3108,332.12156451998965,1.0,50,1282.37,50,0.2
audit,yangyang_access_road_damage_severe,,configured_bundle,,1.0,static_multimodal,3109,362.12138786352784,1.0,52,1334.55,52,0.2
audit,yangyang_access_road_damage_severe,,configured_bundle,,1.0,static_multimodal,3110,362.12138786352784,1.0,50,1304.43,50,0.2
audit,yangyang_access_road_damage_severe,,configured_bundle,,1.0,static_multimodal,3111,332.12156451998965,1.0,48,1252.26,48,0.2
audit,yangyang_access_road_damage_severe,,configured_bundle,,1.0,static_multimodal,3112,332.12156451998965,1.0,49,1267.31,49,0.2
audit,yangyang_access_road_damage_severe,,configured_bundle,,1.0,static_multimodal,3113,422.12126357398733,1.0,49,1267.31,49,0.2
audit,yangyang_access_road_damage_severe,,configured_bundle,,1.0,static_multimodal,3114,312.12164227595815,1.0,46,1200.08,46,0.2
audit,yangyang_access_road_damage_severe,,configured_bundle,,1.0,static_multimodal,3115,332.12156451998965,1.0,48,1252.26,48,0.2
audit,yangyang_access_road_damage_severe,,configured_bundle,,1.0,static_multimodal,3116,362.121355425225,1.0,49,1267.31,49,0.2
audit,yangyang_access_road_damage_severe,,configured_bundle,,1.0,static_multimodal,3117,312.12164227595815,1.0,47,1215.14,47,0.2
audit,yangyang_access_road_damage_severe,,configured_bundle,,1.0,static_multimodal,3118,312.12164227595815,1.0,47,1215.14,47,0.2
audit,yangyang_access_road_damage_severe,,configured_bundle,,1.0,static_multimodal,3119,312.12164227595815,1.0,47,1215.14,47,0.2
audit,yangyang_access_road_damage_severe,,configured_bundle,,1.0,static_multimodal,3120,362.121355425225,1.0,49,1267.31,49,0.2
audit,yangyang_access_road_damage_severe,,configured_bundle,,1.0,static_multimodal,3121,312.12164227595815,1.0,48,1230.19,48,0.2
audit,yangyang_access_road_damage_severe,,configured_bundle,,1.0,static_multimodal,3122,312.12164227595815,1.0,47,1215.14,47,0.2
audit,yangyang_access_road_damage_severe,,configured_bundle,,1.0,static_multimodal,3123,332.12156451998965,1.0,50,1282.37,50,0.2
audit,yangyang_access_road_damage_severe,,configured_bundle,,1.0,static_multimodal,3124,542.1212635739881,1.0,50,1304.43,50,0.2
audit,yangyang_access_road_damage_severe,,configured_bundle,,1.0,static_multimodal,3125,312.12164227595815,1.0,46,1200.08,46,0.2
audit,yangyang_access_road_damage_severe,,configured_bundle,,1.0,static_multimodal,3126,332.12156451998965,1.0,48,1252.26,48,0.2
audit,yangyang_access_road_damage_severe,,configured_bundle,,1.0,static_multimodal,3127,312.12164227595815,1.0,47,1215.14,47,0.2
audit,yangyang_access_road_damage_severe,,configured_bundle,,1.0,static_multimodal,3128,312.12164227595815,1.0,46,1200.08,46,0.2
audit,yangyang_access_road_damage_severe,,configured_bundle,,1.0,static_multimodal,3129,312.12164227595815,1.0,46,1200.08,46,0.2
audit,yangyang_access_road_damage_severe,,configured_bundle,,1.0,static_multimodal,3130,362.121355425225,1.0,48,1252.26,48,0.2
audit,yangyang_access_road_damage_severe,,configured_bundle,,1.0,bus_only,3101,326.8568824293319,1.0,24,2510.86,24,0.3
audit,yangyang_access_road_damage_severe,,configured_bundle,,1.0,bus_only,3102,326.8568824293319,1.0,24,2510.86,24,0.3
audit,yangyang_access_road_damage_severe,,configured_bundle,,1.0,bus_only,3103,326.8568824293319,1.0,24,2510.86,24,0.7
audit,yangyang_access_road_damage_severe,,configured_bundle,,1.0,bus_only,3104,326.8568824293319,1.0,24,2510.86,24,0.3
audit,yangyang_access_road_damage_severe,,configured_bundle,,1.0,bus_only,3105,219.61901521432324,1.0,23,2406.24,23,0.3
audit,yangyang_access_road_damage_severe,,configured_bundle,,1.0,bus_only,3106,326.8568824293319,1.0,24,2510.86,24,0.3
audit,yangyang_access_road_damage_severe,,configured_bundle,,1.0,bus_only,3107,219.61901521432324,1.0,23,2406.24,23,0.3
audit,yangyang_access_road_damage_severe,,configured_bundle,,1.0,bus_only,3108,336.8569079084516,1.0,26,2720.09,26,0.3
audit,yangyang_access_road_damage_severe,,configured_bundle,,1.0,bus_only,3109,341.8569214757593,1.0,27,2824.71,27,0.4
audit,yangyang_access_road_damage_severe,,configured_bundle,,1.0,bus_only,3110,331.8568947307515,1.0,25,2615.47,25,0.3
audit,yangyang_access_road_damage_severe,,configured_bundle,,1.0,bus_only,3111,326.8568824293319,1.0,24,2510.86,24,0.3
audit,yangyang_access_road_damage_severe,,configured_bundle,,1.0,bus_only,3112,331.8568947307515,1.0,25,2615.47,25,0.7
audit,yangyang_access_road_damage_severe,,configured_bundle,,1.0,bus_only,3113,334.6189650799517,1.0,25,2615.47,25,0.3
audit,yangyang_access_road_damage_severe,,configured_bundle,,1.0,bus_only,3114,219.61901521432324,1.0,23,2406.24,23,0.3
audit,yangyang_access_road_damage_severe,,configured_bundle,,1.0,bus_only,3115,326.8568824293319,1.0,24,2510.86,24,0.3
audit,yangyang_access_road_damage_severe,,configured_bundle,,1.0,bus_only,3116,331.8568947307515,1.0,25,2615.47,25,0.3
audit,yangyang_access_road_damage_severe,,configured_bundle,,1.0,bus_only,3117,326.8568824293319,1.0,24,2510.86,24,0.3
audit,yangyang_access_road_damage_severe,,configured_bundle,,1.0,bus_only,3118,326.8568824293319,1.0,24,2510.86,24,0.3
audit,yangyang_access_road_damage_severe,,configured_bundle,,1.0,bus_only,3119,326.8568824293319,1.0,24,2510.86,24,0.3
audit,yangyang_access_road_damage_severe,,configured_bundle,,1.0,bus_only,3120,331.8568947307515,1.0,25,2615.47,25,0.3
audit,yangyang_access_road_damage_severe,,configured_bundle,,1.0,bus_only,3121,331.8568947307515,1.0,25,2615.47,25,0.3
audit,yangyang_access_road_damage_severe,,configured_bundle,,1.0,bus_only,3122,326.8568824293319,1.0,24,2510.86,24,0.7
audit,yangyang_access_road_damage_severe,,configured_bundle,,1.0,bus_only,3123,336.8569079084516,1.0,26,2720.09,26,0.4
audit,yangyang_access_road_damage_severe,,configured_bundle,,1.0,bus_only,3124,454.6189608097767,1.0,25,2615.47,25,0.3
audit,yangyang_access_road_damage_severe,,configured_bundle,,1.0,bus_only,3125,219.61901521432324,1.0,23,2406.24,23,0.3
audit,yangyang_access_road_damage_severe,,configured_bundle,,1.0,bus_only,3126,326.8568824293319,1.0,24,2510.86,24,0.3
audit,yangyang_access_road_damage_severe,,configured_bundle,,1.0,bus_only,3127,326.8568824293319,1.0,24,2510.86,24,0.3
audit,yangyang_access_road_damage_severe,,configured_bundle,,1.0,bus_only,3128,219.61901521432324,1.0,23,2406.24,23,0.3
audit,yangyang_access_road_damage_severe,,configured_bundle,,1.0,bus_only,3129,219.61901521432324,1.0,23,2406.24,23,0.3
audit,yangyang_access_road_damage_severe,,configured_bundle,,1.0,bus_only,3130,326.8568824293319,1.0,24,2510.86,24,0.3
audit,yangyang_access_road_damage_severe,,configured_bundle,,1.0,static_multimodal,3101,332.12156451998965,1.0,48,1252.26,48,0.2
audit,yangyang_access_road_damage_severe,,configured_bundle,,1.0,static_multimodal,3102,312.12164227595815,1.0,47,1215.14,47,0.2
audit,yangyang_access_road_damage_severe,,configured_bundle,,1.0,static_multimodal,3103,332.12156451998965,1.0,48,1252.26,48,0.2
audit,yangyang_access_road_damage_severe,,configured_bundle,,1.0,static_multimodal,3104,332.12156451998965,1.0,48,1252.26,48,0.6
audit,yangyang_access_road_damage_severe,,configured_bundle,,1.0,static_multimodal,3105,312.12164227595815,1.0,46,1200.08,46,0.2
audit,yangyang_access_road_damage_severe,,configured_bundle,,1.0,static_multimodal,3106,362.121355425225,1.0,48,1252.26,48,0.2
audit,yangyang_access_road_damage_severe,,configured_bundle,,1.0,static_multimodal,3107,312.12164227595815,1.0,46,1200.08,46,0.2
audit,yangyang_access_road_damage_severe,,configured_bundle,,1.0,static_multimodal,3108,332.12156451998965,1.0,50,1282.37,50,0.2
audit,yangyang_access_road_damage_severe,,configured_bundle,,1.0,static_multimodal,3109,362.12138786352784,1.0,52,1334.55,52,0.2
audit,yangyang_access_road_damage_severe,,configured_bundle,,1.0,static_multimodal,3110,362.12138786352784,1.0,50,1304.43,50,0.3
audit,yangyang_access_road_damage_severe,,configured_bundle,,1.0,static_multimodal,3111,332.12156451998965,1.0,48,1252.26,48,0.3
audit,yangyang_access_road_damage_severe,,configured_bundle,,1.0,static_multimodal,3112,332.12156451998965,1.0,49,1267.31,49,0.2
audit,yangyang_access_road_damage_severe,,configured_bundle,,1.0,static_multimodal,3113,422.12126357398733,1.0,49,1267.31,49,0.2
audit,yangyang_access_road_damage_severe,,configured_bundle,,1.0,static_multimodal,3114,312.12164227595815,1.0,46,1200.08,46,0.2
audit,yangyang_access_road_damage_severe,,configured_bundle,,1.0,static_multimodal,3115,332.12156451998965,1.0,48,1252.26,48,0.2
audit,yangyang_access_road_damage_severe,,configured_bundle,,1.0,static_multimodal,3116,362.121355425225,1.0,49,1267.31,49,0.2
audit,yangyang_access_road_damage_severe,,configured_bundle,,1.0,static_multimodal,3117,312.12164227595815,1.0,47,1215.14,47,0.2
audit,yangyang_access_road_damage_severe,,configured_bundle,,1.0,static_multimodal,3118,312.12164227595815,1.0,47,1215.14,47,0.2
audit,yangyang_access_road_damage_severe,,configured_bundle,,1.0,static_multimodal,3119,312.12164227595815,1.0,47,1215.14,47,0.3
audit,yangyang_access_road_damage_severe,,configured_bundle,,1.0,static_multimodal,3120,362.121355425225,1.0,49,1267.31,49,0.2
audit,yangyang_access_road_damage_severe,,configured_bundle,,1.0,static_multimodal,3121,312.12164227595815,1.0,48,1230.19,48,0.2
audit,yangyang_access_road_damage_severe,,configured_bundle,,1.0,static_multimodal,3122,312.12164227595815,1.0,47,1215.14,47,0.2
audit,yangyang_access_road_damage_severe,,configured_bundle,,1.0,static_multimodal,3123,332.12156451998965,1.0,50,1282.37,50,0.2
audit,yangyang_access_road_damage_severe,,configured_bundle,,1.0,static_multimodal,3124,542.1212635739881,1.0,50,1304.43,50,0.2
audit,yangyang_access_road_damage_severe,,configured_bundle,,1.0,static_multimodal,3125,312.12164227595815,1.0,46,1200.08,46,0.2
audit,yangyang_access_road_damage_severe,,configured_bundle,,1.0,static_multimodal,3126,332.12156451998965,1.0,48,1252.26,48,0.2
audit,yangyang_access_road_damage_severe,,configured_bundle,,1.0,static_multimodal,3127,312.12164227595815,1.0,47,1215.14,47,0.6
audit,yangyang_access_road_damage_severe,,configured_bundle,,1.0,static_multimodal,3128,312.12164227595815,1.0,46,1200.08,46,0.2
audit,yangyang_access_road_damage_severe,,configured_bundle,,1.0,static_multimodal,3129,312.12164227595815,1.0,46,1200.08,46,0.2
audit,yangyang_access_road_damage_severe,,configured_bundle,,1.0,static_multimodal,3130,362.121355425225,1.0,48,1252.26,48,0.2
audit,yangyang_access_road_damage_severe,,configured_bundle,,1.0,bus_only,3101,326.8568824293319,1.0,24,2510.86,24,5.7
audit,yangyang_access_road_damage_severe,,configured_bundle,,1.0,bus_only,3102,326.8568824293319,1.0,24,2510.86,24,5.6
audit,yangyang_access_road_damage_severe,,configured_bundle,,1.0,bus_only,3103,326.8568824293319,1.0,24,2510.86,24,5.5
audit,yangyang_access_road_damage_severe,,configured_bundle,,1.0,bus_only,3104,326.8568824293319,1.0,24,2510.86,24,5.8
audit,yangyang_access_road_damage_severe,,configured_bundle,,1.0,bus_only,3105,219.61901521432324,1.0,23,2406.24,23,5.7
audit,yangyang_access_road_damage_severe,,configured_bundle,,1.0,static_multimodal,3101,332.12156451998965,1.0,48,1252.26,48,1.0
audit,yangyang_access_road_damage_severe,,configured_bundle,,1.0,static_multimodal,3102,312.12164227595815,1.0,47,1215.14,47,1.0
audit,yangyang_access_road_damage_severe,,configured_bundle,,1.0,static_multimodal,3103,332.12156451998965,1.0,48,1252.26,48,1.3
audit,yangyang_access_road_damage_severe,,configured_bundle,,1.0,static_multimodal,3104,332.12156451998965,1.0,48,1252.26,48,1.0
audit,yangyang_access_road_damage_severe,,configured_bundle,,1.0,static_multimodal,3105,312.12164227595815,1.0,46,1200.08,46,1.3
audit,yangyang_last_mile_damage_severe,,configured_bundle,,1.0,bus_only,3101,326.8568824293319,1.0,24,2510.86,24,0.2
audit,yangyang_last_mile_damage_severe,,configured_bundle,,1.0,bus_only,3102,326.8568824293319,1.0,24,2510.86,24,0.2
audit,yangyang_last_mile_damage_severe,,configured_bundle,,1.0,bus_only,3103,326.8568824293319,1.0,24,2510.86,24,0.2
audit,yangyang_last_mile_damage_severe,,configured_bundle,,1.0,bus_only,3104,326.8568824293319,1.0,24,2510.86,24,0.2
audit,yangyang_last_mile_damage_severe,,configured_bundle,,1.0,bus_only,3105,219.61901521432324,1.0,23,2406.24,23,0.2
audit,yangyang_last_mile_damage_severe,,configured_bundle,,1.0,bus_only,3106,326.8568824293319,1.0,24,2510.86,24,0.2
audit,yangyang_last_mile_damage_severe,,configured_bundle,,1.0,bus_only,3107,219.61901521432324,1.0,23,2406.24,23,0.2
audit,yangyang_last_mile_damage_severe,,configured_bundle,,1.0,bus_only,3108,336.8569079084516,1.0,26,2720.09,26,0.2
audit,yangyang_last_mile_damage_severe,,configured_bundle,,1.0,bus_only,3109,341.8569214757593,1.0,27,2824.71,27,0.2
audit,yangyang_last_mile_damage_severe,,configured_bundle,,1.0,bus_only,3110,331.8568947307515,1.0,25,2615.47,25,0.2
audit,yangyang_last_mile_damage_severe,,configured_bundle,,1.0,bus_only,3111,326.8568824293319,1.0,24,2510.86,24,0.2
audit,yangyang_last_mile_damage_severe,,configured_bundle,,1.0,bus_only,3112,331.8568947307515,1.0,25,2615.47,25,0.2
audit,yangyang_last_mile_damage_severe,,configured_bundle,,1.0,bus_only,3113,334.6189650799517,1.0,25,2615.47,25,0.2
audit,yangyang_last_mile_damage_severe,,configured_bundle,,1.0,bus_only,3114,219.61901521432324,1.0,23,2406.24,23,0.2
audit,yangyang_last_mile_damage_severe,,configured_bundle,,1.0,bus_only,3115,326.8568824293319,1.0,24,2510.86,24,0.2
audit,yangyang_last_mile_damage_severe,,configured_bundle,,1.0,bus_only,3116,331.8568947307515,1.0,25,2615.47,25,0.2
audit,yangyang_last_mile_damage_severe,,configured_bundle,,1.0,bus_only,3117,326.8568824293319,1.0,24,2510.86,24,0.2
audit,yangyang_last_mile_damage_severe,,configured_bundle,,1.0,bus_only,3118,326.8568824293319,1.0,24,2510.86,24,0.2
audit,yangyang_last_mile_damage_severe,,configured_bundle,,1.0,bus_only,3119,326.8568824293319,1.0,24,2510.86,24,0.2
audit,yangyang_last_mile_damage_severe,,configured_bundle,,1.0,bus_only,3120,331.8568947307515,1.0,25,2615.47,25,0.2
audit,yangyang_last_mile_damage_severe,,configured_bundle,,1.0,bus_only,3121,331.8568947307515,1.0,25,2615.47,25,0.2
audit,yangyang_last_mile_damage_severe,,configured_bundle,,1.0,bus_only,3122,326.8568824293319,1.0,24,2510.86,24,0.2
audit,yangyang_last_mile_damage_severe,,configured_bundle,,1.0,bus_only,3123,336.8569079084516,1.0,26,2720.09,26,0.2
audit,yangyang_last_mile_damage_severe,,configured_bundle,,1.0,bus_only,3124,454.6189608097767,1.0,25,2615.47,25,0.2
audit,yangyang_last_mile_damage_severe,,configured_bundle,,1.0,bus_only,3125,219.61901521432324,1.0,23,2406.24,23,0.2
audit,yangyang_last_mile_damage_severe,,configured_bundle,,1.0,bus_only,3126,326.8568824293319,1.0,24,2510.86,24,0.2
audit,yangyang_last_mile_damage_severe,,configured_bundle,,1.0,bus_only,3127,326.8568824293319,1.0,24,2510.86,24,0.2
audit,yangyang_last_mile_damage_severe,,configured_bundle,,1.0,bus_only,3128,219.61901521432324,1.0,23,2406.24,23,0.2
audit,yangyang_last_mile_damage_severe,,configured_bundle,,1.0,bus_only,3129,219.61901521432324,1.0,23,2406.24,23,0.1
audit,yangyang_last_mile_damage_severe,,configured_bundle,,1.0,bus_only,3130,326.8568824293319,1.0,24,2510.86,24,0.2
audit,yangyang_last_mile_damage_severe,,configured_bundle,,1.0,static_multimodal,3101,332.12156451998965,1.0,48,1252.26,48,0.1
audit,yangyang_last_mile_damage_severe,,configured_bundle,,1.0,static_multimodal,3102,312.12164227595815,1.0,47,1215.14,47,0.1
audit,yangyang_last_mile_damage_severe,,configured_bundle,,1.0,static_multimodal,3103,332.12156451998965,1.0,48,1252.26,48,0.1
audit,yangyang_last_mile_damage_severe,,configured_bundle,,1.0,static_multimodal,3104,332.12156451998965,1.0,48,1252.26,48,0.1
audit,yangyang_last_mile_damage_severe,,configured_bundle,,1.0,static_multimodal,3105,312.12164227595815,1.0,46,1200.08,46,0.1
audit,yangyang_last_mile_damage_severe,,configured_bundle,,1.0,static_multimodal,3106,362.121355425225,1.0,48,1252.26,48,0.2
audit,yangyang_last_mile_damage_severe,,configured_bundle,,1.0,static_multimodal,3107,312.12164227595815,1.0,46,1200.08,46,0.1
audit,yangyang_last_mile_damage_severe,,configured_bundle,,1.0,static_multimodal,3108,332.12156451998965,1.0,50,1282.37,50,0.2
audit,yangyang_last_mile_damage_severe,,configured_bundle,,1.0,static_multimodal,3109,362.12138786352784,1.0,52,1334.55,52,0.1
audit,yangyang_last_mile_damage_severe,,configured_bundle,,1.0,static_multimodal,3110,362.12138786352784,1.0,50,1304.43,50,0.2
audit,yangyang_last_mile_damage_severe,,configured_bundle,,1.0,static_multimodal,3111,332.12156451998965,1.0,48,1252.26,48,0.1
audit,yangyang_last_mile_damage_severe,,configured_bundle,,1.0,static_multimodal,3112,332.12156451998965,1.0,49,1267.31,49,0.1
audit,yangyang_last_mile_damage_severe,,configured_bundle,,1.0,static_multimodal,3113,422.12126357398733,1.0,49,1267.31,49,0.1
audit,yangyang_last_mile_damage_severe,,configured_bundle,,1.0,static_multimodal,3114,312.12164227595815,1.0,46,1200.08,46,0.1
audit,yangyang_last_mile_damage_severe,,configured_bundle,,1.0,static_multimodal,3115,332.12156451998965,1.0,48,1252.26,48,0.2
audit,yangyang_last_mile_damage_severe,,configured_bundle,,1.0,static_multimodal,3116,362.121355425225,1.0,49,1267.31,49,0.1
audit,yangyang_last_mile_damage_severe,,configured_bundle,,1.0,static_multimodal,3117,312.12164227595815,1.0,47,1215.14,47,0.2
audit,yangyang_last_mile_damage_severe,,configured_bundle,,1.0,static_multimodal,3118,312.12164227595815,1.0,47,1215.14,47,0.2
audit,yangyang_last_mile_damage_severe,,configured_bundle,,1.0,static_multimodal,3119,312.12164227595815,1.0,47,1215.14,47,0.1
audit,yangyang_last_mile_damage_severe,,configured_bundle,,1.0,static_multimodal,3120,362.121355425225,1.0,49,1267.31,49,0.1
audit,yangyang_last_mile_damage_severe,,configured_bundle,,1.0,static_multimodal,3121,312.12164227595815,1.0,48,1230.19,48,0.1
audit,yangyang_last_mile_damage_severe,,configured_bundle,,1.0,static_multimodal,3122,312.12164227595815,1.0,47,1215.14,47,0.1
audit,yangyang_last_mile_damage_severe,,configured_bundle,,1.0,static_multimodal,3123,332.12156451998965,1.0,50,1282.37,50,0.1
audit,yangyang_last_mile_damage_severe,,configured_bundle,,1.0,static_multimodal,3124,542.1212635739881,1.0,50,1304.43,50,0.1
audit,yangyang_last_mile_damage_severe,,configured_bundle,,1.0,static_multimodal,3125,312.12164227595815,1.0,46,1200.08,46,0.1
audit,yangyang_last_mile_damage_severe,,configured_bundle,,1.0,static_multimodal,3126,332.12156451998965,1.0,48,1252.26,48,0.1
audit,yangyang_last_mile_damage_severe,,configured_bundle,,1.0,static_multimodal,3127,312.12164227595815,1.0,47,1215.14,47,0.1
audit,yangyang_last_mile_damage_severe,,configured_bundle,,1.0,static_multimodal,3128,312.12164227595815,1.0,46,1200.08,46,0.1
audit,yangyang_last_mile_damage_severe,,configured_bundle,,1.0,static_multimodal,3129,312.12164227595815,1.0,46,1200.08,46,0.1
audit,yangyang_last_mile_damage_severe,,configured_bundle,,1.0,static_multimodal,3130,362.121355425225,1.0,48,1252.26,48,0.1
audit,yangyang_last_mile_damage_severe,,configured_bundle,,1.0,bus_only,3101,326.8568824293319,1.0,24,2510.86,24,0.2
audit,yangyang_last_mile_damage_severe,,configured_bundle,,1.0,bus_only,3102,326.8568824293319,1.0,24,2510.86,24,0.2
audit,yangyang_last_mile_damage_severe,,configured_bundle,,1.0,bus_only,3103,326.8568824293319,1.0,24,2510.86,24,0.2
audit,yangyang_last_mile_damage_severe,,configured_bundle,,1.0,bus_only,3104,326.8568824293319,1.0,24,2510.86,24,0.2
audit,yangyang_last_mile_damage_severe,,configured_bundle,,1.0,bus_only,3105,219.61901521432324,1.0,23,2406.24,23,0.2
audit,yangyang_last_mile_damage_severe,,configured_bundle,,1.0,bus_only,3106,326.8568824293319,1.0,24,2510.86,24,0.2
audit,yangyang_last_mile_damage_severe,,configured_bundle,,1.0,bus_only,3107,219.61901521432324,1.0,23,2406.24,23,0.2
audit,yangyang_last_mile_damage_severe,,configured_bundle,,1.0,bus_only,3108,336.8569079084516,1.0,26,2720.09,26,0.2
audit,yangyang_last_mile_damage_severe,,configured_bundle,,1.0,bus_only,3109,341.8569214757593,1.0,27,2824.71,27,0.3
audit,yangyang_last_mile_damage_severe,,configured_bundle,,1.0,bus_only,3110,331.8568947307515,1.0,25,2615.47,25,0.2
audit,yangyang_last_mile_damage_severe,,configured_bundle,,1.0,bus_only,3111,326.8568824293319,1.0,24,2510.86,24,0.6
audit,yangyang_last_mile_damage_severe,,configured_bundle,,1.0,bus_only,3112,331.8568947307515,1.0,25,2615.47,25,0.2
audit,yangyang_last_mile_damage_severe,,configured_bundle,,1.0,bus_only,3113,334.6189650799517,1.0,25,2615.47,25,0.2
audit,yangyang_last_mile_damage_severe,,configured_bundle,,1.0,bus_only,3114,219.61901521432324,1.0,23,2406.24,23,0.2
audit,yangyang_last_mile_damage_severe,,configured_bundle,,1.0,bus_only,3115,326.8568824293319,1.0,24,2510.86,24,0.2
audit,yangyang_last_mile_damage_severe,,configured_bundle,,1.0,bus_only,3116,331.8568947307515,1.0,25,2615.47,25,0.2
audit,yangyang_last_mile_damage_severe,,configured_bundle,,1.0,bus_only,3117,326.8568824293319,1.0,24,2510.86,24,0.2
audit,yangyang_last_mile_damage_severe,,configured_bundle,,1.0,bus_only,3118,326.8568824293319,1.0,24,2510.86,24,0.2
audit,yangyang_last_mile_damage_severe,,configured_bundle,,1.0,bus_only,3119,326.8568824293319,1.0,24,2510.86,24,0.2
audit,yangyang_last_mile_damage_severe,,configured_bundle,,1.0,bus_only,3120,331.8568947307515,1.0,25,2615.47,25,0.2
audit,yangyang_last_mile_damage_severe,,configured_bundle,,1.0,bus_only,3121,331.8568947307515,1.0,25,2615.47,25,0.3
audit,yangyang_last_mile_damage_severe,,configured_bundle,,1.0,bus_only,3122,326.8568824293319,1.0,24,2510.86,24,0.2
audit,yangyang_last_mile_damage_severe,,configured_bundle,,1.0,bus_only,3123,336.8569079084516,1.0,26,2720.09,26,0.2
audit,yangyang_last_mile_damage_severe,,configured_bundle,,1.0,bus_only,3124,454.6189608097767,1.0,25,2615.47,25,0.2
audit,yangyang_last_mile_damage_severe,,configured_bundle,,1.0,bus_only,3125,219.61901521432324,1.0,23,2406.24,23,0.2
audit,yangyang_last_mile_damage_severe,,configured_bundle,,1.0,bus_only,3126,326.8568824293319,1.0,24,2510.86,24,0.2
audit,yangyang_last_mile_damage_severe,,configured_bundle,,1.0,bus_only,3127,326.8568824293319,1.0,24,2510.86,24,0.2
audit,yangyang_last_mile_damage_severe,,configured_bundle,,1.0,bus_only,3128,219.61901521432324,1.0,23,2406.24,23,0.2
audit,yangyang_last_mile_damage_severe,,configured_bundle,,1.0,bus_only,3129,219.61901521432324,1.0,23,2406.24,23,0.2
audit,yangyang_last_mile_damage_severe,,configured_bundle,,1.0,bus_only,3130,326.8568824293319,1.0,24,2510.86,24,0.2
audit,yangyang_last_mile_damage_severe,,configured_bundle,,1.0,static_multimodal,3101,332.12156451998965,1.0,48,1252.26,48,0.2
audit,yangyang_last_mile_damage_severe,,configured_bundle,,1.0,static_multimodal,3102,312.12164227595815,1.0,47,1215.14,47,0.2
audit,yangyang_last_mile_damage_severe,,configured_bundle,,1.0,static_multimodal,3103,332.12156451998965,1.0,48,1252.26,48,0.2
audit,yangyang_last_mile_damage_severe,,configured_bundle,,1.0,static_multimodal,3104,332.12156451998965,1.0,48,1252.26,48,0.2
audit,yangyang_last_mile_damage_severe,,configured_bundle,,1.0,static_multimodal,3105,312.12164227595815,1.0,46,1200.08,46,0.2
audit,yangyang_last_mile_damage_severe,,configured_bundle,,1.0,static_multimodal,3106,362.121355425225,1.0,48,1252.26,48,0.2
audit,yangyang_last_mile_damage_severe,,configured_bundle,,1.0,static_multimodal,3107,312.12164227595815,1.0,46,1200.08,46,0.2
audit,yangyang_last_mile_damage_severe,,configured_bundle,,1.0,static_multimodal,3108,332.12156451998965,1.0,50,1282.37,50,0.2
audit,yangyang_last_mile_damage_severe,,configured_bundle,,1.0,static_multimodal,3109,362.12138786352784,1.0,52,1334.55,52,0.2
audit,yangyang_last_mile_damage_severe,,configured_bundle,,1.0,static_multimodal,3110,362.12138786352784,1.0,50,1304.43,50,0.2
audit,yangyang_last_mile_damage_severe,,configured_bundle,,1.0,static_multimodal,3111,332.12156451998965,1.0,48,1252.26,48,0.2
audit,yangyang_last_mile_damage_severe,,configured_bundle,,1.0,static_multimodal,3112,332.12156451998965,1.0,49,1267.31,49,0.2
audit,yangyang_last_mile_damage_severe,,configured_bundle,,1.0,static_multimodal,3113,422.12126357398733,1.0,49,1267.31,49,0.2
audit,yangyang_last_mile_damage_severe,,configured_bundle,,1.0,static_multimodal,3114,312.12164227595815,1.0,46,1200.08,46,0.2
audit,yangyang_last_mile_damage_severe,,configured_bundle,,1.0,static_multimodal,3115,332.12156451998965,1.0,48,1252.26,48,0.2
audit,yangyang_last_mile_damage_severe,,configured_bundle,,1.0,static_multimodal,3116,362.121355425225,1.0,49,1267.31,49,0.2
audit,yangyang_last_mile_damage_severe,,configured_bundle,,1.0,static_multimodal,3117,312.12164227595815,1.0,47,1215.14,47,0.2
audit,yangyang_last_mile_damage_severe,,configured_bundle,,1.0,static_multimodal,3118,312.12164227595815,1.0,47,1215.14,47,0.2
audit,yangyang_last_mile_damage_severe,,configured_bundle,,1.0,static_multimodal,3119,312.12164227595815,1.0,47,1215.14,47,0.2
audit,yangyang_last_mile_damage_severe,,configured_bundle,,1.0,static_multimodal,3120,362.121355425225,1.0,49,1267.31,49,0.2
audit,yangyang_last_mile_damage_severe,,configured_bundle,,1.0,static_multimodal,3121,312.12164227595815,1.0,48,1230.19,48,0.2
audit,yangyang_last_mile_damage_severe,,configured_bundle,,1.0,static_multimodal,3122,312.12164227595815,1.0,47,1215.14,47,0.2
audit,yangyang_last_mile_damage_severe,,configured_bundle,,1.0,static_multimodal,3123,332.12156451998965,1.0,50,1282.37,50,0.2
audit,yangyang_last_mile_damage_severe,,configured_bundle,,1.0,static_multimodal,3124,542.1212635739881,1.0,50,1304.43,50,0.2
audit,yangyang_last_mile_damage_severe,,configured_bundle,,1.0,static_multimodal,3125,312.12164227595815,1.0,46,1200.08,46,0.2
audit,yangyang_last_mile_damage_severe,,configured_bundle,,1.0,static_multimodal,3126,332.12156451998965,1.0,48,1252.26,48,0.2
audit,yangyang_last_mile_damage_severe,,configured_bundle,,1.0,static_multimodal,3127,312.12164227595815,1.0,47,1215.14,47,0.2
audit,yangyang_last_mile_damage_severe,,configured_bundle,,1.0,static_multimodal,3128,312.12164227595815,1.0,46,1200.08,46,0.2
audit,yangyang_last_mile_damage_severe,,configured_bundle,,1.0,static_multimodal,3129,312.12164227595815,1.0,46,1200.08,46,0.2
audit,yangyang_last_mile_damage_severe,,configured_bundle,,1.0,static_multimodal,3130,362.121355425225,1.0,48,1252.26,48,0.2
audit,yangyang_last_mile_damage_severe,,configured_bundle,,1.0,bus_only,3101,326.8568824293319,1.0,24,2510.86,24,0.3
audit,yangyang_last_mile_damage_severe,,configured_bundle,,1.0,bus_only,3102,326.8568824293319,1.0,24,2510.86,24,0.7
audit,yangyang_last_mile_damage_severe,,configured_bundle,,1.0,bus_only,3103,326.8568824293319,1.0,24,2510.86,24,0.3
audit,yangyang_last_mile_damage_severe,,configured_bundle,,1.0,bus_only,3104,326.8568824293319,1.0,24,2510.86,24,0.3
audit,yangyang_last_mile_damage_severe,,configured_bundle,,1.0,bus_only,3105,219.61901521432324,1.0,23,2406.24,23,0.3
audit,yangyang_last_mile_damage_severe,,configured_bundle,,1.0,bus_only,3106,326.8568824293319,1.0,24,2510.86,24,0.3
audit,yangyang_last_mile_damage_severe,,configured_bundle,,1.0,bus_only,3107,219.61901521432324,1.0,23,2406.24,23,0.3
audit,yangyang_last_mile_damage_severe,,configured_bundle,,1.0,bus_only,3108,336.8569079084516,1.0,26,2720.09,26,0.3
audit,yangyang_last_mile_damage_severe,,configured_bundle,,1.0,bus_only,3109,341.8569214757593,1.0,27,2824.71,27,0.3
audit,yangyang_last_mile_damage_severe,,configured_bundle,,1.0,bus_only,3110,331.8568947307515,1.0,25,2615.47,25,0.3
audit,yangyang_last_mile_damage_severe,,configured_bundle,,1.0,bus_only,3111,326.8568824293319,1.0,24,2510.86,24,0.7
audit,yangyang_last_mile_damage_severe,,configured_bundle,,1.0,bus_only,3112,331.8568947307515,1.0,25,2615.47,25,0.3
audit,yangyang_last_mile_damage_severe,,configured_bundle,,1.0,bus_only,3113,334.6189650799517,1.0,25,2615.47,25,0.3
audit,yangyang_last_mile_damage_severe,,configured_bundle,,1.0,bus_only,3114,219.61901521432324,1.0,23,2406.24,23,0.3
audit,yangyang_last_mile_damage_severe,,configured_bundle,,1.0,bus_only,3115,326.8568824293319,1.0,24,2510.86,24,0.3
audit,yangyang_last_mile_damage_severe,,configured_bundle,,1.0,bus_only,3116,331.8568947307515,1.0,25,2615.47,25,0.4
audit,yangyang_last_mile_damage_severe,,configured_bundle,,1.0,bus_only,3117,326.8568824293319,1.0,24,2510.86,24,0.3
audit,yangyang_last_mile_damage_severe,,configured_bundle,,1.0,bus_only,3118,326.8568824293319,1.0,24,2510.86,24,0.3
audit,yangyang_last_mile_damage_severe,,configured_bundle,,1.0,bus_only,3119,326.8568824293319,1.0,24,2510.86,24,0.3
audit,yangyang_last_mile_damage_severe,,configured_bundle,,1.0,bus_only,3120,331.8568947307515,1.0,25,2615.47,25,0.3
audit,yangyang_last_mile_damage_severe,,configured_bundle,,1.0,bus_only,3121,331.8568947307515,1.0,25,2615.47,25,0.3
audit,yangyang_last_mile_damage_severe,,configured_bundle,,1.0,bus_only,3122,326.8568824293319,1.0,24,2510.86,24,0.7
audit,yangyang_last_mile_damage_severe,,configured_bundle,,1.0,bus_only,3123,336.8569079084516,1.0,26,2720.09,26,0.3
audit,yangyang_last_mile_damage_severe,,configured_bundle,,1.0,bus_only,3124,454.6189608097767,1.0,25,2615.47,25,0.3
audit,yangyang_last_mile_damage_severe,,configured_bundle,,1.0,bus_only,3125,219.61901521432324,1.0,23,2406.24,23,0.3
audit,yangyang_last_mile_damage_severe,,configured_bundle,,1.0,bus_only,3126,326.8568824293319,1.0,24,2510.86,24,0.3
audit,yangyang_last_mile_damage_severe,,configured_bundle,,1.0,bus_only,3127,326.8568824293319,1.0,24,2510.86,24,0.3
audit,yangyang_last_mile_damage_severe,,configured_bundle,,1.0,bus_only,3128,219.61901521432324,1.0,23,2406.24,23,0.3
audit,yangyang_last_mile_damage_severe,,configured_bundle,,1.0,bus_only,3129,219.61901521432324,1.0,23,2406.24,23,0.3
audit,yangyang_last_mile_damage_severe,,configured_bundle,,1.0,bus_only,3130,326.8568824293319,1.0,24,2510.86,24,0.3
audit,yangyang_last_mile_damage_severe,,configured_bundle,,1.0,static_multimodal,3101,332.12156451998965,1.0,48,1252.26,48,0.2
audit,yangyang_last_mile_damage_severe,,configured_bundle,,1.0,static_multimodal,3102,312.12164227595815,1.0,47,1215.14,47,0.6
audit,yangyang_last_mile_damage_severe,,configured_bundle,,1.0,static_multimodal,3103,332.12156451998965,1.0,48,1252.26,48,0.2
audit,yangyang_last_mile_damage_severe,,configured_bundle,,1.0,static_multimodal,3104,332.12156451998965,1.0,48,1252.26,48,0.2
audit,yangyang_last_mile_damage_severe,,configured_bundle,,1.0,static_multimodal,3105,312.12164227595815,1.0,46,1200.08,46,0.2
audit,yangyang_last_mile_damage_severe,,configured_bundle,,1.0,static_multimodal,3106,362.121355425225,1.0,48,1252.26,48,0.2
audit,yangyang_last_mile_damage_severe,,configured_bundle,,1.0,static_multimodal,3107,312.12164227595815,1.0,46,1200.08,46,0.2
audit,yangyang_last_mile_damage_severe,,configured_bundle,,1.0,static_multimodal,3108,332.12156451998965,1.0,50,1282.37,50,0.2
audit,yangyang_last_mile_damage_severe,,configured_bundle,,1.0,static_multimodal,3109,362.12138786352784,1.0,52,1334.55,52,0.2
audit,yangyang_last_mile_damage_severe,,configured_bundle,,1.0,static_multimodal,3110,362.12138786352784,1.0,50,1304.43,50,0.2
audit,yangyang_last_mile_damage_severe,,configured_bundle,,1.0,static_multimodal,3111,332.12156451998965,1.0,48,1252.26,48,0.2
audit,yangyang_last_mile_damage_severe,,configured_bundle,,1.0,static_multimodal,3112,332.12156451998965,1.0,49,1267.31,49,0.2
audit,yangyang_last_mile_damage_severe,,configured_bundle,,1.0,static_multimodal,3113,422.12126357398733,1.0,49,1267.31,49,0.2
audit,yangyang_last_mile_damage_severe,,configured_bundle,,1.0,static_multimodal,3114,312.12164227595815,1.0,46,1200.08,46,0.2
audit,yangyang_last_mile_damage_severe,,configured_bundle,,1.0,static_multimodal,3115,332.12156451998965,1.0,48,1252.26,48,0.2
audit,yangyang_last_mile_damage_severe,,configured_bundle,,1.0,static_multimodal,3116,362.121355425225,1.0,49,1267.31,49,0.2
audit,yangyang_last_mile_damage_severe,,configured_bundle,,1.0,static_multimodal,3117,312.12164227595815,1.0,47,1215.14,47,0.2
audit,yangyang_last_mile_damage_severe,,configured_bundle,,1.0,static_multimodal,3118,312.12164227595815,1.0,47,1215.14,47,0.2
audit,yangyang_last_mile_damage_severe,,configured_bundle,,1.0,static_multimodal,3119,312.12164227595815,1.0,47,1215.14,47,0.2
audit,yangyang_last_mile_damage_severe,,configured_bundle,,1.0,static_multimodal,3120,362.121355425225,1.0,49,1267.31,49,0.2
audit,yangyang_last_mile_damage_severe,,configured_bundle,,1.0,static_multimodal,3121,312.12164227595815,1.0,48,1230.19,48,0.2
audit,yangyang_last_mile_damage_severe,,configured_bundle,,1.0,static_multimodal,3122,312.12164227595815,1.0,47,1215.14,47,0.2
audit,yangyang_last_mile_damage_severe,,configured_bundle,,1.0,static_multimodal,3123,332.12156451998965,1.0,50,1282.37,50,0.2
audit,yangyang_last_mile_damage_severe,,configured_bundle,,1.0,static_multimodal,3124,542.1212635739881,1.0,50,1304.43,50,0.2
audit,yangyang_last_mile_damage_severe,,configured_bundle,,1.0,static_multimodal,3125,312.12164227595815,1.0,46,1200.08,46,0.2
audit,yangyang_last_mile_damage_severe,,configured_bundle,,1.0,static_multimodal,3126,332.12156451998965,1.0,48,1252.26,48,0.2
audit,yangyang_last_mile_damage_severe,,configured_bundle,,1.0,static_multimodal,3127,312.12164227595815,1.0,47,1215.14,47,0.6
audit,yangyang_last_mile_damage_severe,,configured_bundle,,1.0,static_multimodal,3128,312.12164227595815,1.0,46,1200.08,46,0.2
audit,yangyang_last_mile_damage_severe,,configured_bundle,,1.0,static_multimodal,3129,312.12164227595815,1.0,46,1200.08,46,0.2
audit,yangyang_last_mile_damage_severe,,configured_bundle,,1.0,static_multimodal,3130,362.121355425225,1.0,48,1252.26,48,0.3
audit,yangyang_last_mile_damage_severe,,configured_bundle,,1.0,bus_only,3101,326.8568824293319,1.0,24,2510.86,24,5.9
audit,yangyang_last_mile_damage_severe,,configured_bundle,,1.0,bus_only,3102,326.8568824293319,1.0,24,2510.86,24,5.8
audit,yangyang_last_mile_damage_severe,,configured_bundle,,1.0,bus_only,3103,326.8568824293319,1.0,24,2510.86,24,5.7
audit,yangyang_last_mile_damage_severe,,configured_bundle,,1.0,bus_only,3104,326.8568824293319,1.0,24,2510.86,24,5.7
audit,yangyang_last_mile_damage_severe,,configured_bundle,,1.0,bus_only,3105,219.61901521432324,1.0,23,2406.24,23,5.8
audit,yangyang_last_mile_damage_severe,,configured_bundle,,1.0,static_multimodal,3101,332.12156451998965,1.0,48,1252.26,48,1.0
audit,yangyang_last_mile_damage_severe,,configured_bundle,,1.0,static_multimodal,3102,312.12164227595815,1.0,47,1215.14,47,1.0
audit,yangyang_last_mile_damage_severe,,configured_bundle,,1.0,static_multimodal,3103,332.12156451998965,1.0,48,1252.26,48,1.3
audit,yangyang_last_mile_damage_severe,,configured_bundle,,1.0,static_multimodal,3104,332.12156451998965,1.0,48,1252.26,48,0.9
audit,yangyang_last_mile_damage_severe,,configured_bundle,,1.0,static_multimodal,3105,312.12164227595815,1.0,46,1200.08,46,1.4
audit,yangyang_random_capacity_reduction,,configured_bundle,,1.0,bus_only,3101,326.856952746297,1.0,24,2510.86,24,0.2
audit,yangyang_random_capacity_reduction,,configured_bundle,,1.0,bus_only,3102,326.856952746297,1.0,24,2510.86,24,0.2
audit,yangyang_random_capacity_reduction,,configured_bundle,,1.0,bus_only,3103,326.856952746297,1.0,24,2510.86,24,0.2
audit,yangyang_random_capacity_reduction,,configured_bundle,,1.0,bus_only,3104,326.856952746297,1.0,24,2510.86,24,0.2
audit,yangyang_random_capacity_reduction,,configured_bundle,,1.0,bus_only,3105,219.61905338745382,1.0,23,2406.24,23,0.2
audit,yangyang_random_capacity_reduction,,configured_bundle,,1.0,bus_only,3106,326.856952746297,1.0,24,2510.86,24,0.2
audit,yangyang_random_capacity_reduction,,configured_bundle,,1.0,bus_only,3107,219.61905338745382,1.0,23,2406.24,23,0.2
audit,yangyang_random_capacity_reduction,,configured_bundle,,1.0,bus_only,3108,336.85698381205765,1.0,26,2720.09,26,0.2
audit,yangyang_random_capacity_reduction,,configured_bundle,,1.0,bus_only,3109,341.85700037176855,1.0,27,2824.71,27,0.2
audit,yangyang_random_capacity_reduction,,configured_bundle,,1.0,bus_only,3110,331.85696772789595,1.0,25,2615.48,25,0.2
audit,yangyang_random_capacity_reduction,,configured_bundle,,1.0,bus_only,3111,326.856952746297,1.0,24,2510.86,24,0.2
audit,yangyang_random_capacity_reduction,,configured_bundle,,1.0,bus_only,3112,331.85696772789595,1.0,25,2615.48,25,0.2
audit,yangyang_random_capacity_reduction,,configured_bundle,,1.0,bus_only,3113,334.61899133944695,1.0,25,2615.48,25,0.2
audit,yangyang_random_capacity_reduction,,configured_bundle,,1.0,bus_only,3114,219.61905338745382,1.0,23,2406.24,23,0.2
audit,yangyang_random_capacity_reduction,,configured_bundle,,1.0,bus_only,3115,326.856952746297,1.0,24,2510.86,24,0.2
audit,yangyang_random_capacity_reduction,,configured_bundle,,1.0,bus_only,3116,331.85696772789595,1.0,25,2615.48,25,0.2
audit,yangyang_random_capacity_reduction,,configured_bundle,,1.0,bus_only,3117,326.856952746297,1.0,24,2510.86,24,0.2
audit,yangyang_random_capacity_reduction,,configured_bundle,,1.0,bus_only,3118,326.856952746297,1.0,24,2510.86,24,0.2
audit,yangyang_random_capacity_reduction,,configured_bundle,,1.0,bus_only,3119,326.856952746297,1.0,24,2510.86,24,0.2
audit,yangyang_random_capacity_reduction,,configured_bundle,,1.0,bus_only,3120,331.85696772789595,1.0,25,2615.48,25,0.2
audit,yangyang_random_capacity_reduction,,configured_bundle,,1.0,bus_only,3121,331.85696772789595,1.0,25,2615.48,25,0.2
audit,yangyang_random_capacity_reduction,,configured_bundle,,1.0,bus_only,3122,326.856952746297,1.0,24,2510.86,24,0.2
audit,yangyang_random_capacity_reduction,,configured_bundle,,1.0,bus_only,3123,336.85698381205765,1.0,26,2720.09,26,0.2
audit,yangyang_random_capacity_reduction,,configured_bundle,,1.0,bus_only,3124,454.6189860545329,1.0,25,2615.48,25,0.2
audit,yangyang_random_capacity_reduction,,configured_bundle,,1.0,bus_only,3125,219.61905338745382,1.0,23,2406.24,23,0.2
audit,yangyang_random_capacity_reduction,,configured_bundle,,1.0,bus_only,3126,326.856952746297,1.0,24,2510.86,24,0.2
audit,yangyang_random_capacity_reduction,,configured_bundle,,1.0,bus_only,3127,326.856952746297,1.0,24,2510.86,24,0.2
audit,yangyang_random_capacity_reduction,,configured_bundle,,1.0,bus_only,3128,219.61905338745382,1.0,23,2406.24,23,0.2
audit,yangyang_random_capacity_reduction,,configured_bundle,,1.0,bus_only,3129,219.61905338745382,1.0,23,2406.24,23,0.2
audit,yangyang_random_capacity_reduction,,configured_bundle,,1.0,bus_only,3130,326.856952746297,1.0,24,2510.86,24,0.2
audit,yangyang_random_capacity_reduction,,configured_bundle,,1.0,static_multimodal,3101,332.12160693481417,1.0,48,1252.26,48,0.1
audit,yangyang_random_capacity_reduction,,configured_bundle,,1.0,static_multimodal,3102,312.1216878606501,1.0,47,1215.14,47,0.1
audit,yangyang_random_capacity_reduction,,configured_bundle,,1.0,static_multimodal,3103,332.12160693481417,1.0,48,1252.26,48,0.1
audit,yangyang_random_capacity_reduction,,configured_bundle,,1.0,static_multimodal,3104,332.12160693481417,1.0,48,1252.26,48,0.2
audit,yangyang_random_capacity_reduction,,configured_bundle,,1.0,static_multimodal,3105,312.1216878606501,1.0,46,1200.08,46,0.2
audit,yangyang_random_capacity_reduction,,configured_bundle,,1.0,static_multimodal,3106,362.1213893159056,1.0,48,1252.26,48,0.2
audit,yangyang_random_capacity_reduction,,configured_bundle,,1.0,static_multimodal,3107,312.1216878606501,1.0,46,1200.08,46,0.2
audit,yangyang_random_capacity_reduction,,configured_bundle,,1.0,static_multimodal,3108,332.12160693481417,1.0,50,1282.37,50,0.1
audit,yangyang_random_capacity_reduction,,configured_bundle,,1.0,static_multimodal,3109,362.1214230766173,1.0,52,1334.55,52,0.2
audit,yangyang_random_capacity_reduction,,configured_bundle,,1.0,static_multimodal,3110,362.1214230766173,1.0,50,1304.43,50,0.1
audit,yangyang_random_capacity_reduction,,configured_bundle,,1.0,static_multimodal,3111,332.12160693481417,1.0,48,1252.26,48,0.1
audit,yangyang_random_capacity_reduction,,configured_bundle,,1.0,static_multimodal,3112,332.12160693481417,1.0,49,1267.31,49,0.2
audit,yangyang_random_capacity_reduction,,configured_bundle,,1.0,static_multimodal,3113,422.12129372017716,1.0,49,1267.31,49,0.1
audit,yangyang_random_capacity_reduction,,configured_bundle,,1.0,static_multimodal,3114,312.1216878606501,1.0,46,1200.08,46,0.1
audit,yangyang_random_capacity_reduction,,configured_bundle,,1.0,static_multimodal,3115,332.12160693481417,1.0,48,1252.26,48,0.2
audit,yangyang_random_capacity_reduction,,configured_bundle,,1.0,static_multimodal,3116,362.1213893159056,1.0,49,1267.31,49,0.1
audit,yangyang_random_capacity_reduction,,configured_bundle,,1.0,static_multimodal,3117,312.1216878606501,1.0,47,1215.14,47,0.1
audit,yangyang_random_capacity_reduction,,configured_bundle,,1.0,static_multimodal,3118,312.1216878606501,1.0,47,1215.14,47,0.1
audit,yangyang_random_capacity_reduction,,configured_bundle,,1.0,static_multimodal,3119,312.1216878606501,1.0,47,1215.14,47,0.1
audit,yangyang_random_capacity_reduction,,configured_bundle,,1.0,static_multimodal,3120,362.1213893159056,1.0,49,1267.31,49,0.2
audit,yangyang_random_capacity_reduction,,configured_bundle,,1.0,static_multimodal,3121,312.1216878606501,1.0,48,1230.19,48,0.1
audit,yangyang_random_capacity_reduction,,configured_bundle,,1.0,static_multimodal,3122,312.1216878606501,1.0,47,1215.14,47,0.1
audit,yangyang_random_capacity_reduction,,configured_bundle,,1.0,static_multimodal,3123,332.12160693481417,1.0,50,1282.37,50,0.1
audit,yangyang_random_capacity_reduction,,configured_bundle,,1.0,static_multimodal,3124,542.121293720178,1.0,50,1304.43,50,0.2
audit,yangyang_random_capacity_reduction,,configured_bundle,,1.0,static_multimodal,3125,312.1216878606501,1.0,46,1200.08,46,0.1
audit,yangyang_random_capacity_reduction,,configured_bundle,,1.0,static_multimodal,3126,332.12160693481417,1.0,48,1252.26,48,0.1
audit,yangyang_random_capacity_reduction,,configured_bundle,,1.0,static_multimodal,3127,312.1216878606501,1.0,47,1215.14,47,0.1
audit,yangyang_random_capacity_reduction,,configured_bundle,,1.0,static_multimodal,3128,312.1216878606501,1.0,46,1200.08,46,0.2
audit,yangyang_random_capacity_reduction,,configured_bundle,,1.0,static_multimodal,3129,312.1216878606501,1.0,46,1200.08,46,0.2
audit,yangyang_random_capacity_reduction,,configured_bundle,,1.0,static_multimodal,3130,362.1213893159056,1.0,48,1252.26,48,0.2
audit,yangyang_random_capacity_reduction,,configured_bundle,,1.0,bus_only,3101,326.856952746297,1.0,24,2510.86,24,0.2
audit,yangyang_random_capacity_reduction,,configured_bundle,,1.0,bus_only,3102,326.856952746297,1.0,24,2510.86,24,0.2
audit,yangyang_random_capacity_reduction,,configured_bundle,,1.0,bus_only,3103,326.856952746297,1.0,24,2510.86,24,0.2
audit,yangyang_random_capacity_reduction,,configured_bundle,,1.0,bus_only,3104,326.856952746297,1.0,24,2510.86,24,0.2
audit,yangyang_random_capacity_reduction,,configured_bundle,,1.0,bus_only,3105,219.61905338745382,1.0,23,2406.24,23,0.2
audit,yangyang_random_capacity_reduction,,configured_bundle,,1.0,bus_only,3106,326.856952746297,1.0,24,2510.86,24,0.2
audit,yangyang_random_capacity_reduction,,configured_bundle,,1.0,bus_only,3107,219.61905338745382,1.0,23,2406.24,23,0.2
audit,yangyang_random_capacity_reduction,,configured_bundle,,1.0,bus_only,3108,336.85698381205765,1.0,26,2720.09,26,0.2
audit,yangyang_random_capacity_reduction,,configured_bundle,,1.0,bus_only,3109,341.85700037176855,1.0,27,2824.71,27,0.2
audit,yangyang_random_capacity_reduction,,configured_bundle,,1.0,bus_only,3110,331.85696772789595,1.0,25,2615.48,25,0.2
audit,yangyang_random_capacity_reduction,,configured_bundle,,1.0,bus_only,3111,326.856952746297,1.0,24,2510.86,24,0.2
audit,yangyang_random_capacity_reduction,,configured_bundle,,1.0,bus_only,3112,331.85696772789595,1.0,25,2615.48,25,0.2
audit,yangyang_random_capacity_reduction,,configured_bundle,,1.0,bus_only,3113,334.61899133944695,1.0,25,2615.48,25,0.2
audit,yangyang_random_capacity_reduction,,configured_bundle,,1.0,bus_only,3114,219.61905338745382,1.0,23,2406.24,23,0.2
audit,yangyang_random_capacity_reduction,,configured_bundle,,1.0,bus_only,3115,326.856952746297,1.0,24,2510.86,24,0.6
audit,yangyang_random_capacity_reduction,,configured_bundle,,1.0,bus_only,3116,331.85696772789595,1.0,25,2615.48,25,0.2
audit,yangyang_random_capacity_reduction,,configured_bundle,,1.0,bus_only,3117,326.856952746297,1.0,24,2510.86,24,0.2
audit,yangyang_random_capacity_reduction,,configured_bundle,,1.0,bus_only,3118,326.856952746297,1.0,24,2510.86,24,0.2
audit,yangyang_random_capacity_reduction,,configured_bundle,,1.0,bus_only,3119,326.856952746297,1.0,24,2510.86,24,0.2
audit,yangyang_random_capacity_reduction,,configured_bundle,,1.0,bus_only,3120,331.85696772789595,1.0,25,2615.48,25,0.2
audit,yangyang_random_capacity_reduction,,configured_bundle,,1.0,bus_only,3121,331.85696772789595,1.0,25,2615.48,25,0.2
audit,yangyang_random_capacity_reduction,,configured_bundle,,1.0,bus_only,3122,326.856952746297,1.0,24,2510.86,24,0.2
audit,yangyang_random_capacity_reduction,,configured_bundle,,1.0,bus_only,3123,336.85698381205765,1.0,26,2720.09,26,0.2
audit,yangyang_random_capacity_reduction,,configured_bundle,,1.0,bus_only,3124,454.6189860545329,1.0,25,2615.48,25,0.2
audit,yangyang_random_capacity_reduction,,configured_bundle,,1.0,bus_only,3125,219.61905338745382,1.0,23,2406.24,23,0.2
audit,yangyang_random_capacity_reduction,,configured_bundle,,1.0,bus_only,3126,326.856952746297,1.0,24,2510.86,24,0.2
audit,yangyang_random_capacity_reduction,,configured_bundle,,1.0,bus_only,3127,326.856952746297,1.0,24,2510.86,24,0.2
audit,yangyang_random_capacity_reduction,,configured_bundle,,1.0,bus_only,3128,219.61905338745382,1.0,23,2406.24,23,0.2
audit,yangyang_random_capacity_reduction,,configured_bundle,,1.0,bus_only,3129,219.61905338745382,1.0,23,2406.24,23,0.2
audit,yangyang_random_capacity_reduction,,configured_bundle,,1.0,bus_only,3130,326.856952746297,1.0,24,2510.86,24,0.2
audit,yangyang_random_capacity_reduction,,configured_bundle,,1.0,static_multimodal,3101,332.12160693481417,1.0,48,1252.26,48,0.2
audit,yangyang_random_capacity_reduction,,configured_bundle,,1.0,static_multimodal,3102,312.1216878606501,1.0,47,1215.14,47,0.2
audit,yangyang_random_capacity_reduction,,configured_bundle,,1.0,static_multimodal,3103,332.12160693481417,1.0,48,1252.26,48,0.2
audit,yangyang_random_capacity_reduction,,configured_bundle,,1.0,static_multimodal,3104,332.12160693481417,1.0,48,1252.26,48,0.2
audit,yangyang_random_capacity_reduction,,configured_bundle,,1.0,static_multimodal,3105,312.1216878606501,1.0,46,1200.08,46,0.2
audit,yangyang_random_capacity_reduction,,configured_bundle,,1.0,static_multimodal,3106,362.1213893159056,1.0,48,1252.26,48,0.2
audit,yangyang_random_capacity_reduction,,configured_bundle,,1.0,static_multimodal,3107,312.1216878606501,1.0,46,1200.08,46,0.2
audit,yangyang_random_capacity_reduction,,configured_bundle,,1.0,static_multimodal,3108,332.12160693481417,1.0,50,1282.37,50,0.2
audit,yangyang_random_capacity_reduction,,configured_bundle,,1.0,static_multimodal,3109,362.1214230766173,1.0,52,1334.55,52,0.2
audit,yangyang_random_capacity_reduction,,configured_bundle,,1.0,static_multimodal,3110,362.1214230766173,1.0,50,1304.43,50,0.2
audit,yangyang_random_capacity_reduction,,configured_bundle,,1.0,static_multimodal,3111,332.12160693481417,1.0,48,1252.26,48,0.2
audit,yangyang_random_capacity_reduction,,configured_bundle,,1.0,static_multimodal,3112,332.12160693481417,1.0,49,1267.31,49,0.2
audit,yangyang_random_capacity_reduction,,configured_bundle,,1.0,static_multimodal,3113,422.12129372017716,1.0,49,1267.31,49,0.2
audit,yangyang_random_capacity_reduction,,configured_bundle,,1.0,static_multimodal,3114,312.1216878606501,1.0,46,1200.08,46,0.2
audit,yangyang_random_capacity_reduction,,configured_bundle,,1.0,static_multimodal,3115,332.12160693481417,1.0,48,1252.26,48,0.2
audit,yangyang_random_capacity_reduction,,configured_bundle,,1.0,static_multimodal,3116,362.1213893159056,1.0,49,1267.31,49,0.2
audit,yangyang_random_capacity_reduction,,configured_bundle,,1.0,static_multimodal,3117,312.1216878606501,1.0,47,1215.14,47,0.2
audit,yangyang_random_capacity_reduction,,configured_bundle,,1.0,static_multimodal,3118,312.1216878606501,1.0,47,1215.14,47,0.2
audit,yangyang_random_capacity_reduction,,configured_bundle,,1.0,static_multimodal,3119,312.1216878606501,1.0,47,1215.14,47,0.2
audit,yangyang_random_capacity_reduction,,configured_bundle,,1.0,static_multimodal,3120,362.1213893159056,1.0,49,1267.31,49,0.2
audit,yangyang_random_capacity_reduction,,configured_bundle,,1.0,static_multimodal,3121,312.1216878606501,1.0,48,1230.19,48,0.2
audit,yangyang_random_capacity_reduction,,configured_bundle,,1.0,static_multimodal,3122,312.1216878606501,1.0,47,1215.14,47,0.2
audit,yangyang_random_capacity_reduction,,configured_bundle,,1.0,static_multimodal,3123,332.12160693481417,1.0,50,1282.37,50,0.2
audit,yangyang_random_capacity_reduction,,configured_bundle,,1.0,static_multimodal,3124,542.121293720178,1.0,50,1304.43,50,0.2
audit,yangyang_random_capacity_reduction,,configured_bundle,,1.0,static_multimodal,3125,312.1216878606501,1.0,46,1200.08,46,0.2
audit,yangyang_random_capacity_reduction,,configured_bundle,,1.0,static_multimodal,3126,332.12160693481417,1.0,48,1252.26,48,0.2
audit,yangyang_random_capacity_reduction,,configured_bundle,,1.0,static_multimodal,3127,312.1216878606501,1.0,47,1215.14,47,0.2
audit,yangyang_random_capacity_reduction,,configured_bundle,,1.0,static_multimodal,3128,312.1216878606501,1.0,46,1200.08,46,0.2
audit,yangyang_random_capacity_reduction,,configured_bundle,,1.0,static_multimodal,3129,312.1216878606501,1.0,46,1200.08,46,0.2
audit,yangyang_random_capacity_reduction,,configured_bundle,,1.0,static_multimodal,3130,362.1213893159056,1.0,48,1252.26,48,0.2
audit,yangyang_random_capacity_reduction,,configured_bundle,,1.0,bus_only,3101,326.856952746297,1.0,24,2510.86,24,0.3
audit,yangyang_random_capacity_reduction,,configured_bundle,,1.0,bus_only,3102,326.856952746297,1.0,24,2510.86,24,0.3
audit,yangyang_random_capacity_reduction,,configured_bundle,,1.0,bus_only,3103,326.856952746297,1.0,24,2510.86,24,0.3
audit,yangyang_random_capacity_reduction,,configured_bundle,,1.0,bus_only,3104,326.856952746297,1.0,24,2510.86,24,0.3
audit,yangyang_random_capacity_reduction,,configured_bundle,,1.0,bus_only,3105,219.61905338745382,1.0,23,2406.24,23,0.7
audit,yangyang_random_capacity_reduction,,configured_bundle,,1.0,bus_only,3106,326.856952746297,1.0,24,2510.86,24,0.3
audit,yangyang_random_capacity_reduction,,configured_bundle,,1.0,bus_only,3107,219.61905338745382,1.0,23,2406.24,23,0.3
audit,yangyang_random_capacity_reduction,,configured_bundle,,1.0,bus_only,3108,336.85698381205765,1.0,26,2720.09,26,0.3
audit,yangyang_random_capacity_reduction,,configured_bundle,,1.0,bus_only,3109,341.85700037176855,1.0,27,2824.71,27,0.3
audit,yangyang_random_capacity_reduction,,configured_bundle,,1.0,bus_only,3110,331.85696772789595,1.0,25,2615.48,25,0.3
audit,yangyang_random_capacity_reduction,,configured_bundle,,1.0,bus_only,3111,326.856952746297,1.0,24,2510.86,24,0.3
audit,yangyang_random_capacity_reduction,,configured_bundle,,1.0,bus_only,3112,331.85696772789595,1.0,25,2615.48,25,0.3
audit,yangyang_random_capacity_reduction,,configured_bundle,,1.0,bus_only,3113,334.61899133944695,1.0,25,2615.48,25,0.3
audit,yangyang_random_capacity_reduction,,configured_bundle,,1.0,bus_only,3114,219.61905338745382,1.0,23,2406.24,23,0.3
audit,yangyang_random_capacity_reduction,,configured_bundle,,1.0,bus_only,3115,326.856952746297,1.0,24,2510.86,24,0.7
audit,yangyang_random_capacity_reduction,,configured_bundle,,1.0,bus_only,3116,331.85696772789595,1.0,25,2615.48,25,0.3
audit,yangyang_random_capacity_reduction,,configured_bundle,,1.0,bus_only,3117,326.856952746297,1.0,24,2510.86,24,0.3
audit,yangyang_random_capacity_reduction,,configured_bundle,,1.0,bus_only,3118,326.856952746297,1.0,24,2510.86,24,0.3
audit,yangyang_random_capacity_reduction,,configured_bundle,,1.0,bus_only,3119,326.856952746297,1.0,24,2510.86,24,0.3
audit,yangyang_random_capacity_reduction,,configured_bundle,,1.0,bus_only,3120,331.85696772789595,1.0,25,2615.48,25,0.4
audit,yangyang_random_capacity_reduction,,configured_bundle,,1.0,bus_only,3121,331.85696772789595,1.0,25,2615.48,25,0.3
audit,yangyang_random_capacity_reduction,,configured_bundle,,1.0,bus_only,3122,326.856952746297,1.0,24,2510.86,24,0.3
audit,yangyang_random_capacity_reduction,,configured_bundle,,1.0,bus_only,3123,336.85698381205765,1.0,26,2720.09,26,0.3
audit,yangyang_random_capacity_reduction,,configured_bundle,,1.0,bus_only,3124,454.6189860545329,1.0,25,2615.48,25,0.4
audit,yangyang_random_capacity_reduction,,configured_bundle,,1.0,bus_only,3125,219.61905338745382,1.0,23,2406.24,23,0.7
audit,yangyang_random_capacity_reduction,,configured_bundle,,1.0,bus_only,3126,326.856952746297,1.0,24,2510.86,24,0.3
audit,yangyang_random_capacity_reduction,,configured_bundle,,1.0,bus_only,3127,326.856952746297,1.0,24,2510.86,24,0.3
audit,yangyang_random_capacity_reduction,,configured_bundle,,1.0,bus_only,3128,219.61905338745382,1.0,23,2406.24,23,0.4
audit,yangyang_random_capacity_reduction,,configured_bundle,,1.0,bus_only,3129,219.61905338745382,1.0,23,2406.24,23,0.3
audit,yangyang_random_capacity_reduction,,configured_bundle,,1.0,bus_only,3130,326.856952746297,1.0,24,2510.86,24,0.4
audit,yangyang_random_capacity_reduction,,configured_bundle,,1.0,static_multimodal,3101,332.12160693481417,1.0,48,1252.26,48,0.2
audit,yangyang_random_capacity_reduction,,configured_bundle,,1.0,static_multimodal,3102,312.1216878606501,1.0,47,1215.14,47,0.2
audit,yangyang_random_capacity_reduction,,configured_bundle,,1.0,static_multimodal,3103,332.12160693481417,1.0,48,1252.26,48,0.2
audit,yangyang_random_capacity_reduction,,configured_bundle,,1.0,static_multimodal,3104,332.12160693481417,1.0,48,1252.26,48,0.3
audit,yangyang_random_capacity_reduction,,configured_bundle,,1.0,static_multimodal,3105,312.1216878606501,1.0,46,1200.08,46,0.2
audit,yangyang_random_capacity_reduction,,configured_bundle,,1.0,static_multimodal,3106,362.1213893159056,1.0,48,1252.26,48,0.2
audit,yangyang_random_capacity_reduction,,configured_bundle,,1.0,static_multimodal,3107,312.1216878606501,1.0,46,1200.08,46,0.2
audit,yangyang_random_capacity_reduction,,configured_bundle,,1.0,static_multimodal,3108,332.12160693481417,1.0,50,1282.37,50,0.2
audit,yangyang_random_capacity_reduction,,configured_bundle,,1.0,static_multimodal,3109,362.1214230766173,1.0,52,1334.55,52,0.2
audit,yangyang_random_capacity_reduction,,configured_bundle,,1.0,static_multimodal,3110,362.1214230766173,1.0,50,1304.43,50,0.2
audit,yangyang_random_capacity_reduction,,configured_bundle,,1.0,static_multimodal,3111,332.12160693481417,1.0,48,1252.26,48,0.2
audit,yangyang_random_capacity_reduction,,configured_bundle,,1.0,static_multimodal,3112,332.12160693481417,1.0,49,1267.31,49,0.6
audit,yangyang_random_capacity_reduction,,configured_bundle,,1.0,static_multimodal,3113,422.12129372017716,1.0,49,1267.31,49,0.2
audit,yangyang_random_capacity_reduction,,configured_bundle,,1.0,static_multimodal,3114,312.1216878606501,1.0,46,1200.08,46,0.2
audit,yangyang_random_capacity_reduction,,configured_bundle,,1.0,static_multimodal,3115,332.12160693481417,1.0,48,1252.26,48,0.2
audit,yangyang_random_capacity_reduction,,configured_bundle,,1.0,static_multimodal,3116,362.1213893159056,1.0,49,1267.31,49,0.2
audit,yangyang_random_capacity_reduction,,configured_bundle,,1.0,static_multimodal,3117,312.1216878606501,1.0,47,1215.14,47,0.2
audit,yangyang_random_capacity_reduction,,configured_bundle,,1.0,static_multimodal,3118,312.1216878606501,1.0,47,1215.14,47,0.2
audit,yangyang_random_capacity_reduction,,configured_bundle,,1.0,static_multimodal,3119,312.1216878606501,1.0,47,1215.14,47,0.2
audit,yangyang_random_capacity_reduction,,configured_bundle,,1.0,static_multimodal,3120,362.1213893159056,1.0,49,1267.31,49,0.2
audit,yangyang_random_capacity_reduction,,configured_bundle,,1.0,static_multimodal,3121,312.1216878606501,1.0,48,1230.19,48,0.2
audit,yangyang_random_capacity_reduction,,configured_bundle,,1.0,static_multimodal,3122,312.1216878606501,1.0,47,1215.14,47,0.2
audit,yangyang_random_capacity_reduction,,configured_bundle,,1.0,static_multimodal,3123,332.12160693481417,1.0,50,1282.37,50,0.2
audit,yangyang_random_capacity_reduction,,configured_bundle,,1.0,static_multimodal,3124,542.121293720178,1.0,50,1304.43,50,0.2
audit,yangyang_random_capacity_reduction,,configured_bundle,,1.0,static_multimodal,3125,312.1216878606501,1.0,46,1200.08,46,0.2
audit,yangyang_random_capacity_reduction,,configured_bundle,,1.0,static_multimodal,3126,332.12160693481417,1.0,48,1252.26,48,0.2
audit,yangyang_random_capacity_reduction,,configured_bundle,,1.0,static_multimodal,3127,312.1216878606501,1.0,47,1215.14,47,0.2
audit,yangyang_random_capacity_reduction,,configured_bundle,,1.0,static_multimodal,3128,312.1216878606501,1.0,46,1200.08,46,0.3
audit,yangyang_random_capacity_reduction,,configured_bundle,,1.0,static_multimodal,3129,312.1216878606501,1.0,46,1200.08,46,0.2
audit,yangyang_random_capacity_reduction,,configured_bundle,,1.0,static_multimodal,3130,362.1213893159056,1.0,48,1252.26,48,0.2
audit,yangyang_random_capacity_reduction,,configured_bundle,,1.0,bus_only,3101,326.856952746297,1.0,24,2510.86,24,6.2
audit,yangyang_random_capacity_reduction,,configured_bundle,,1.0,bus_only,3102,326.856952746297,1.0,24,2510.86,24,5.4
audit,yangyang_random_capacity_reduction,,configured_bundle,,1.0,bus_only,3103,326.856952746297,1.0,24,2510.86,24,6.2
audit,yangyang_random_capacity_reduction,,configured_bundle,,1.0,bus_only,3104,326.856952746297,1.0,24,2510.86,24,5.8
audit,yangyang_random_capacity_reduction,,configured_bundle,,1.0,bus_only,3105,219.61905338745382,1.0,23,2406.24,23,5.7
audit,yangyang_random_capacity_reduction,,configured_bundle,,1.0,static_multimodal,3101,332.12160693481417,1.0,48,1252.26,48,1.0
audit,yangyang_random_capacity_reduction,,configured_bundle,,1.0,static_multimodal,3102,312.1216878606501,1.0,47,1215.14,47,1.0
audit,yangyang_random_capacity_reduction,,configured_bundle,,1.0,static_multimodal,3103,332.12160693481417,1.0,48,1252.26,48,1.4
audit,yangyang_random_capacity_reduction,,configured_bundle,,1.0,static_multimodal,3104,332.12160693481417,1.0,48,1252.26,48,1.0
audit,yangyang_random_capacity_reduction,,configured_bundle,,1.0,static_multimodal,3105,312.1216878606501,1.0,46,1200.08,46,1.4
baseline,no_disruption,,configured_bundle,,1.0,bus_only,3101,326.8568824293319,1.0,24,2510.86,24,0.4
baseline,no_disruption,,configured_bundle,,1.0,bus_only,3102,326.8568824293319,1.0,24,2510.86,24,0.4
baseline,no_disruption,,configured_bundle,,1.0,bus_only,3103,326.8568824293319,1.0,24,2510.86,24,0.4
baseline,no_disruption,,configured_bundle,,1.0,bus_only,3104,326.8568824293319,1.0,24,2510.86,24,0.8
baseline,no_disruption,,configured_bundle,,1.0,bus_only,3105,219.61901521432324,1.0,23,2406.24,23,0.4
baseline,no_disruption,,configured_bundle,,1.0,bus_only,3106,326.8568824293319,1.0,24,2510.86,24,0.4
baseline,no_disruption,,configured_bundle,,1.0,bus_only,3107,219.61901521432324,1.0,23,2406.24,23,0.4
baseline,no_disruption,,configured_bundle,,1.0,bus_only,3108,336.8569079084516,1.0,26,2720.09,26,0.4
baseline,no_disruption,,configured_bundle,,1.0,bus_only,3109,341.8569214757593,1.0,27,2824.71,27,0.8
baseline,no_disruption,,configured_bundle,,1.0,bus_only,3110,331.8568947307515,1.0,25,2615.47,25,0.4
baseline,no_disruption,,configured_bundle,,1.0,bus_only,3111,326.8568824293319,1.0,24,2510.86,24,0.4
baseline,no_disruption,,configured_bundle,,1.0,bus_only,3112,331.8568947307515,1.0,25,2615.47,25,0.4
baseline,no_disruption,,configured_bundle,,1.0,bus_only,3113,334.6189650799517,1.0,25,2615.47,25,0.5
baseline,no_disruption,,configured_bundle,,1.0,bus_only,3114,219.61901521432324,1.0,23,2406.24,23,0.4
baseline,no_disruption,,configured_bundle,,1.0,bus_only,3115,326.8568824293319,1.0,24,2510.86,24,0.8
baseline,no_disruption,,configured_bundle,,1.0,bus_only,3116,331.8568947307515,1.0,25,2615.47,25,0.4
baseline,no_disruption,,configured_bundle,,1.0,bus_only,3117,326.8568824293319,1.0,24,2510.86,24,0.4
baseline,no_disruption,,configured_bundle,,1.0,bus_only,3118,326.8568824293319,1.0,24,2510.86,24,0.4
baseline,no_disruption,,configured_bundle,,1.0,bus_only,3119,326.8568824293319,1.0,24,2510.86,24,0.4
baseline,no_disruption,,configured_bundle,,1.0,bus_only,3120,331.8568947307515,1.0,25,2615.47,25,0.8
baseline,no_disruption,,configured_bundle,,1.0,bus_only,3121,331.8568947307515,1.0,25,2615.47,25,0.4
baseline,no_disruption,,configured_bundle,,1.0,bus_only,3122,326.8568824293319,1.0,24,2510.86,24,0.4
baseline,no_disruption,,configured_bundle,,1.0,bus_only,3123,336.8569079084516,1.0,26,2720.09,26,0.4
baseline,no_disruption,,configured_bundle,,1.0,bus_only,3124,454.6189608097767,1.0,25,2615.47,25,0.4
baseline,no_disruption,,configured_bundle,,1.0,bus_only,3125,219.61901521432324,1.0,23,2406.24,23,0.4
baseline,no_disruption,,configured_bundle,,1.0,bus_only,3126,326.8568824293319,1.0,24,2510.86,24,0.8
baseline,no_disruption,,configured_bundle,,1.0,bus_only,3127,326.8568824293319,1.0,24,2510.86,24,0.4
baseline,no_disruption,,configured_bundle,,1.0,bus_only,3128,219.61901521432324,1.0,23,2406.24,23,0.4
baseline,no_disruption,,configured_bundle,,1.0,bus_only,3129,219.61901521432324,1.0,23,2406.24,23,0.4
baseline,no_disruption,,configured_bundle,,1.0,bus_only,3130,326.8568824293319,1.0,24,2510.86,24,0.4
baseline,no_disruption,,configured_bundle,,1.0,static_multimodal,3101,332.12156451998965,1.0,48,1252.26,48,0.3
baseline,no_disruption,,configured_bundle,,1.0,static_multimodal,3102,312.12164227595815,1.0,47,1215.14,47,0.7
baseline,no_disruption,,configured_bundle,,1.0,static_multimodal,3103,332.12156451998965,1.0,48,1252.26,48,0.3
baseline,no_disruption,,configured_bundle,,1.0,static_multimodal,3104,332.12156451998965,1.0,48,1252.26,48,0.3
baseline,no_disruption,,configured_bundle,,1.0,static_multimodal,3105,312.12164227595815,1.0,46,1200.08,46,0.3
baseline,no_disruption,,configured_bundle,,1.0,static_multimodal,3106,362.121355425225,1.0,48,1252.26,48,0.3
baseline,no_disruption,,configured_bundle,,1.0,static_multimodal,3107,312.12164227595815,1.0,46,1200.08,46,0.3
baseline,no_disruption,,configured_bundle,,1.0,static_multimodal,3108,332.12156451998965,1.0,50,1282.37,50,0.3
baseline,no_disruption,,configured_bundle,,1.0,static_multimodal,3109,362.12138786352784,1.0,52,1334.55,52,0.3
baseline,no_disruption,,configured_bundle,,1.0,static_multimodal,3110,362.12138786352784,1.0,50,1304.43,50,0.3
baseline,no_disruption,,configured_bundle,,1.0,static_multimodal,3111,332.12156451998965,1.0,48,1252.26,48,0.7
baseline,no_disruption,,configured_bundle,,1.0,static_multimodal,3112,332.12156451998965,1.0,49,1267.31,49,0.3
baseline,no_disruption,,configured_bundle,,1.0,static_multimodal,3113,422.12126357398733,1.0,49,1267.31,49,0.3
baseline,no_disruption,,configured_bundle,,1.0,static_multimodal,3114,312.12164227595815,1.0,46,1200.08,46,0.3
baseline,no_disruption,,configured_bundle,,1.0,static_multimodal,3115,332.12156451998965,1.0,48,1252.26,48,0.3
baseline,no_disruption,,configured_bundle,,1.0,static_multimodal,3116,362.121355425225,1.0,49,1267.31,49,0.3
baseline,no_disruption,,configured_bundle,,1.0,static_multimodal,3117,312.12164227595815,1.0,47,1215.14,47,0.3
baseline,no_disruption,,configured_bundle,,1.0,static_multimodal,3118,312.12164227595815,1.0,47,1215.14,47,0.3
baseline,no_disruption,,configured_bundle,,1.0,static_multimodal,3119,312.12164227595815,1.0,47,1215.14,47,0.7
baseline,no_disruption,,configured_bundle,,1.0,static_multimodal,3120,362.121355425225,1.0,49,1267.31,49,0.4
baseline,no_disruption,,configured_bundle,,1.0,static_multimodal,3121,312.12164227595815,1.0,48,1230.19,48,0.3
baseline,no_disruption,,configured_bundle,,1.0,static_multimodal,3122,312.12164227595815,1.0,47,1215.14,47,0.3
baseline,no_disruption,,configured_bundle,,1.0,static_multimodal,3123,332.12156451998965,1.0,50,1282.37,50,0.3
baseline,no_disruption,,configured_bundle,,1.0,static_multimodal,3124,542.1212635739881,1.0,50,1304.43,50,0.3
baseline,no_disruption,,configured_bundle,,1.0,static_multimodal,3125,312.12164227595815,1.0,46,1200.08,46,0.3
baseline,no_disruption,,configured_bundle,,1.0,static_multimodal,3126,332.12156451998965,1.0,48,1252.26,48,0.3
baseline,no_disruption,,configured_bundle,,1.0,static_multimodal,3127,312.12164227595815,1.0,47,1215.14,47,0.3
baseline,no_disruption,,configured_bundle,,1.0,static_multimodal,3128,312.12164227595815,1.0,46,1200.08,46,0.7
baseline,no_disruption,,configured_bundle,,1.0,static_multimodal,3129,312.12164227595815,1.0,46,1200.08,46,0.3
baseline,no_disruption,,configured_bundle,,1.0,static_multimodal,3130,362.121355425225,1.0,48,1252.26,48,0.3
baseline,no_disruption,,matched_road_fleet,,1.0,bus_only,3101,326.8568824293319,1.0,24,2510.86,24,0.4
baseline,no_disruption,,matched_road_fleet,,1.0,bus_only,3102,326.8568824293319,1.0,24,2510.86,24,0.5
baseline,no_disruption,,matched_road_fleet,,1.0,bus_only,3103,326.8568824293319,1.0,24,2510.86,24,0.4
baseline,no_disruption,,matched_road_fleet,,1.0,bus_only,3104,326.8568824293319,1.0,24,2510.86,24,0.8
baseline,no_disruption,,matched_road_fleet,,1.0,bus_only,3105,219.61901521432324,1.0,23,2406.24,23,0.4
baseline,no_disruption,,matched_road_fleet,,1.0,bus_only,3106,326.8568824293319,1.0,24,2510.86,24,0.4
baseline,no_disruption,,matched_road_fleet,,1.0,bus_only,3107,219.61901521432324,1.0,23,2406.24,23,0.4
baseline,no_disruption,,matched_road_fleet,,1.0,bus_only,3108,336.8569079084516,1.0,26,2720.09,26,0.4
baseline,no_disruption,,matched_road_fleet,,1.0,bus_only,3109,341.8569214757593,1.0,27,2824.71,27,0.4
baseline,no_disruption,,matched_road_fleet,,1.0,bus_only,3110,331.8568947307515,1.0,25,2615.47,25,0.8
baseline,no_disruption,,matched_road_fleet,,1.0,bus_only,3111,326.8568824293319,1.0,24,2510.86,24,0.4
baseline,no_disruption,,matched_road_fleet,,1.0,bus_only,3112,331.8568947307515,1.0,25,2615.47,25,0.4
baseline,no_disruption,,matched_road_fleet,,1.0,bus_only,3113,334.6189650799517,1.0,25,2615.47,25,0.5
baseline,no_disruption,,matched_road_fleet,,1.0,bus_only,3114,219.61901521432324,1.0,23,2406.24,23,0.4
baseline,no_disruption,,matched_road_fleet,,1.0,bus_only,3115,326.8568824293319,1.0,24,2510.86,24,0.8
baseline,no_disruption,,matched_road_fleet,,1.0,bus_only,3116,331.8568947307515,1.0,25,2615.47,25,0.4
baseline,no_disruption,,matched_road_fleet,,1.0,bus_only,3117,326.8568824293319,1.0,24,2510.86,24,0.4
baseline,no_disruption,,matched_road_fleet,,1.0,bus_only,3118,326.8568824293319,1.0,24,2510.86,24,0.5
baseline,no_disruption,,matched_road_fleet,,1.0,bus_only,3119,326.8568824293319,1.0,24,2510.86,24,0.4
baseline,no_disruption,,matched_road_fleet,,1.0,bus_only,3120,331.8568947307515,1.0,25,2615.47,25,0.4
baseline,no_disruption,,matched_road_fleet,,1.0,bus_only,3121,331.8568947307515,1.0,25,2615.47,25,0.8
baseline,no_disruption,,matched_road_fleet,,1.0,bus_only,3122,326.8568824293319,1.0,24,2510.86,24,0.4
baseline,no_disruption,,matched_road_fleet,,1.0,bus_only,3123,336.8569079084516,1.0,26,2720.09,26,0.4
baseline,no_disruption,,matched_road_fleet,,1.0,bus_only,3124,454.6189608097767,1.0,25,2615.47,25,0.4
baseline,no_disruption,,matched_road_fleet,,1.0,bus_only,3125,219.61901521432324,1.0,23,2406.24,23,0.4
baseline,no_disruption,,matched_road_fleet,,1.0,bus_only,3126,326.8568824293319,1.0,24,2510.86,24,0.8
baseline,no_disruption,,matched_road_fleet,,1.0,bus_only,3127,326.8568824293319,1.0,24,2510.86,24,0.4
baseline,no_disruption,,matched_road_fleet,,1.0,bus_only,3128,219.61901521432324,1.0,23,2406.24,23,0.4
baseline,no_disruption,,matched_road_fleet,,1.0,bus_only,3129,219.61901521432324,1.0,23,2406.24,23,0.4
baseline,no_disruption,,matched_road_fleet,,1.0,bus_only,3130,326.8568824293319,1.0,24,2510.86,24,0.4
baseline,no_disruption,,matched_road_fleet,,1.0,static_multimodal,3101,351.6073952140327,1.0,48,1252.26,48,0.3
baseline,no_disruption,,matched_road_fleet,,1.0,static_multimodal,3102,346.6072207080676,1.0,47,1215.13,47,0.3
baseline,no_disruption,,matched_road_fleet,,1.0,static_multimodal,3103,351.6073952140327,1.0,48,1252.26,48,0.7
baseline,no_disruption,,matched_road_fleet,,1.0,static_multimodal,3104,351.6073952140327,1.0,48,1252.26,48,0.3
baseline,no_disruption,,matched_road_fleet,,1.0,static_multimodal,3105,346.6072207080676,1.0,46,1200.08,46,0.3
baseline,no_disruption,,matched_road_fleet,,1.0,static_multimodal,3106,362.1215271992483,1.0,48,1252.26,48,0.3
baseline,no_disruption,,matched_road_fleet,,1.0,static_multimodal,3107,346.6072207080676,1.0,46,1200.08,46,0.3
baseline,no_disruption,,matched_road_fleet,,1.0,static_multimodal,3108,351.6073952140327,1.0,50,1282.37,50,0.3
baseline,no_disruption,,matched_road_fleet,,1.0,static_multimodal,3109,376.607014554615,1.0,52,1334.54,52,0.3
baseline,no_disruption,,matched_road_fleet,,1.0,static_multimodal,3110,376.607014554615,1.0,50,1304.43,50,0.3
baseline,no_disruption,,matched_road_fleet,,1.0,static_multimodal,3111,351.6073952140327,1.0,48,1252.26,48,0.7
baseline,no_disruption,,matched_road_fleet,,1.0,static_multimodal,3112,351.6073952140327,1.0,49,1267.31,49,0.3
baseline,no_disruption,,matched_road_fleet,,1.0,static_multimodal,3113,422.12126357398733,1.0,49,1267.31,49,0.3
baseline,no_disruption,,matched_road_fleet,,1.0,static_multimodal,3114,346.6072207080676,1.0,46,1200.08,46,0.3
baseline,no_disruption,,matched_road_fleet,,1.0,static_multimodal,3115,351.6073952140327,1.0,48,1252.26,48,0.3
baseline,no_disruption,,matched_road_fleet,,1.0,static_multimodal,3116,362.1215271992483,1.0,49,1267.31,49,0.3
baseline,no_disruption,,matched_road_fleet,,1.0,static_multimodal,3117,346.6072207080676,1.0,47,1215.13,47,0.3
baseline,no_disruption,,matched_road_fleet,,1.0,static_multimodal,3118,346.6072207080676,1.0,47,1215.13,47,0.3
baseline,no_disruption,,matched_road_fleet,,1.0,static_multimodal,3119,346.6072207080676,1.0,47,1215.13,47,0.7
baseline,no_disruption,,matched_road_fleet,,1.0,static_multimodal,3120,362.1215271992483,1.0,49,1267.31,49,0.3
baseline,no_disruption,,matched_road_fleet,,1.0,static_multimodal,3121,346.6072207080676,1.0,48,1230.19,48,0.3
baseline,no_disruption,,matched_road_fleet,,1.0,static_multimodal,3122,346.6072207080676,1.0,47,1215.13,47,0.3
baseline,no_disruption,,matched_road_fleet,,1.0,static_multimodal,3123,351.6073952140327,1.0,50,1282.37,50,0.3
baseline,no_disruption,,matched_road_fleet,,1.0,static_multimodal,3124,542.1212635739881,1.0,50,1304.43,50,0.3
baseline,no_disruption,,matched_road_fleet,,1.0,static_multimodal,3125,346.6072207080676,1.0,46,1200.08,46,0.3
baseline,no_disruption,,matched_road_fleet,,1.0,static_multimodal,3126,351.6073952140327,1.0,48,1252.26,48,0.3
baseline,no_disruption,,matched_road_fleet,,1.0,static_multimodal,3127,346.6072207080676,1.0,47,1215.13,47,0.3
baseline,no_disruption,,matched_road_fleet,,1.0,static_multimodal,3128,346.6072207080676,1.0,46,1200.08,46,0.7
baseline,no_disruption,,matched_road_fleet,,1.0,static_multimodal,3129,346.6072207080676,1.0,46,1200.08,46,0.3
baseline,no_disruption,,matched_road_fleet,,1.0,static_multimodal,3130,362.1215271992483,1.0,48,1252.26,48,0.3
allocation,no_disruption,,matched_road_fleet,1,1.0,static_multimodal,3101,1052.1212933006234,1.0,48,1252.25,48,0.3
allocation,no_disruption,,matched_road_fleet,1,1.0,static_multimodal,3102,1052.1212933006234,1.0,48,1252.25,48,0.3
allocation,no_disruption,,matched_road_fleet,1,1.0,static_multimodal,3103,1052.1212933006234,1.0,48,1252.25,48,0.3
allocation,no_disruption,,matched_road_fleet,1,1.0,static_multimodal,3104,1052.1212933006234,1.0,48,1252.25,48,0.3
allocation,no_disruption,,matched_road_fleet,1,1.0,static_multimodal,3105,1022.1212932980393,1.0,46,1200.07,46,0.3
allocation,no_disruption,,matched_road_fleet,1,1.0,static_multimodal,3106,1052.1212933006234,1.0,48,1252.25,48,0.7
allocation,no_disruption,,matched_road_fleet,1,1.0,static_multimodal,3107,1022.1212932980393,1.0,46,1200.07,46,0.3
allocation,no_disruption,,matched_road_fleet,1,1.0,static_multimodal,3108,1142.1212932980384,1.0,52,1356.6,52,0.3
allocation,no_disruption,,matched_road_fleet,1,1.0,static_multimodal,3109,1172.1212932980384,1.0,54,1408.78,54,0.3
allocation,no_disruption,,matched_road_fleet,1,1.0,static_multimodal,3110,1112.1212932980056,1.0,50,1304.42,50,0.3
allocation,no_disruption,,matched_road_fleet,1,1.0,static_multimodal,3111,1052.1212933006234,1.0,48,1252.25,48,0.3
allocation,no_disruption,,matched_road_fleet,1,1.0,static_multimodal,3112,1112.1212932980056,1.0,50,1304.42,50,0.3
allocation,no_disruption,,matched_road_fleet,1,1.0,static_multimodal,3113,1112.1212932980056,1.0,50,1304.42,50,0.3
allocation,no_disruption,,matched_road_fleet,1,1.0,static_multimodal,3114,1022.1212932980393,1.0,46,1200.07,46,0.3
allocation,no_disruption,,matched_road_fleet,1,1.0,static_multimodal,3115,1052.1212933006234,1.0,48,1252.25,48,0.7
allocation,no_disruption,,matched_road_fleet,1,1.0,static_multimodal,3116,1112.1212932980056,1.0,50,1304.42,50,0.3
allocation,no_disruption,,matched_road_fleet,1,1.0,static_multimodal,3117,1052.1212933006234,1.0,48,1252.25,48,0.3
allocation,no_disruption,,matched_road_fleet,1,1.0,static_multimodal,3118,1052.1212933006234,1.0,48,1252.25,48,0.3
allocation,no_disruption,,matched_road_fleet,1,1.0,static_multimodal,3119,1052.1212933006234,1.0,48,1252.25,48,0.3
allocation,no_disruption,,matched_road_fleet,1,1.0,static_multimodal,3120,1112.1212932980056,1.0,50,1304.42,50,0.4
allocation,no_disruption,,matched_road_fleet,1,1.0,static_multimodal,3121,1112.1212932980056,1.0,50,1304.42,50,0.3
allocation,no_disruption,,matched_road_fleet,1,1.0,static_multimodal,3122,1052.1212933006234,1.0,48,1252.25,48,0.3
allocation,no_disruption,,matched_road_fleet,1,1.0,static_multimodal,3123,1142.1212932980384,1.0,52,1356.6,52,0.7
allocation,no_disruption,,matched_road_fleet,1,1.0,static_multimodal,3124,1112.1212932980056,1.0,50,1304.42,50,0.3
allocation,no_disruption,,matched_road_fleet,1,1.0,static_multimodal,3125,1022.1212932980393,1.0,46,1200.07,46,0.3
allocation,no_disruption,,matched_road_fleet,1,1.0,static_multimodal,3126,1052.1212933006234,1.0,48,1252.25,48,0.3
allocation,no_disruption,,matched_road_fleet,1,1.0,static_multimodal,3127,1052.1212933006234,1.0,48,1252.25,48,0.3
allocation,no_disruption,,matched_road_fleet,1,1.0,static_multimodal,3128,1022.1212932980393,1.0,46,1200.07,46,0.3
allocation,no_disruption,,matched_road_fleet,1,1.0,static_multimodal,3129,1022.1212932980393,1.0,46,1200.07,46,0.3
allocation,no_disruption,,matched_road_fleet,1,1.0,static_multimodal,3130,1052.1212933006234,1.0,48,1252.25,48,0.3
allocation,no_disruption,,matched_road_fleet,2,1.0,static_multimodal,3101,602.1213554252598,1.0,47,1215.13,47,0.3
allocation,no_disruption,,matched_road_fleet,2,1.0,static_multimodal,3102,602.1213554252598,1.0,47,1215.13,47,0.7
allocation,no_disruption,,matched_road_fleet,2,1.0,static_multimodal,3103,602.1213554252598,1.0,47,1215.13,47,0.3
allocation,no_disruption,,matched_road_fleet,2,1.0,static_multimodal,3104,602.1213554252598,1.0,47,1215.13,47,0.3
allocation,no_disruption,,matched_road_fleet,2,1.0,static_multimodal,3105,602.1213554252598,1.0,46,1200.07,46,0.3
allocation,no_disruption,,matched_road_fleet,2,1.0,static_multimodal,3106,602.1213554252598,1.0,47,1215.13,47,0.3
allocation,no_disruption,,matched_road_fleet,2,1.0,static_multimodal,3107,602.1213554252598,1.0,46,1200.07,46,0.3
allocation,no_disruption,,matched_road_fleet,2,1.0,static_multimodal,3108,662.1212932980065,1.0,50,1282.36,50,0.3
allocation,no_disruption,,matched_road_fleet,2,1.0,static_multimodal,3109,692.1212932980393,1.0,52,1334.54,52,0.3
allocation,no_disruption,,matched_road_fleet,2,1.0,static_multimodal,3110,662.1212932980065,1.0,49,1267.31,49,0.7
allocation,no_disruption,,matched_road_fleet,2,1.0,static_multimodal,3111,602.1213554252598,1.0,47,1215.13,47,0.3
allocation,no_disruption,,matched_road_fleet,2,1.0,static_multimodal,3112,662.1212932980065,1.0,49,1267.31,49,0.3
allocation,no_disruption,,matched_road_fleet,2,1.0,static_multimodal,3113,662.1212932980065,1.0,49,1267.31,49,0.3
allocation,no_disruption,,matched_road_fleet,2,1.0,static_multimodal,3114,602.1213554252598,1.0,46,1200.07,46,0.3
allocation,no_disruption,,matched_road_fleet,2,1.0,static_multimodal,3115,602.1213554252598,1.0,47,1215.13,47,0.3
allocation,no_disruption,,matched_road_fleet,2,1.0,static_multimodal,3116,662.1212932980065,1.0,49,1267.31,49,0.3
allocation,no_disruption,,matched_road_fleet,2,1.0,static_multimodal,3117,602.1213554252598,1.0,47,1215.13,47,0.3
allocation,no_disruption,,matched_road_fleet,2,1.0,static_multimodal,3118,602.1213554252598,1.0,47,1215.13,47,0.7
allocation,no_disruption,,matched_road_fleet,2,1.0,static_multimodal,3119,602.1213554252598,1.0,47,1215.13,47,0.3
allocation,no_disruption,,matched_road_fleet,2,1.0,static_multimodal,3120,662.1212932980065,1.0,49,1267.31,49,0.3
allocation,no_disruption,,matched_road_fleet,2,1.0,static_multimodal,3121,662.1212932980065,1.0,49,1267.31,49,0.3
allocation,no_disruption,,matched_road_fleet,2,1.0,static_multimodal,3122,602.1213554252598,1.0,47,1215.13,47,0.3
allocation,no_disruption,,matched_road_fleet,2,1.0,static_multimodal,3123,662.1212932980065,1.0,50,1282.36,50,0.3
allocation,no_disruption,,matched_road_fleet,2,1.0,static_multimodal,3124,662.1212932980065,1.0,49,1267.31,49,0.3
allocation,no_disruption,,matched_road_fleet,2,1.0,static_multimodal,3125,602.1213554252598,1.0,46,1200.07,46,0.2
allocation,no_disruption,,matched_road_fleet,2,1.0,static_multimodal,3126,602.1213554252598,1.0,47,1215.13,47,0.7
allocation,no_disruption,,matched_road_fleet,2,1.0,static_multimodal,3127,602.1213554252598,1.0,47,1215.13,47,0.3
allocation,no_disruption,,matched_road_fleet,2,1.0,static_multimodal,3128,602.1213554252598,1.0,46,1200.07,46,0.3
allocation,no_disruption,,matched_road_fleet,2,1.0,static_multimodal,3129,602.1213554252598,1.0,46,1200.07,46,0.3
allocation,no_disruption,,matched_road_fleet,2,1.0,static_multimodal,3130,602.1213554252598,1.0,47,1215.13,47,0.3
allocation,no_disruption,,matched_road_fleet,3,1.0,static_multimodal,3101,457.12142124203626,1.0,47,1215.13,47,0.3
allocation,no_disruption,,matched_road_fleet,3,1.0,static_multimodal,3102,457.12142124203626,1.0,47,1215.13,47,0.3
allocation,no_disruption,,matched_road_fleet,3,1.0,static_multimodal,3103,457.12142124203626,1.0,47,1215.13,47,0.3
allocation,no_disruption,,matched_road_fleet,3,1.0,static_multimodal,3104,457.12142124203626,1.0,47,1215.13,47,0.3
allocation,no_disruption,,matched_road_fleet,3,1.0,static_multimodal,3105,457.12142124203626,1.0,46,1200.07,46,0.7
allocation,no_disruption,,matched_road_fleet,3,1.0,static_multimodal,3106,457.12142124203626,1.0,47,1215.13,47,0.3
allocation,no_disruption,,matched_road_fleet,3,1.0,static_multimodal,3107,457.12142124203626,1.0,46,1200.07,46,0.3
allocation,no_disruption,,matched_road_fleet,3,1.0,static_multimodal,3108,512.1213554252249,1.0,51,1319.48,51,0.3
allocation,no_disruption,,matched_road_fleet,3,1.0,static_multimodal,3109,512.1213554252249,1.0,52,1334.54,52,0.3
allocation,no_disruption,,matched_road_fleet,3,1.0,static_multimodal,3110,482.1213878635636,1.0,49,1267.31,49,0.3
allocation,no_disruption,,matched_road_fleet,3,1.0,static_multimodal,3111,457.12142124203626,1.0,47,1215.13,47,0.3
allocation,no_disruption,,matched_road_fleet,3,1.0,static_multimodal,3112,482.1213878635636,1.0,49,1267.31,49,0.3
allocation,no_disruption,,matched_road_fleet,3,1.0,static_multimodal,3113,482.1213878635636,1.0,49,1267.31,49,0.6
allocation,no_disruption,,matched_road_fleet,3,1.0,static_multimodal,3114,457.12142124203626,1.0,46,1200.07,46,0.3
allocation,no_disruption,,matched_road_fleet,3,1.0,static_multimodal,3115,457.12142124203626,1.0,47,1215.13,47,0.3
allocation,no_disruption,,matched_road_fleet,3,1.0,static_multimodal,3116,482.1213878635636,1.0,49,1267.31,49,0.4
allocation,no_disruption,,matched_road_fleet,3,1.0,static_multimodal,3117,457.12142124203626,1.0,47,1215.13,47,0.3
allocation,no_disruption,,matched_road_fleet,3,1.0,static_multimodal,3118,457.12142124203626,1.0,47,1215.13,47,0.3
allocation,no_disruption,,matched_road_fleet,3,1.0,static_multimodal,3119,457.12142124203626,1.0,47,1215.13,47,0.3
allocation,no_disruption,,matched_road_fleet,3,1.0,static_multimodal,3120,482.1213878635636,1.0,49,1267.31,49,0.3
allocation,no_disruption,,matched_road_fleet,3,1.0,static_multimodal,3121,482.1213878635636,1.0,49,1267.31,49,0.7
allocation,no_disruption,,matched_road_fleet,3,1.0,static_multimodal,3122,457.12142124203626,1.0,47,1215.13,47,0.3
allocation,no_disruption,,matched_road_fleet,3,1.0,static_multimodal,3123,512.1213554252249,1.0,51,1319.48,51,0.3
allocation,no_disruption,,matched_road_fleet,3,1.0,static_multimodal,3124,542.1212635739881,1.0,49,1267.31,49,0.3
allocation,no_disruption,,matched_road_fleet,3,1.0,static_multimodal,3125,457.12142124203626,1.0,46,1200.07,46,0.3
allocation,no_disruption,,matched_road_fleet,3,1.0,static_multimodal,3126,457.12142124203626,1.0,47,1215.13,47,0.3
allocation,no_disruption,,matched_road_fleet,3,1.0,static_multimodal,3127,457.12142124203626,1.0,47,1215.13,47,0.3
allocation,no_disruption,,matched_road_fleet,3,1.0,static_multimodal,3128,457.12142124203626,1.0,46,1200.07,46,0.3
allocation,no_disruption,,matched_road_fleet,3,1.0,static_multimodal,3129,457.12142124203626,1.0,46,1200.07,46,0.3
allocation,no_disruption,,matched_road_fleet,3,1.0,static_multimodal,3130,457.12142124203626,1.0,47,1215.13,47,0.6
allocation,no_disruption,,matched_road_fleet,4,1.0,static_multimodal,3101,402.12142124203626,1.0,47,1215.13,47,0.3
allocation,no_disruption,,matched_road_fleet,4,1.0,static_multimodal,3102,402.12142124203626,1.0,47,1215.13,47,0.3
allocation,no_disruption,,matched_road_fleet,4,1.0,static_multimodal,3103,402.12142124203626,1.0,47,1215.13,47,0.3
allocation,no_disruption,,matched_road_fleet,4,1.0,static_multimodal,3104,402.12142124203626,1.0,47,1215.13,47,0.3
allocation,no_disruption,,matched_road_fleet,4,1.0,static_multimodal,3105,402.12142124203626,1.0,46,1200.08,46,0.3
allocation,no_disruption,,matched_road_fleet,4,1.0,static_multimodal,3106,402.12142124203626,1.0,47,1215.13,47,0.3
allocation,no_disruption,,matched_road_fleet,4,1.0,static_multimodal,3107,402.12142124203626,1.0,46,1200.08,46,0.3
allocation,no_disruption,,matched_road_fleet,4,1.0,static_multimodal,3108,422.12142124203626,1.0,50,1282.36,50,0.7
allocation,no_disruption,,matched_road_fleet,4,1.0,static_multimodal,3109,422.12142124203626,1.0,51,1297.42,51,0.3
allocation,no_disruption,,matched_road_fleet,4,1.0,static_multimodal,3110,422.12142124203626,1.0,49,1267.31,49,0.3
allocation,no_disruption,,matched_road_fleet,4,1.0,static_multimodal,3111,402.12142124203626,1.0,47,1215.13,47,0.3
allocation,no_disruption,,matched_road_fleet,4,1.0,static_multimodal,3112,422.12142124203626,1.0,49,1267.31,49,0.3
allocation,no_disruption,,matched_road_fleet,4,1.0,static_multimodal,3113,422.12142124203626,1.0,49,1267.31,49,0.3
allocation,no_disruption,,matched_road_fleet,4,1.0,static_multimodal,3114,402.12142124203626,1.0,46,1200.08,46,0.3
allocation,no_disruption,,matched_road_fleet,4,1.0,static_multimodal,3115,402.12142124203626,1.0,47,1215.13,47,0.3
allocation,no_disruption,,matched_road_fleet,4,1.0,static_multimodal,3116,422.12142124203626,1.0,49,1267.31,49,0.3
allocation,no_disruption,,matched_road_fleet,4,1.0,static_multimodal,3117,402.12142124203626,1.0,47,1215.13,47,0.7
allocation,no_disruption,,matched_road_fleet,4,1.0,static_multimodal,3118,402.12142124203626,1.0,47,1215.13,47,0.3
allocation,no_disruption,,matched_road_fleet,4,1.0,static_multimodal,3119,402.12142124203626,1.0,47,1215.13,47,0.3
allocation,no_disruption,,matched_road_fleet,4,1.0,static_multimodal,3120,422.12142124203626,1.0,49,1267.31,49,0.3
allocation,no_disruption,,matched_road_fleet,4,1.0,static_multimodal,3121,422.12142124203626,1.0,49,1267.31,49,0.3
allocation,no_disruption,,matched_road_fleet,4,1.0,static_multimodal,3122,402.12142124203626,1.0,47,1215.13,47,0.3
allocation,no_disruption,,matched_road_fleet,4,1.0,static_multimodal,3123,422.12142124203626,1.0,50,1282.36,50,0.3
allocation,no_disruption,,matched_road_fleet,4,1.0,static_multimodal,3124,542.1212635739881,1.0,49,1267.31,49,0.3
allocation,no_disruption,,matched_road_fleet,4,1.0,static_multimodal,3125,402.12142124203626,1.0,46,1200.08,46,0.7
allocation,no_disruption,,matched_road_fleet,4,1.0,static_multimodal,3126,402.12142124203626,1.0,47,1215.13,47,0.3
allocation,no_disruption,,matched_road_fleet,4,1.0,static_multimodal,3127,402.12142124203626,1.0,47,1215.13,47,0.3
allocation,no_disruption,,matched_road_fleet,4,1.0,static_multimodal,3128,402.12142124203626,1.0,46,1200.08,46,0.3
allocation,no_disruption,,matched_road_fleet,4,1.0,static_multimodal,3129,402.12142124203626,1.0,46,1200.08,46,0.3
allocation,no_disruption,,matched_road_fleet,4,1.0,static_multimodal,3130,402.12142124203626,1.0,47,1215.13,47,0.3
allocation,no_disruption,,matched_road_fleet,5,1.0,static_multimodal,3101,367.121490891591,1.0,47,1215.13,47,0.3
allocation,no_disruption,,matched_road_fleet,5,1.0,static_multimodal,3102,367.121490891591,1.0,47,1215.13,47,0.3
allocation,no_disruption,,matched_road_fleet,5,1.0,static_multimodal,3103,367.121490891591,1.0,47,1215.13,47,0.7
allocation,no_disruption,,matched_road_fleet,5,1.0,static_multimodal,3104,367.121490891591,1.0,47,1215.13,47,0.3
allocation,no_disruption,,matched_road_fleet,5,1.0,static_multimodal,3105,367.121490891591,1.0,46,1200.08,46,0.3
allocation,no_disruption,,matched_road_fleet,5,1.0,static_multimodal,3106,367.121490891591,1.0,47,1215.13,47,0.3
allocation,no_disruption,,matched_road_fleet,5,1.0,static_multimodal,3107,367.121490891591,1.0,46,1200.08,46,0.3
allocation,no_disruption,,matched_road_fleet,5,1.0,static_multimodal,3108,392.1214212419995,1.0,50,1282.37,50,0.3
allocation,no_disruption,,matched_road_fleet,5,1.0,static_multimodal,3109,392.1214212419995,1.0,51,1297.42,51,0.3
allocation,no_disruption,,matched_road_fleet,5,1.0,static_multimodal,3110,367.121490891591,1.0,48,1230.19,48,0.3
allocation,no_disruption,,matched_road_fleet,5,1.0,static_multimodal,3111,367.121490891591,1.0,47,1215.13,47,0.6
allocation,no_disruption,,matched_road_fleet,5,1.0,static_multimodal,3112,367.121490891591,1.0,48,1230.19,48,0.3
allocation,no_disruption,,matched_road_fleet,5,1.0,static_multimodal,3113,422.12132390926786,1.0,49,1267.31,49,0.3
allocation,no_disruption,,matched_road_fleet,5,1.0,static_multimodal,3114,367.121490891591,1.0,46,1200.08,46,0.3
allocation,no_disruption,,matched_road_fleet,5,1.0,static_multimodal,3115,367.121490891591,1.0,47,1215.13,47,0.3
allocation,no_disruption,,matched_road_fleet,5,1.0,static_multimodal,3116,367.121490891591,1.0,48,1230.19,48,0.3
allocation,no_disruption,,matched_road_fleet,5,1.0,static_multimodal,3117,367.121490891591,1.0,47,1215.13,47,0.3
allocation,no_disruption,,matched_road_fleet,5,1.0,static_multimodal,3118,367.121490891591,1.0,47,1215.13,47,0.3
allocation,no_disruption,,matched_road_fleet,5,1.0,static_multimodal,3119,367.121490891591,1.0,47,1215.13,47,0.3
allocation,no_disruption,,matched_road_fleet,5,1.0,static_multimodal,3120,367.121490891591,1.0,48,1230.19,48,0.7
allocation,no_disruption,,matched_road_fleet,5,1.0,static_multimodal,3121,367.121490891591,1.0,48,1230.19,48,0.3
allocation,no_disruption,,matched_road_fleet,5,1.0,static_multimodal,3122,367.121490891591,1.0,47,1215.13,47,0.3
allocation,no_disruption,,matched_road_fleet,5,1.0,static_multimodal,3123,392.1214212419995,1.0,50,1282.37,50,0.3
allocation,no_disruption,,matched_road_fleet,5,1.0,static_multimodal,3124,542.1212635739881,1.0,49,1267.31,49,0.3
allocation,no_disruption,,matched_road_fleet,5,1.0,static_multimodal,3125,367.121490891591,1.0,46,1200.08,46,0.3
allocation,no_disruption,,matched_road_fleet,5,1.0,static_multimodal,3126,367.121490891591,1.0,47,1215.13,47,0.3
allocation,no_disruption,,matched_road_fleet,5,1.0,static_multimodal,3127,367.121490891591,1.0,47,1215.13,47,0.3
allocation,no_disruption,,matched_road_fleet,5,1.0,static_multimodal,3128,367.121490891591,1.0,46,1200.08,46,0.7
allocation,no_disruption,,matched_road_fleet,5,1.0,static_multimodal,3129,367.121490891591,1.0,46,1200.08,46,0.3
allocation,no_disruption,,matched_road_fleet,5,1.0,static_multimodal,3130,367.121490891591,1.0,47,1215.13,47,0.3
allocation,no_disruption,,matched_road_fleet,6,1.0,static_multimodal,3101,337.12156451998965,1.0,47,1215.13,47,0.3
allocation,no_disruption,,matched_road_fleet,6,1.0,static_multimodal,3102,337.12156451998965,1.0,47,1215.13,47,0.3
allocation,no_disruption,,matched_road_fleet,6,1.0,static_multimodal,3103,337.12156451998965,1.0,47,1215.13,47,0.3
allocation,no_disruption,,matched_road_fleet,6,1.0,static_multimodal,3104,337.12156451998965,1.0,47,1215.13,47,0.3
allocation,no_disruption,,matched_road_fleet,6,1.0,static_multimodal,3105,337.12156451998965,1.0,46,1200.08,46,0.3
allocation,no_disruption,,matched_road_fleet,6,1.0,static_multimodal,3106,362.121490891591,1.0,48,1252.26,48,0.7
allocation,no_disruption,,matched_road_fleet,6,1.0,static_multimodal,3107,337.12156451998965,1.0,46,1200.08,46,0.3
allocation,no_disruption,,matched_road_fleet,6,1.0,static_multimodal,3108,362.121490891591,1.0,50,1282.37,50,0.3
allocation,no_disruption,,matched_road_fleet,6,1.0,static_multimodal,3109,362.121490891591,1.0,51,1297.42,51,0.3
allocation,no_disruption,,matched_road_fleet,6,1.0,static_multimodal,3110,362.121490891591,1.0,49,1267.31,49,0.3
allocation,no_disruption,,matched_road_fleet,6,1.0,static_multimodal,3111,337.12156451998965,1.0,47,1215.13,47,0.3
allocation,no_disruption,,matched_road_fleet,6,1.0,static_multimodal,3112,337.12156451998965,1.0,48,1230.19,48,0.3
allocation,no_disruption,,matched_road_fleet,6,1.0,static_multimodal,3113,422.12126357398733,1.0,49,1267.31,49,0.3
allocation,no_disruption,,matched_road_fleet,6,1.0,static_multimodal,3114,337.12156451998965,1.0,46,1200.08,46,0.3
allocation,no_disruption,,matched_road_fleet,6,1.0,static_multimodal,3115,337.12156451998965,1.0,47,1215.13,47,0.7
allocation,no_disruption,,matched_road_fleet,6,1.0,static_multimodal,3116,362.121490891591,1.0,49,1267.31,49,0.3
allocation,no_disruption,,matched_road_fleet,6,1.0,static_multimodal,3117,337.12156451998965,1.0,47,1215.13,47,0.3
allocation,no_disruption,,matched_road_fleet,6,1.0,static_multimodal,3118,337.12156451998965,1.0,47,1215.13,47,0.3
allocation,no_disruption,,matched_road_fleet,6,1.0,static_multimodal,3119,337.12156451998965,1.0,47,1215.13,47,0.3
allocation,no_disruption,,matched_road_fleet,6,1.0,static_multimodal,3120,362.121490891591,1.0,49,1267.31,49,0.3
allocation,no_disruption,,matched_road_fleet,6,1.0,static_multimodal,3121,337.12156451998965,1.0,48,1230.19,48,0.3
allocation,no_disruption,,matched_road_fleet,6,1.0,static_multimodal,3122,337.12156451998965,1.0,47,1215.13,47,0.3
allocation,no_disruption,,matched_road_fleet,6,1.0,static_multimodal,3123,362.121490891591,1.0,50,1282.37,50,0.7
allocation,no_disruption,,matched_road_fleet,6,1.0,static_multimodal,3124,542.1212635739881,1.0,49,1267.31,49,0.3
allocation,no_disruption,,matched_road_fleet,6,1.0,static_multimodal,3125,337.12156451998965,1.0,46,1200.08,46,0.3
allocation,no_disruption,,matched_road_fleet,6,1.0,static_multimodal,3126,337.12156451998965,1.0,47,1215.13,47,0.3
allocation,no_disruption,,matched_road_fleet,6,1.0,static_multimodal,3127,337.12156451998965,1.0,47,1215.13,47,0.3
allocation,no_disruption,,matched_road_fleet,6,1.0,static_multimodal,3128,337.12156451998965,1.0,46,1200.08,46,0.3
allocation,no_disruption,,matched_road_fleet,6,1.0,static_multimodal,3129,337.12156451998965,1.0,46,1200.08,46,0.3
allocation,no_disruption,,matched_road_fleet,6,1.0,static_multimodal,3130,362.121490891591,1.0,48,1252.26,48,0.3
allocation,no_disruption,,matched_road_fleet,7,1.0,static_multimodal,3101,332.1216028726098,1.0,48,1252.26,48,0.3
allocation,no_disruption,,matched_road_fleet,7,1.0,static_multimodal,3102,322.1216028726521,1.0,47,1215.14,47,0.7
allocation,no_disruption,,matched_road_fleet,7,1.0,static_multimodal,3103,332.1216028726098,1.0,48,1252.26,48,0.3
allocation,no_disruption,,matched_road_fleet,7,1.0,static_multimodal,3104,332.1216028726098,1.0,48,1252.26,48,0.3
allocation,no_disruption,,matched_road_fleet,7,1.0,static_multimodal,3105,322.1216028726521,1.0,46,1200.08,46,0.3
allocation,no_disruption,,matched_road_fleet,7,1.0,static_multimodal,3106,362.1214212419995,1.0,48,1252.26,48,0.3
allocation,no_disruption,,matched_road_fleet,7,1.0,static_multimodal,3107,322.1216028726521,1.0,46,1200.08,46,0.3
allocation,no_disruption,,matched_road_fleet,7,1.0,static_multimodal,3108,332.1216028726098,1.0,50,1282.37,50,0.4
allocation,no_disruption,,matched_road_fleet,7,1.0,static_multimodal,3109,362.1214555786325,1.0,52,1334.55,52,0.3
allocation,no_disruption,,matched_road_fleet,7,1.0,static_multimodal,3110,362.1214555786325,1.0,50,1304.43,50,0.7
allocation,no_disruption,,matched_road_fleet,7,1.0,static_multimodal,3111,332.1216028726098,1.0,48,1252.26,48,0.3
allocation,no_disruption,,matched_road_fleet,7,1.0,static_multimodal,3112,332.1216028726098,1.0,49,1267.31,49,0.3
allocation,no_disruption,,matched_road_fleet,7,1.0,static_multimodal,3113,422.12126357398733,1.0,49,1267.31,49,0.3
allocation,no_disruption,,matched_road_fleet,7,1.0,static_multimodal,3114,322.1216028726521,1.0,46,1200.08,46,0.3
allocation,no_disruption,,matched_road_fleet,7,1.0,static_multimodal,3115,332.1216028726098,1.0,48,1252.26,48,0.3
allocation,no_disruption,,matched_road_fleet,7,1.0,static_multimodal,3116,362.1214212419995,1.0,49,1267.31,49,0.3
allocation,no_disruption,,matched_road_fleet,7,1.0,static_multimodal,3117,322.1216028726521,1.0,47,1215.14,47,0.3
allocation,no_disruption,,matched_road_fleet,7,1.0,static_multimodal,3118,322.1216028726521,1.0,47,1215.14,47,0.7
allocation,no_disruption,,matched_road_fleet,7,1.0,static_multimodal,3119,322.1216028726521,1.0,47,1215.14,47,0.3
allocation,no_disruption,,matched_road_fleet,7,1.0,static_multimodal,3120,362.1214212419995,1.0,49,1267.31,49,0.3
allocation,no_disruption,,matched_road_fleet,7,1.0,static_multimodal,3121,332.1216028726098,1.0,49,1267.31,49,0.3
allocation,no_disruption,,matched_road_fleet,7,1.0,static_multimodal,3122,322.1216028726521,1.0,47,1215.14,47,0.3
allocation,no_disruption,,matched_road_fleet,7,1.0,static_multimodal,3123,332.1216028726098,1.0,50,1282.37,50,0.3
allocation,no_disruption,,matched_road_fleet,7,1.0,static_multimodal,3124,542.1212635739881,1.0,50,1304.43,50,0.3
allocation,no_disruption,,matched_road_fleet,7,1.0,static_multimodal,3125,322.1216028726521,1.0,46,1200.08,46,0.3
allocation,no_disruption,,matched_road_fleet,7,1.0,static_multimodal,3126,332.1216028726098,1.0,48,1252.26,48,0.6
allocation,no_disruption,,matched_road_fleet,7,1.0,static_multimodal,3127,322.1216028726521,1.0,47,1215.14,47,0.3
allocation,no_disruption,,matched_road_fleet,7,1.0,static_multimodal,3128,322.1216028726521,1.0,46,1200.08,46,0.3
allocation,no_disruption,,matched_road_fleet,7,1.0,static_multimodal,3129,322.1216028726521,1.0,46,1200.08,46,0.3
allocation,no_disruption,,matched_road_fleet,7,1.0,static_multimodal,3130,362.1214212419995,1.0,48,1252.26,48,0.3
allocation,no_disruption,,matched_road_fleet,8,1.0,static_multimodal,3101,332.12156451998965,1.0,48,1252.26,48,0.3
allocation,no_disruption,,matched_road_fleet,8,1.0,static_multimodal,3102,319.36458465591187,1.0,47,1215.14,47,0.3
allocation,no_disruption,,matched_road_fleet,8,1.0,static_multimodal,3103,332.12156451998965,1.0,48,1252.26,48,0.3
allocation,no_disruption,,matched_road_fleet,8,1.0,static_multimodal,3104,332.12156451998965,1.0,48,1252.26,48,0.3
allocation,no_disruption,,matched_road_fleet,8,1.0,static_multimodal,3105,319.36458465591187,1.0,46,1200.08,46,0.6
allocation,no_disruption,,matched_road_fleet,8,1.0,static_multimodal,3106,362.1213878635636,1.0,48,1252.26,48,0.3
allocation,no_disruption,,matched_road_fleet,8,1.0,static_multimodal,3107,319.36458465591187,1.0,46,1200.08,46,0.3
allocation,no_disruption,,matched_road_fleet,8,1.0,static_multimodal,3108,332.12156451998965,1.0,50,1282.37,50,0.3
allocation,no_disruption,,matched_road_fleet,8,1.0,static_multimodal,3109,362.12142124203626,1.0,52,1334.55,52,0.3
allocation,no_disruption,,matched_road_fleet,8,1.0,static_multimodal,3110,362.12142124203626,1.0,50,1304.43,50,0.3
allocation,no_disruption,,matched_road_fleet,8,1.0,static_multimodal,3111,332.12156451998965,1.0,48,1252.26,48,0.3
allocation,no_disruption,,matched_road_fleet,8,1.0,static_multimodal,3112,332.12156451998965,1.0,49,1267.31,49,0.3
allocation,no_disruption,,matched_road_fleet,8,1.0,static_multimodal,3113,422.12126357398733,1.0,49,1267.31,49,0.7
allocation,no_disruption,,matched_road_fleet,8,1.0,static_multimodal,3114,319.36458465591187,1.0,46,1200.08,46,0.3
allocation,no_disruption,,matched_road_fleet,8,1.0,static_multimodal,3115,332.12156451998965,1.0,48,1252.26,48,0.3
allocation,no_disruption,,matched_road_fleet,8,1.0,static_multimodal,3116,362.1213878635636,1.0,49,1267.31,49,0.3
allocation,no_disruption,,matched_road_fleet,8,1.0,static_multimodal,3117,319.36458465591187,1.0,47,1215.14,47,0.3
allocation,no_disruption,,matched_road_fleet,8,1.0,static_multimodal,3118,319.36458465591187,1.0,47,1215.14,47,0.3
allocation,no_disruption,,matched_road_fleet,8,1.0,static_multimodal,3119,319.36458465591187,1.0,47,1215.14,47,0.3
allocation,no_disruption,,matched_road_fleet,8,1.0,static_multimodal,3120,362.1213878635636,1.0,49,1267.31,49,0.3
allocation,no_disruption,,matched_road_fleet,8,1.0,static_multimodal,3121,319.36458465591187,1.0,48,1230.19,48,0.7
allocation,no_disruption,,matched_road_fleet,8,1.0,static_multimodal,3122,319.36458465591187,1.0,47,1215.14,47,0.3
allocation,no_disruption,,matched_road_fleet,8,1.0,static_multimodal,3123,332.12156451998965,1.0,50,1282.37,50,0.3
allocation,no_disruption,,matched_road_fleet,8,1.0,static_multimodal,3124,542.1212635739881,1.0,50,1304.43,50,0.3
allocation,no_disruption,,matched_road_fleet,8,1.0,static_multimodal,3125,319.36458465591187,1.0,46,1200.08,46,0.3
allocation,no_disruption,,matched_road_fleet,8,1.0,static_multimodal,3126,332.12156451998965,1.0,48,1252.26,48,0.3
allocation,no_disruption,,matched_road_fleet,8,1.0,static_multimodal,3127,319.36458465591187,1.0,47,1215.14,47,0.3
allocation,no_disruption,,matched_road_fleet,8,1.0,static_multimodal,3128,319.36458465591187,1.0,46,1200.08,46,0.3
allocation,no_disruption,,matched_road_fleet,8,1.0,static_multimodal,3129,319.36458465591187,1.0,46,1200.08,46,0.3
allocation,no_disruption,,matched_road_fleet,8,1.0,static_multimodal,3130,362.1213878635636,1.0,48,1252.26,48,0.7
allocation,no_disruption,,matched_road_fleet,9,1.0,static_multimodal,3101,332.12156451998965,1.0,48,1252.26,48,0.3
allocation,no_disruption,,matched_road_fleet,9,1.0,static_multimodal,3102,324.3645463032907,1.0,47,1215.14,47,0.3
allocation,no_disruption,,matched_road_fleet,9,1.0,static_multimodal,3103,332.12156451998965,1.0,48,1252.26,48,0.3
allocation,no_disruption,,matched_road_fleet,9,1.0,static_multimodal,3104,332.12156451998965,1.0,48,1252.26,48,0.3
allocation,no_disruption,,matched_road_fleet,9,1.0,static_multimodal,3105,324.3645463032907,1.0,46,1200.08,46,0.3
allocation,no_disruption,,matched_road_fleet,9,1.0,static_multimodal,3106,362.12142124203626,1.0,48,1252.26,48,0.3
allocation,no_disruption,,matched_road_fleet,9,1.0,static_multimodal,3107,324.3645463032907,1.0,46,1200.08,46,0.3
allocation,no_disruption,,matched_road_fleet,9,1.0,static_multimodal,3108,332.12156451998965,1.0,50,1282.37,50,0.6
allocation,no_disruption,,matched_road_fleet,9,1.0,static_multimodal,3109,362.12145557867035,1.0,52,1334.55,52,0.3
allocation,no_disruption,,matched_road_fleet,9,1.0,static_multimodal,3110,362.12145557867035,1.0,50,1304.43,50,0.3
allocation,no_disruption,,matched_road_fleet,9,1.0,static_multimodal,3111,332.12156451998965,1.0,48,1252.26,48,0.3
allocation,no_disruption,,matched_road_fleet,9,1.0,static_multimodal,3112,332.12156451998965,1.0,49,1267.31,49,0.3
allocation,no_disruption,,matched_road_fleet,9,1.0,static_multimodal,3113,422.12126357398733,1.0,49,1267.31,49,0.3
allocation,no_disruption,,matched_road_fleet,9,1.0,static_multimodal,3114,324.3645463032907,1.0,46,1200.08,46,0.3
allocation,no_disruption,,matched_road_fleet,9,1.0,static_multimodal,3115,332.12156451998965,1.0,48,1252.26,48,0.3
allocation,no_disruption,,matched_road_fleet,9,1.0,static_multimodal,3116,362.12142124203626,1.0,49,1267.31,49,0.3
allocation,no_disruption,,matched_road_fleet,9,1.0,static_multimodal,3117,324.3645463032907,1.0,47,1215.14,47,0.7
allocation,no_disruption,,matched_road_fleet,9,1.0,static_multimodal,3118,324.3645463032907,1.0,47,1215.14,47,0.3
allocation,no_disruption,,matched_road_fleet,9,1.0,static_multimodal,3119,324.3645463032907,1.0,47,1215.14,47,0.3
allocation,no_disruption,,matched_road_fleet,9,1.0,static_multimodal,3120,362.12142124203626,1.0,49,1267.31,49,0.3
allocation,no_disruption,,matched_road_fleet,9,1.0,static_multimodal,3121,324.3645463032907,1.0,48,1230.19,48,0.3
allocation,no_disruption,,matched_road_fleet,9,1.0,static_multimodal,3122,324.3645463032907,1.0,47,1215.14,47,0.3
allocation,no_disruption,,matched_road_fleet,9,1.0,static_multimodal,3123,332.12156451998965,1.0,50,1282.37,50,0.3
allocation,no_disruption,,matched_road_fleet,9,1.0,static_multimodal,3124,542.1212635739881,1.0,50,1304.43,50,0.3
allocation,no_disruption,,matched_road_fleet,9,1.0,static_multimodal,3125,324.3645463032907,1.0,46,1200.08,46,0.7
allocation,no_disruption,,matched_road_fleet,9,1.0,static_multimodal,3126,332.12156451998965,1.0,48,1252.26,48,0.3
allocation,no_disruption,,matched_road_fleet,9,1.0,static_multimodal,3127,324.3645463032907,1.0,47,1215.14,47,0.3
allocation,no_disruption,,matched_road_fleet,9,1.0,static_multimodal,3128,324.3645463032907,1.0,46,1200.08,46,0.3
allocation,no_disruption,,matched_road_fleet,9,1.0,static_multimodal,3129,324.3645463032907,1.0,46,1200.08,46,0.3
allocation,no_disruption,,matched_road_fleet,9,1.0,static_multimodal,3130,362.12142124203626,1.0,48,1252.26,48,0.3
allocation,no_disruption,,matched_road_fleet,10,1.0,static_multimodal,3101,334.36458159774514,1.0,48,1252.26,48,0.3
allocation,no_disruption,,matched_road_fleet,10,1.0,static_multimodal,3102,329.3645089825081,1.0,47,1215.13,47,0.3
allocation,no_disruption,,matched_road_fleet,10,1.0,static_multimodal,3103,334.36458159774514,1.0,48,1252.26,48,0.7
allocation,no_disruption,,matched_road_fleet,10,1.0,static_multimodal,3104,334.36458159774514,1.0,48,1252.26,48,0.3
allocation,no_disruption,,matched_road_fleet,10,1.0,static_multimodal,3105,329.3645089825081,1.0,46,1200.08,46,0.3
allocation,no_disruption,,matched_road_fleet,10,1.0,static_multimodal,3106,362.12145557867035,1.0,48,1252.26,48,0.3
allocation,no_disruption,,matched_road_fleet,10,1.0,static_multimodal,3107,329.3645089825081,1.0,46,1200.08,46,0.3
allocation,no_disruption,,matched_road_fleet,10,1.0,static_multimodal,3108,334.36458159774514,1.0,50,1282.37,50,0.3
allocation,no_disruption,,matched_road_fleet,10,1.0,static_multimodal,3109,362.1214908916299,1.0,52,1334.55,52,0.3
allocation,no_disruption,,matched_road_fleet,10,1.0,static_multimodal,3110,362.1214908916299,1.0,50,1304.43,50,0.3
allocation,no_disruption,,matched_road_fleet,10,1.0,static_multimodal,3111,334.36458159774514,1.0,48,1252.26,48,0.7
allocation,no_disruption,,matched_road_fleet,10,1.0,static_multimodal,3112,334.36458159774514,1.0,49,1267.31,49,0.3
allocation,no_disruption,,matched_road_fleet,10,1.0,static_multimodal,3113,422.12126357398733,1.0,49,1267.31,49,0.3
allocation,no_disruption,,matched_road_fleet,10,1.0,static_multimodal,3114,329.3645089825081,1.0,46,1200.08,46,0.3
allocation,no_disruption,,matched_road_fleet,10,1.0,static_multimodal,3115,334.36458159774514,1.0,48,1252.26,48,0.3
allocation,no_disruption,,matched_road_fleet,10,1.0,static_multimodal,3116,362.12145557867035,1.0,49,1267.31,49,0.3
allocation,no_disruption,,matched_road_fleet,10,1.0,static_multimodal,3117,329.3645089825081,1.0,47,1215.13,47,0.3
allocation,no_disruption,,matched_road_fleet,10,1.0,static_multimodal,3118,329.3645089825081,1.0,47,1215.13,47,0.3
allocation,no_disruption,,matched_road_fleet,10,1.0,static_multimodal,3119,329.3645089825081,1.0,47,1215.13,47,0.3
allocation,no_disruption,,matched_road_fleet,10,1.0,static_multimodal,3120,362.12145557867035,1.0,49,1267.31,49,0.6
allocation,no_disruption,,matched_road_fleet,10,1.0,static_multimodal,3121,329.3645089825081,1.0,48,1230.19,48,0.3
allocation,no_disruption,,matched_road_fleet,10,1.0,static_multimodal,3122,329.3645089825081,1.0,47,1215.13,47,0.3
allocation,no_disruption,,matched_road_fleet,10,1.0,static_multimodal,3123,334.36458159774514,1.0,50,1282.37,50,0.3
allocation,no_disruption,,matched_road_fleet,10,1.0,static_multimodal,3124,542.1212635739881,1.0,50,1304.43,50,0.3
allocation,no_disruption,,matched_road_fleet,10,1.0,static_multimodal,3125,329.3645089825081,1.0,46,1200.08,46,0.3
allocation,no_disruption,,matched_road_fleet,10,1.0,static_multimodal,3126,334.36458159774514,1.0,48,1252.26,48,0.3
allocation,no_disruption,,matched_road_fleet,10,1.0,static_multimodal,3127,329.3645089825081,1.0,47,1215.13,47,0.3
allocation,no_disruption,,matched_road_fleet,10,1.0,static_multimodal,3128,329.3645089825081,1.0,46,1200.08,46,0.7
allocation,no_disruption,,matched_road_fleet,10,1.0,static_multimodal,3129,329.3645089825081,1.0,46,1200.08,46,0.3
allocation,no_disruption,,matched_road_fleet,10,1.0,static_multimodal,3130,362.12145557867035,1.0,48,1252.26,48,0.3
allocation,no_disruption,,matched_road_fleet,11,1.0,static_multimodal,3101,339.36469356009235,1.0,48,1252.26,48,0.3
allocation,no_disruption,,matched_road_fleet,11,1.0,static_multimodal,3102,334.36458159774514,1.0,47,1215.13,47,0.3
allocation,no_disruption,,matched_road_fleet,11,1.0,static_multimodal,3103,339.36469356009235,1.0,48,1252.26,48,0.3
allocation,no_disruption,,matched_road_fleet,11,1.0,static_multimodal,3104,339.36469356009235,1.0,48,1252.26,48,0.3
allocation,no_disruption,,matched_road_fleet,11,1.0,static_multimodal,3105,334.36458159774514,1.0,46,1200.08,46,0.3
allocation,no_disruption,,matched_road_fleet,11,1.0,static_multimodal,3106,362.1214908916299,1.0,48,1252.26,48,0.8
allocation,no_disruption,,matched_road_fleet,11,1.0,static_multimodal,3107,334.36458159774514,1.0,46,1200.08,46,0.3
allocation,no_disruption,,matched_road_fleet,11,1.0,static_multimodal,3108,339.36469356009235,1.0,50,1282.37,50,0.3
allocation,no_disruption,,matched_road_fleet,11,1.0,static_multimodal,3109,362.1215271992483,1.0,52,1334.55,52,0.3
allocation,no_disruption,,matched_road_fleet,11,1.0,static_multimodal,3110,362.1215271992483,1.0,50,1304.43,50,0.3
allocation,no_disruption,,matched_road_fleet,11,1.0,static_multimodal,3111,339.36469356009235,1.0,48,1252.26,48,0.3
allocation,no_disruption,,matched_road_fleet,11,1.0,static_multimodal,3112,339.36469356009235,1.0,49,1267.31,49,0.3
allocation,no_disruption,,matched_road_fleet,11,1.0,static_multimodal,3113,422.12126357398733,1.0,49,1267.31,49,0.3
allocation,no_disruption,,matched_road_fleet,11,1.0,static_multimodal,3114,334.36458159774514,1.0,46,1200.08,46,0.3
allocation,no_disruption,,matched_road_fleet,11,1.0,static_multimodal,3115,339.36469356009235,1.0,48,1252.26,48,0.7
allocation,no_disruption,,matched_road_fleet,11,1.0,static_multimodal,3116,362.1214908916299,1.0,49,1267.31,49,0.3
allocation,no_disruption,,matched_road_fleet,11,1.0,static_multimodal,3117,334.36458159774514,1.0,47,1215.13,47,0.3
allocation,no_disruption,,matched_road_fleet,11,1.0,static_multimodal,3118,334.36458159774514,1.0,47,1215.13,47,0.3
allocation,no_disruption,,matched_road_fleet,11,1.0,static_multimodal,3119,334.36458159774514,1.0,47,1215.13,47,0.3
allocation,no_disruption,,matched_road_fleet,11,1.0,static_multimodal,3120,362.1214908916299,1.0,49,1267.31,49,0.3
allocation,no_disruption,,matched_road_fleet,11,1.0,static_multimodal,3121,334.36458159774514,1.0,48,1230.19,48,0.3
allocation,no_disruption,,matched_road_fleet,11,1.0,static_multimodal,3122,334.36458159774514,1.0,47,1215.13,47,0.3
allocation,no_disruption,,matched_road_fleet,11,1.0,static_multimodal,3123,339.36469356009235,1.0,50,1282.37,50,0.7
allocation,no_disruption,,matched_road_fleet,11,1.0,static_multimodal,3124,542.1212635739881,1.0,50,1304.43,50,0.3
allocation,no_disruption,,matched_road_fleet,11,1.0,static_multimodal,3125,334.36458159774514,1.0,46,1200.08,46,0.3
allocation,no_disruption,,matched_road_fleet,11,1.0,static_multimodal,3126,339.36469356009235,1.0,48,1252.26,48,0.3
allocation,no_disruption,,matched_road_fleet,11,1.0,static_multimodal,3127,334.36458159774514,1.0,47,1215.13,47,0.3
allocation,no_disruption,,matched_road_fleet,11,1.0,static_multimodal,3128,334.36458159774514,1.0,46,1200.08,46,0.3
allocation,no_disruption,,matched_road_fleet,11,1.0,static_multimodal,3129,334.36458159774514,1.0,46,1200.08,46,0.3
allocation,no_disruption,,matched_road_fleet,11,1.0,static_multimodal,3130,362.1214908916299,1.0,48,1252.26,48,0.3
allocation,no_disruption,,matched_road_fleet,12,1.0,static_multimodal,3101,351.6073952140327,1.0,48,1252.26,48,0.3
allocation,no_disruption,,matched_road_fleet,12,1.0,static_multimodal,3102,346.6072207080676,1.0,47,1215.13,47,0.7
allocation,no_disruption,,matched_road_fleet,12,1.0,static_multimodal,3103,351.6073952140327,1.0,48,1252.26,48,0.3
allocation,no_disruption,,matched_road_fleet,12,1.0,static_multimodal,3104,351.6073952140327,1.0,48,1252.26,48,0.3
allocation,no_disruption,,matched_road_fleet,12,1.0,static_multimodal,3105,346.6072207080676,1.0,46,1200.08,46,0.3
allocation,no_disruption,,matched_road_fleet,12,1.0,static_multimodal,3106,362.1215271992483,1.0,48,1252.26,48,0.3
allocation,no_disruption,,matched_road_fleet,12,1.0,static_multimodal,3107,346.6072207080676,1.0,46,1200.08,46,0.3
allocation,no_disruption,,matched_road_fleet,12,1.0,static_multimodal,3108,351.6073952140327,1.0,50,1282.37,50,0.3
allocation,no_disruption,,matched_road_fleet,12,1.0,static_multimodal,3109,376.607014554615,1.0,52,1334.54,52,0.3
allocation,no_disruption,,matched_road_fleet,12,1.0,static_multimodal,3110,376.607014554615,1.0,50,1304.43,50,0.7
allocation,no_disruption,,matched_road_fleet,12,1.0,static_multimodal,3111,351.6073952140327,1.0,48,1252.26,48,0.4
allocation,no_disruption,,matched_road_fleet,12,1.0,static_multimodal,3112,351.6073952140327,1.0,49,1267.31,49,0.3
allocation,no_disruption,,matched_road_fleet,12,1.0,static_multimodal,3113,422.12126357398733,1.0,49,1267.31,49,0.3
allocation,no_disruption,,matched_road_fleet,12,1.0,static_multimodal,3114,346.6072207080676,1.0,46,1200.08,46,0.3
allocation,no_disruption,,matched_road_fleet,12,1.0,static_multimodal,3115,351.6073952140327,1.0,48,1252.26,48,0.3
allocation,no_disruption,,matched_road_fleet,12,1.0,static_multimodal,3116,362.1215271992483,1.0,49,1267.31,49,0.3
allocation,no_disruption,,matched_road_fleet,12,1.0,static_multimodal,3117,346.6072207080676,1.0,47,1215.13,47,0.3
allocation,no_disruption,,matched_road_fleet,12,1.0,static_multimodal,3118,346.6072207080676,1.0,47,1215.13,47,0.7
allocation,no_disruption,,matched_road_fleet,12,1.0,static_multimodal,3119,346.6072207080676,1.0,47,1215.13,47,0.3
allocation,no_disruption,,matched_road_fleet,12,1.0,static_multimodal,3120,362.1215271992483,1.0,49,1267.31,49,0.3
allocation,no_disruption,,matched_road_fleet,12,1.0,static_multimodal,3121,346.6072207080676,1.0,48,1230.19,48,0.3
allocation,no_disruption,,matched_road_fleet,12,1.0,static_multimodal,3122,346.6072207080676,1.0,47,1215.13,47,0.3
allocation,no_disruption,,matched_road_fleet,12,1.0,static_multimodal,3123,351.6073952140327,1.0,50,1282.37,50,0.3
allocation,no_disruption,,matched_road_fleet,12,1.0,static_multimodal,3124,542.1212635739881,1.0,50,1304.43,50,0.3
allocation,no_disruption,,matched_road_fleet,12,1.0,static_multimodal,3125,346.6072207080676,1.0,46,1200.08,46,0.3
allocation,no_disruption,,matched_road_fleet,12,1.0,static_multimodal,3126,351.6073952140327,1.0,48,1252.26,48,0.7
allocation,no_disruption,,matched_road_fleet,12,1.0,static_multimodal,3127,346.6072207080676,1.0,47,1215.13,47,0.3
allocation,no_disruption,,matched_road_fleet,12,1.0,static_multimodal,3128,346.6072207080676,1.0,46,1200.08,46,0.3
allocation,no_disruption,,matched_road_fleet,12,1.0,static_multimodal,3129,346.6072207080676,1.0,46,1200.08,46,0.3
allocation,no_disruption,,matched_road_fleet,12,1.0,static_multimodal,3130,362.1215271992483,1.0,48,1252.26,48,0.3
allocation,no_disruption,,matched_road_fleet,13,1.0,static_multimodal,3101,381.6069745766282,1.0,48,1252.26,48,0.4
allocation,no_disruption,,matched_road_fleet,13,1.0,static_multimodal,3102,376.60691154471266,1.0,47,1215.13,47,0.3
allocation,no_disruption,,matched_road_fleet,13,1.0,static_multimodal,3103,381.6069745766282,1.0,48,1252.26,48,0.3
allocation,no_disruption,,matched_road_fleet,13,1.0,static_multimodal,3104,381.6069745766282,1.0,48,1252.26,48,0.3
allocation,no_disruption,,matched_road_fleet,13,1.0,static_multimodal,3105,376.60691154471266,1.0,46,1200.08,46,0.7
allocation,no_disruption,,matched_road_fleet,13,1.0,static_multimodal,3106,381.6069745766282,1.0,48,1252.26,48,0.3
allocation,no_disruption,,matched_road_fleet,13,1.0,static_multimodal,3107,376.60691154471266,1.0,46,1200.08,46,0.3
allocation,no_disruption,,matched_road_fleet,13,1.0,static_multimodal,3108,381.6069745766282,1.0,50,1282.37,50,0.3
allocation,no_disruption,,matched_road_fleet,13,1.0,static_multimodal,3109,386.60703945323655,1.0,52,1334.54,52,0.3
allocation,no_disruption,,matched_road_fleet,13,1.0,static_multimodal,3110,386.60703945323655,1.0,50,1304.43,50,0.3
allocation,no_disruption,,matched_road_fleet,13,1.0,static_multimodal,3111,381.6069745766282,1.0,48,1252.26,48,0.3
allocation,no_disruption,,matched_road_fleet,13,1.0,static_multimodal,3112,381.6069745766282,1.0,49,1267.31,49,0.3
allocation,no_disruption,,matched_road_fleet,13,1.0,static_multimodal,3113,422.1212932980381,1.0,49,1267.31,49,0.7
allocation,no_disruption,,matched_road_fleet,13,1.0,static_multimodal,3114,376.60691154471266,1.0,46,1200.08,46,0.3
allocation,no_disruption,,matched_road_fleet,13,1.0,static_multimodal,3115,381.6069745766282,1.0,48,1252.26,48,0.3
allocation,no_disruption,,matched_road_fleet,13,1.0,static_multimodal,3116,381.6069745766282,1.0,49,1267.31,49,0.3
allocation,no_disruption,,matched_road_fleet,13,1.0,static_multimodal,3117,376.60691154471266,1.0,47,1215.13,47,0.3
allocation,no_disruption,,matched_road_fleet,13,1.0,static_multimodal,3118,376.60691154471266,1.0,47,1215.13,47,0.3
allocation,no_disruption,,matched_road_fleet,13,1.0,static_multimodal,3119,376.60691154471266,1.0,47,1215.13,47,0.3
allocation,no_disruption,,matched_road_fleet,13,1.0,static_multimodal,3120,381.6069745766282,1.0,49,1267.31,49,0.4
allocation,no_disruption,,matched_road_fleet,13,1.0,static_multimodal,3121,376.60691154471266,1.0,48,1230.19,48,0.7
allocation,no_disruption,,matched_road_fleet,13,1.0,static_multimodal,3122,376.60691154471266,1.0,47,1215.13,47,0.3
allocation,no_disruption,,matched_road_fleet,13,1.0,static_multimodal,3123,381.6069745766282,1.0,50,1282.37,50,0.3
allocation,no_disruption,,matched_road_fleet,13,1.0,static_multimodal,3124,542.1212635739881,1.0,50,1304.43,50,0.3
allocation,no_disruption,,matched_road_fleet,13,1.0,static_multimodal,3125,376.60691154471266,1.0,46,1200.08,46,0.3
allocation,no_disruption,,matched_road_fleet,13,1.0,static_multimodal,3126,381.6069745766282,1.0,48,1252.26,48,0.3
allocation,no_disruption,,matched_road_fleet,13,1.0,static_multimodal,3127,376.60691154471266,1.0,47,1215.13,47,0.3
allocation,no_disruption,,matched_road_fleet,13,1.0,static_multimodal,3128,376.60691154471266,1.0,46,1200.08,46,0.3
allocation,no_disruption,,matched_road_fleet,13,1.0,static_multimodal,3129,376.60691154471266,1.0,46,1200.08,46,0.3
allocation,no_disruption,,matched_road_fleet,13,1.0,static_multimodal,3130,381.6069745766282,1.0,48,1252.26,48,0.7
allocation,no_disruption,,matched_road_fleet,14,1.0,static_multimodal,3101,391.6071062101815,1.0,48,1252.25,48,0.3
allocation,no_disruption,,matched_road_fleet,14,1.0,static_multimodal,3102,386.60693931781856,1.0,47,1215.13,47,0.3
allocation,no_disruption,,matched_road_fleet,14,1.0,static_multimodal,3103,391.6071062101815,1.0,48,1252.25,48,0.3
allocation,no_disruption,,matched_road_fleet,14,1.0,static_multimodal,3104,391.6071062101815,1.0,48,1252.25,48,0.3
allocation,no_disruption,,matched_road_fleet,14,1.0,static_multimodal,3105,386.60693931781856,1.0,46,1200.08,46,0.3
allocation,no_disruption,,matched_road_fleet,14,1.0,static_multimodal,3106,391.6071062101815,1.0,48,1252.25,48,0.3
allocation,no_disruption,,matched_road_fleet,14,1.0,static_multimodal,3107,386.60693931781856,1.0,46,1200.08,46,0.3
allocation,no_disruption,,matched_road_fleet,14,1.0,static_multimodal,3108,391.6071062101815,1.0,50,1282.37,50,0.6
allocation,no_disruption,,matched_road_fleet,14,1.0,static_multimodal,3109,396.60727789335243,1.0,52,1334.54,52,0.3
allocation,no_disruption,,matched_road_fleet,14,1.0,static_multimodal,3110,396.60727789335243,1.0,50,1304.43,50,0.3
allocation,no_disruption,,matched_road_fleet,14,1.0,static_multimodal,3111,391.6071062101815,1.0,48,1252.25,48,0.3
allocation,no_disruption,,matched_road_fleet,14,1.0,static_multimodal,3112,391.6071062101815,1.0,49,1267.31,49,0.3
allocation,no_disruption,,matched_road_fleet,14,1.0,static_multimodal,3113,422.1213554252597,1.0,49,1267.31,49,0.3
allocation,no_disruption,,matched_road_fleet,14,1.0,static_multimodal,3114,386.60693931781856,1.0,46,1200.08,46,0.3
allocation,no_disruption,,matched_road_fleet,14,1.0,static_multimodal,3115,391.6071062101815,1.0,48,1252.25,48,0.3
allocation,no_disruption,,matched_road_fleet,14,1.0,static_multimodal,3116,391.6071062101815,1.0,49,1267.31,49,0.3
allocation,no_disruption,,matched_road_fleet,14,1.0,static_multimodal,3117,386.60693931781856,1.0,47,1215.13,47,0.7
allocation,no_disruption,,matched_road_fleet,14,1.0,static_multimodal,3118,386.60693931781856,1.0,47,1215.13,47,0.3
allocation,no_disruption,,matched_road_fleet,14,1.0,static_multimodal,3119,386.60693931781856,1.0,47,1215.13,47,0.3
allocation,no_disruption,,matched_road_fleet,14,1.0,static_multimodal,3120,391.6071062101815,1.0,49,1267.31,49,0.3
allocation,no_disruption,,matched_road_fleet,14,1.0,static_multimodal,3121,386.60693931781856,1.0,48,1230.19,48,0.3
allocation,no_disruption,,matched_road_fleet,14,1.0,static_multimodal,3122,386.60693931781856,1.0,47,1215.13,47,0.3
allocation,no_disruption,,matched_road_fleet,14,1.0,static_multimodal,3123,391.6071062101815,1.0,50,1282.37,50,0.3
allocation,no_disruption,,matched_road_fleet,14,1.0,static_multimodal,3124,542.1212635739881,1.0,50,1304.43,50,0.3
allocation,no_disruption,,matched_road_fleet,14,1.0,static_multimodal,3125,386.60693931781856,1.0,46,1200.08,46,0.7
allocation,no_disruption,,matched_road_fleet,14,1.0,static_multimodal,3126,391.6071062101815,1.0,48,1252.25,48,0.3
allocation,no_disruption,,matched_road_fleet,14,1.0,static_multimodal,3127,386.60693931781856,1.0,47,1215.13,47,0.3
allocation,no_disruption,,matched_road_fleet,14,1.0,static_multimodal,3128,386.60693931781856,1.0,46,1200.08,46,0.3
allocation,no_disruption,,matched_road_fleet,14,1.0,static_multimodal,3129,386.60693931781856,1.0,46,1200.08,46,0.3
allocation,no_disruption,,matched_road_fleet,14,1.0,static_multimodal,3130,391.6071062101815,1.0,48,1252.25,48,0.3
allocation,no_disruption,,matched_road_fleet,15,1.0,static_multimodal,3101,401.60745445814945,1.0,48,1252.25,48,0.3
allocation,no_disruption,,matched_road_fleet,15,1.0,static_multimodal,3102,396.60727789335243,1.0,47,1215.13,47,0.3
allocation,no_disruption,,matched_road_fleet,15,1.0,static_multimodal,3103,401.60745445814945,1.0,48,1252.25,48,0.7
allocation,no_disruption,,matched_road_fleet,15,1.0,static_multimodal,3104,401.60745445814945,1.0,48,1252.25,48,0.3
allocation,no_disruption,,matched_road_fleet,15,1.0,static_multimodal,3105,396.60727789335243,1.0,46,1200.08,46,0.3
allocation,no_disruption,,matched_road_fleet,15,1.0,static_multimodal,3106,401.60745445814945,1.0,48,1252.25,48,0.3
allocation,no_disruption,,matched_road_fleet,15,1.0,static_multimodal,3107,396.60727789335243,1.0,46,1200.08,46,0.3
allocation,no_disruption,,matched_road_fleet,15,1.0,static_multimodal,3108,401.60745445814945,1.0,50,1282.37,50,0.3
allocation,no_disruption,,matched_road_fleet,15,1.0,static_multimodal,3109,428.84980504132756,1.0,52,1334.54,52,0.3
allocation,no_disruption,,matched_road_fleet,15,1.0,static_multimodal,3110,428.84980504132756,1.0,50,1304.43,50,0.3
allocation,no_disruption,,matched_road_fleet,15,1.0,static_multimodal,3111,401.60745445814945,1.0,48,1252.25,48,0.7
allocation,no_disruption,,matched_road_fleet,15,1.0,static_multimodal,3112,401.60745445814945,1.0,49,1267.31,49,0.3
allocation,no_disruption,,matched_road_fleet,15,1.0,static_multimodal,3113,422.12142124203626,1.0,49,1267.31,49,0.3
allocation,no_disruption,,matched_road_fleet,15,1.0,static_multimodal,3114,396.60727789335243,1.0,46,1200.08,46,0.3
allocation,no_disruption,,matched_road_fleet,15,1.0,static_multimodal,3115,401.60745445814945,1.0,48,1252.25,48,0.3
allocation,no_disruption,,matched_road_fleet,15,1.0,static_multimodal,3116,401.60745445814945,1.0,49,1267.31,49,0.3
allocation,no_disruption,,matched_road_fleet,15,1.0,static_multimodal,3117,396.60727789335243,1.0,47,1215.13,47,0.3
allocation,no_disruption,,matched_road_fleet,15,1.0,static_multimodal,3118,396.60727789335243,1.0,47,1215.13,47,0.3
allocation,no_disruption,,matched_road_fleet,15,1.0,static_multimodal,3119,396.60727789335243,1.0,47,1215.13,47,0.3
allocation,no_disruption,,matched_road_fleet,15,1.0,static_multimodal,3120,401.60745445814945,1.0,49,1267.31,49,0.7
allocation,no_disruption,,matched_road_fleet,15,1.0,static_multimodal,3121,396.60727789335243,1.0,48,1230.19,48,0.3
allocation,no_disruption,,matched_road_fleet,15,1.0,static_multimodal,3122,396.60727789335243,1.0,47,1215.13,47,0.3
allocation,no_disruption,,matched_road_fleet,15,1.0,static_multimodal,3123,401.60745445814945,1.0,50,1282.37,50,0.3
allocation,no_disruption,,matched_road_fleet,15,1.0,static_multimodal,3124,542.1212635739881,1.0,50,1304.43,50,0.3
allocation,no_disruption,,matched_road_fleet,15,1.0,static_multimodal,3125,396.60727789335243,1.0,46,1200.08,46,0.3
allocation,no_disruption,,matched_road_fleet,15,1.0,static_multimodal,3126,401.60745445814945,1.0,48,1252.25,48,0.3
allocation,no_disruption,,matched_road_fleet,15,1.0,static_multimodal,3127,396.60727789335243,1.0,47,1215.13,47,0.3
allocation,no_disruption,,matched_road_fleet,15,1.0,static_multimodal,3128,396.60727789335243,1.0,46,1200.08,46,0.7
allocation,no_disruption,,matched_road_fleet,15,1.0,static_multimodal,3129,396.60727789335243,1.0,46,1200.08,46,0.3
allocation,no_disruption,,matched_road_fleet,15,1.0,static_multimodal,3130,401.60745445814945,1.0,48,1252.25,48,0.3
allocation,no_disruption,,matched_road_fleet,16,1.0,static_multimodal,3101,458.849267365112,1.0,48,1252.25,48,0.3
allocation,no_disruption,,matched_road_fleet,16,1.0,static_multimodal,3102,433.8498644894286,1.0,47,1215.13,47,0.3
allocation,no_disruption,,matched_road_fleet,16,1.0,static_multimodal,3103,458.849267365112,1.0,48,1252.25,48,0.3
allocation,no_disruption,,matched_road_fleet,16,1.0,static_multimodal,3104,458.849267365112,1.0,48,1252.25,48,0.3
allocation,no_disruption,,matched_road_fleet,16,1.0,static_multimodal,3105,433.8498644894286,1.0,46,1200.08,46,0.3
allocation,no_disruption,,matched_road_fleet,16,1.0,static_multimodal,3106,458.849267365112,1.0,48,1252.25,48,0.7
allocation,no_disruption,,matched_road_fleet,16,1.0,static_multimodal,3107,433.8498644894286,1.0,46,1200.08,46,0.3
allocation,no_disruption,,matched_road_fleet,16,1.0,static_multimodal,3108,458.849267365112,1.0,50,1282.37,50,0.3
allocation,no_disruption,,matched_road_fleet,16,1.0,static_multimodal,3109,463.84948797681795,1.0,52,1334.54,52,0.3
allocation,no_disruption,,matched_road_fleet,16,1.0,static_multimodal,3110,463.84948797681795,1.0,50,1304.43,50,0.3
allocation,no_disruption,,matched_road_fleet,16,1.0,static_multimodal,3111,458.849267365112,1.0,48,1252.25,48,0.3
allocation,no_disruption,,matched_road_fleet,16,1.0,static_multimodal,3112,458.849267365112,1.0,49,1267.31,49,0.3
allocation,no_disruption,,matched_road_fleet,16,1.0,static_multimodal,3113,458.849267365112,1.0,49,1267.31,49,0.4
allocation,no_disruption,,matched_road_fleet,16,1.0,static_multimodal,3114,433.8498644894286,1.0,46,1200.08,46,0.3
allocation,no_disruption,,matched_road_fleet,16,1.0,static_multimodal,3115,458.849267365112,1.0,48,1252.25,48,0.6
allocation,no_disruption,,matched_road_fleet,16,1.0,static_multimodal,3116,458.849267365112,1.0,49,1267.31,49,0.3
allocation,no_disruption,,matched_road_fleet,16,1.0,static_multimodal,3117,433.8498644894286,1.0,47,1215.13,47,0.3
allocation,no_disruption,,matched_road_fleet,16,1.0,static_multimodal,3118,433.8498644894286,1.0,47,1215.13,47,0.3
allocation,no_disruption,,matched_road_fleet,16,1.0,static_multimodal,3119,433.8498644894286,1.0,47,1215.13,47,0.3
allocation,no_disruption,,matched_road_fleet,16,1.0,static_multimodal,3120,458.849267365112,1.0,49,1267.31,49,0.3
allocation,no_disruption,,matched_road_fleet,16,1.0,static_multimodal,3121,433.8498644894286,1.0,48,1230.19,48,0.3
allocation,no_disruption,,matched_road_fleet,16,1.0,static_multimodal,3122,433.8498644894286,1.0,47,1215.13,47,0.3
allocation,no_disruption,,matched_road_fleet,16,1.0,static_multimodal,3123,458.849267365112,1.0,50,1282.37,50,0.6
allocation,no_disruption,,matched_road_fleet,16,1.0,static_multimodal,3124,542.1212635739881,1.0,50,1304.43,50,0.3
allocation,no_disruption,,matched_road_fleet,16,1.0,static_multimodal,3125,433.8498644894286,1.0,46,1200.08,46,0.3
allocation,no_disruption,,matched_road_fleet,16,1.0,static_multimodal,3126,458.849267365112,1.0,48,1252.25,48,0.3
allocation,no_disruption,,matched_road_fleet,16,1.0,static_multimodal,3127,433.8498644894286,1.0,47,1215.13,47,0.3
allocation,no_disruption,,matched_road_fleet,16,1.0,static_multimodal,3128,433.8498644894286,1.0,46,1200.08,46,0.3
allocation,no_disruption,,matched_road_fleet,16,1.0,static_multimodal,3129,433.8498644894286,1.0,46,1200.08,46,0.3
allocation,no_disruption,,matched_road_fleet,16,1.0,static_multimodal,3130,458.849267365112,1.0,48,1252.25,48,0.3
allocation,no_disruption,,matched_road_fleet,17,1.0,static_multimodal,3101,473.849948694254,1.0,48,1252.25,48,0.3
allocation,no_disruption,,matched_road_fleet,17,1.0,static_multimodal,3102,468.84971504494575,1.0,47,1215.13,47,0.6
allocation,no_disruption,,matched_road_fleet,17,1.0,static_multimodal,3103,473.849948694254,1.0,48,1252.25,48,0.3
allocation,no_disruption,,matched_road_fleet,17,1.0,static_multimodal,3104,473.849948694254,1.0,48,1252.25,48,0.3
allocation,no_disruption,,matched_road_fleet,17,1.0,static_multimodal,3105,468.84971504494575,1.0,46,1200.08,46,0.3
allocation,no_disruption,,matched_road_fleet,17,1.0,static_multimodal,3106,473.849948694254,1.0,48,1252.25,48,0.3
allocation,no_disruption,,matched_road_fleet,17,1.0,static_multimodal,3107,468.84971504494575,1.0,46,1200.08,46,0.3
allocation,no_disruption,,matched_road_fleet,17,1.0,static_multimodal,3108,473.849948694254,1.0,50,1282.37,50,0.3
allocation,no_disruption,,matched_road_fleet,17,1.0,static_multimodal,3109,511.0922421929207,1.0,52,1334.54,52,0.3
allocation,no_disruption,,matched_road_fleet,17,1.0,static_multimodal,3110,511.0922421929207,1.0,50,1304.43,50,0.7
allocation,no_disruption,,matched_road_fleet,17,1.0,static_multimodal,3111,473.849948694254,1.0,48,1252.25,48,0.3
allocation,no_disruption,,matched_road_fleet,17,1.0,static_multimodal,3112,473.849948694254,1.0,49,1267.31,49,0.3
allocation,no_disruption,,matched_road_fleet,17,1.0,static_multimodal,3113,473.849948694254,1.0,49,1267.31,49,0.3
allocation,no_disruption,,matched_road_fleet,17,1.0,static_multimodal,3114,468.84971504494575,1.0,46,1200.08,46,0.3
allocation,no_disruption,,matched_road_fleet,17,1.0,static_multimodal,3115,473.849948694254,1.0,48,1252.25,48,0.3
allocation,no_disruption,,matched_road_fleet,17,1.0,static_multimodal,3116,473.849948694254,1.0,49,1267.31,49,0.3
allocation,no_disruption,,matched_road_fleet,17,1.0,static_multimodal,3117,468.84971504494575,1.0,47,1215.13,47,0.3
allocation,no_disruption,,matched_road_fleet,17,1.0,static_multimodal,3118,468.84971504494575,1.0,47,1215.13,47,0.7
allocation,no_disruption,,matched_road_fleet,17,1.0,static_multimodal,3119,468.84971504494575,1.0,47,1215.13,47,0.3
allocation,no_disruption,,matched_road_fleet,17,1.0,static_multimodal,3120,473.849948694254,1.0,49,1267.31,49,0.3
allocation,no_disruption,,matched_road_fleet,17,1.0,static_multimodal,3121,468.84971504494575,1.0,48,1230.19,48,0.3
allocation,no_disruption,,matched_road_fleet,17,1.0,static_multimodal,3122,468.84971504494575,1.0,47,1215.13,47,0.3
allocation,no_disruption,,matched_road_fleet,17,1.0,static_multimodal,3123,473.849948694254,1.0,50,1282.37,50,0.3
allocation,no_disruption,,matched_road_fleet,17,1.0,static_multimodal,3124,542.1212635739881,1.0,50,1304.43,50,0.3
allocation,no_disruption,,matched_road_fleet,17,1.0,static_multimodal,3125,468.84971504494575,1.0,46,1200.08,46,0.3
allocation,no_disruption,,matched_road_fleet,17,1.0,static_multimodal,3126,473.849948694254,1.0,48,1252.25,48,0.7
allocation,no_disruption,,matched_road_fleet,17,1.0,static_multimodal,3127,468.84971504494575,1.0,47,1215.13,47,0.3
allocation,no_disruption,,matched_road_fleet,17,1.0,static_multimodal,3128,468.84971504494575,1.0,46,1200.08,46,0.3
allocation,no_disruption,,matched_road_fleet,17,1.0,static_multimodal,3129,468.84971504494575,1.0,46,1200.08,46,0.3
allocation,no_disruption,,matched_road_fleet,17,1.0,static_multimodal,3130,473.849948694254,1.0,48,1252.25,48,0.3
allocation,no_disruption,,matched_road_fleet,18,1.0,static_multimodal,3101,546.0921988273373,1.0,48,1252.25,48,0.3
allocation,no_disruption,,matched_road_fleet,18,1.0,static_multimodal,3102,541.0919151837157,1.0,47,1215.13,47,0.3
allocation,no_disruption,,matched_road_fleet,18,1.0,static_multimodal,3103,546.0921988273373,1.0,48,1252.25,48,0.4
allocation,no_disruption,,matched_road_fleet,18,1.0,static_multimodal,3104,546.0921988273373,1.0,48,1252.25,48,0.3
allocation,no_disruption,,matched_road_fleet,18,1.0,static_multimodal,3105,541.0919151837157,1.0,46,1200.08,46,0.7
allocation,no_disruption,,matched_road_fleet,18,1.0,static_multimodal,3106,546.0921988273373,1.0,48,1252.25,48,0.3
allocation,no_disruption,,matched_road_fleet,18,1.0,static_multimodal,3107,541.0919151837157,1.0,46,1200.08,46,0.3
allocation,no_disruption,,matched_road_fleet,18,1.0,static_multimodal,3108,546.0921988273373,1.0,50,1282.37,50,0.3
allocation,no_disruption,,matched_road_fleet,18,1.0,static_multimodal,3109,551.0924907720736,1.0,52,1334.54,52,0.3
allocation,no_disruption,,matched_road_fleet,18,1.0,static_multimodal,3110,551.0924907720736,1.0,50,1304.43,50,0.3
allocation,no_disruption,,matched_road_fleet,18,1.0,static_multimodal,3111,546.0921988273373,1.0,48,1252.25,48,0.3
allocation,no_disruption,,matched_road_fleet,18,1.0,static_multimodal,3112,546.0921988273373,1.0,49,1267.31,49,0.3
allocation,no_disruption,,matched_road_fleet,18,1.0,static_multimodal,3113,546.0921988273373,1.0,49,1267.31,49,0.7
allocation,no_disruption,,matched_road_fleet,18,1.0,static_multimodal,3114,541.0919151837157,1.0,46,1200.08,46,0.3
allocation,no_disruption,,matched_road_fleet,18,1.0,static_multimodal,3115,546.0921988273373,1.0,48,1252.25,48,0.3
allocation,no_disruption,,matched_road_fleet,18,1.0,static_multimodal,3116,546.0921988273373,1.0,49,1267.31,49,0.3
allocation,no_disruption,,matched_road_fleet,18,1.0,static_multimodal,3117,541.0919151837157,1.0,47,1215.13,47,0.3
allocation,no_disruption,,matched_road_fleet,18,1.0,static_multimodal,3118,541.0919151837157,1.0,47,1215.13,47,0.3
allocation,no_disruption,,matched_road_fleet,18,1.0,static_multimodal,3119,541.0919151837157,1.0,47,1215.13,47,0.3
allocation,no_disruption,,matched_road_fleet,18,1.0,static_multimodal,3120,546.0921988273373,1.0,49,1267.31,49,0.3
allocation,no_disruption,,matched_road_fleet,18,1.0,static_multimodal,3121,541.0919151837157,1.0,48,1230.19,48,0.7
allocation,no_disruption,,matched_road_fleet,18,1.0,static_multimodal,3122,541.0919151837157,1.0,47,1215.13,47,0.3
allocation,no_disruption,,matched_road_fleet,18,1.0,static_multimodal,3123,546.0921988273373,1.0,50,1282.37,50,0.3
allocation,no_disruption,,matched_road_fleet,18,1.0,static_multimodal,3124,551.0924907720736,1.0,50,1304.43,50,0.3
allocation,no_disruption,,matched_road_fleet,18,1.0,static_multimodal,3125,541.0919151837157,1.0,46,1200.08,46,0.3
allocation,no_disruption,,matched_road_fleet,18,1.0,static_multimodal,3126,546.0921988273373,1.0,48,1252.25,48,0.3
allocation,no_disruption,,matched_road_fleet,18,1.0,static_multimodal,3127,541.0919151837157,1.0,47,1215.13,47,0.3
allocation,no_disruption,,matched_road_fleet,18,1.0,static_multimodal,3128,541.0919151837157,1.0,46,1200.08,46,0.3
allocation,no_disruption,,matched_road_fleet,18,1.0,static_multimodal,3129,541.0919151837157,1.0,46,1200.08,46,0.3
allocation,no_disruption,,matched_road_fleet,18,1.0,static_multimodal,3130,546.0921988273373,1.0,48,1252.25,48,0.7
allocation,no_disruption,,matched_road_fleet,19,1.0,static_multimodal,3101,628.3349096778569,1.0,48,1252.25,48,0.3
allocation,no_disruption,,matched_road_fleet,19,1.0,static_multimodal,3102,623.3345630023206,1.0,47,1215.13,47,0.3
allocation,no_disruption,,matched_road_fleet,19,1.0,static_multimodal,3103,628.3349096778569,1.0,48,1252.25,48,0.3
allocation,no_disruption,,matched_road_fleet,19,1.0,static_multimodal,3104,628.3349096778569,1.0,48,1252.25,48,0.3
allocation,no_disruption,,matched_road_fleet,19,1.0,static_multimodal,3105,623.3345630023206,1.0,46,1200.08,46,0.3
allocation,no_disruption,,matched_road_fleet,19,1.0,static_multimodal,3106,628.3349096778569,1.0,48,1252.25,48,0.3
allocation,no_disruption,,matched_road_fleet,19,1.0,static_multimodal,3107,623.3345630023206,1.0,46,1200.08,46,0.3
allocation,no_disruption,,matched_road_fleet,19,1.0,static_multimodal,3108,628.3349096778569,1.0,50,1282.36,50,0.7
allocation,no_disruption,,matched_road_fleet,19,1.0,static_multimodal,3109,675.5770901502967,1.0,52,1334.54,52,0.3
allocation,no_disruption,,matched_road_fleet,19,1.0,static_multimodal,3110,675.5770901502967,1.0,50,1304.43,50,0.3
allocation,no_disruption,,matched_road_fleet,19,1.0,static_multimodal,3111,628.3349096778569,1.0,48,1252.25,48,0.3
allocation,no_disruption,,matched_road_fleet,19,1.0,static_multimodal,3112,628.3349096778569,1.0,49,1267.31,49,0.3
allocation,no_disruption,,matched_road_fleet,19,1.0,static_multimodal,3113,628.3349096778569,1.0,49,1267.31,49,0.3
allocation,no_disruption,,matched_road_fleet,19,1.0,static_multimodal,3114,623.3345630023206,1.0,46,1200.08,46,0.3
allocation,no_disruption,,matched_road_fleet,19,1.0,static_multimodal,3115,628.3349096778569,1.0,48,1252.25,48,0.3
allocation,no_disruption,,matched_road_fleet,19,1.0,static_multimodal,3116,628.3349096778569,1.0,49,1267.31,49,0.3
allocation,no_disruption,,matched_road_fleet,19,1.0,static_multimodal,3117,623.3345630023206,1.0,47,1215.13,47,0.6
allocation,no_disruption,,matched_road_fleet,19,1.0,static_multimodal,3118,623.3345630023206,1.0,47,1215.13,47,0.3
allocation,no_disruption,,matched_road_fleet,19,1.0,static_multimodal,3119,623.3345630023206,1.0,47,1215.13,47,0.3
allocation,no_disruption,,matched_road_fleet,19,1.0,static_multimodal,3120,628.3349096778569,1.0,49,1267.31,49,0.3
allocation,no_disruption,,matched_road_fleet,19,1.0,static_multimodal,3121,623.3345630023206,1.0,48,1230.19,48,0.3
allocation,no_disruption,,matched_road_fleet,19,1.0,static_multimodal,3122,623.3345630023206,1.0,47,1215.13,47,0.3
allocation,no_disruption,,matched_road_fleet,19,1.0,static_multimodal,3123,628.3349096778569,1.0,50,1282.36,50,0.3
allocation,no_disruption,,matched_road_fleet,19,1.0,static_multimodal,3124,675.5770901502967,1.0,50,1304.43,50,0.3
allocation,no_disruption,,matched_road_fleet,19,1.0,static_multimodal,3125,623.3345630023206,1.0,46,1200.08,46,0.7
allocation,no_disruption,,matched_road_fleet,19,1.0,static_multimodal,3126,628.3349096778569,1.0,48,1252.25,48,0.3
allocation,no_disruption,,matched_road_fleet,19,1.0,static_multimodal,3127,623.3345630023206,1.0,47,1215.13,47,0.3
allocation,no_disruption,,matched_road_fleet,19,1.0,static_multimodal,3128,623.3345630023206,1.0,46,1200.08,46,0.3
allocation,no_disruption,,matched_road_fleet,19,1.0,static_multimodal,3129,623.3345630023206,1.0,46,1200.08,46,0.3
allocation,no_disruption,,matched_road_fleet,19,1.0,static_multimodal,3130,628.3349096778569,1.0,48,1252.25,48,0.3
allocation,no_disruption,,matched_road_fleet,20,1.0,static_multimodal,3101,787.8198586395303,1.0,48,1252.25,48,0.3
allocation,no_disruption,,matched_road_fleet,20,1.0,static_multimodal,3102,762.8197974170022,1.0,47,1215.13,47,0.3
allocation,no_disruption,,matched_road_fleet,20,1.0,static_multimodal,3103,787.8198586395303,1.0,48,1252.25,48,0.7
allocation,no_disruption,,matched_road_fleet,20,1.0,static_multimodal,3104,787.8198586395303,1.0,48,1252.25,48,0.3
allocation,no_disruption,,matched_road_fleet,20,1.0,static_multimodal,3105,762.8197974170022,1.0,46,1200.08,46,0.3
allocation,no_disruption,,matched_road_fleet,20,1.0,static_multimodal,3106,787.8198586395303,1.0,48,1252.25,48,0.3
allocation,no_disruption,,matched_road_fleet,20,1.0,static_multimodal,3107,762.8197974170022,1.0,46,1200.08,46,0.3
allocation,no_disruption,,matched_road_fleet,20,1.0,static_multimodal,3108,787.8198586395303,1.0,50,1282.36,50,0.3
allocation,no_disruption,,matched_road_fleet,20,1.0,static_multimodal,3109,840.0619266185564,1.0,52,1334.54,52,0.3
allocation,no_disruption,,matched_road_fleet,20,1.0,static_multimodal,3110,840.0619266185564,1.0,50,1304.43,50,0.3
allocation,no_disruption,,matched_road_fleet,20,1.0,static_multimodal,3111,787.8198586395303,1.0,48,1252.25,48,0.7
allocation,no_disruption,,matched_road_fleet,20,1.0,static_multimodal,3112,787.8198586395303,1.0,49,1267.31,49,0.3
allocation,no_disruption,,matched_road_fleet,20,1.0,static_multimodal,3113,787.8198586395303,1.0,49,1267.31,49,0.3
allocation,no_disruption,,matched_road_fleet,20,1.0,static_multimodal,3114,762.8197974170022,1.0,46,1200.08,46,0.3
allocation,no_disruption,,matched_road_fleet,20,1.0,static_multimodal,3115,787.8198586395303,1.0,48,1252.25,48,0.3
allocation,no_disruption,,matched_road_fleet,20,1.0,static_multimodal,3116,787.8198586395303,1.0,49,1267.31,49,0.3
allocation,no_disruption,,matched_road_fleet,20,1.0,static_multimodal,3117,762.8197974170022,1.0,47,1215.13,47,0.3
allocation,no_disruption,,matched_road_fleet,20,1.0,static_multimodal,3118,762.8197974170022,1.0,47,1215.13,47,0.3
allocation,no_disruption,,matched_road_fleet,20,1.0,static_multimodal,3119,762.8197974170022,1.0,47,1215.13,47,0.3
allocation,no_disruption,,matched_road_fleet,20,1.0,static_multimodal,3120,787.8198586395303,1.0,49,1267.31,49,0.7
allocation,no_disruption,,matched_road_fleet,20,1.0,static_multimodal,3121,762.8197974170022,1.0,48,1230.19,48,0.3
allocation,no_disruption,,matched_road_fleet,20,1.0,static_multimodal,3122,762.8197974170022,1.0,47,1215.13,47,0.3
allocation,no_disruption,,matched_road_fleet,20,1.0,static_multimodal,3123,787.8198586395303,1.0,50,1282.36,50,0.3
allocation,no_disruption,,matched_road_fleet,20,1.0,static_multimodal,3124,840.0619266185564,1.0,50,1304.43,50,0.3
allocation,no_disruption,,matched_road_fleet,20,1.0,static_multimodal,3125,762.8197974170022,1.0,46,1200.08,46,0.3
allocation,no_disruption,,matched_road_fleet,20,1.0,static_multimodal,3126,787.8198586395303,1.0,48,1252.25,48,0.3
allocation,no_disruption,,matched_road_fleet,20,1.0,static_multimodal,3127,762.8197974170022,1.0,47,1215.13,47,0.3
allocation,no_disruption,,matched_road_fleet,20,1.0,static_multimodal,3128,762.8197974170022,1.0,46,1200.08,46,0.7
allocation,no_disruption,,matched_road_fleet,20,1.0,static_multimodal,3129,762.8197974170022,1.0,46,1200.08,46,0.3
allocation,no_disruption,,matched_road_fleet,20,1.0,static_multimodal,3130,787.8198586395303,1.0,48,1252.25,48,0.3
allocation,no_disruption,,matched_road_fleet,21,1.0,static_multimodal,3101,1091.7897458548916,1.0,48,1252.25,48,0.3
allocation,no_disruption,,matched_road_fleet,21,1.0,static_multimodal,3102,1086.7890622017183,1.0,47,1215.13,47,0.3
allocation,no_disruption,,matched_road_fleet,21,1.0,static_multimodal,3103,1091.7897458548916,1.0,48,1252.25,48,0.3
allocation,no_disruption,,matched_road_fleet,21,1.0,static_multimodal,3104,1091.7897458548916,1.0,48,1252.25,48,0.3
allocation,no_disruption,,matched_road_fleet,21,1.0,static_multimodal,3105,1086.7890622017183,1.0,46,1200.07,46,0.3
allocation,no_disruption,,matched_road_fleet,21,1.0,static_multimodal,3106,1091.7897458548916,1.0,48,1252.25,48,0.7
allocation,no_disruption,,matched_road_fleet,21,1.0,static_multimodal,3107,1086.7890622017183,1.0,46,1200.07,46,0.3
allocation,no_disruption,,matched_road_fleet,21,1.0,static_multimodal,3108,1091.7897458548916,1.0,50,1282.36,50,0.3
allocation,no_disruption,,matched_road_fleet,21,1.0,static_multimodal,3109,1169.031589349693,1.0,52,1334.54,52,0.3
allocation,no_disruption,,matched_road_fleet,21,1.0,static_multimodal,3110,1169.031589349693,1.0,50,1304.43,50,0.3
allocation,no_disruption,,matched_road_fleet,21,1.0,static_multimodal,3111,1091.7897458548916,1.0,48,1252.25,48,0.3
allocation,no_disruption,,matched_road_fleet,21,1.0,static_multimodal,3112,1091.7897458548916,1.0,49,1267.31,49,0.3
allocation,no_disruption,,matched_road_fleet,21,1.0,static_multimodal,3113,1091.7897458548916,1.0,49,1267.31,49,0.3
allocation,no_disruption,,matched_road_fleet,21,1.0,static_multimodal,3114,1086.7890622017183,1.0,46,1200.07,46,0.3
allocation,no_disruption,,matched_road_fleet,21,1.0,static_multimodal,3115,1091.7897458548916,1.0,48,1252.25,48,0.7
allocation,no_disruption,,matched_road_fleet,21,1.0,static_multimodal,3116,1091.7897458548916,1.0,49,1267.31,49,0.3
allocation,no_disruption,,matched_road_fleet,21,1.0,static_multimodal,3117,1086.7890622017183,1.0,47,1215.13,47,0.3
allocation,no_disruption,,matched_road_fleet,21,1.0,static_multimodal,3118,1086.7890622017183,1.0,47,1215.13,47,0.3
allocation,no_disruption,,matched_road_fleet,21,1.0,static_multimodal,3119,1086.7890622017183,1.0,47,1215.13,47,0.3
allocation,no_disruption,,matched_road_fleet,21,1.0,static_multimodal,3120,1091.7897458548916,1.0,49,1267.31,49,0.3
allocation,no_disruption,,matched_road_fleet,21,1.0,static_multimodal,3121,1086.7890622017183,1.0,48,1230.19,48,0.3
allocation,no_disruption,,matched_road_fleet,21,1.0,static_multimodal,3122,1086.7890622017183,1.0,47,1215.13,47,0.3
allocation,no_disruption,,matched_road_fleet,21,1.0,static_multimodal,3123,1091.7897458548916,1.0,50,1282.36,50,0.7
allocation,no_disruption,,matched_road_fleet,21,1.0,static_multimodal,3124,1169.031589349693,1.0,50,1304.43,50,0.3
allocation,no_disruption,,matched_road_fleet,21,1.0,static_multimodal,3125,1086.7890622017183,1.0,46,1200.07,46,0.3
allocation,no_disruption,,matched_road_fleet,21,1.0,static_multimodal,3126,1091.7897458548916,1.0,48,1252.25,48,0.3
allocation,no_disruption,,matched_road_fleet,21,1.0,static_multimodal,3127,1086.7890622017183,1.0,47,1215.13,47,0.3
allocation,no_disruption,,matched_road_fleet,21,1.0,static_multimodal,3128,1086.7890622017183,1.0,46,1200.07,46,0.3
allocation,no_disruption,,matched_road_fleet,21,1.0,static_multimodal,3129,1086.7890622017183,1.0,46,1200.07,46,0.3
allocation,no_disruption,,matched_road_fleet,21,1.0,static_multimodal,3130,1091.7897458548916,1.0,48,1252.25,48,0.3
allocation,no_disruption,,matched_road_fleet,22,1.0,static_multimodal,3101,1415.759170793617,0.72,40,955.28,40,0.3
allocation,no_disruption,,matched_road_fleet,22,1.0,static_multimodal,3102,1415.759170793617,0.72,40,955.28,40,0.7
allocation,no_disruption,,matched_road_fleet,22,1.0,static_multimodal,3103,1415.759170793617,0.72,40,955.28,40,0.3
allocation,no_disruption,,matched_road_fleet,22,1.0,static_multimodal,3104,1415.759170793617,0.72,40,955.28,40,0.3
allocation,no_disruption,,matched_road_fleet,22,1.0,static_multimodal,3105,1415.759170793617,0.72,39,940.23,39,0.3
allocation,no_disruption,,matched_road_fleet,22,1.0,static_multimodal,3106,1415.759170793617,0.72,40,955.28,40,0.3
allocation,no_disruption,,matched_road_fleet,22,1.0,static_multimodal,3107,1415.759170793617,0.72,39,940.23,39,0.3
allocation,no_disruption,,matched_road_fleet,22,1.0,static_multimodal,3108,1415.759170793617,0.72,42,985.39,42,0.2
allocation,no_disruption,,matched_road_fleet,22,1.0,static_multimodal,3109,1415.759170793617,0.72,43,1000.45,43,0.3
allocation,no_disruption,,matched_road_fleet,22,1.0,static_multimodal,3110,1415.759170793617,0.72,41,970.34,41,0.7
allocation,no_disruption,,matched_road_fleet,22,1.0,static_multimodal,3111,1415.759170793617,0.72,40,955.28,40,0.3
allocation,no_disruption,,matched_road_fleet,22,1.0,static_multimodal,3112,1415.759170793617,0.72,41,970.34,41,0.3
allocation,no_disruption,,matched_road_fleet,22,1.0,static_multimodal,3113,1415.759170793617,0.72,41,970.34,41,0.3
allocation,no_disruption,,matched_road_fleet,22,1.0,static_multimodal,3114,1415.759170793617,0.72,39,940.23,39,0.2
allocation,no_disruption,,matched_road_fleet,22,1.0,static_multimodal,3115,1415.759170793617,0.72,40,955.28,40,0.3
allocation,no_disruption,,matched_road_fleet,22,1.0,static_multimodal,3116,1415.759170793617,0.72,41,970.34,41,0.3
allocation,no_disruption,,matched_road_fleet,22,1.0,static_multimodal,3117,1415.759170793617,0.72,40,955.28,40,0.3
allocation,no_disruption,,matched_road_fleet,22,1.0,static_multimodal,3118,1415.759170793617,0.72,40,955.28,40,0.7
allocation,no_disruption,,matched_road_fleet,22,1.0,static_multimodal,3119,1415.759170793617,0.72,40,955.28,40,0.3
allocation,no_disruption,,matched_road_fleet,22,1.0,static_multimodal,3120,1415.759170793617,0.72,41,970.34,41,0.3
allocation,no_disruption,,matched_road_fleet,22,1.0,static_multimodal,3121,1415.759170793617,0.72,41,970.34,41,0.3
allocation,no_disruption,,matched_road_fleet,22,1.0,static_multimodal,3122,1415.759170793617,0.72,40,955.28,40,0.3
allocation,no_disruption,,matched_road_fleet,22,1.0,static_multimodal,3123,1415.759170793617,0.72,42,985.39,42,0.3
allocation,no_disruption,,matched_road_fleet,22,1.0,static_multimodal,3124,1415.759170793617,0.72,41,970.34,41,0.3
allocation,no_disruption,,matched_road_fleet,22,1.0,static_multimodal,3125,1415.759170793617,0.72,39,940.23,39,0.3
allocation,no_disruption,,matched_road_fleet,22,1.0,static_multimodal,3126,1415.759170793617,0.72,40,955.28,40,0.6
allocation,no_disruption,,matched_road_fleet,22,1.0,static_multimodal,3127,1415.759170793617,0.72,40,955.28,40,0.3
allocation,no_disruption,,matched_road_fleet,22,1.0,static_multimodal,3128,1415.759170793617,0.72,39,940.23,39,0.3
allocation,no_disruption,,matched_road_fleet,22,1.0,static_multimodal,3129,1415.759170793617,0.72,39,940.23,39,0.3
allocation,no_disruption,,matched_road_fleet,22,1.0,static_multimodal,3130,1415.759170793617,0.72,40,955.28,40,0.3
breakeven,no_disruption,,matched_road_fleet,,1.0,bus_only,3101,326.8568824293319,1.0,24,2510.86,24,0.3
breakeven,no_disruption,,matched_road_fleet,,1.0,bus_only,3102,326.8568824293319,1.0,24,2510.86,24,0.3
breakeven,no_disruption,,matched_road_fleet,,1.0,bus_only,3103,326.8568824293319,1.0,24,2510.86,24,0.3
breakeven,no_disruption,,matched_road_fleet,,1.0,bus_only,3104,326.8568824293319,1.0,24,2510.86,24,0.7
breakeven,no_disruption,,matched_road_fleet,,1.0,bus_only,3105,219.61901521432324,1.0,23,2406.24,23,0.3
breakeven,no_disruption,,matched_road_fleet,,1.0,bus_only,3106,326.8568824293319,1.0,24,2510.86,24,0.3
breakeven,no_disruption,,matched_road_fleet,,1.0,bus_only,3107,219.61901521432324,1.0,23,2406.24,23,0.3
breakeven,no_disruption,,matched_road_fleet,,1.0,bus_only,3108,336.8569079084516,1.0,26,2720.09,26,0.4
breakeven,no_disruption,,matched_road_fleet,,1.0,bus_only,3109,341.8569214757593,1.0,27,2824.71,27,0.3
breakeven,no_disruption,,matched_road_fleet,,1.0,bus_only,3110,331.8568947307515,1.0,25,2615.47,25,0.3
breakeven,no_disruption,,matched_road_fleet,,1.0,bus_only,3111,326.8568824293319,1.0,24,2510.86,24,0.3
breakeven,no_disruption,,matched_road_fleet,,1.0,bus_only,3112,331.8568947307515,1.0,25,2615.47,25,0.7
breakeven,no_disruption,,matched_road_fleet,,1.0,bus_only,3113,334.6189650799517,1.0,25,2615.47,25,0.3
breakeven,no_disruption,,matched_road_fleet,,1.0,bus_only,3114,219.61901521432324,1.0,23,2406.24,23,0.3
breakeven,no_disruption,,matched_road_fleet,,1.0,bus_only,3115,326.8568824293319,1.0,24,2510.86,24,0.3
breakeven,no_disruption,,matched_road_fleet,,1.0,bus_only,3116,331.8568947307515,1.0,25,2615.47,25,0.4
breakeven,no_disruption,,matched_road_fleet,,1.0,bus_only,3117,326.8568824293319,1.0,24,2510.86,24,0.4
breakeven,no_disruption,,matched_road_fleet,,1.0,bus_only,3118,326.8568824293319,1.0,24,2510.86,24,0.3
breakeven,no_disruption,,matched_road_fleet,,1.0,bus_only,3119,326.8568824293319,1.0,24,2510.86,24,0.3
breakeven,no_disruption,,matched_road_fleet,,1.0,bus_only,3120,331.8568947307515,1.0,25,2615.47,25,0.3
breakeven,no_disruption,,matched_road_fleet,,1.0,bus_only,3121,331.8568947307515,1.0,25,2615.47,25,0.8
breakeven,no_disruption,,matched_road_fleet,,1.0,bus_only,3122,326.8568824293319,1.0,24,2510.86,24,0.3
breakeven,no_disruption,,matched_road_fleet,,1.0,bus_only,3123,336.8569079084516,1.0,26,2720.09,26,0.3
breakeven,no_disruption,,matched_road_fleet,,1.0,bus_only,3124,454.6189608097767,1.0,25,2615.47,25,0.4
breakeven,no_disruption,,matched_road_fleet,,1.0,bus_only,3125,219.61901521432324,1.0,23,2406.24,23,0.3
breakeven,no_disruption,,matched_road_fleet,,1.0,bus_only,3126,326.8568824293319,1.0,24,2510.86,24,0.4
breakeven,no_disruption,,matched_road_fleet,,1.0,bus_only,3127,326.8568824293319,1.0,24,2510.86,24,0.4
breakeven,no_disruption,,matched_road_fleet,,1.0,bus_only,3128,219.61901521432324,1.0,23,2406.24,23,0.3
breakeven,no_disruption,,matched_road_fleet,,1.0,bus_only,3129,219.61901521432324,1.0,23,2406.24,23,0.7
breakeven,no_disruption,,matched_road_fleet,,1.0,bus_only,3130,326.8568824293319,1.0,24,2510.86,24,0.3
breakeven,no_disruption,,matched_road_fleet,8,1.0,static_multimodal,3101,332.12156451998965,1.0,48,1252.26,48,0.2
breakeven,no_disruption,,matched_road_fleet,8,1.0,static_multimodal,3102,319.36458465591187,1.0,47,1215.14,47,0.2
breakeven,no_disruption,,matched_road_fleet,8,1.0,static_multimodal,3103,332.12156451998965,1.0,48,1252.26,48,0.2
breakeven,no_disruption,,matched_road_fleet,8,1.0,static_multimodal,3104,332.12156451998965,1.0,48,1252.26,48,0.2
breakeven,no_disruption,,matched_road_fleet,8,1.0,static_multimodal,3105,319.36458465591187,1.0,46,1200.08,46,0.2
breakeven,no_disruption,,matched_road_fleet,8,1.0,static_multimodal,3106,362.1213878635636,1.0,48,1252.26,48,0.2
breakeven,no_disruption,,matched_road_fleet,8,1.0,static_multimodal,3107,319.36458465591187,1.0,46,1200.08,46,0.3
breakeven,no_disruption,,matched_road_fleet,8,1.0,static_multimodal,3108,332.12156451998965,1.0,50,1282.37,50,0.2
breakeven,no_disruption,,matched_road_fleet,8,1.0,static_multimodal,3109,362.12142124203626,1.0,52,1334.55,52,0.2
breakeven,no_disruption,,matched_road_fleet,8,1.0,static_multimodal,3110,362.12142124203626,1.0,50,1304.43,50,0.2
breakeven,no_disruption,,matched_road_fleet,8,1.0,static_multimodal,3111,332.12156451998965,1.0,48,1252.26,48,0.2
breakeven,no_disruption,,matched_road_fleet,8,1.0,static_multimodal,3112,332.12156451998965,1.0,49,1267.31,49,0.2
breakeven,no_disruption,,matched_road_fleet,8,1.0,static_multimodal,3113,422.12126357398733,1.0,49,1267.31,49,0.3
breakeven,no_disruption,,matched_road_fleet,8,1.0,static_multimodal,3114,319.36458465591187,1.0,46,1200.08,46,0.2
breakeven,no_disruption,,matched_road_fleet,8,1.0,static_multimodal,3115,332.12156451998965,1.0,48,1252.26,48,0.2
breakeven,no_disruption,,matched_road_fleet,8,1.0,static_multimodal,3116,362.1213878635636,1.0,49,1267.31,49,0.6
breakeven,no_disruption,,matched_road_fleet,8,1.0,static_multimodal,3117,319.36458465591187,1.0,47,1215.14,47,0.2
breakeven,no_disruption,,matched_road_fleet,8,1.0,static_multimodal,3118,319.36458465591187,1.0,47,1215.14,47,0.2
breakeven,no_disruption,,matched_road_fleet,8,1.0,static_multimodal,3119,319.36458465591187,1.0,47,1215.14,47,0.2
breakeven,no_disruption,,matched_road_fleet,8,1.0,static_multimodal,3120,362.1213878635636,1.0,49,1267.31,49,0.2
breakeven,no_disruption,,matched_road_fleet,8,1.0,static_multimodal,3121,319.36458465591187,1.0,48,1230.19,48,0.2
breakeven,no_disruption,,matched_road_fleet,8,1.0,static_multimodal,3122,319.36458465591187,1.0,47,1215.14,47,0.2
breakeven,no_disruption,,matched_road_fleet,8,1.0,static_multimodal,3123,332.12156451998965,1.0,50,1282.37,50,0.3
breakeven,no_disruption,,matched_road_fleet,8,1.0,static_multimodal,3124,542.1212635739881,1.0,50,1304.43,50,0.2
breakeven,no_disruption,,matched_road_fleet,8,1.0,static_multimodal,3125,319.36458465591187,1.0,46,1200.08,46,0.2
breakeven,no_disruption,,matched_road_fleet,8,1.0,static_multimodal,3126,332.12156451998965,1.0,48,1252.26,48,0.2
breakeven,no_disruption,,matched_road_fleet,8,1.0,static_multimodal,3127,319.36458465591187,1.0,47,1215.14,47,0.2
breakeven,no_disruption,,matched_road_fleet,8,1.0,static_multimodal,3128,319.36458465591187,1.0,46,1200.08,46,0.2
breakeven,no_disruption,,matched_road_fleet,8,1.0,static_multimodal,3129,319.36458465591187,1.0,46,1200.08,46,0.2
breakeven,no_disruption,,matched_road_fleet,8,1.0,static_multimodal,3130,362.1213878635636,1.0,48,1252.26,48,0.2
breakeven,no_disruption,,matched_road_fleet,,1.2,bus_only,3101,351.9293435020674,1.0,24,2510.86,24,0.4
breakeven,no_disruption,,matched_road_fleet,,1.2,bus_only,3102,351.9293435020674,1.0,24,2510.86,24,0.7
breakeven,no_disruption,,matched_road_fleet,,1.2,bus_only,3103,351.9293435020674,1.0,24,2510.86,24,0.3
breakeven,no_disruption,,matched_road_fleet,,1.2,bus_only,3104,351.9293435020674,1.0,24,2510.86,24,0.3
breakeven,no_disruption,,matched_road_fleet,,1.2,bus_only,3105,232.1552471826073,1.0,23,2406.24,23,0.4
breakeven,no_disruption,,matched_road_fleet,,1.2,bus_only,3106,351.9293435020674,1.0,24,2510.86,24,0.3
breakeven,no_disruption,,matched_road_fleet,,1.2,bus_only,3107,232.1552471826073,1.0,23,2406.24,23,0.3
breakeven,no_disruption,,matched_road_fleet,,1.2,bus_only,3108,361.92936932076907,1.0,26,2720.09,26,0.4
breakeven,no_disruption,,matched_road_fleet,,1.2,bus_only,3109,366.9293831229584,1.0,27,2824.71,27,0.3
breakeven,no_disruption,,matched_road_fleet,,1.2,bus_only,3110,356.9293559149612,1.0,25,2615.47,25,0.3
breakeven,no_disruption,,matched_road_fleet,,1.2,bus_only,3111,351.9293435020674,1.0,24,2510.86,24,0.7
breakeven,no_disruption,,matched_road_fleet,,1.2,bus_only,3112,356.9293559149612,1.0,25,2615.47,25,0.3
breakeven,no_disruption,,matched_road_fleet,,1.2,bus_only,3113,356.9293559149612,1.0,25,2615.47,25,0.3
breakeven,no_disruption,,matched_road_fleet,,1.2,bus_only,3114,232.1552471826073,1.0,23,2406.24,23,0.3
breakeven,no_disruption,,matched_road_fleet,,1.2,bus_only,3115,351.9293435020674,1.0,24,2510.86,24,0.4
breakeven,no_disruption,,matched_road_fleet,,1.2,bus_only,3116,356.9293559149612,1.0,25,2615.47,25,0.3
breakeven,no_disruption,,matched_road_fleet,,1.2,bus_only,3117,351.9293435020674,1.0,24,2510.86,24,0.3
breakeven,no_disruption,,matched_road_fleet,,1.2,bus_only,3118,351.9293435020674,1.0,24,2510.86,24,0.4
breakeven,no_disruption,,matched_road_fleet,,1.2,bus_only,3119,351.9293435020674,1.0,24,2510.86,24,0.8
breakeven,no_disruption,,matched_road_fleet,,1.2,bus_only,3120,356.9293559149612,1.0,25,2615.47,25,0.3
breakeven,no_disruption,,matched_road_fleet,,1.2,bus_only,3121,356.9293559149612,1.0,25,2615.47,25,0.3
breakeven,no_disruption,,matched_road_fleet,,1.2,bus_only,3122,351.9293435020674,1.0,24,2510.86,24,0.4
breakeven,no_disruption,,matched_road_fleet,,1.2,bus_only,3123,361.92936932076907,1.0,26,2720.09,26,0.4
breakeven,no_disruption,,matched_road_fleet,,1.2,bus_only,3124,467.1551913461447,1.0,25,2615.47,25,0.3
breakeven,no_disruption,,matched_road_fleet,,1.2,bus_only,3125,232.1552471826073,1.0,23,2406.24,23,0.3
breakeven,no_disruption,,matched_road_fleet,,1.2,bus_only,3126,351.9293435020674,1.0,24,2510.86,24,0.3
breakeven,no_disruption,,matched_road_fleet,,1.2,bus_only,3127,351.9293435020674,1.0,24,2510.86,24,0.3
breakeven,no_disruption,,matched_road_fleet,,1.2,bus_only,3128,232.1552471826073,1.0,23,2406.24,23,0.7
breakeven,no_disruption,,matched_road_fleet,,1.2,bus_only,3129,232.1552471826073,1.0,23,2406.24,23,0.3
breakeven,no_disruption,,matched_road_fleet,,1.2,bus_only,3130,351.9293435020674,1.0,24,2510.86,24,0.3
breakeven,no_disruption,,matched_road_fleet,8,1.2,static_multimodal,3101,332.12156451998965,1.0,48,1252.26,48,0.3
breakeven,no_disruption,,matched_road_fleet,8,1.2,static_multimodal,3102,319.36458465591187,1.0,47,1215.14,47,0.2
breakeven,no_disruption,,matched_road_fleet,8,1.2,static_multimodal,3103,332.12156451998965,1.0,48,1252.26,48,0.2
breakeven,no_disruption,,matched_road_fleet,8,1.2,static_multimodal,3104,332.12156451998965,1.0,48,1252.26,48,0.2
breakeven,no_disruption,,matched_road_fleet,8,1.2,static_multimodal,3105,319.36458465591187,1.0,46,1200.08,46,0.2
breakeven,no_disruption,,matched_road_fleet,8,1.2,static_multimodal,3106,362.1213878635636,1.0,48,1252.26,48,0.2
breakeven,no_disruption,,matched_road_fleet,8,1.2,static_multimodal,3107,319.36458465591187,1.0,46,1200.08,46,0.2
breakeven,no_disruption,,matched_road_fleet,8,1.2,static_multimodal,3108,332.12156451998965,1.0,50,1282.37,50,0.3
breakeven,no_disruption,,matched_road_fleet,8,1.2,static_multimodal,3109,362.12142124203626,1.0,52,1334.55,52,0.2
breakeven,no_disruption,,matched_road_fleet,8,1.2,static_multimodal,3110,362.12142124203626,1.0,50,1304.43,50,0.3
breakeven,no_disruption,,matched_road_fleet,8,1.2,static_multimodal,3111,332.12156451998965,1.0,48,1252.26,48,0.3
breakeven,no_disruption,,matched_road_fleet,8,1.2,static_multimodal,3112,332.12156451998965,1.0,49,1267.31,49,0.3
breakeven,no_disruption,,matched_road_fleet,8,1.2,static_multimodal,3113,422.12126357398733,1.0,49,1267.31,49,0.2
breakeven,no_disruption,,matched_road_fleet,8,1.2,static_multimodal,3114,319.36458465591187,1.0,46,1200.08,46,0.6
breakeven,no_disruption,,matched_road_fleet,8,1.2,static_multimodal,3115,332.12156451998965,1.0,48,1252.26,48,0.2
breakeven,no_disruption,,matched_road_fleet,8,1.2,static_multimodal,3116,362.1213878635636,1.0,49,1267.31,49,0.2
breakeven,no_disruption,,matched_road_fleet,8,1.2,static_multimodal,3117,319.36458465591187,1.0,47,1215.14,47,0.2
breakeven,no_disruption,,matched_road_fleet,8,1.2,static_multimodal,3118,319.36458465591187,1.0,47,1215.14,47,0.2
breakeven,no_disruption,,matched_road_fleet,8,1.2,static_multimodal,3119,319.36458465591187,1.0,47,1215.14,47,0.2
breakeven,no_disruption,,matched_road_fleet,8,1.2,static_multimodal,3120,362.1213878635636,1.0,49,1267.31,49,0.2
breakeven,no_disruption,,matched_road_fleet,8,1.2,static_multimodal,3121,319.36458465591187,1.0,48,1230.19,48,0.2
breakeven,no_disruption,,matched_road_fleet,8,1.2,static_multimodal,3122,319.36458465591187,1.0,47,1215.14,47,0.2
breakeven,no_disruption,,matched_road_fleet,8,1.2,static_multimodal,3123,332.12156451998965,1.0,50,1282.37,50,0.2
breakeven,no_disruption,,matched_road_fleet,8,1.2,static_multimodal,3124,542.1212635739881,1.0,50,1304.43,50,0.2
breakeven,no_disruption,,matched_road_fleet,8,1.2,static_multimodal,3125,319.36458465591187,1.0,46,1200.08,46,0.2
breakeven,no_disruption,,matched_road_fleet,8,1.2,static_multimodal,3126,332.12156451998965,1.0,48,1252.26,48,0.2
breakeven,no_disruption,,matched_road_fleet,8,1.2,static_multimodal,3127,319.36458465591187,1.0,47,1215.14,47,0.2
breakeven,no_disruption,,matched_road_fleet,8,1.2,static_multimodal,3128,319.36458465591187,1.0,46,1200.08,46,0.2
breakeven,no_disruption,,matched_road_fleet,8,1.2,static_multimodal,3129,319.36458465591187,1.0,46,1200.08,46,0.2
breakeven,no_disruption,,matched_road_fleet,8,1.2,static_multimodal,3130,362.1213878635636,1.0,48,1252.26,48,0.2
breakeven,no_disruption,,matched_road_fleet,,1.4,bus_only,3101,377.0018045748028,1.0,24,2510.86,24,0.7
breakeven,no_disruption,,matched_road_fleet,,1.4,bus_only,3102,377.0018045748028,1.0,24,2510.86,24,0.4
breakeven,no_disruption,,matched_road_fleet,,1.4,bus_only,3103,377.0018045748028,1.0,24,2510.86,24,0.4
breakeven,no_disruption,,matched_road_fleet,,1.4,bus_only,3104,377.0018045748028,1.0,24,2510.86,24,0.3
breakeven,no_disruption,,matched_road_fleet,,1.4,bus_only,3105,244.69147915089096,1.0,23,2406.24,23,0.3
breakeven,no_disruption,,matched_road_fleet,,1.4,bus_only,3106,377.0018045748028,1.0,24,2510.86,24,0.3
breakeven,no_disruption,,matched_road_fleet,,1.4,bus_only,3107,244.69147915089096,1.0,23,2406.24,23,0.4
breakeven,no_disruption,,matched_road_fleet,,1.4,bus_only,3108,387.0018307330265,1.0,26,2720.09,26,0.3
breakeven,no_disruption,,matched_road_fleet,,1.4,bus_only,3109,392.0018447700968,1.0,27,2824.71,27,0.8
breakeven,no_disruption,,matched_road_fleet,,1.4,bus_only,3110,382.0018170991126,1.0,25,2615.47,25,0.3
breakeven,no_disruption,,matched_road_fleet,,1.4,bus_only,3111,377.0018045748028,1.0,24,2510.86,24,0.3
breakeven,no_disruption,,matched_road_fleet,,1.4,bus_only,3112,382.0018170991126,1.0,25,2615.47,25,0.3
breakeven,no_disruption,,matched_road_fleet,,1.4,bus_only,3113,382.0018170991126,1.0,25,2615.47,25,0.3
breakeven,no_disruption,,matched_road_fleet,,1.4,bus_only,3114,244.69147915089096,1.0,23,2406.24,23,0.4
breakeven,no_disruption,,matched_road_fleet,,1.4,bus_only,3115,377.0018045748028,1.0,24,2510.86,24,0.3
breakeven,no_disruption,,matched_road_fleet,,1.4,bus_only,3116,382.0018170991126,1.0,25,2615.47,25,0.4
breakeven,no_disruption,,matched_road_fleet,,1.4,bus_only,3117,377.0018045748028,1.0,24,2510.86,24,0.7
breakeven,no_disruption,,matched_road_fleet,,1.4,bus_only,3118,377.0018045748028,1.0,24,2510.86,24,0.4
breakeven,no_disruption,,matched_road_fleet,,1.4,bus_only,3119,377.0018045748028,1.0,24,2510.86,24,0.4
breakeven,no_disruption,,matched_road_fleet,,1.4,bus_only,3120,382.0018170991126,1.0,25,2615.47,25,0.3
breakeven,no_disruption,,matched_road_fleet,,1.4,bus_only,3121,382.0018170991126,1.0,25,2615.47,25,0.4
breakeven,no_disruption,,matched_road_fleet,,1.4,bus_only,3122,377.0018045748028,1.0,24,2510.86,24,0.3
breakeven,no_disruption,,matched_road_fleet,,1.4,bus_only,3123,387.0018307330265,1.0,26,2720.09,26,0.4
breakeven,no_disruption,,matched_road_fleet,,1.4,bus_only,3124,479.6914218825125,1.0,25,2615.47,25,0.3
breakeven,no_disruption,,matched_road_fleet,,1.4,bus_only,3125,244.69147915089096,1.0,23,2406.24,23,0.4
breakeven,no_disruption,,matched_road_fleet,,1.4,bus_only,3126,377.0018045748028,1.0,24,2510.86,24,0.8
breakeven,no_disruption,,matched_road_fleet,,1.4,bus_only,3127,377.0018045748028,1.0,24,2510.86,24,0.3
breakeven,no_disruption,,matched_road_fleet,,1.4,bus_only,3128,244.69147915089096,1.0,23,2406.24,23,0.4
breakeven,no_disruption,,matched_road_fleet,,1.4,bus_only,3129,244.69147915089096,1.0,23,2406.24,23,0.4
breakeven,no_disruption,,matched_road_fleet,,1.4,bus_only,3130,377.0018045748028,1.0,24,2510.86,24,0.3
breakeven,no_disruption,,matched_road_fleet,8,1.4,static_multimodal,3101,332.12156451998965,1.0,48,1252.26,48,0.2
breakeven,no_disruption,,matched_road_fleet,8,1.4,static_multimodal,3102,319.36458465591187,1.0,47,1215.14,47,0.2
breakeven,no_disruption,,matched_road_fleet,8,1.4,static_multimodal,3103,332.12156451998965,1.0,48,1252.26,48,0.2
breakeven,no_disruption,,matched_road_fleet,8,1.4,static_multimodal,3104,332.12156451998965,1.0,48,1252.26,48,0.2
breakeven,no_disruption,,matched_road_fleet,8,1.4,static_multimodal,3105,319.36458465591187,1.0,46,1200.08,46,0.2
breakeven,no_disruption,,matched_road_fleet,8,1.4,static_multimodal,3106,362.1213878635636,1.0,48,1252.26,48,0.2
breakeven,no_disruption,,matched_road_fleet,8,1.4,static_multimodal,3107,319.36458465591187,1.0,46,1200.08,46,0.3
breakeven,no_disruption,,matched_road_fleet,8,1.4,static_multimodal,3108,332.12156451998965,1.0,50,1282.37,50,0.6
breakeven,no_disruption,,matched_road_fleet,8,1.4,static_multimodal,3109,362.12142124203626,1.0,52,1334.55,52,0.2
breakeven,no_disruption,,matched_road_fleet,8,1.4,static_multimodal,3110,362.12142124203626,1.0,50,1304.43,50,0.2
breakeven,no_disruption,,matched_road_fleet,8,1.4,static_multimodal,3111,332.12156451998965,1.0,48,1252.26,48,0.2
breakeven,no_disruption,,matched_road_fleet,8,1.4,static_multimodal,3112,332.12156451998965,1.0,49,1267.31,49,0.2
breakeven,no_disruption,,matched_road_fleet,8,1.4,static_multimodal,3113,422.12126357398733,1.0,49,1267.31,49,0.2
breakeven,no_disruption,,matched_road_fleet,8,1.4,static_multimodal,3114,319.36458465591187,1.0,46,1200.08,46,0.2
breakeven,no_disruption,,matched_road_fleet,8,1.4,static_multimodal,3115,332.12156451998965,1.0,48,1252.26,48,0.3
breakeven,no_disruption,,matched_road_fleet,8,1.4,static_multimodal,3116,362.1213878635636,1.0,49,1267.31,49,0.2
breakeven,no_disruption,,matched_road_fleet,8,1.4,static_multimodal,3117,319.36458465591187,1.0,47,1215.14,47,0.2
breakeven,no_disruption,,matched_road_fleet,8,1.4,static_multimodal,3118,319.36458465591187,1.0,47,1215.14,47,0.2
breakeven,no_disruption,,matched_road_fleet,8,1.4,static_multimodal,3119,319.36458465591187,1.0,47,1215.14,47,0.3
breakeven,no_disruption,,matched_road_fleet,8,1.4,static_multimodal,3120,362.1213878635636,1.0,49,1267.31,49,0.2
breakeven,no_disruption,,matched_road_fleet,8,1.4,static_multimodal,3121,319.36458465591187,1.0,48,1230.19,48,0.2
breakeven,no_disruption,,matched_road_fleet,8,1.4,static_multimodal,3122,319.36458465591187,1.0,47,1215.14,47,0.2
breakeven,no_disruption,,matched_road_fleet,8,1.4,static_multimodal,3123,332.12156451998965,1.0,50,1282.37,50,0.2
breakeven,no_disruption,,matched_road_fleet,8,1.4,static_multimodal,3124,542.1212635739881,1.0,50,1304.43,50,0.2
breakeven,no_disruption,,matched_road_fleet,8,1.4,static_multimodal,3125,319.36458465591187,1.0,46,1200.08,46,0.3
breakeven,no_disruption,,matched_road_fleet,8,1.4,static_multimodal,3126,332.12156451998965,1.0,48,1252.26,48,0.2
breakeven,no_disruption,,matched_road_fleet,8,1.4,static_multimodal,3127,319.36458465591187,1.0,47,1215.14,47,0.6
breakeven,no_disruption,,matched_road_fleet,8,1.4,static_multimodal,3128,319.36458465591187,1.0,46,1200.08,46,0.2
breakeven,no_disruption,,matched_road_fleet,8,1.4,static_multimodal,3129,319.36458465591187,1.0,46,1200.08,46,0.3
breakeven,no_disruption,,matched_road_fleet,8,1.4,static_multimodal,3130,362.1213878635636,1.0,48,1252.26,48,0.2
breakeven,no_disruption,,matched_road_fleet,,1.6,bus_only,3101,402.0742656475383,1.0,24,2510.86,24,0.3
breakeven,no_disruption,,matched_road_fleet,,1.6,bus_only,3102,402.0742656475383,1.0,24,2510.86,24,0.4
breakeven,no_disruption,,matched_road_fleet,,1.6,bus_only,3103,402.0742656475383,1.0,24,2510.86,24,0.3
breakeven,no_disruption,,matched_road_fleet,,1.6,bus_only,3104,402.0742656475383,1.0,24,2510.86,24,0.3
breakeven,no_disruption,,matched_road_fleet,,1.6,bus_only,3105,257.2277111191751,1.0,23,2406.24,23,0.4
breakeven,no_disruption,,matched_road_fleet,,1.6,bus_only,3106,402.0742656475383,1.0,24,2510.86,24,0.4
breakeven,no_disruption,,matched_road_fleet,,1.6,bus_only,3107,257.2277111191751,1.0,23,2406.24,23,0.7
breakeven,no_disruption,,matched_road_fleet,,1.6,bus_only,3108,412.0742921553736,1.0,26,2720.09,26,0.4
breakeven,no_disruption,,matched_road_fleet,,1.6,bus_only,3109,417.0743064276222,1.0,27,2824.71,27,0.4
breakeven,no_disruption,,matched_road_fleet,,1.6,bus_only,3110,407.07427829306135,1.0,25,2615.47,25,0.4
breakeven,no_disruption,,matched_road_fleet,,1.6,bus_only,3111,402.0742656475383,1.0,24,2510.86,24,0.4
breakeven,no_disruption,,matched_road_fleet,,1.6,bus_only,3112,407.07427829306135,1.0,25,2615.47,25,0.4
breakeven,no_disruption,,matched_road_fleet,,1.6,bus_only,3113,407.07427829306135,1.0,25,2615.47,25,0.3
breakeven,no_disruption,,matched_road_fleet,,1.6,bus_only,3114,257.2277111191751,1.0,23,2406.24,23,0.4
breakeven,no_disruption,,matched_road_fleet,,1.6,bus_only,3115,402.0742656475383,1.0,24,2510.86,24,0.3
breakeven,no_disruption,,matched_road_fleet,,1.6,bus_only,3116,407.07427829306135,1.0,25,2615.47,25,0.8
breakeven,no_disruption,,matched_road_fleet,,1.6,bus_only,3117,402.0742656475383,1.0,24,2510.86,24,0.3
breakeven,no_disruption,,matched_road_fleet,,1.6,bus_only,3118,402.0742656475383,1.0,24,2510.86,24,0.4
breakeven,no_disruption,,matched_road_fleet,,1.6,bus_only,3119,402.0742656475383,1.0,24,2510.86,24,0.3
breakeven,no_disruption,,matched_road_fleet,,1.6,bus_only,3120,407.07427829306135,1.0,25,2615.47,25,0.4
breakeven,no_disruption,,matched_road_fleet,,1.6,bus_only,3121,407.07427829306135,1.0,25,2615.47,25,0.3
breakeven,no_disruption,,matched_road_fleet,,1.6,bus_only,3122,402.0742656475383,1.0,24,2510.86,24,0.3
breakeven,no_disruption,,matched_road_fleet,,1.6,bus_only,3123,412.0742921553736,1.0,26,2720.09,26,0.4
breakeven,no_disruption,,matched_road_fleet,,1.6,bus_only,3124,492.2276524188804,1.0,25,2615.47,25,0.3
breakeven,no_disruption,,matched_road_fleet,,1.6,bus_only,3125,257.2277111191751,1.0,23,2406.24,23,0.3
breakeven,no_disruption,,matched_road_fleet,,1.6,bus_only,3126,402.0742656475383,1.0,24,2510.86,24,0.3
breakeven,no_disruption,,matched_road_fleet,,1.6,bus_only,3127,402.0742656475383,1.0,24,2510.86,24,0.4
breakeven,no_disruption,,matched_road_fleet,,1.6,bus_only,3128,257.2277111191751,1.0,23,2406.24,23,0.3
breakeven,no_disruption,,matched_road_fleet,,1.6,bus_only,3129,257.2277111191751,1.0,23,2406.24,23,0.3
breakeven,no_disruption,,matched_road_fleet,,1.6,bus_only,3130,402.0742656475383,1.0,24,2510.86,24,0.3
breakeven,no_disruption,,matched_road_fleet,8,1.6,static_multimodal,3101,332.12156451998965,1.0,48,1252.26,48,0.2
breakeven,no_disruption,,matched_road_fleet,8,1.6,static_multimodal,3102,319.36458465591187,1.0,47,1215.14,47,0.2
breakeven,no_disruption,,matched_road_fleet,8,1.6,static_multimodal,3103,332.12156451998965,1.0,48,1252.26,48,0.2
breakeven,no_disruption,,matched_road_fleet,8,1.6,static_multimodal,3104,332.12156451998965,1.0,48,1252.26,48,0.2
breakeven,no_disruption,,matched_road_fleet,8,1.6,static_multimodal,3105,319.36458465591187,1.0,46,1200.08,46,0.2
breakeven,no_disruption,,matched_road_fleet,8,1.6,static_multimodal,3106,362.1213878635636,1.0,48,1252.26,48,0.2
breakeven,no_disruption,,matched_road_fleet,8,1.6,static_multimodal,3107,319.36458465591187,1.0,46,1200.08,46,0.2
breakeven,no_disruption,,matched_road_fleet,8,1.6,static_multimodal,3108,332.12156451998965,1.0,50,1282.37,50,0.2
breakeven,no_disruption,,matched_road_fleet,8,1.6,static_multimodal,3109,362.12142124203626,1.0,52,1334.55,52,0.2
breakeven,no_disruption,,matched_road_fleet,8,1.6,static_multimodal,3110,362.12142124203626,1.0,50,1304.43,50,0.2
breakeven,no_disruption,,matched_road_fleet,8,1.6,static_multimodal,3111,332.12156451998965,1.0,48,1252.26,48,0.2
breakeven,no_disruption,,matched_road_fleet,8,1.6,static_multimodal,3112,332.12156451998965,1.0,49,1267.31,49,0.2
breakeven,no_disruption,,matched_road_fleet,8,1.6,static_multimodal,3113,422.12126357398733,1.0,49,1267.31,49,0.2
breakeven,no_disruption,,matched_road_fleet,8,1.6,static_multimodal,3114,319.36458465591187,1.0,46,1200.08,46,0.2
breakeven,no_disruption,,matched_road_fleet,8,1.6,static_multimodal,3115,332.12156451998965,1.0,48,1252.26,48,0.2
breakeven,no_disruption,,matched_road_fleet,8,1.6,static_multimodal,3116,362.1213878635636,1.0,49,1267.31,49,0.2
breakeven,no_disruption,,matched_road_fleet,8,1.6,static_multimodal,3117,319.36458465591187,1.0,47,1215.14,47,0.2
breakeven,no_disruption,,matched_road_fleet,8,1.6,static_multimodal,3118,319.36458465591187,1.0,47,1215.14,47,0.2
breakeven,no_disruption,,matched_road_fleet,8,1.6,static_multimodal,3119,319.36458465591187,1.0,47,1215.14,47,0.2
breakeven,no_disruption,,matched_road_fleet,8,1.6,static_multimodal,3120,362.1213878635636,1.0,49,1267.31,49,0.3
breakeven,no_disruption,,matched_road_fleet,8,1.6,static_multimodal,3121,319.36458465591187,1.0,48,1230.19,48,0.2
breakeven,no_disruption,,matched_road_fleet,8,1.6,static_multimodal,3122,319.36458465591187,1.0,47,1215.14,47,0.2
breakeven,no_disruption,,matched_road_fleet,8,1.6,static_multimodal,3123,332.12156451998965,1.0,50,1282.37,50,0.6
breakeven,no_disruption,,matched_road_fleet,8,1.6,static_multimodal,3124,542.1212635739881,1.0,50,1304.43,50,0.2
breakeven,no_disruption,,matched_road_fleet,8,1.6,static_multimodal,3125,319.36458465591187,1.0,46,1200.08,46,0.2
breakeven,no_disruption,,matched_road_fleet,8,1.6,static_multimodal,3126,332.12156451998965,1.0,48,1252.26,48,0.2
breakeven,no_disruption,,matched_road_fleet,8,1.6,static_multimodal,3127,319.36458465591187,1.0,47,1215.14,47,0.3
breakeven,no_disruption,,matched_road_fleet,8,1.6,static_multimodal,3128,319.36458465591187,1.0,46,1200.08,46,0.2
breakeven,no_disruption,,matched_road_fleet,8,1.6,static_multimodal,3129,319.36458465591187,1.0,46,1200.08,46,0.2
breakeven,no_disruption,,matched_road_fleet,8,1.6,static_multimodal,3130,362.1213878635636,1.0,48,1252.26,48,0.2
breakeven,no_disruption,,matched_road_fleet,,1.8,bus_only,3101,427.14672672027353,1.0,24,2510.86,24,0.4
breakeven,no_disruption,,matched_road_fleet,,1.8,bus_only,3102,427.14672672027353,1.0,24,2510.86,24,0.3
breakeven,no_disruption,,matched_road_fleet,,1.8,bus_only,3103,427.14672672027353,1.0,24,2510.86,24,0.3
breakeven,no_disruption,,matched_road_fleet,,1.8,bus_only,3104,427.14672672027353,1.0,24,2510.86,24,0.3
breakeven,no_disruption,,matched_road_fleet,,1.8,bus_only,3105,269.7639430874592,1.0,23,2406.24,23,0.8
breakeven,no_disruption,,matched_road_fleet,,1.8,bus_only,3106,427.14672672027353,1.0,24,2510.86,24,0.4
breakeven,no_disruption,,matched_road_fleet,,1.8,bus_only,3107,269.7639430874592,1.0,23,2406.24,23,0.3
breakeven,no_disruption,,matched_road_fleet,,1.8,bus_only,3108,437.14675356909197,1.0,26,2720.09,26,0.3
breakeven,no_disruption,,matched_road_fleet,,1.8,bus_only,3109,442.1467680762652,1.0,27,2824.71,27,0.3
breakeven,no_disruption,,matched_road_fleet,,1.8,bus_only,3110,432.14673947863224,1.0,25,2615.47,25,0.3
breakeven,no_disruption,,matched_road_fleet,,1.8,bus_only,3111,427.14672672027353,1.0,24,2510.86,24,0.4
breakeven,no_disruption,,matched_road_fleet,,1.8,bus_only,3112,432.14673947863224,1.0,25,2615.47,25,0.4
breakeven,no_disruption,,matched_road_fleet,,1.8,bus_only,3113,432.14673947863224,1.0,25,2615.47,25,0.3
breakeven,no_disruption,,matched_road_fleet,,1.8,bus_only,3114,269.7639430874592,1.0,23,2406.24,23,0.7
breakeven,no_disruption,,matched_road_fleet,,1.8,bus_only,3115,427.14672672027353,1.0,24,2510.86,24,0.4
breakeven,no_disruption,,matched_road_fleet,,1.8,bus_only,3116,432.14673947863224,1.0,25,2615.47,25,0.4
breakeven,no_disruption,,matched_road_fleet,,1.8,bus_only,3117,427.14672672027353,1.0,24,2510.86,24,0.3
breakeven,no_disruption,,matched_road_fleet,,1.8,bus_only,3118,427.14672672027353,1.0,24,2510.86,24,0.3
breakeven,no_disruption,,matched_road_fleet,,1.8,bus_only,3119,427.14672672027353,1.0,24,2510.86,24,0.4
breakeven,no_disruption,,matched_road_fleet,,1.8,bus_only,3120,432.14673947863224,1.0,25,2615.47,25,0.3
breakeven,no_disruption,,matched_road_fleet,,1.8,bus_only,3121,432.14673947863224,1.0,25,2615.47,25,0.4
breakeven,no_disruption,,matched_road_fleet,,1.8,bus_only,3122,427.14672672027353,1.0,24,2510.86,24,0.3
breakeven,no_disruption,,matched_road_fleet,,1.8,bus_only,3123,437.14675356909197,1.0,26,2720.09,26,0.8
breakeven,no_disruption,,matched_road_fleet,,1.8,bus_only,3124,504.7638829552481,1.0,25,2615.47,25,0.4
breakeven,no_disruption,,matched_road_fleet,,1.8,bus_only,3125,269.7639430874592,1.0,23,2406.24,23,0.3
breakeven,no_disruption,,matched_road_fleet,,1.8,bus_only,3126,427.14672672027353,1.0,24,2510.86,24,0.4
breakeven,no_disruption,,matched_road_fleet,,1.8,bus_only,3127,427.14672672027353,1.0,24,2510.86,24,0.3
breakeven,no_disruption,,matched_road_fleet,,1.8,bus_only,3128,269.7639430874592,1.0,23,2406.24,23,0.3
breakeven,no_disruption,,matched_road_fleet,,1.8,bus_only,3129,269.7639430874592,1.0,23,2406.24,23,0.3
breakeven,no_disruption,,matched_road_fleet,,1.8,bus_only,3130,427.14672672027353,1.0,24,2510.86,24,0.4
breakeven,no_disruption,,matched_road_fleet,8,1.8,static_multimodal,3101,332.12156451998965,1.0,48,1252.26,48,0.2
breakeven,no_disruption,,matched_road_fleet,8,1.8,static_multimodal,3102,319.36458465591187,1.0,47,1215.14,47,0.6
breakeven,no_disruption,,matched_road_fleet,8,1.8,static_multimodal,3103,332.12156451998965,1.0,48,1252.26,48,0.2
breakeven,no_disruption,,matched_road_fleet,8,1.8,static_multimodal,3104,332.12156451998965,1.0,48,1252.26,48,0.2
breakeven,no_disruption,,matched_road_fleet,8,1.8,static_multimodal,3105,319.36458465591187,1.0,46,1200.08,46,0.2
breakeven,no_disruption,,matched_road_fleet,8,1.8,static_multimodal,3106,362.1213878635636,1.0,48,1252.26,48,0.2
breakeven,no_disruption,,matched_road_fleet,8,1.8,static_multimodal,3107,319.36458465591187,1.0,46,1200.08,46,0.2
breakeven,no_disruption,,matched_road_fleet,8,1.8,static_multimodal,3108,332.12156451998965,1.0,50,1282.37,50,0.2
breakeven,no_disruption,,matched_road_fleet,8,1.8,static_multimodal,3109,362.12142124203626,1.0,52,1334.55,52,0.3
breakeven,no_disruption,,matched_road_fleet,8,1.8,static_multimodal,3110,362.12142124203626,1.0,50,1304.43,50,0.2
breakeven,no_disruption,,matched_road_fleet,8,1.8,static_multimodal,3111,332.12156451998965,1.0,48,1252.26,48,0.2
breakeven,no_disruption,,matched_road_fleet,8,1.8,static_multimodal,3112,332.12156451998965,1.0,49,1267.31,49,0.2
breakeven,no_disruption,,matched_road_fleet,8,1.8,static_multimodal,3113,422.12126357398733,1.0,49,1267.31,49,0.3
breakeven,no_disruption,,matched_road_fleet,8,1.8,static_multimodal,3114,319.36458465591187,1.0,46,1200.08,46,0.2
breakeven,no_disruption,,matched_road_fleet,8,1.8,static_multimodal,3115,332.12156451998965,1.0,48,1252.26,48,0.3
breakeven,no_disruption,,matched_road_fleet,8,1.8,static_multimodal,3116,362.1213878635636,1.0,49,1267.31,49,0.2
breakeven,no_disruption,,matched_road_fleet,8,1.8,static_multimodal,3117,319.36458465591187,1.0,47,1215.14,47,0.2
breakeven,no_disruption,,matched_road_fleet,8,1.8,static_multimodal,3118,319.36458465591187,1.0,47,1215.14,47,0.2
breakeven,no_disruption,,matched_road_fleet,8,1.8,static_multimodal,3119,319.36458465591187,1.0,47,1215.14,47,0.2
breakeven,no_disruption,,matched_road_fleet,8,1.8,static_multimodal,3120,362.1213878635636,1.0,49,1267.31,49,0.6
breakeven,no_disruption,,matched_road_fleet,8,1.8,static_multimodal,3121,319.36458465591187,1.0,48,1230.19,48,0.2
breakeven,no_disruption,,matched_road_fleet,8,1.8,static_multimodal,3122,319.36458465591187,1.0,47,1215.14,47,0.2
breakeven,no_disruption,,matched_road_fleet,8,1.8,static_multimodal,3123,332.12156451998965,1.0,50,1282.37,50,0.3
breakeven,no_disruption,,matched_road_fleet,8,1.8,static_multimodal,3124,542.1212635739881,1.0,50,1304.43,50,0.2
breakeven,no_disruption,,matched_road_fleet,8,1.8,static_multimodal,3125,319.36458465591187,1.0,46,1200.08,46,0.2
breakeven,no_disruption,,matched_road_fleet,8,1.8,static_multimodal,3126,332.12156451998965,1.0,48,1252.26,48,0.2
breakeven,no_disruption,,matched_road_fleet,8,1.8,static_multimodal,3127,319.36458465591187,1.0,47,1215.14,47,0.2
breakeven,no_disruption,,matched_road_fleet,8,1.8,static_multimodal,3128,319.36458465591187,1.0,46,1200.08,46,0.2
breakeven,no_disruption,,matched_road_fleet,8,1.8,static_multimodal,3129,319.36458465591187,1.0,46,1200.08,46,0.2
breakeven,no_disruption,,matched_road_fleet,8,1.8,static_multimodal,3130,362.1213878635636,1.0,48,1252.26,48,0.2
breakeven,no_disruption,,matched_road_fleet,,2.0,bus_only,3101,452.21918779300887,1.0,24,2510.86,24,0.4
breakeven,no_disruption,,matched_road_fleet,,2.0,bus_only,3102,452.21918779300887,1.0,24,2510.86,24,0.4
breakeven,no_disruption,,matched_road_fleet,,2.0,bus_only,3103,452.21918779300887,1.0,24,2510.86,24,0.3
breakeven,no_disruption,,matched_road_fleet,,2.0,bus_only,3104,452.21918779300887,1.0,24,2510.86,24,0.8
breakeven,no_disruption,,matched_road_fleet,,2.0,bus_only,3105,282.3001750557429,1.0,23,2406.24,23,0.4
breakeven,no_disruption,,matched_road_fleet,,2.0,bus_only,3106,452.21918779300887,1.0,24,2510.86,24,0.3
breakeven,no_disruption,,matched_road_fleet,,2.0,bus_only,3107,282.3001750557429,1.0,23,2406.24,23,0.3
breakeven,no_disruption,,matched_road_fleet,,2.0,bus_only,3108,462.21921497850883,1.0,26,2720.09,26,0.4
breakeven,no_disruption,,matched_road_fleet,,2.0,bus_only,3109,467.21922972047827,1.0,27,2824.71,27,0.4
breakeven,no_disruption,,matched_road_fleet,,2.0,bus_only,3110,457.2192006600257,1.0,25,2615.47,25,0.3
breakeven,no_disruption,,matched_road_fleet,,2.0,bus_only,3111,452.21918779300887,1.0,24,2510.86,24,0.3
breakeven,no_disruption,,matched_road_fleet,,2.0,bus_only,3112,457.2192006600257,1.0,25,2615.47,25,0.7
breakeven,no_disruption,,matched_road_fleet,,2.0,bus_only,3113,457.2192006600257,1.0,25,2615.47,25,0.3
breakeven,no_disruption,,matched_road_fleet,,2.0,bus_only,3114,282.3001750557429,1.0,23,2406.24,23,0.3
breakeven,no_disruption,,matched_road_fleet,,2.0,bus_only,3115,452.21918779300887,1.0,24,2510.86,24,0.4
breakeven,no_disruption,,matched_road_fleet,,2.0,bus_only,3116,457.2192006600257,1.0,25,2615.47,25,0.4
breakeven,no_disruption,,matched_road_fleet,,2.0,bus_only,3117,452.21918779300887,1.0,24,2510.86,24,0.3
breakeven,no_disruption,,matched_road_fleet,,2.0,bus_only,3118,452.21918779300887,1.0,24,2510.86,24,0.3
breakeven,no_disruption,,matched_road_fleet,,2.0,bus_only,3119,452.21918779300887,1.0,24,2510.86,24,0.4
breakeven,no_disruption,,matched_road_fleet,,2.0,bus_only,3120,457.2192006600257,1.0,25,2615.47,25,0.3
breakeven,no_disruption,,matched_road_fleet,,2.0,bus_only,3121,457.2192006600257,1.0,25,2615.47,25,0.8
breakeven,no_disruption,,matched_road_fleet,,2.0,bus_only,3122,452.21918779300887,1.0,24,2510.86,24,0.4
breakeven,no_disruption,,matched_road_fleet,,2.0,bus_only,3123,462.21921497850883,1.0,26,2720.09,26,0.4
breakeven,no_disruption,,matched_road_fleet,,2.0,bus_only,3124,517.3001134916158,1.0,25,2615.47,25,0.4
breakeven,no_disruption,,matched_road_fleet,,2.0,bus_only,3125,282.3001750557429,1.0,23,2406.24,23,0.3
breakeven,no_disruption,,matched_road_fleet,,2.0,bus_only,3126,452.21918779300887,1.0,24,2510.86,24,0.3
breakeven,no_disruption,,matched_road_fleet,,2.0,bus_only,3127,452.21918779300887,1.0,24,2510.86,24,0.4
breakeven,no_disruption,,matched_road_fleet,,2.0,bus_only,3128,282.3001750557429,1.0,23,2406.24,23,0.7
breakeven,no_disruption,,matched_road_fleet,,2.0,bus_only,3129,282.3001750557429,1.0,23,2406.24,23,0.4
breakeven,no_disruption,,matched_road_fleet,,2.0,bus_only,3130,452.21918779300887,1.0,24,2510.86,24,0.3
breakeven,no_disruption,,matched_road_fleet,8,2.0,static_multimodal,3101,332.12156451998965,1.0,48,1252.26,48,0.2
breakeven,no_disruption,,matched_road_fleet,8,2.0,static_multimodal,3102,319.36458465591187,1.0,47,1215.14,47,0.2
breakeven,no_disruption,,matched_road_fleet,8,2.0,static_multimodal,3103,332.12156451998965,1.0,48,1252.26,48,0.2
breakeven,no_disruption,,matched_road_fleet,8,2.0,static_multimodal,3104,332.12156451998965,1.0,48,1252.26,48,0.2
breakeven,no_disruption,,matched_road_fleet,8,2.0,static_multimodal,3105,319.36458465591187,1.0,46,1200.08,46,0.2
breakeven,no_disruption,,matched_road_fleet,8,2.0,static_multimodal,3106,362.1213878635636,1.0,48,1252.26,48,0.2
breakeven,no_disruption,,matched_road_fleet,8,2.0,static_multimodal,3107,319.36458465591187,1.0,46,1200.08,46,0.2
breakeven,no_disruption,,matched_road_fleet,8,2.0,static_multimodal,3108,332.12156451998965,1.0,50,1282.37,50,0.3
breakeven,no_disruption,,matched_road_fleet,8,2.0,static_multimodal,3109,362.12142124203626,1.0,52,1334.55,52,0.3
breakeven,no_disruption,,matched_road_fleet,8,2.0,static_multimodal,3110,362.12142124203626,1.0,50,1304.43,50,0.2
breakeven,no_disruption,,matched_road_fleet,8,2.0,static_multimodal,3111,332.12156451998965,1.0,48,1252.26,48,0.2
breakeven,no_disruption,,matched_road_fleet,8,2.0,static_multimodal,3112,332.12156451998965,1.0,49,1267.31,49,0.2
breakeven,no_disruption,,matched_road_fleet,8,2.0,static_multimodal,3113,422.12126357398733,1.0,49,1267.31,49,0.2
breakeven,no_disruption,,matched_road_fleet,8,2.0,static_multimodal,3114,319.36458465591187,1.0,46,1200.08,46,0.6
breakeven,no_disruption,,matched_road_fleet,8,2.0,static_multimodal,3115,332.12156451998965,1.0,48,1252.26,48,0.2
breakeven,no_disruption,,matched_road_fleet,8,2.0,static_multimodal,3116,362.1213878635636,1.0,49,1267.31,49,0.2
breakeven,no_disruption,,matched_road_fleet,8,2.0,static_multimodal,3117,319.36458465591187,1.0,47,1215.14,47,0.2
breakeven,no_disruption,,matched_road_fleet,8,2.0,static_multimodal,3118,319.36458465591187,1.0,47,1215.14,47,0.3
breakeven,no_disruption,,matched_road_fleet,8,2.0,static_multimodal,3119,319.36458465591187,1.0,47,1215.14,47,0.3
breakeven,no_disruption,,matched_road_fleet,8,2.0,static_multimodal,3120,362.1213878635636,1.0,49,1267.31,49,0.2
breakeven,no_disruption,,matched_road_fleet,8,2.0,static_multimodal,3121,319.36458465591187,1.0,48,1230.19,48,0.3
breakeven,no_disruption,,matched_road_fleet,8,2.0,static_multimodal,3122,319.36458465591187,1.0,47,1215.14,47,0.2
breakeven,no_disruption,,matched_road_fleet,8,2.0,static_multimodal,3123,332.12156451998965,1.0,50,1282.37,50,0.2
breakeven,no_disruption,,matched_road_fleet,8,2.0,static_multimodal,3124,542.1212635739881,1.0,50,1304.43,50,0.2
breakeven,no_disruption,,matched_road_fleet,8,2.0,static_multimodal,3125,319.36458465591187,1.0,46,1200.08,46,0.2
breakeven,no_disruption,,matched_road_fleet,8,2.0,static_multimodal,3126,332.12156451998965,1.0,48,1252.26,48,0.3
breakeven,no_disruption,,matched_road_fleet,8,2.0,static_multimodal,3127,319.36458465591187,1.0,47,1215.14,47,0.2
breakeven,no_disruption,,matched_road_fleet,8,2.0,static_multimodal,3128,319.36458465591187,1.0,46,1200.08,46,0.2
breakeven,no_disruption,,matched_road_fleet,8,2.0,static_multimodal,3129,319.36458465591187,1.0,46,1200.08,46,0.2
breakeven,no_disruption,,matched_road_fleet,8,2.0,static_multimodal,3130,362.1213878635636,1.0,48,1252.26,48,0.2
breakeven,no_disruption,,matched_road_fleet,,2.5,bus_only,3101,514.9003404748466,1.0,24,2510.86,24,0.8
breakeven,no_disruption,,matched_road_fleet,,2.5,bus_only,3102,514.9003404748466,1.0,24,2510.86,24,0.4
breakeven,no_disruption,,matched_road_fleet,,2.5,bus_only,3103,514.9003404748466,1.0,24,2510.86,24,0.3
breakeven,no_disruption,,matched_road_fleet,,2.5,bus_only,3104,514.9003404748466,1.0,24,2510.86,24,0.3
breakeven,no_disruption,,matched_road_fleet,,2.5,bus_only,3105,313.6407549764527,1.0,23,2406.24,23,0.3
breakeven,no_disruption,,matched_road_fleet,,2.5,bus_only,3106,514.9003404748466,1.0,24,2510.86,24,0.4
breakeven,no_disruption,,matched_road_fleet,,2.5,bus_only,3107,313.6407549764527,1.0,23,2406.24,23,0.3
breakeven,no_disruption,,matched_road_fleet,,2.5,bus_only,3108,524.900368518145,1.0,26,2720.09,26,0.4
breakeven,no_disruption,,matched_road_fleet,,2.5,bus_only,3109,529.9003838475825,1.0,27,2824.71,27,0.7
breakeven,no_disruption,,matched_road_fleet,,2.5,bus_only,3110,519.9003536291377,1.0,25,2615.47,25,0.3
breakeven,no_disruption,,matched_road_fleet,,2.5,bus_only,3111,514.9003404748466,1.0,24,2510.86,24,0.3
breakeven,no_disruption,,matched_road_fleet,,2.5,bus_only,3112,519.9003536291377,1.0,25,2615.47,25,0.3
breakeven,no_disruption,,matched_road_fleet,,2.5,bus_only,3113,519.9003536291377,1.0,25,2615.47,25,0.3
breakeven,no_disruption,,matched_road_fleet,,2.5,bus_only,3114,313.6407549764527,1.0,23,2406.24,23,0.3
breakeven,no_disruption,,matched_road_fleet,,2.5,bus_only,3115,514.9003404748466,1.0,24,2510.86,24,0.4
breakeven,no_disruption,,matched_road_fleet,,2.5,bus_only,3116,519.9003536291377,1.0,25,2615.47,25,0.3
breakeven,no_disruption,,matched_road_fleet,,2.5,bus_only,3117,514.9003404748466,1.0,24,2510.86,24,0.8
breakeven,no_disruption,,matched_road_fleet,,2.5,bus_only,3118,514.9003404748466,1.0,24,2510.86,24,0.3
breakeven,no_disruption,,matched_road_fleet,,2.5,bus_only,3119,514.9003404748466,1.0,24,2510.86,24,0.3
breakeven,no_disruption,,matched_road_fleet,,2.5,bus_only,3120,519.9003536291377,1.0,25,2615.47,25,0.4
breakeven,no_disruption,,matched_road_fleet,,2.5,bus_only,3121,519.9003536291377,1.0,25,2615.47,25,0.3
breakeven,no_disruption,,matched_road_fleet,,2.5,bus_only,3122,514.9003404748466,1.0,24,2510.86,24,0.3
breakeven,no_disruption,,matched_road_fleet,,2.5,bus_only,3123,524.900368518145,1.0,26,2720.09,26,0.4
breakeven,no_disruption,,matched_road_fleet,,2.5,bus_only,3124,548.6406949456357,1.0,25,2615.47,25,0.4
breakeven,no_disruption,,matched_road_fleet,,2.5,bus_only,3125,313.6407549764527,1.0,23,2406.24,23,0.3
breakeven,no_disruption,,matched_road_fleet,,2.5,bus_only,3126,514.9003404748466,1.0,24,2510.86,24,0.7
breakeven,no_disruption,,matched_road_fleet,,2.5,bus_only,3127,514.9003404748466,1.0,24,2510.86,24,0.3
breakeven,no_disruption,,matched_road_fleet,,2.5,bus_only,3128,313.6407549764527,1.0,23,2406.24,23,0.3
breakeven,no_disruption,,matched_road_fleet,,2.5,bus_only,3129,313.6407549764527,1.0,23,2406.24,23,0.3
breakeven,no_disruption,,matched_road_fleet,,2.5,bus_only,3130,514.9003404748466,1.0,24,2510.86,24,0.4
breakeven,no_disruption,,matched_road_fleet,8,2.5,static_multimodal,3101,332.12156451998965,1.0,48,1252.26,48,0.2
breakeven,no_disruption,,matched_road_fleet,8,2.5,static_multimodal,3102,319.36458465591187,1.0,47,1215.14,47,0.2
breakeven,no_disruption,,matched_road_fleet,8,2.5,static_multimodal,3103,332.12156451998965,1.0,48,1252.26,48,0.3
breakeven,no_disruption,,matched_road_fleet,8,2.5,static_multimodal,3104,332.12156451998965,1.0,48,1252.26,48,0.2
breakeven,no_disruption,,matched_road_fleet,8,2.5,static_multimodal,3105,319.36458465591187,1.0,46,1200.08,46,0.2
breakeven,no_disruption,,matched_road_fleet,8,2.5,static_multimodal,3106,362.1213878635636,1.0,48,1252.26,48,0.2
breakeven,no_disruption,,matched_road_fleet,8,2.5,static_multimodal,3107,319.36458465591187,1.0,46,1200.08,46,0.3
breakeven,no_disruption,,matched_road_fleet,8,2.5,static_multimodal,3108,332.12156451998965,1.0,50,1282.37,50,0.6
breakeven,no_disruption,,matched_road_fleet,8,2.5,static_multimodal,3109,362.12142124203626,1.0,52,1334.55,52,0.2
breakeven,no_disruption,,matched_road_fleet,8,2.5,static_multimodal,3110,362.12142124203626,1.0,50,1304.43,50,0.2
breakeven,no_disruption,,matched_road_fleet,8,2.5,static_multimodal,3111,332.12156451998965,1.0,48,1252.26,48,0.3
breakeven,no_disruption,,matched_road_fleet,8,2.5,static_multimodal,3112,332.12156451998965,1.0,49,1267.31,49,0.2
breakeven,no_disruption,,matched_road_fleet,8,2.5,static_multimodal,3113,422.12126357398733,1.0,49,1267.31,49,0.2
breakeven,no_disruption,,matched_road_fleet,8,2.5,static_multimodal,3114,319.36458465591187,1.0,46,1200.08,46,0.2
breakeven,no_disruption,,matched_road_fleet,8,2.5,static_multimodal,3115,332.12156451998965,1.0,48,1252.26,48,0.2
breakeven,no_disruption,,matched_road_fleet,8,2.5,static_multimodal,3116,362.1213878635636,1.0,49,1267.31,49,0.2
breakeven,no_disruption,,matched_road_fleet,8,2.5,static_multimodal,3117,319.36458465591187,1.0,47,1215.14,47,0.2
breakeven,no_disruption,,matched_road_fleet,8,2.5,static_multimodal,3118,319.36458465591187,1.0,47,1215.14,47,0.2
breakeven,no_disruption,,matched_road_fleet,8,2.5,static_multimodal,3119,319.36458465591187,1.0,47,1215.14,47,0.2
breakeven,no_disruption,,matched_road_fleet,8,2.5,static_multimodal,3120,362.1213878635636,1.0,49,1267.31,49,0.2
breakeven,no_disruption,,matched_road_fleet,8,2.5,static_multimodal,3121,319.36458465591187,1.0,48,1230.19,48,0.2
breakeven,no_disruption,,matched_road_fleet,8,2.5,static_multimodal,3122,319.36458465591187,1.0,47,1215.14,47,0.2
breakeven,no_disruption,,matched_road_fleet,8,2.5,static_multimodal,3123,332.12156451998965,1.0,50,1282.37,50,0.2
breakeven,no_disruption,,matched_road_fleet,8,2.5,static_multimodal,3124,542.1212635739881,1.0,50,1304.43,50,0.2
breakeven,no_disruption,,matched_road_fleet,8,2.5,static_multimodal,3125,319.36458465591187,1.0,46,1200.08,46,0.2
breakeven,no_disruption,,matched_road_fleet,8,2.5,static_multimodal,3126,332.12156451998965,1.0,48,1252.26,48,0.2
breakeven,no_disruption,,matched_road_fleet,8,2.5,static_multimodal,3127,319.36458465591187,1.0,47,1215.14,47,0.6
breakeven,no_disruption,,matched_road_fleet,8,2.5,static_multimodal,3128,319.36458465591187,1.0,46,1200.08,46,0.2
breakeven,no_disruption,,matched_road_fleet,8,2.5,static_multimodal,3129,319.36458465591187,1.0,46,1200.08,46,0.2
breakeven,no_disruption,,matched_road_fleet,8,2.5,static_multimodal,3130,362.1213878635636,1.0,48,1252.26,48,0.2
breakeven,no_disruption,,matched_road_fleet,,3.0,bus_only,3101,577.581493156686,1.0,24,2510.86,24,0.3
breakeven,no_disruption,,matched_road_fleet,,3.0,bus_only,3102,577.581493156686,1.0,24,2510.86,24,0.3
breakeven,no_disruption,,matched_road_fleet,,3.0,bus_only,3103,577.581493156686,1.0,24,2510.86,24,0.3
breakeven,no_disruption,,matched_road_fleet,,3.0,bus_only,3104,577.581493156686,1.0,24,2510.86,24,0.3
breakeven,no_disruption,,matched_road_fleet,,3.0,bus_only,3105,344.98133489716236,1.0,23,2406.24,23,0.4
breakeven,no_disruption,,matched_road_fleet,,3.0,bus_only,3106,577.581493156686,1.0,24,2510.86,24,0.3
breakeven,no_disruption,,matched_road_fleet,,3.0,bus_only,3107,344.98133489716236,1.0,23,2406.24,23,0.7
breakeven,no_disruption,,matched_road_fleet,,3.0,bus_only,3108,587.581522042831,1.0,26,2720.09,26,0.4
breakeven,no_disruption,,matched_road_fleet,,3.0,bus_only,3109,592.5815379592938,1.0,27,2824.71,27,0.4
breakeven,no_disruption,,matched_road_fleet,,3.0,bus_only,3110,582.5815065837312,1.0,25,2615.47,25,0.4
breakeven,no_disruption,,matched_road_fleet,,3.0,bus_only,3111,577.581493156686,1.0,24,2510.86,24,0.3
breakeven,no_disruption,,matched_road_fleet,,3.0,bus_only,3112,582.5815065837312,1.0,25,2615.47,25,0.3
breakeven,no_disruption,,matched_road_fleet,,3.0,bus_only,3113,582.5815065837312,1.0,25,2615.47,25,0.3
breakeven,no_disruption,,matched_road_fleet,,3.0,bus_only,3114,344.98133489716236,1.0,23,2406.24,23,0.3
breakeven,no_disruption,,matched_road_fleet,,3.0,bus_only,3115,577.581493156686,1.0,24,2510.86,24,0.7
breakeven,no_disruption,,matched_road_fleet,,3.0,bus_only,3116,582.5815065837312,1.0,25,2615.47,25,0.4
breakeven,no_disruption,,matched_road_fleet,,3.0,bus_only,3117,577.581493156686,1.0,24,2510.86,24,0.3
breakeven,no_disruption,,matched_road_fleet,,3.0,bus_only,3118,577.581493156686,1.0,24,2510.86,24,0.3
breakeven,no_disruption,,matched_road_fleet,,3.0,bus_only,3119,577.581493156686,1.0,24,2510.86,24,0.4
breakeven,no_disruption,,matched_road_fleet,,3.0,bus_only,3120,582.5815065837312,1.0,25,2615.47,25,0.4
breakeven,no_disruption,,matched_road_fleet,,3.0,bus_only,3121,582.5815065837312,1.0,25,2615.47,25,0.3
breakeven,no_disruption,,matched_road_fleet,,3.0,bus_only,3122,577.581493156686,1.0,24,2510.86,24,0.3
breakeven,no_disruption,,matched_road_fleet,,3.0,bus_only,3123,587.581522042831,1.0,26,2720.09,26,0.7
breakeven,no_disruption,,matched_road_fleet,,3.0,bus_only,3124,582.5815065837312,1.0,25,2615.47,25,0.3
breakeven,no_disruption,,matched_road_fleet,,3.0,bus_only,3125,344.98133489716236,1.0,23,2406.24,23,0.4
breakeven,no_disruption,,matched_road_fleet,,3.0,bus_only,3126,577.581493156686,1.0,24,2510.86,24,0.4
breakeven,no_disruption,,matched_road_fleet,,3.0,bus_only,3127,577.581493156686,1.0,24,2510.86,24,0.4
breakeven,no_disruption,,matched_road_fleet,,3.0,bus_only,3128,344.98133489716236,1.0,23,2406.24,23,0.3
breakeven,no_disruption,,matched_road_fleet,,3.0,bus_only,3129,344.98133489716236,1.0,23,2406.24,23,0.4
breakeven,no_disruption,,matched_road_fleet,,3.0,bus_only,3130,577.581493156686,1.0,24,2510.86,24,0.3
breakeven,no_disruption,,matched_road_fleet,8,3.0,static_multimodal,3101,332.12156451998965,1.0,48,1252.26,48,0.6
breakeven,no_disruption,,matched_road_fleet,8,3.0,static_multimodal,3102,319.36458465591187,1.0,47,1215.14,47,0.3
breakeven,no_disruption,,matched_road_fleet,8,3.0,static_multimodal,3103,332.12156451998965,1.0,48,1252.26,48,0.2
breakeven,no_disruption,,matched_road_fleet,8,3.0,static_multimodal,3104,332.12156451998965,1.0,48,1252.26,48,0.2
breakeven,no_disruption,,matched_road_fleet,8,3.0,static_multimodal,3105,319.36458465591187,1.0,46,1200.08,46,0.2
breakeven,no_disruption,,matched_road_fleet,8,3.0,static_multimodal,3106,362.1213878635636,1.0,48,1252.26,48,0.2
breakeven,no_disruption,,matched_road_fleet,8,3.0,static_multimodal,3107,319.36458465591187,1.0,46,1200.08,46,0.3
breakeven,no_disruption,,matched_road_fleet,8,3.0,static_multimodal,3108,332.12156451998965,1.0,50,1282.37,50,0.3
breakeven,no_disruption,,matched_road_fleet,8,3.0,static_multimodal,3109,362.12142124203626,1.0,52,1334.55,52,0.3
breakeven,no_disruption,,matched_road_fleet,8,3.0,static_multimodal,3110,362.12142124203626,1.0,50,1304.43,50,0.2
breakeven,no_disruption,,matched_road_fleet,8,3.0,static_multimodal,3111,332.12156451998965,1.0,48,1252.26,48,0.2
breakeven,no_disruption,,matched_road_fleet,8,3.0,static_multimodal,3112,332.12156451998965,1.0,49,1267.31,49,0.2
breakeven,no_disruption,,matched_road_fleet,8,3.0,static_multimodal,3113,422.12126357398733,1.0,49,1267.31,49,0.2
breakeven,no_disruption,,matched_road_fleet,8,3.0,static_multimodal,3114,319.36458465591187,1.0,46,1200.08,46,0.2
breakeven,no_disruption,,matched_road_fleet,8,3.0,static_multimodal,3115,332.12156451998965,1.0,48,1252.26,48,0.2
breakeven,no_disruption,,matched_road_fleet,8,3.0,static_multimodal,3116,362.1213878635636,1.0,49,1267.31,49,0.2
breakeven,no_disruption,,matched_road_fleet,8,3.0,static_multimodal,3117,319.36458465591187,1.0,47,1215.14,47,0.2
breakeven,no_disruption,,matched_road_fleet,8,3.0,static_multimodal,3118,319.36458465591187,1.0,47,1215.14,47,0.2
breakeven,no_disruption,,matched_road_fleet,8,3.0,static_multimodal,3119,319.36458465591187,1.0,47,1215.14,47,0.6
breakeven,no_disruption,,matched_road_fleet,8,3.0,static_multimodal,3120,362.1213878635636,1.0,49,1267.31,49,0.3
breakeven,no_disruption,,matched_road_fleet,8,3.0,static_multimodal,3121,319.36458465591187,1.0,48,1230.19,48,0.2
breakeven,no_disruption,,matched_road_fleet,8,3.0,static_multimodal,3122,319.36458465591187,1.0,47,1215.14,47,0.2
breakeven,no_disruption,,matched_road_fleet,8,3.0,static_multimodal,3123,332.12156451998965,1.0,50,1282.37,50,0.2
breakeven,no_disruption,,matched_road_fleet,8,3.0,static_multimodal,3124,542.1212635739881,1.0,50,1304.43,50,0.2
breakeven,no_disruption,,matched_road_fleet,8,3.0,static_multimodal,3125,319.36458465591187,1.0,46,1200.08,46,0.2
breakeven,no_disruption,,matched_road_fleet,8,3.0,static_multimodal,3126,332.12156451998965,1.0,48,1252.26,48,0.2
breakeven,no_disruption,,matched_road_fleet,8,3.0,static_multimodal,3127,319.36458465591187,1.0,47,1215.14,47,0.2
breakeven,no_disruption,,matched_road_fleet,8,3.0,static_multimodal,3128,319.36458465591187,1.0,46,1200.08,46,0.2
breakeven,no_disruption,,matched_road_fleet,8,3.0,static_multimodal,3129,319.36458465591187,1.0,46,1200.08,46,0.2
breakeven,no_disruption,,matched_road_fleet,8,3.0,static_multimodal,3130,362.1213878635636,1.0,48,1252.26,48,0.3
