region_id,graph_source,policy_id,scenario_id,scenario_family,scenario_type,disruption_mode,mode,run_count,mean_completion_rate,mean_censored_count,mean_penalized_makespan,mean_makespan,mean_road_vehicle_service_minutes,mean_train_service_minutes,mean_total_service_minutes,mean_passenger_travel_minutes,mean_passengers_per_total_service_minute,mean_first_arrival_time,mean_median_arrival_time,mean_p80_arrival_time,mean_p95_arrival_time,claim_scope
goseong_mobilization,cached_graphml:data/cache/goseong_nodelink_road.graphml;road_class_overrides:data/parameters/road_class_overrides.csv,baseline_multimodal,goseong_access_origin_to_destination,access_road,capacity_reduction,capacity_reduction,multimodal,30,1.0,0.0,334.75,334.75,417.9,353.4,771.3,4626.04,0.0324,208.64,258.22,283.33,311.2,"Engineering-only pilot output for quasi-real decision-support method review (non-publication, non-acceptance, non-operational); not publication evidence, not final-study evidence, not formal acceptance evidence, not calibrated real-world results, and not an operational route plan or forecast. Base profile scope: Pilot full scenario-policy-seed output for quasi-real decision-support evaluation; not calibrated real-world results or an operational forecast."
goseong_mobilization,cached_graphml:data/cache/goseong_nodelink_road.graphml;road_class_overrides:data/parameters/road_class_overrides.csv,baseline_multimodal,goseong_access_origin_to_station,access_road,capacity_reduction,capacity_reduction,multimodal,30,1.0,0.0,329.25,329.25,414.81,353.4,768.21,4598.99,0.0326,206.59,255.03,279.18,306.48,"Engineering-only pilot output for quasi-real decision-support method review (non-publication, non-acceptance, non-operational); not publication evidence, not final-study evidence, not formal acceptance evidence, not calibrated real-world results, and not an operational route plan or forecast. Base profile scope: Pilot full scenario-policy-seed output for quasi-real decision-support evaluation; not calibrated real-world results or an operational forecast."
goseong_mobilization,cached_graphml:data/cache/goseong_nodelink_road.graphml;road_class_overrides:data/parameters/road_class_overrides.csv,baseline_multimodal,goseong_access_road_damage_extreme,access_road,capacity_reduction,capacity_reduction,multimodal,30,0.93,1.67,968.08,447.42,1099.04,349.6,1448.64,6994.17,0.0162,326.59,331.59,437.47,447.24,"Engineering-only pilot output for quasi-real decision-support method review (non-publication, non-acceptance, non-operational); not publication evidence, not final-study evidence, not formal acceptance evidence, not calibrated real-world results, and not an operational route plan or forecast. Base profile scope: Pilot full scenario-policy-seed output for quasi-real decision-support evaluation; not calibrated real-world results or an operational forecast."
goseong_mobilization,cached_graphml:data/cache/goseong_nodelink_road.graphml;road_class_overrides:data/parameters/road_class_overrides.csv,baseline_multimodal,goseong_access_road_damage_mild,access_road,capacity_reduction,capacity_reduction,multimodal,30,1.0,0.0,341.68,341.68,437.99,334.4,772.39,4757.15,0.0321,236.59,245.9,307.78,319.9,"Engineering-only pilot output for quasi-real decision-support method review (non-publication, non-acceptance, non-operational); not publication evidence, not final-study evidence, not formal acceptance evidence, not calibrated real-world results, and not an operational route plan or forecast. Base profile scope: Pilot full scenario-policy-seed output for quasi-real decision-support evaluation; not calibrated real-world results or an operational forecast."
goseong_mobilization,cached_graphml:data/cache/goseong_nodelink_road.graphml;road_class_overrides:data/parameters/road_class_overrides.csv,baseline_multimodal,goseong_access_road_damage_severe,access_road,capacity_reduction,capacity_reduction,multimodal,30,1.0,0.0,360.8,360.8,617.98,440.8,1058.78,5300.94,0.0232,236.59,287.01,310.69,341.35,"Engineering-only pilot output for quasi-real decision-support method review (non-publication, non-acceptance, non-operational); not publication evidence, not final-study evidence, not formal acceptance evidence, not calibrated real-world results, and not an operational route plan or forecast. Base profile scope: Pilot full scenario-policy-seed output for quasi-real decision-support evaluation; not calibrated real-world results or an operational forecast."
goseong_mobilization,cached_graphml:data/cache/goseong_nodelink_road.graphml;road_class_overrides:data/parameters/road_class_overrides.csv,baseline_multimodal,goseong_combo_access_rail_capacity,access_road,capacity_reduction,capacity_reduction,multimodal,30,1.0,0.0,334.75,334.75,417.9,353.4,771.3,4626.04,0.0324,208.64,258.22,283.33,311.2,"Engineering-only pilot output for quasi-real decision-support method review (non-publication, non-acceptance, non-operational); not publication evidence, not final-study evidence, not formal acceptance evidence, not calibrated real-world results, and not an operational route plan or forecast. Base profile scope: Pilot full scenario-policy-seed output for quasi-real decision-support evaluation; not calibrated real-world results or an operational forecast."
goseong_mobilization,cached_graphml:data/cache/goseong_nodelink_road.graphml;road_class_overrides:data/parameters/road_class_overrides.csv,baseline_multimodal,goseong_critical_link_blockage,critical_link,blocked,blocked,multimodal,30,1.0,0.0,329.25,329.25,407.88,353.4,761.28,4576.46,0.0329,206.59,255.03,279.18,306.48,"Engineering-only pilot output for quasi-real decision-support method review (non-publication, non-acceptance, non-operational); not publication evidence, not final-study evidence, not formal acceptance evidence, not calibrated real-world results, and not an operational route plan or forecast. Base profile scope: Pilot full scenario-policy-seed output for quasi-real decision-support evaluation; not calibrated real-world results or an operational forecast."
goseong_mobilization,cached_graphml:data/cache/goseong_nodelink_road.graphml;road_class_overrides:data/parameters/road_class_overrides.csv,baseline_multimodal,goseong_last_mile_damage_extreme,last_mile,capacity_reduction,capacity_reduction,multimodal,30,0.0,24.0,7680.0,inf,1095.67,353.4,1449.07,9093.26,0.0,inf,inf,inf,inf,"Engineering-only pilot output for quasi-real decision-support method review (non-publication, non-acceptance, non-operational); not publication evidence, not final-study evidence, not formal acceptance evidence, not calibrated real-world results, and not an operational route plan or forecast. Base profile scope: Pilot full scenario-policy-seed output for quasi-real decision-support evaluation; not calibrated real-world results or an operational forecast."
goseong_mobilization,cached_graphml:data/cache/goseong_nodelink_road.graphml;road_class_overrides:data/parameters/road_class_overrides.csv,baseline_multimodal,goseong_last_mile_damage_mild,last_mile,capacity_reduction,capacity_reduction,multimodal,30,1.0,0.03,419.42,408.19,556.73,353.4,910.13,5315.57,0.0273,237.39,302.77,339.85,376.71,"Engineering-only pilot output for quasi-real decision-support method review (non-publication, non-acceptance, non-operational); not publication evidence, not final-study evidence, not formal acceptance evidence, not calibrated real-world results, and not an operational route plan or forecast. Base profile scope: Pilot full scenario-policy-seed output for quasi-real decision-support evaluation; not calibrated real-world results or an operational forecast."
goseong_mobilization,cached_graphml:data/cache/goseong_nodelink_road.graphml;road_class_overrides:data/parameters/road_class_overrides.csv,baseline_multimodal,goseong_last_mile_damage_severe,last_mile,capacity_reduction,capacity_reduction,multimodal,30,0.51,11.83,4030.0,343.11,849.3,353.4,1202.7,7292.69,0.0102,329.78,337.28,341.88,342.78,"Engineering-only pilot output for quasi-real decision-support method review (non-publication, non-acceptance, non-operational); not publication evidence, not final-study evidence, not formal acceptance evidence, not calibrated real-world results, and not an operational route plan or forecast. Base profile scope: Pilot full scenario-policy-seed output for quasi-real decision-support evaluation; not calibrated real-world results or an operational forecast."
goseong_mobilization,cached_graphml:data/cache/goseong_nodelink_road.graphml;road_class_overrides:data/parameters/road_class_overrides.csv,baseline_multimodal,goseong_last_mile_station_to_destination,last_mile,capacity_reduction,capacity_reduction,multimodal,30,1.0,0.0,339.22,339.22,425.96,353.4,779.36,4666.04,0.0321,210.3,260.81,286.7,315.04,"Engineering-only pilot output for quasi-real decision-support method review (non-publication, non-acceptance, non-operational); not publication evidence, not final-study evidence, not formal acceptance evidence, not calibrated real-world results, and not an operational route plan or forecast. Base profile scope: Pilot full scenario-policy-seed output for quasi-real decision-support evaluation; not calibrated real-world results or an operational forecast."
goseong_mobilization,cached_graphml:data/cache/goseong_nodelink_road.graphml;road_class_overrides:data/parameters/road_class_overrides.csv,baseline_multimodal,goseong_long_haul_damage_severe,access_road,capacity_reduction,capacity_reduction,multimodal,30,1.0,0.0,329.25,329.25,407.88,353.4,761.28,4576.46,0.0329,206.59,255.03,279.18,306.48,"Engineering-only pilot output for quasi-real decision-support method review (non-publication, non-acceptance, non-operational); not publication evidence, not final-study evidence, not formal acceptance evidence, not calibrated real-world results, and not an operational route plan or forecast. Base profile scope: Pilot full scenario-policy-seed output for quasi-real decision-support evaluation; not calibrated real-world results or an operational forecast."
goseong_mobilization,cached_graphml:data/cache/goseong_nodelink_road.graphml;road_class_overrides:data/parameters/road_class_overrides.csv,baseline_multimodal,goseong_rail_capacity_reduction,rail_service,none,none,multimodal,30,1.0,0.0,329.25,329.25,407.88,353.4,761.28,4576.46,0.0329,206.59,255.03,279.18,306.48,"Engineering-only pilot output for quasi-real decision-support method review (non-publication, non-acceptance, non-operational); not publication evidence, not final-study evidence, not formal acceptance evidence, not calibrated real-world results, and not an operational route plan or forecast. Base profile scope: Pilot full scenario-policy-seed output for quasi-real decision-support evaluation; not calibrated real-world results or an operational forecast."
goseong_mobilization,cached_graphml:data/cache/goseong_nodelink_road.graphml;road_class_overrides:data/parameters/road_class_overrides.csv,baseline_multimodal,goseong_rail_combined_stress,rail_service,none,none,multimodal,30,1.0,0.0,374.45,374.45,366.82,416.1,782.92,5944.46,0.0317,281.59,290.9,352.65,358.84,"Engineering-only pilot output for quasi-real decision-support method review (non-publication, non-acceptance, non-operational); not publication evidence, not final-study evidence, not formal acceptance evidence, not calibrated real-world results, and not an operational route plan or forecast. Base profile scope: Pilot full scenario-policy-seed output for quasi-real decision-support evaluation; not calibrated real-world results or an operational forecast."
goseong_mobilization,cached_graphml:data/cache/goseong_nodelink_road.graphml;road_class_overrides:data/parameters/road_class_overrides.csv,baseline_multimodal,goseong_rail_combined_stress_mild,rail_service,none,none,multimodal,30,1.0,0.0,333.93,333.93,375.03,378.48,753.51,5123.66,0.0333,236.59,245.9,307.65,315.88,"Engineering-only pilot output for quasi-real decision-support method review (non-publication, non-acceptance, non-operational); not publication evidence, not final-study evidence, not formal acceptance evidence, not calibrated real-world results, and not an operational route plan or forecast. Base profile scope: Pilot full scenario-policy-seed output for quasi-real decision-support evaluation; not calibrated real-world results or an operational forecast."
goseong_mobilization,cached_graphml:data/cache/goseong_nodelink_road.graphml;road_class_overrides:data/parameters/road_class_overrides.csv,baseline_multimodal,goseong_rail_combined_stress_severe,rail_service,none,none,multimodal,30,1.0,0.1,463.43,428.05,348.34,425.6,773.94,7312.46,0.0329,351.59,356.59,421.18,423.64,"Engineering-only pilot output for quasi-real decision-support method review (non-publication, non-acceptance, non-operational); not publication evidence, not final-study evidence, not formal acceptance evidence, not calibrated real-world results, and not an operational route plan or forecast. Base profile scope: Pilot full scenario-policy-seed output for quasi-real decision-support evaluation; not calibrated real-world results or an operational forecast."
goseong_mobilization,cached_graphml:data/cache/goseong_nodelink_road.graphml;road_class_overrides:data/parameters/road_class_overrides.csv,baseline_multimodal,goseong_rail_delay,rail_service,none,none,multimodal,30,1.0,0.0,389.25,389.25,407.88,530.1,937.98,5944.46,0.0268,266.59,315.03,339.18,366.48,"Engineering-only pilot output for quasi-real decision-support method review (non-publication, non-acceptance, non-operational); not publication evidence, not final-study evidence, not formal acceptance evidence, not calibrated real-world results, and not an operational route plan or forecast. Base profile scope: Pilot full scenario-policy-seed output for quasi-real decision-support evaluation; not calibrated real-world results or an operational forecast."
goseong_mobilization,cached_graphml:data/cache/goseong_nodelink_road.graphml;road_class_overrides:data/parameters/road_class_overrides.csv,baseline_multimodal,goseong_rail_delay_mild,rail_service,none,none,multimodal,30,1.0,0.0,354.25,354.25,407.88,424.08,831.96,5123.66,0.0301,231.59,280.03,304.18,331.48,"Engineering-only pilot output for quasi-real decision-support method review (non-publication, non-acceptance, non-operational); not publication evidence, not final-study evidence, not formal acceptance evidence, not calibrated real-world results, and not an operational route plan or forecast. Base profile scope: Pilot full scenario-policy-seed output for quasi-real decision-support evaluation; not calibrated real-world results or an operational forecast."
goseong_mobilization,cached_graphml:data/cache/goseong_nodelink_road.graphml;road_class_overrides:data/parameters/road_class_overrides.csv,baseline_multimodal,goseong_rail_delay_severe,rail_service,none,none,multimodal,30,1.0,0.07,462.21,441.1,407.88,706.8,1114.68,7312.46,0.0226,321.59,370.03,392.85,421.21,"Engineering-only pilot output for quasi-real decision-support method review (non-publication, non-acceptance, non-operational); not publication evidence, not final-study evidence, not formal acceptance evidence, not calibrated real-world results, and not an operational route plan or forecast. Base profile scope: Pilot full scenario-policy-seed output for quasi-real decision-support evaluation; not calibrated real-world results or an operational forecast."
goseong_mobilization,cached_graphml:data/cache/goseong_nodelink_road.graphml;road_class_overrides:data/parameters/road_class_overrides.csv,baseline_multimodal,goseong_rail_station_access,rail_station_access,capacity_reduction,capacity_reduction,multimodal,30,1.0,0.0,329.25,329.25,408.69,353.4,762.09,4579.09,0.0328,206.59,255.03,279.18,306.48,"Engineering-only pilot output for quasi-real decision-support method review (non-publication, non-acceptance, non-operational); not publication evidence, not final-study evidence, not formal acceptance evidence, not calibrated real-world results, and not an operational route plan or forecast. Base profile scope: Pilot full scenario-policy-seed output for quasi-real decision-support evaluation; not calibrated real-world results or an operational forecast."
goseong_mobilization,cached_graphml:data/cache/goseong_nodelink_road.graphml;road_class_overrides:data/parameters/road_class_overrides.csv,baseline_multimodal,goseong_rail_unavailable,rail_service,none,none,multimodal,30,0.0,24.0,7680.0,inf,110.18,35340.0,35450.18,273962.24,0.0,inf,inf,inf,inf,"Engineering-only pilot output for quasi-real decision-support method review (non-publication, non-acceptance, non-operational); not publication evidence, not final-study evidence, not formal acceptance evidence, not calibrated real-world results, and not an operational route plan or forecast. Base profile scope: Pilot full scenario-policy-seed output for quasi-real decision-support evaluation; not calibrated real-world results or an operational forecast."
goseong_mobilization,cached_graphml:data/cache/goseong_nodelink_road.graphml;road_class_overrides:data/parameters/road_class_overrides.csv,baseline_multimodal,goseong_random_blockage,random,blocked,blocked,multimodal,30,0.0,24.0,7680.0,inf,110.18,353.4,463.58,3098.24,0.0,inf,inf,inf,inf,"Engineering-only pilot output for quasi-real decision-support method review (non-publication, non-acceptance, non-operational); not publication evidence, not final-study evidence, not formal acceptance evidence, not calibrated real-world results, and not an operational route plan or forecast. Base profile scope: Pilot full scenario-policy-seed output for quasi-real decision-support evaluation; not calibrated real-world results or an operational forecast."
goseong_mobilization,cached_graphml:data/cache/goseong_nodelink_road.graphml;road_class_overrides:data/parameters/road_class_overrides.csv,baseline_multimodal,goseong_random_capacity_reduction,random,capacity_reduction,capacity_reduction,multimodal,30,1.0,0.0,329.25,329.25,407.88,353.4,761.28,4576.46,0.0329,206.59,255.03,279.18,306.48,"Engineering-only pilot output for quasi-real decision-support method review (non-publication, non-acceptance, non-operational); not publication evidence, not final-study evidence, not formal acceptance evidence, not calibrated real-world results, and not an operational route plan or forecast. Base profile scope: Pilot full scenario-policy-seed output for quasi-real decision-support evaluation; not calibrated real-world results or an operational forecast."
goseong_mobilization,cached_graphml:data/cache/goseong_nodelink_road.graphml;road_class_overrides:data/parameters/road_class_overrides.csv,baseline_multimodal,goseong_spatial_assembly_egress,spatial_hazard_overlay,capacity_reduction,capacity_reduction,multimodal,30,1.0,0.0,329.25,329.25,407.93,353.4,761.33,4576.61,0.0329,206.59,255.03,279.18,306.48,"Engineering-only pilot output for quasi-real decision-support method review (non-publication, non-acceptance, non-operational); not publication evidence, not final-study evidence, not formal acceptance evidence, not calibrated real-world results, and not an operational route plan or forecast. Base profile scope: Pilot full scenario-policy-seed output for quasi-real decision-support evaluation; not calibrated real-world results or an operational forecast."
goseong_mobilization,cached_graphml:data/cache/goseong_nodelink_road.graphml;road_class_overrides:data/parameters/road_class_overrides.csv,baseline_multimodal,no_disruption,no_disruption,none,none,multimodal,30,1.0,0.0,329.25,329.25,407.88,353.4,761.28,4576.46,0.0329,206.59,255.03,279.18,306.48,"Engineering-only pilot output for quasi-real decision-support method review (non-publication, non-acceptance, non-operational); not publication evidence, not final-study evidence, not formal acceptance evidence, not calibrated real-world results, and not an operational route plan or forecast. Base profile scope: Pilot full scenario-policy-seed output for quasi-real decision-support evaluation; not calibrated real-world results or an operational forecast."
goseong_mobilization,cached_graphml:data/cache/goseong_nodelink_road.graphml;road_class_overrides:data/parameters/road_class_overrides.csv,bus_only,goseong_access_origin_to_destination,access_road,capacity_reduction,capacity_reduction,bus_only,30,0.99,0.13,417.86,370.58,959.62,0.0,959.62,3155.0,0.0261,136.43,152.29,270.08,349.13,"Engineering-only pilot output for quasi-real decision-support method review (non-publication, non-acceptance, non-operational); not publication evidence, not final-study evidence, not formal acceptance evidence, not calibrated real-world results, and not an operational route plan or forecast. Base profile scope: Pilot full scenario-policy-seed output for quasi-real decision-support evaluation; not calibrated real-world results or an operational forecast."
goseong_mobilization,cached_graphml:data/cache/goseong_nodelink_road.graphml;road_class_overrides:data/parameters/road_class_overrides.csv,bus_only,goseong_access_origin_to_station,access_road,capacity_reduction,capacity_reduction,bus_only,30,0.99,0.13,413.05,364.9,943.92,0.0,943.92,3103.32,0.0265,134.3,150.01,265.94,343.78,"Engineering-only pilot output for quasi-real decision-support method review (non-publication, non-acceptance, non-operational); not publication evidence, not final-study evidence, not formal acceptance evidence, not calibrated real-world results, and not an operational route plan or forecast. Base profile scope: Pilot full scenario-policy-seed output for quasi-real decision-support evaluation; not calibrated real-world results or an operational forecast."
goseong_mobilization,cached_graphml:data/cache/goseong_nodelink_road.graphml;road_class_overrides:data/parameters/road_class_overrides.csv,bus_only,goseong_access_road_damage_extreme,access_road,capacity_reduction,capacity_reduction,bus_only,30,0.99,0.13,453.44,412.53,1075.96,0.0,1075.96,3537.39,0.0233,152.39,168.99,300.79,388.87,"Engineering-only pilot output for quasi-real decision-support method review (non-publication, non-acceptance, non-operational); not publication evidence, not final-study evidence, not formal acceptance evidence, not calibrated real-world results, and not an operational route plan or forecast. Base profile scope: Pilot full scenario-policy-seed output for quasi-real decision-support evaluation; not calibrated real-world results or an operational forecast."
goseong_mobilization,cached_graphml:data/cache/goseong_nodelink_road.graphml;road_class_overrides:data/parameters/road_class_overrides.csv,bus_only,goseong_access_road_damage_mild,access_road,capacity_reduction,capacity_reduction,bus_only,30,0.99,0.13,415.92,368.29,953.31,0.0,953.31,3134.16,0.0263,135.59,151.35,268.42,346.98,"Engineering-only pilot output for quasi-real decision-support method review (non-publication, non-acceptance, non-operational); not publication evidence, not final-study evidence, not formal acceptance evidence, not calibrated real-world results, and not an operational route plan or forecast. Base profile scope: Pilot full scenario-policy-seed output for quasi-real decision-support evaluation; not calibrated real-world results or an operational forecast."
goseong_mobilization,cached_graphml:data/cache/goseong_nodelink_road.graphml;road_class_overrides:data/parameters/road_class_overrides.csv,bus_only,goseong_access_road_damage_severe,access_road,capacity_reduction,capacity_reduction,bus_only,30,0.99,0.13,424.58,378.5,981.61,0.0,981.61,3227.22,0.0255,139.47,155.43,275.88,356.65,"Engineering-only pilot output for quasi-real decision-support method review (non-publication, non-acceptance, non-operational); not publication evidence, not final-study evidence, not formal acceptance evidence, not calibrated real-world results, and not an operational route plan or forecast. Base profile scope: Pilot full scenario-policy-seed output for quasi-real decision-support evaluation; not calibrated real-world results or an operational forecast."
goseong_mobilization,cached_graphml:data/cache/goseong_nodelink_road.graphml;road_class_overrides:data/parameters/road_class_overrides.csv,bus_only,goseong_combo_access_rail_capacity,access_road,capacity_reduction,capacity_reduction,bus_only,30,0.99,0.13,417.86,370.58,959.62,0.0,959.62,3155.0,0.0261,136.43,152.29,270.08,349.13,"Engineering-only pilot output for quasi-real decision-support method review (non-publication, non-acceptance, non-operational); not publication evidence, not final-study evidence, not formal acceptance evidence, not calibrated real-world results, and not an operational route plan or forecast. Base profile scope: Pilot full scenario-policy-seed output for quasi-real decision-support evaluation; not calibrated real-world results or an operational forecast."
goseong_mobilization,cached_graphml:data/cache/goseong_nodelink_road.graphml;road_class_overrides:data/parameters/road_class_overrides.csv,bus_only,goseong_critical_link_blockage,critical_link,blocked,blocked,bus_only,30,0.0,24.0,7680.0,inf,0.0,0.0,0.0,0.0,0.0,inf,inf,inf,inf,"Engineering-only pilot output for quasi-real decision-support method review (non-publication, non-acceptance, non-operational); not publication evidence, not final-study evidence, not formal acceptance evidence, not calibrated real-world results, and not an operational route plan or forecast. Base profile scope: Pilot full scenario-policy-seed output for quasi-real decision-support evaluation; not calibrated real-world results or an operational forecast."
goseong_mobilization,cached_graphml:data/cache/goseong_nodelink_road.graphml;road_class_overrides:data/parameters/road_class_overrides.csv,bus_only,goseong_last_mile_damage_extreme,last_mile,capacity_reduction,capacity_reduction,bus_only,30,0.65,8.4,3000.0,248.63,1370.55,0.0,1370.55,5217.44,0.0115,238.6,244.29,248.3,248.63,"Engineering-only pilot output for quasi-real decision-support method review (non-publication, non-acceptance, non-operational); not publication evidence, not final-study evidence, not formal acceptance evidence, not calibrated real-world results, and not an operational route plan or forecast. Base profile scope: Pilot full scenario-policy-seed output for quasi-real decision-support evaluation; not calibrated real-world results or an operational forecast."
goseong_mobilization,cached_graphml:data/cache/goseong_nodelink_road.graphml;road_class_overrides:data/parameters/road_class_overrides.csv,bus_only,goseong_last_mile_damage_mild,last_mile,capacity_reduction,capacity_reduction,bus_only,30,0.99,0.13,429.67,384.51,998.26,0.0,998.26,3281.98,0.0251,141.75,157.82,280.28,362.34,"Engineering-only pilot output for quasi-real decision-support method review (non-publication, non-acceptance, non-operational); not publication evidence, not final-study evidence, not formal acceptance evidence, not calibrated real-world results, and not an operational route plan or forecast. Base profile scope: Pilot full scenario-policy-seed output for quasi-real decision-support evaluation; not calibrated real-world results or an operational forecast."
goseong_mobilization,cached_graphml:data/cache/goseong_nodelink_road.graphml;road_class_overrides:data/parameters/road_class_overrides.csv,bus_only,goseong_last_mile_damage_severe,last_mile,capacity_reduction,capacity_reduction,bus_only,30,0.93,1.67,928.45,340.55,1140.24,0.0,1140.24,3797.26,0.0206,164.1,172.77,309.56,337.74,"Engineering-only pilot output for quasi-real decision-support method review (non-publication, non-acceptance, non-operational); not publication evidence, not final-study evidence, not formal acceptance evidence, not calibrated real-world results, and not an operational route plan or forecast. Base profile scope: Pilot full scenario-policy-seed output for quasi-real decision-support evaluation; not calibrated real-world results or an operational forecast."
goseong_mobilization,cached_graphml:data/cache/goseong_nodelink_road.graphml;road_class_overrides:data/parameters/road_class_overrides.csv,bus_only,goseong_last_mile_station_to_destination,last_mile,capacity_reduction,capacity_reduction,bus_only,30,0.99,0.13,417.67,370.36,958.99,0.0,958.99,3152.94,0.0261,136.34,152.19,269.91,348.92,"Engineering-only pilot output for quasi-real decision-support method review (non-publication, non-acceptance, non-operational); not publication evidence, not final-study evidence, not formal acceptance evidence, not calibrated real-world results, and not an operational route plan or forecast. Base profile scope: Pilot full scenario-policy-seed output for quasi-real decision-support evaluation; not calibrated real-world results or an operational forecast."
goseong_mobilization,cached_graphml:data/cache/goseong_nodelink_road.graphml;road_class_overrides:data/parameters/road_class_overrides.csv,bus_only,goseong_long_haul_damage_severe,access_road,capacity_reduction,capacity_reduction,bus_only,30,0.65,8.4,3000.0,367.92,2070.45,0.0,2070.45,7881.84,0.0076,357.92,363.59,367.59,367.92,"Engineering-only pilot output for quasi-real decision-support method review (non-publication, non-acceptance, non-operational); not publication evidence, not final-study evidence, not formal acceptance evidence, not calibrated real-world results, and not an operational route plan or forecast. Base profile scope: Pilot full scenario-policy-seed output for quasi-real decision-support evaluation; not calibrated real-world results or an operational forecast."
goseong_mobilization,cached_graphml:data/cache/goseong_nodelink_road.graphml;road_class_overrides:data/parameters/road_class_overrides.csv,bus_only,goseong_rail_capacity_reduction,rail_service,none,none,bus_only,30,0.99,0.13,413.03,364.89,943.87,0.0,943.87,3103.15,0.0265,134.3,150.0,265.93,343.76,"Engineering-only pilot output for quasi-real decision-support method review (non-publication, non-acceptance, non-operational); not publication evidence, not final-study evidence, not formal acceptance evidence, not calibrated real-world results, and not an operational route plan or forecast. Base profile scope: Pilot full scenario-policy-seed output for quasi-real decision-support evaluation; not calibrated real-world results or an operational forecast."
goseong_mobilization,cached_graphml:data/cache/goseong_nodelink_road.graphml;road_class_overrides:data/parameters/road_class_overrides.csv,bus_only,goseong_rail_combined_stress,rail_service,none,none,bus_only,30,0.99,0.13,413.03,364.89,943.87,0.0,943.87,3103.15,0.0265,134.3,150.0,265.93,343.76,"Engineering-only pilot output for quasi-real decision-support method review (non-publication, non-acceptance, non-operational); not publication evidence, not final-study evidence, not formal acceptance evidence, not calibrated real-world results, and not an operational route plan or forecast. Base profile scope: Pilot full scenario-policy-seed output for quasi-real decision-support evaluation; not calibrated real-world results or an operational forecast."
goseong_mobilization,cached_graphml:data/cache/goseong_nodelink_road.graphml;road_class_overrides:data/parameters/road_class_overrides.csv,bus_only,goseong_rail_combined_stress_mild,rail_service,none,none,bus_only,30,0.99,0.13,413.03,364.89,943.87,0.0,943.87,3103.15,0.0265,134.3,150.0,265.93,343.76,"Engineering-only pilot output for quasi-real decision-support method review (non-publication, non-acceptance, non-operational); not publication evidence, not final-study evidence, not formal acceptance evidence, not calibrated real-world results, and not an operational route plan or forecast. Base profile scope: Pilot full scenario-policy-seed output for quasi-real decision-support evaluation; not calibrated real-world results or an operational forecast."
goseong_mobilization,cached_graphml:data/cache/goseong_nodelink_road.graphml;road_class_overrides:data/parameters/road_class_overrides.csv,bus_only,goseong_rail_combined_stress_severe,rail_service,none,none,bus_only,30,0.99,0.13,413.03,364.89,943.87,0.0,943.87,3103.15,0.0265,134.3,150.0,265.93,343.76,"Engineering-only pilot output for quasi-real decision-support method review (non-publication, non-acceptance, non-operational); not publication evidence, not final-study evidence, not formal acceptance evidence, not calibrated real-world results, and not an operational route plan or forecast. Base profile scope: Pilot full scenario-policy-seed output for quasi-real decision-support evaluation; not calibrated real-world results or an operational forecast."
goseong_mobilization,cached_graphml:data/cache/goseong_nodelink_road.graphml;road_class_overrides:data/parameters/road_class_overrides.csv,bus_only,goseong_rail_delay,rail_service,none,none,bus_only,30,0.99,0.13,413.03,364.89,943.87,0.0,943.87,3103.15,0.0265,134.3,150.0,265.93,343.76,"Engineering-only pilot output for quasi-real decision-support method review (non-publication, non-acceptance, non-operational); not publication evidence, not final-study evidence, not formal acceptance evidence, not calibrated real-world results, and not an operational route plan or forecast. Base profile scope: Pilot full scenario-policy-seed output for quasi-real decision-support evaluation; not calibrated real-world results or an operational forecast."
goseong_mobilization,cached_graphml:data/cache/goseong_nodelink_road.graphml;road_class_overrides:data/parameters/road_class_overrides.csv,bus_only,goseong_rail_delay_mild,rail_service,none,none,bus_only,30,0.99,0.13,413.03,364.89,943.87,0.0,943.87,3103.15,0.0265,134.3,150.0,265.93,343.76,"Engineering-only pilot output for quasi-real decision-support method review (non-publication, non-acceptance, non-operational); not publication evidence, not final-study evidence, not formal acceptance evidence, not calibrated real-world results, and not an operational route plan or forecast. Base profile scope: Pilot full scenario-policy-seed output for quasi-real decision-support evaluation; not calibrated real-world results or an operational forecast."
goseong_mobilization,cached_graphml:data/cache/goseong_nodelink_road.graphml;road_class_overrides:data/parameters/road_class_overrides.csv,bus_only,goseong_rail_delay_severe,rail_service,none,none,bus_only,30,0.99,0.13,413.03,364.89,943.87,0.0,943.87,3103.15,0.0265,134.3,150.0,265.93,343.76,"Engineering-only pilot output for quasi-real decision-support method review (non-publication, non-acceptance, non-operational); not publication evidence, not final-study evidence, not formal acceptance evidence, not calibrated real-world results, and not an operational route plan or forecast. Base profile scope: Pilot full scenario-policy-seed output for quasi-real decision-support evaluation; not calibrated real-world results or an operational forecast."
goseong_mobilization,cached_graphml:data/cache/goseong_nodelink_road.graphml;road_class_overrides:data/parameters/road_class_overrides.csv,bus_only,goseong_rail_station_access,rail_station_access,capacity_reduction,capacity_reduction,bus_only,30,0.99,0.13,413.03,364.89,943.87,0.0,943.87,3103.15,0.0265,134.3,150.0,265.93,343.76,"Engineering-only pilot output for quasi-real decision-support method review (non-publication, non-acceptance, non-operational); not publication evidence, not final-study evidence, not formal acceptance evidence, not calibrated real-world results, and not an operational route plan or forecast. Base profile scope: Pilot full scenario-policy-seed output for quasi-real decision-support evaluation; not calibrated real-world results or an operational forecast."
goseong_mobilization,cached_graphml:data/cache/goseong_nodelink_road.graphml;road_class_overrides:data/parameters/road_class_overrides.csv,bus_only,goseong_rail_unavailable,rail_service,none,none,bus_only,30,0.99,0.13,413.03,364.89,943.87,0.0,943.87,3103.15,0.0265,134.3,150.0,265.93,343.76,"Engineering-only pilot output for quasi-real decision-support method review (non-publication, non-acceptance, non-operational); not publication evidence, not final-study evidence, not formal acceptance evidence, not calibrated real-world results, and not an operational route plan or forecast. Base profile scope: Pilot full scenario-policy-seed output for quasi-real decision-support evaluation; not calibrated real-world results or an operational forecast."
goseong_mobilization,cached_graphml:data/cache/goseong_nodelink_road.graphml;road_class_overrides:data/parameters/road_class_overrides.csv,bus_only,goseong_random_blockage,random,blocked,blocked,bus_only,30,0.0,24.0,7680.0,inf,0.0,0.0,0.0,0.0,0.0,inf,inf,inf,inf,"Engineering-only pilot output for quasi-real decision-support method review (non-publication, non-acceptance, non-operational); not publication evidence, not final-study evidence, not formal acceptance evidence, not calibrated real-world results, and not an operational route plan or forecast. Base profile scope: Pilot full scenario-policy-seed output for quasi-real decision-support evaluation; not calibrated real-world results or an operational forecast."
goseong_mobilization,cached_graphml:data/cache/goseong_nodelink_road.graphml;road_class_overrides:data/parameters/road_class_overrides.csv,bus_only,goseong_random_capacity_reduction,random,capacity_reduction,capacity_reduction,bus_only,30,0.99,0.13,413.03,364.89,943.88,0.0,943.88,3103.18,0.0265,134.3,150.0,265.93,343.77,"Engineering-only pilot output for quasi-real decision-support method review (non-publication, non-acceptance, non-operational); not publication evidence, not final-study evidence, not formal acceptance evidence, not calibrated real-world results, and not an operational route plan or forecast. Base profile scope: Pilot full scenario-policy-seed output for quasi-real decision-support evaluation; not calibrated real-world results or an operational forecast."
goseong_mobilization,cached_graphml:data/cache/goseong_nodelink_road.graphml;road_class_overrides:data/parameters/road_class_overrides.csv,bus_only,goseong_spatial_assembly_egress,spatial_hazard_overlay,capacity_reduction,capacity_reduction,bus_only,30,0.99,0.13,413.05,364.9,943.91,0.0,943.91,3103.29,0.0265,134.3,150.01,265.94,343.78,"Engineering-only pilot output for quasi-real decision-support method review (non-publication, non-acceptance, non-operational); not publication evidence, not final-study evidence, not formal acceptance evidence, not calibrated real-world results, and not an operational route plan or forecast. Base profile scope: Pilot full scenario-policy-seed output for quasi-real decision-support evaluation; not calibrated real-world results or an operational forecast."
goseong_mobilization,cached_graphml:data/cache/goseong_nodelink_road.graphml;road_class_overrides:data/parameters/road_class_overrides.csv,bus_only,no_disruption,no_disruption,none,none,bus_only,30,0.99,0.13,413.03,364.89,943.87,0.0,943.87,3103.15,0.0265,134.3,150.0,265.93,343.76,"Engineering-only pilot output for quasi-real decision-support method review (non-publication, non-acceptance, non-operational); not publication evidence, not final-study evidence, not formal acceptance evidence, not calibrated real-world results, and not an operational route plan or forecast. Base profile scope: Pilot full scenario-policy-seed output for quasi-real decision-support evaluation; not calibrated real-world results or an operational forecast."
goseong_mobilization,cached_graphml:data/cache/goseong_nodelink_road.graphml;road_class_overrides:data/parameters/road_class_overrides.csv,fleet_shortage_severe,goseong_access_origin_to_destination,access_road,capacity_reduction,capacity_reduction,multimodal,30,0.89,2.6,1256.24,423.55,424.19,440.8,864.99,4604.52,0.0252,208.64,298.19,366.72,416.98,"Engineering-only pilot output for quasi-real decision-support method review (non-publication, non-acceptance, non-operational); not publication evidence, not final-study evidence, not formal acceptance evidence, not calibrated real-world results, and not an operational route plan or forecast. Base profile scope: Pilot full scenario-policy-seed output for quasi-real decision-support evaluation; not calibrated real-world results or an operational forecast."
goseong_mobilization,cached_graphml:data/cache/goseong_nodelink_road.graphml;road_class_overrides:data/parameters/road_class_overrides.csv,fleet_shortage_severe,goseong_access_origin_to_station,access_road,capacity_reduction,capacity_reduction,multimodal,30,0.89,2.63,1265.69,415.37,420.94,456.0,876.94,4566.09,0.0249,206.59,293.58,360.16,408.99,"Engineering-only pilot output for quasi-real decision-support method review (non-publication, non-acceptance, non-operational); not publication evidence, not final-study evidence, not formal acceptance evidence, not calibrated real-world results, and not an operational route plan or forecast. Base profile scope: Pilot full scenario-policy-seed output for quasi-real decision-support evaluation; not calibrated real-world results or an operational forecast."
goseong_mobilization,cached_graphml:data/cache/goseong_nodelink_road.graphml;road_class_overrides:data/parameters/road_class_overrides.csv,fleet_shortage_severe,goseong_access_road_damage_extreme,access_road,capacity_reduction,capacity_reduction,multimodal,30,0.71,7.07,2600.0,459.38,1042.43,440.8,1483.23,6543.03,0.0116,326.59,397.5,459.38,459.38,"Engineering-only pilot output for quasi-real decision-support method review (non-publication, non-acceptance, non-operational); not publication evidence, not final-study evidence, not formal acceptance evidence, not calibrated real-world results, and not an operational route plan or forecast. Base profile scope: Pilot full scenario-policy-seed output for quasi-real decision-support evaluation; not calibrated real-world results or an operational forecast."
goseong_mobilization,cached_graphml:data/cache/goseong_nodelink_road.graphml;road_class_overrides:data/parameters/road_class_overrides.csv,fleet_shortage_severe,goseong_access_road_damage_mild,access_road,capacity_reduction,capacity_reduction,multimodal,30,0.89,2.6,1256.54,445.37,467.07,444.6,911.67,4726.76,0.024,236.59,323.58,390.16,438.99,"Engineering-only pilot output for quasi-real decision-support method review (non-publication, non-acceptance, non-operational); not publication evidence, not final-study evidence, not formal acceptance evidence, not calibrated real-world results, and not an operational route plan or forecast. Base profile scope: Pilot full scenario-policy-seed output for quasi-real decision-support evaluation; not calibrated real-world results or an operational forecast."
goseong_mobilization,cached_graphml:data/cache/goseong_nodelink_road.graphml;road_class_overrides:data/parameters/road_class_overrides.csv,fleet_shortage_severe,goseong_access_road_damage_severe,access_road,capacity_reduction,capacity_reduction,multimodal,30,0.89,2.6,1256.54,445.37,632.34,456.0,1088.34,5270.1,0.0203,236.59,323.58,390.16,438.99,"Engineering-only pilot output for quasi-real decision-support method review (non-publication, non-acceptance, non-operational); not publication evidence, not final-study evidence, not formal acceptance evidence, not calibrated real-world results, and not an operational route plan or forecast. Base profile scope: Pilot full scenario-policy-seed output for quasi-real decision-support evaluation; not calibrated real-world results or an operational forecast."
goseong_mobilization,cached_graphml:data/cache/goseong_nodelink_road.graphml;road_class_overrides:data/parameters/road_class_overrides.csv,fleet_shortage_severe,goseong_combo_access_rail_capacity,access_road,capacity_reduction,capacity_reduction,multimodal,30,0.89,2.6,1256.24,423.55,424.19,440.8,864.99,4604.52,0.0252,208.64,298.19,366.72,416.98,"Engineering-only pilot output for quasi-real decision-support method review (non-publication, non-acceptance, non-operational); not publication evidence, not final-study evidence, not formal acceptance evidence, not calibrated real-world results, and not an operational route plan or forecast. Base profile scope: Pilot full scenario-policy-seed output for quasi-real decision-support evaluation; not calibrated real-world results or an operational forecast."
goseong_mobilization,cached_graphml:data/cache/goseong_nodelink_road.graphml;road_class_overrides:data/parameters/road_class_overrides.csv,fleet_shortage_severe,goseong_critical_link_blockage,critical_link,blocked,blocked,multimodal,30,0.89,2.6,1255.69,415.37,414.04,440.8,854.84,4555.91,0.0255,206.59,293.58,360.16,408.99,"Engineering-only pilot output for quasi-real decision-support method review (non-publication, non-acceptance, non-operational); not publication evidence, not final-study evidence, not formal acceptance evidence, not calibrated real-world results, and not an operational route plan or forecast. Base profile scope: Pilot full scenario-policy-seed output for quasi-real decision-support evaluation; not calibrated real-world results or an operational forecast."
goseong_mobilization,cached_graphml:data/cache/goseong_nodelink_road.graphml;road_class_overrides:data/parameters/road_class_overrides.csv,fleet_shortage_severe,goseong_last_mile_damage_extreme,last_mile,capacity_reduction,capacity_reduction,multimodal,30,0.0,24.0,7680.0,inf,602.92,440.8,1043.72,6875.87,0.0,inf,inf,inf,inf,"Engineering-only pilot output for quasi-real decision-support method review (non-publication, non-acceptance, non-operational); not publication evidence, not final-study evidence, not formal acceptance evidence, not calibrated real-world results, and not an operational route plan or forecast. Base profile scope: Pilot full scenario-policy-seed output for quasi-real decision-support evaluation; not calibrated real-world results or an operational forecast."
goseong_mobilization,cached_graphml:data/cache/goseong_nodelink_road.graphml;road_class_overrides:data/parameters/road_class_overrides.csv,fleet_shortage_severe,goseong_last_mile_damage_mild,last_mile,capacity_reduction,capacity_reduction,multimodal,30,0.75,6.07,2300.0,438.16,479.73,440.8,920.53,5075.34,0.0198,237.39,332.76,412.06,433.14,"Engineering-only pilot output for quasi-real decision-support method review (non-publication, non-acceptance, non-operational); not publication evidence, not final-study evidence, not formal acceptance evidence, not calibrated real-world results, and not an operational route plan or forecast. Base profile scope: Pilot full scenario-policy-seed output for quasi-real decision-support evaluation; not calibrated real-world results or an operational forecast."
goseong_mobilization,cached_graphml:data/cache/goseong_nodelink_road.graphml;road_class_overrides:data/parameters/road_class_overrides.csv,fleet_shortage_severe,goseong_last_mile_damage_severe,last_mile,capacity_reduction,capacity_reduction,multimodal,30,0.32,16.33,5380.0,329.78,479.73,440.8,920.53,5340.18,0.0084,329.78,329.78,329.78,329.78,"Engineering-only pilot output for quasi-real decision-support method review (non-publication, non-acceptance, non-operational); not publication evidence, not final-study evidence, not formal acceptance evidence, not calibrated real-world results, and not an operational route plan or forecast. Base profile scope: Pilot full scenario-policy-seed output for quasi-real decision-support evaluation; not calibrated real-world results or an operational forecast."
goseong_mobilization,cached_graphml:data/cache/goseong_nodelink_road.graphml;road_class_overrides:data/parameters/road_class_overrides.csv,fleet_shortage_severe,goseong_last_mile_station_to_destination,last_mile,capacity_reduction,capacity_reduction,multimodal,30,0.89,2.6,1256.68,430.21,432.35,440.8,873.15,4643.75,0.0249,210.3,301.94,372.06,423.49,"Engineering-only pilot output for quasi-real decision-support method review (non-publication, non-acceptance, non-operational); not publication evidence, not final-study evidence, not formal acceptance evidence, not calibrated real-world results, and not an operational route plan or forecast. Base profile scope: Pilot full scenario-policy-seed output for quasi-real decision-support evaluation; not calibrated real-world results or an operational forecast."
goseong_mobilization,cached_graphml:data/cache/goseong_nodelink_road.graphml;road_class_overrides:data/parameters/road_class_overrides.csv,fleet_shortage_severe,goseong_long_haul_damage_severe,access_road,capacity_reduction,capacity_reduction,multimodal,30,0.89,2.6,1255.69,415.37,414.04,440.8,854.84,4555.91,0.0255,206.59,293.58,360.16,408.99,"Engineering-only pilot output for quasi-real decision-support method review (non-publication, non-acceptance, non-operational); not publication evidence, not final-study evidence, not formal acceptance evidence, not calibrated real-world results, and not an operational route plan or forecast. Base profile scope: Pilot full scenario-policy-seed output for quasi-real decision-support evaluation; not calibrated real-world results or an operational forecast."
goseong_mobilization,cached_graphml:data/cache/goseong_nodelink_road.graphml;road_class_overrides:data/parameters/road_class_overrides.csv,fleet_shortage_severe,goseong_rail_capacity_reduction,rail_service,none,none,multimodal,30,0.89,2.6,1255.69,415.37,414.04,440.8,854.84,4555.91,0.0255,206.59,293.58,360.16,408.99,"Engineering-only pilot output for quasi-real decision-support method review (non-publication, non-acceptance, non-operational); not publication evidence, not final-study evidence, not formal acceptance evidence, not calibrated real-world results, and not an operational route plan or forecast. Base profile scope: Pilot full scenario-policy-seed output for quasi-real decision-support evaluation; not calibrated real-world results or an operational forecast."
goseong_mobilization,cached_graphml:data/cache/goseong_nodelink_road.graphml;road_class_overrides:data/parameters/road_class_overrides.csv,fleet_shortage_severe,goseong_rail_combined_stress,rail_service,none,none,multimodal,30,0.82,4.43,1810.0,420.78,356.55,478.8,835.35,5878.74,0.0238,281.59,351.18,417.53,420.78,"Engineering-only pilot output for quasi-real decision-support method review (non-publication, non-acceptance, non-operational); not publication evidence, not final-study evidence, not formal acceptance evidence, not calibrated real-world results, and not an operational route plan or forecast. Base profile scope: Pilot full scenario-policy-seed output for quasi-real decision-support evaluation; not calibrated real-world results or an operational forecast."
goseong_mobilization,cached_graphml:data/cache/goseong_nodelink_road.graphml;road_class_overrides:data/parameters/road_class_overrides.csv,fleet_shortage_severe,goseong_rail_combined_stress_mild,rail_service,none,none,multimodal,30,0.94,1.43,899.61,445.37,399.66,442.32,841.98,5113.38,0.0276,236.59,335.18,388.77,436.09,"Engineering-only pilot output for quasi-real decision-support method review (non-publication, non-acceptance, non-operational); not publication evidence, not final-study evidence, not formal acceptance evidence, not calibrated real-world results, and not an operational route plan or forecast. Base profile scope: Pilot full scenario-policy-seed output for quasi-real decision-support evaluation; not calibrated real-world results or an operational forecast."
goseong_mobilization,cached_graphml:data/cache/goseong_nodelink_road.graphml;road_class_overrides:data/parameters/road_class_overrides.csv,fleet_shortage_severe,goseong_rail_combined_stress_severe,rail_service,none,none,multimodal,30,0.66,8.13,2920.0,421.18,294.96,501.6,796.56,7057.86,0.0202,351.59,382.91,421.18,421.18,"Engineering-only pilot output for quasi-real decision-support method review (non-publication, non-acceptance, non-operational); not publication evidence, not final-study evidence, not formal acceptance evidence, not calibrated real-world results, and not an operational route plan or forecast. Base profile scope: Pilot full scenario-policy-seed output for quasi-real decision-support evaluation; not calibrated real-world results or an operational forecast."
goseong_mobilization,cached_graphml:data/cache/goseong_nodelink_road.graphml;road_class_overrides:data/parameters/road_class_overrides.csv,fleet_shortage_severe,goseong_rail_delay,rail_service,none,none,multimodal,30,0.89,2.6,1259.69,475.37,356.55,661.2,1017.75,5784.3,0.0215,266.59,353.58,420.16,468.99,"Engineering-only pilot output for quasi-real decision-support method review (non-publication, non-acceptance, non-operational); not publication evidence, not final-study evidence, not formal acceptance evidence, not calibrated real-world results, and not an operational route plan or forecast. Base profile scope: Pilot full scenario-policy-seed output for quasi-real decision-support evaluation; not calibrated real-world results or an operational forecast."
goseong_mobilization,cached_graphml:data/cache/goseong_nodelink_road.graphml;road_class_overrides:data/parameters/road_class_overrides.csv,fleet_shortage_severe,goseong_rail_delay_mild,rail_service,none,none,multimodal,30,0.89,2.6,1257.36,440.37,414.04,528.96,943.0,5103.11,0.0231,231.59,318.58,385.16,433.99,"Engineering-only pilot output for quasi-real decision-support method review (non-publication, non-acceptance, non-operational); not publication evidence, not final-study evidence, not formal acceptance evidence, not calibrated real-world results, and not an operational route plan or forecast. Base profile scope: Pilot full scenario-policy-seed output for quasi-real decision-support evaluation; not calibrated real-world results or an operational forecast."
goseong_mobilization,cached_graphml:data/cache/goseong_nodelink_road.graphml;road_class_overrides:data/parameters/road_class_overrides.csv,fleet_shortage_severe,goseong_rail_delay_severe,rail_service,none,none,multimodal,30,0.75,6.07,2300.0,460.78,356.55,881.6,1238.15,7152.3,0.0148,321.59,387.7,442.68,457.3,"Engineering-only pilot output for quasi-real decision-support method review (non-publication, non-acceptance, non-operational); not publication evidence, not final-study evidence, not formal acceptance evidence, not calibrated real-world results, and not an operational route plan or forecast. Base profile scope: Pilot full scenario-policy-seed output for quasi-real decision-support evaluation; not calibrated real-world results or an operational forecast."
goseong_mobilization,cached_graphml:data/cache/goseong_nodelink_road.graphml;road_class_overrides:data/parameters/road_class_overrides.csv,fleet_shortage_severe,goseong_rail_station_access,rail_station_access,capacity_reduction,capacity_reduction,multimodal,30,0.89,2.6,1255.69,415.37,414.84,440.8,855.64,4558.53,0.0254,206.59,293.58,360.16,408.99,"Engineering-only pilot output for quasi-real decision-support method review (non-publication, non-acceptance, non-operational); not publication evidence, not final-study evidence, not formal acceptance evidence, not calibrated real-world results, and not an operational route plan or forecast. Base profile scope: Pilot full scenario-policy-seed output for quasi-real decision-support evaluation; not calibrated real-world results or an operational forecast."
goseong_mobilization,cached_graphml:data/cache/goseong_nodelink_road.graphml;road_class_overrides:data/parameters/road_class_overrides.csv,fleet_shortage_severe,goseong_rail_unavailable,rail_service,none,none,multimodal,30,0.0,24.0,7680.0,inf,110.18,44080.0,44190.18,273962.24,0.0,inf,inf,inf,inf,"Engineering-only pilot output for quasi-real decision-support method review (non-publication, non-acceptance, non-operational); not publication evidence, not final-study evidence, not formal acceptance evidence, not calibrated real-world results, and not an operational route plan or forecast. Base profile scope: Pilot full scenario-policy-seed output for quasi-real decision-support evaluation; not calibrated real-world results or an operational forecast."
goseong_mobilization,cached_graphml:data/cache/goseong_nodelink_road.graphml;road_class_overrides:data/parameters/road_class_overrides.csv,fleet_shortage_severe,goseong_random_blockage,random,blocked,blocked,multimodal,30,0.0,24.0,7680.0,inf,110.18,440.8,550.98,3098.24,0.0,inf,inf,inf,inf,"Engineering-only pilot output for quasi-real decision-support method review (non-publication, non-acceptance, non-operational); not publication evidence, not final-study evidence, not formal acceptance evidence, not calibrated real-world results, and not an operational route plan or forecast. Base profile scope: Pilot full scenario-policy-seed output for quasi-real decision-support evaluation; not calibrated real-world results or an operational forecast."
goseong_mobilization,cached_graphml:data/cache/goseong_nodelink_road.graphml;road_class_overrides:data/parameters/road_class_overrides.csv,fleet_shortage_severe,goseong_random_capacity_reduction,random,capacity_reduction,capacity_reduction,multimodal,30,0.89,2.6,1255.69,415.37,414.04,440.8,854.84,4555.91,0.0255,206.59,293.58,360.16,408.99,"Engineering-only pilot output for quasi-real decision-support method review (non-publication, non-acceptance, non-operational); not publication evidence, not final-study evidence, not formal acceptance evidence, not calibrated real-world results, and not an operational route plan or forecast. Base profile scope: Pilot full scenario-policy-seed output for quasi-real decision-support evaluation; not calibrated real-world results or an operational forecast."
goseong_mobilization,cached_graphml:data/cache/goseong_nodelink_road.graphml;road_class_overrides:data/parameters/road_class_overrides.csv,fleet_shortage_severe,goseong_spatial_assembly_egress,spatial_hazard_overlay,capacity_reduction,capacity_reduction,multimodal,30,0.89,2.6,1255.69,415.37,414.08,440.8,854.88,4556.05,0.0255,206.59,293.58,360.16,408.99,"Engineering-only pilot output for quasi-real decision-support method review (non-publication, non-acceptance, non-operational); not publication evidence, not final-study evidence, not formal acceptance evidence, not calibrated real-world results, and not an operational route plan or forecast. Base profile scope: Pilot full scenario-policy-seed output for quasi-real decision-support evaluation; not calibrated real-world results or an operational forecast."
goseong_mobilization,cached_graphml:data/cache/goseong_nodelink_road.graphml;road_class_overrides:data/parameters/road_class_overrides.csv,fleet_shortage_severe,no_disruption,no_disruption,none,none,multimodal,30,0.89,2.6,1255.69,415.37,414.04,440.8,854.84,4555.91,0.0255,206.59,293.58,360.16,408.99,"Engineering-only pilot output for quasi-real decision-support method review (non-publication, non-acceptance, non-operational); not publication evidence, not final-study evidence, not formal acceptance evidence, not calibrated real-world results, and not an operational route plan or forecast. Base profile scope: Pilot full scenario-policy-seed output for quasi-real decision-support evaluation; not calibrated real-world results or an operational forecast."
goseong_mobilization,cached_graphml:data/cache/goseong_nodelink_road.graphml;road_class_overrides:data/parameters/road_class_overrides.csv,fleet_shortage_stress,goseong_access_origin_to_destination,access_road,capacity_reduction,capacity_reduction,multimodal,30,1.0,0.0,334.75,334.75,417.9,353.4,771.3,4626.04,0.0324,208.64,258.22,283.33,311.2,"Engineering-only pilot output for quasi-real decision-support method review (non-publication, non-acceptance, non-operational); not publication evidence, not final-study evidence, not formal acceptance evidence, not calibrated real-world results, and not an operational route plan or forecast. Base profile scope: Pilot full scenario-policy-seed output for quasi-real decision-support evaluation; not calibrated real-world results or an operational forecast."
goseong_mobilization,cached_graphml:data/cache/goseong_nodelink_road.graphml;road_class_overrides:data/parameters/road_class_overrides.csv,fleet_shortage_stress,goseong_access_origin_to_station,access_road,capacity_reduction,capacity_reduction,multimodal,30,1.0,0.0,329.25,329.25,414.81,353.4,768.21,4598.99,0.0326,206.59,255.03,279.18,306.48,"Engineering-only pilot output for quasi-real decision-support method review (non-publication, non-acceptance, non-operational); not publication evidence, not final-study evidence, not formal acceptance evidence, not calibrated real-world results, and not an operational route plan or forecast. Base profile scope: Pilot full scenario-policy-seed output for quasi-real decision-support evaluation; not calibrated real-world results or an operational forecast."
goseong_mobilization,cached_graphml:data/cache/goseong_nodelink_road.graphml;road_class_overrides:data/parameters/road_class_overrides.csv,fleet_shortage_stress,goseong_access_road_damage_extreme,access_road,capacity_reduction,capacity_reduction,multimodal,30,0.93,1.67,968.08,447.42,1099.04,349.6,1448.64,6994.17,0.0162,326.59,331.59,437.47,447.24,"Engineering-only pilot output for quasi-real decision-support method review (non-publication, non-acceptance, non-operational); not publication evidence, not final-study evidence, not formal acceptance evidence, not calibrated real-world results, and not an operational route plan or forecast. Base profile scope: Pilot full scenario-policy-seed output for quasi-real decision-support evaluation; not calibrated real-world results or an operational forecast."
goseong_mobilization,cached_graphml:data/cache/goseong_nodelink_road.graphml;road_class_overrides:data/parameters/road_class_overrides.csv,fleet_shortage_stress,goseong_access_road_damage_mild,access_road,capacity_reduction,capacity_reduction,multimodal,30,1.0,0.0,341.68,341.68,437.99,334.4,772.39,4757.15,0.0321,236.59,245.9,307.78,319.9,"Engineering-only pilot output for quasi-real decision-support method review (non-publication, non-acceptance, non-operational); not publication evidence, not final-study evidence, not formal acceptance evidence, not calibrated real-world results, and not an operational route plan or forecast. Base profile scope: Pilot full scenario-policy-seed output for quasi-real decision-support evaluation; not calibrated real-world results or an operational forecast."
goseong_mobilization,cached_graphml:data/cache/goseong_nodelink_road.graphml;road_class_overrides:data/parameters/road_class_overrides.csv,fleet_shortage_stress,goseong_access_road_damage_severe,access_road,capacity_reduction,capacity_reduction,multimodal,30,1.0,0.0,360.8,360.8,617.98,440.8,1058.78,5300.94,0.0232,236.59,287.01,310.69,341.35,"Engineering-only pilot output for quasi-real decision-support method review (non-publication, non-acceptance, non-operational); not publication evidence, not final-study evidence, not formal acceptance evidence, not calibrated real-world results, and not an operational route plan or forecast. Base profile scope: Pilot full scenario-policy-seed output for quasi-real decision-support evaluation; not calibrated real-world results or an operational forecast."
goseong_mobilization,cached_graphml:data/cache/goseong_nodelink_road.graphml;road_class_overrides:data/parameters/road_class_overrides.csv,fleet_shortage_stress,goseong_combo_access_rail_capacity,access_road,capacity_reduction,capacity_reduction,multimodal,30,1.0,0.0,334.75,334.75,417.9,353.4,771.3,4626.04,0.0324,208.64,258.22,283.33,311.2,"Engineering-only pilot output for quasi-real decision-support method review (non-publication, non-acceptance, non-operational); not publication evidence, not final-study evidence, not formal acceptance evidence, not calibrated real-world results, and not an operational route plan or forecast. Base profile scope: Pilot full scenario-policy-seed output for quasi-real decision-support evaluation; not calibrated real-world results or an operational forecast."
goseong_mobilization,cached_graphml:data/cache/goseong_nodelink_road.graphml;road_class_overrides:data/parameters/road_class_overrides.csv,fleet_shortage_stress,goseong_critical_link_blockage,critical_link,blocked,blocked,multimodal,30,1.0,0.0,329.25,329.25,407.88,353.4,761.28,4576.46,0.0329,206.59,255.03,279.18,306.48,"Engineering-only pilot output for quasi-real decision-support method review (non-publication, non-acceptance, non-operational); not publication evidence, not final-study evidence, not formal acceptance evidence, not calibrated real-world results, and not an operational route plan or forecast. Base profile scope: Pilot full scenario-policy-seed output for quasi-real decision-support evaluation; not calibrated real-world results or an operational forecast."
goseong_mobilization,cached_graphml:data/cache/goseong_nodelink_road.graphml;road_class_overrides:data/parameters/road_class_overrides.csv,fleet_shortage_stress,goseong_last_mile_damage_extreme,last_mile,capacity_reduction,capacity_reduction,multimodal,30,0.0,24.0,7680.0,inf,1095.67,353.4,1449.07,9093.26,0.0,inf,inf,inf,inf,"Engineering-only pilot output for quasi-real decision-support method review (non-publication, non-acceptance, non-operational); not publication evidence, not final-study evidence, not formal acceptance evidence, not calibrated real-world results, and not an operational route plan or forecast. Base profile scope: Pilot full scenario-policy-seed output for quasi-real decision-support evaluation; not calibrated real-world results or an operational forecast."
goseong_mobilization,cached_graphml:data/cache/goseong_nodelink_road.graphml;road_class_overrides:data/parameters/road_class_overrides.csv,fleet_shortage_stress,goseong_last_mile_damage_mild,last_mile,capacity_reduction,capacity_reduction,multimodal,30,1.0,0.03,419.42,408.19,556.73,353.4,910.13,5315.57,0.0273,237.39,302.77,339.85,376.71,"Engineering-only pilot output for quasi-real decision-support method review (non-publication, non-acceptance, non-operational); not publication evidence, not final-study evidence, not formal acceptance evidence, not calibrated real-world results, and not an operational route plan or forecast. Base profile scope: Pilot full scenario-policy-seed output for quasi-real decision-support evaluation; not calibrated real-world results or an operational forecast."
goseong_mobilization,cached_graphml:data/cache/goseong_nodelink_road.graphml;road_class_overrides:data/parameters/road_class_overrides.csv,fleet_shortage_stress,goseong_last_mile_damage_severe,last_mile,capacity_reduction,capacity_reduction,multimodal,30,0.51,11.83,4030.0,343.11,849.3,353.4,1202.7,7292.69,0.0102,329.78,337.28,341.88,342.78,"Engineering-only pilot output for quasi-real decision-support method review (non-publication, non-acceptance, non-operational); not publication evidence, not final-study evidence, not formal acceptance evidence, not calibrated real-world results, and not an operational route plan or forecast. Base profile scope: Pilot full scenario-policy-seed output for quasi-real decision-support evaluation; not calibrated real-world results or an operational forecast."
goseong_mobilization,cached_graphml:data/cache/goseong_nodelink_road.graphml;road_class_overrides:data/parameters/road_class_overrides.csv,fleet_shortage_stress,goseong_last_mile_station_to_destination,last_mile,capacity_reduction,capacity_reduction,multimodal,30,1.0,0.0,339.22,339.22,425.96,353.4,779.36,4666.04,0.0321,210.3,260.81,286.7,315.04,"Engineering-only pilot output for quasi-real decision-support method review (non-publication, non-acceptance, non-operational); not publication evidence, not final-study evidence, not formal acceptance evidence, not calibrated real-world results, and not an operational route plan or forecast. Base profile scope: Pilot full scenario-policy-seed output for quasi-real decision-support evaluation; not calibrated real-world results or an operational forecast."
goseong_mobilization,cached_graphml:data/cache/goseong_nodelink_road.graphml;road_class_overrides:data/parameters/road_class_overrides.csv,fleet_shortage_stress,goseong_long_haul_damage_severe,access_road,capacity_reduction,capacity_reduction,multimodal,30,1.0,0.0,329.25,329.25,407.88,353.4,761.28,4576.46,0.0329,206.59,255.03,279.18,306.48,"Engineering-only pilot output for quasi-real decision-support method review (non-publication, non-acceptance, non-operational); not publication evidence, not final-study evidence, not formal acceptance evidence, not calibrated real-world results, and not an operational route plan or forecast. Base profile scope: Pilot full scenario-policy-seed output for quasi-real decision-support evaluation; not calibrated real-world results or an operational forecast."
goseong_mobilization,cached_graphml:data/cache/goseong_nodelink_road.graphml;road_class_overrides:data/parameters/road_class_overrides.csv,fleet_shortage_stress,goseong_rail_capacity_reduction,rail_service,none,none,multimodal,30,1.0,0.0,329.25,329.25,407.88,353.4,761.28,4576.46,0.0329,206.59,255.03,279.18,306.48,"Engineering-only pilot output for quasi-real decision-support method review (non-publication, non-acceptance, non-operational); not publication evidence, not final-study evidence, not formal acceptance evidence, not calibrated real-world results, and not an operational route plan or forecast. Base profile scope: Pilot full scenario-policy-seed output for quasi-real decision-support evaluation; not calibrated real-world results or an operational forecast."
goseong_mobilization,cached_graphml:data/cache/goseong_nodelink_road.graphml;road_class_overrides:data/parameters/road_class_overrides.csv,fleet_shortage_stress,goseong_rail_combined_stress,rail_service,none,none,multimodal,30,1.0,0.0,374.45,374.45,366.82,416.1,782.92,5944.46,0.0317,281.59,290.9,352.65,358.84,"Engineering-only pilot output for quasi-real decision-support method review (non-publication, non-acceptance, non-operational); not publication evidence, not final-study evidence, not formal acceptance evidence, not calibrated real-world results, and not an operational route plan or forecast. Base profile scope: Pilot full scenario-policy-seed output for quasi-real decision-support evaluation; not calibrated real-world results or an operational forecast."
goseong_mobilization,cached_graphml:data/cache/goseong_nodelink_road.graphml;road_class_overrides:data/parameters/road_class_overrides.csv,fleet_shortage_stress,goseong_rail_combined_stress_mild,rail_service,none,none,multimodal,30,1.0,0.0,333.93,333.93,375.03,378.48,753.51,5123.66,0.0333,236.59,245.9,307.65,315.88,"Engineering-only pilot output for quasi-real decision-support method review (non-publication, non-acceptance, non-operational); not publication evidence, not final-study evidence, not formal acceptance evidence, not calibrated real-world results, and not an operational route plan or forecast. Base profile scope: Pilot full scenario-policy-seed output for quasi-real decision-support evaluation; not calibrated real-world results or an operational forecast."
goseong_mobilization,cached_graphml:data/cache/goseong_nodelink_road.graphml;road_class_overrides:data/parameters/road_class_overrides.csv,fleet_shortage_stress,goseong_rail_combined_stress_severe,rail_service,none,none,multimodal,30,1.0,0.1,463.43,428.05,348.34,425.6,773.94,7312.46,0.0329,351.59,356.59,421.18,423.64,"Engineering-only pilot output for quasi-real decision-support method review (non-publication, non-acceptance, non-operational); not publication evidence, not final-study evidence, not formal acceptance evidence, not calibrated real-world results, and not an operational route plan or forecast. Base profile scope: Pilot full scenario-policy-seed output for quasi-real decision-support evaluation; not calibrated real-world results or an operational forecast."
goseong_mobilization,cached_graphml:data/cache/goseong_nodelink_road.graphml;road_class_overrides:data/parameters/road_class_overrides.csv,fleet_shortage_stress,goseong_rail_delay,rail_service,none,none,multimodal,30,1.0,0.0,389.25,389.25,407.88,530.1,937.98,5944.46,0.0268,266.59,315.03,339.18,366.48,"Engineering-only pilot output for quasi-real decision-support method review (non-publication, non-acceptance, non-operational); not publication evidence, not final-study evidence, not formal acceptance evidence, not calibrated real-world results, and not an operational route plan or forecast. Base profile scope: Pilot full scenario-policy-seed output for quasi-real decision-support evaluation; not calibrated real-world results or an operational forecast."
goseong_mobilization,cached_graphml:data/cache/goseong_nodelink_road.graphml;road_class_overrides:data/parameters/road_class_overrides.csv,fleet_shortage_stress,goseong_rail_delay_mild,rail_service,none,none,multimodal,30,1.0,0.0,354.25,354.25,407.88,424.08,831.96,5123.66,0.0301,231.59,280.03,304.18,331.48,"Engineering-only pilot output for quasi-real decision-support method review (non-publication, non-acceptance, non-operational); not publication evidence, not final-study evidence, not formal acceptance evidence, not calibrated real-world results, and not an operational route plan or forecast. Base profile scope: Pilot full scenario-policy-seed output for quasi-real decision-support evaluation; not calibrated real-world results or an operational forecast."
goseong_mobilization,cached_graphml:data/cache/goseong_nodelink_road.graphml;road_class_overrides:data/parameters/road_class_overrides.csv,fleet_shortage_stress,goseong_rail_delay_severe,rail_service,none,none,multimodal,30,1.0,0.07,462.21,441.1,407.88,706.8,1114.68,7312.46,0.0226,321.59,370.03,392.85,421.21,"Engineering-only pilot output for quasi-real decision-support method review (non-publication, non-acceptance, non-operational); not publication evidence, not final-study evidence, not formal acceptance evidence, not calibrated real-world results, and not an operational route plan or forecast. Base profile scope: Pilot full scenario-policy-seed output for quasi-real decision-support evaluation; not calibrated real-world results or an operational forecast."
goseong_mobilization,cached_graphml:data/cache/goseong_nodelink_road.graphml;road_class_overrides:data/parameters/road_class_overrides.csv,fleet_shortage_stress,goseong_rail_station_access,rail_station_access,capacity_reduction,capacity_reduction,multimodal,30,1.0,0.0,329.25,329.25,408.69,353.4,762.09,4579.09,0.0328,206.59,255.03,279.18,306.48,"Engineering-only pilot output for quasi-real decision-support method review (non-publication, non-acceptance, non-operational); not publication evidence, not final-study evidence, not formal acceptance evidence, not calibrated real-world results, and not an operational route plan or forecast. Base profile scope: Pilot full scenario-policy-seed output for quasi-real decision-support evaluation; not calibrated real-world results or an operational forecast."
goseong_mobilization,cached_graphml:data/cache/goseong_nodelink_road.graphml;road_class_overrides:data/parameters/road_class_overrides.csv,fleet_shortage_stress,goseong_rail_unavailable,rail_service,none,none,multimodal,30,0.0,24.0,7680.0,inf,110.18,35340.0,35450.18,273962.24,0.0,inf,inf,inf,inf,"Engineering-only pilot output for quasi-real decision-support method review (non-publication, non-acceptance, non-operational); not publication evidence, not final-study evidence, not formal acceptance evidence, not calibrated real-world results, and not an operational route plan or forecast. Base profile scope: Pilot full scenario-policy-seed output for quasi-real decision-support evaluation; not calibrated real-world results or an operational forecast."
goseong_mobilization,cached_graphml:data/cache/goseong_nodelink_road.graphml;road_class_overrides:data/parameters/road_class_overrides.csv,fleet_shortage_stress,goseong_random_blockage,random,blocked,blocked,multimodal,30,0.0,24.0,7680.0,inf,110.18,353.4,463.58,3098.24,0.0,inf,inf,inf,inf,"Engineering-only pilot output for quasi-real decision-support method review (non-publication, non-acceptance, non-operational); not publication evidence, not final-study evidence, not formal acceptance evidence, not calibrated real-world results, and not an operational route plan or forecast. Base profile scope: Pilot full scenario-policy-seed output for quasi-real decision-support evaluation; not calibrated real-world results or an operational forecast."
goseong_mobilization,cached_graphml:data/cache/goseong_nodelink_road.graphml;road_class_overrides:data/parameters/road_class_overrides.csv,fleet_shortage_stress,goseong_random_capacity_reduction,random,capacity_reduction,capacity_reduction,multimodal,30,1.0,0.0,329.25,329.25,407.88,353.4,761.28,4576.46,0.0329,206.59,255.03,279.18,306.48,"Engineering-only pilot output for quasi-real decision-support method review (non-publication, non-acceptance, non-operational); not publication evidence, not final-study evidence, not formal acceptance evidence, not calibrated real-world results, and not an operational route plan or forecast. Base profile scope: Pilot full scenario-policy-seed output for quasi-real decision-support evaluation; not calibrated real-world results or an operational forecast."
goseong_mobilization,cached_graphml:data/cache/goseong_nodelink_road.graphml;road_class_overrides:data/parameters/road_class_overrides.csv,fleet_shortage_stress,goseong_spatial_assembly_egress,spatial_hazard_overlay,capacity_reduction,capacity_reduction,multimodal,30,1.0,0.0,329.25,329.25,407.93,353.4,761.33,4576.61,0.0329,206.59,255.03,279.18,306.48,"Engineering-only pilot output for quasi-real decision-support method review (non-publication, non-acceptance, non-operational); not publication evidence, not final-study evidence, not formal acceptance evidence, not calibrated real-world results, and not an operational route plan or forecast. Base profile scope: Pilot full scenario-policy-seed output for quasi-real decision-support evaluation; not calibrated real-world results or an operational forecast."
goseong_mobilization,cached_graphml:data/cache/goseong_nodelink_road.graphml;road_class_overrides:data/parameters/road_class_overrides.csv,fleet_shortage_stress,no_disruption,no_disruption,none,none,multimodal,30,1.0,0.0,329.25,329.25,407.88,353.4,761.28,4576.46,0.0329,206.59,255.03,279.18,306.48,"Engineering-only pilot output for quasi-real decision-support method review (non-publication, non-acceptance, non-operational); not publication evidence, not final-study evidence, not formal acceptance evidence, not calibrated real-world results, and not an operational route plan or forecast. Base profile scope: Pilot full scenario-policy-seed output for quasi-real decision-support evaluation; not calibrated real-world results or an operational forecast."
goseong_mobilization,cached_graphml:data/cache/goseong_nodelink_road.graphml;road_class_overrides:data/parameters/road_class_overrides.csv,heavy_congestion_bus,goseong_access_origin_to_destination,access_road,capacity_reduction,capacity_reduction,bus_only,30,0.0,24.0,7680.0,inf,2092.37,0.0,2092.37,10886.29,0.0,inf,inf,inf,inf,"Engineering-only pilot output for quasi-real decision-support method review (non-publication, non-acceptance, non-operational); not publication evidence, not final-study evidence, not formal acceptance evidence, not calibrated real-world results, and not an operational route plan or forecast. Base profile scope: Pilot full scenario-policy-seed output for quasi-real decision-support evaluation; not calibrated real-world results or an operational forecast."
goseong_mobilization,cached_graphml:data/cache/goseong_nodelink_road.graphml;road_class_overrides:data/parameters/road_class_overrides.csv,heavy_congestion_bus,goseong_access_origin_to_station,access_road,capacity_reduction,capacity_reduction,bus_only,30,0.93,1.67,930.09,345.06,1156.07,0.0,1156.07,3850.16,0.0203,166.23,175.04,313.6,342.21,"Engineering-only pilot output for quasi-real decision-support method review (non-publication, non-acceptance, non-operational); not publication evidence, not final-study evidence, not formal acceptance evidence, not calibrated real-world results, and not an operational route plan or forecast. Base profile scope: Pilot full scenario-policy-seed output for quasi-real decision-support evaluation; not calibrated real-world results or an operational forecast."
goseong_mobilization,cached_graphml:data/cache/goseong_nodelink_road.graphml;road_class_overrides:data/parameters/road_class_overrides.csv,heavy_congestion_bus,goseong_access_road_damage_extreme,access_road,capacity_reduction,capacity_reduction,bus_only,30,0.93,1.67,942.27,378.27,1275.1,0.0,1275.1,4246.55,0.0185,182.84,191.64,344.39,375.43,"Engineering-only pilot output for quasi-real decision-support method review (non-publication, non-acceptance, non-operational); not publication evidence, not final-study evidence, not formal acceptance evidence, not calibrated real-world results, and not an operational route plan or forecast. Base profile scope: Pilot full scenario-policy-seed output for quasi-real decision-support evaluation; not calibrated real-world results or an operational forecast."
goseong_mobilization,cached_graphml:data/cache/goseong_nodelink_road.graphml;road_class_overrides:data/parameters/road_class_overrides.csv,heavy_congestion_bus,goseong_access_road_damage_mild,access_road,capacity_reduction,capacity_reduction,bus_only,30,0.93,1.67,929.72,344.04,1152.47,0.0,1152.47,3838.18,0.0204,165.73,174.53,312.68,341.21,"Engineering-only pilot output for quasi-real decision-support method review (non-publication, non-acceptance, non-operational); not publication evidence, not final-study evidence, not formal acceptance evidence, not calibrated real-world results, and not an operational route plan or forecast. Base profile scope: Pilot full scenario-policy-seed output for quasi-real decision-support evaluation; not calibrated real-world results or an operational forecast."
goseong_mobilization,cached_graphml:data/cache/goseong_nodelink_road.graphml;road_class_overrides:data/parameters/road_class_overrides.csv,heavy_congestion_bus,goseong_access_road_damage_severe,access_road,capacity_reduction,capacity_reduction,bus_only,30,0.93,1.67,932.62,351.94,1180.77,0.0,1180.77,3932.42,0.0199,169.68,178.48,320.0,349.1,"Engineering-only pilot output for quasi-real decision-support method review (non-publication, non-acceptance, non-operational); not publication evidence, not final-study evidence, not formal acceptance evidence, not calibrated real-world results, and not an operational route plan or forecast. Base profile scope: Pilot full scenario-policy-seed output for quasi-real decision-support evaluation; not calibrated real-world results or an operational forecast."
goseong_mobilization,cached_graphml:data/cache/goseong_nodelink_road.graphml;road_class_overrides:data/parameters/road_class_overrides.csv,heavy_congestion_bus,goseong_combo_access_rail_capacity,access_road,capacity_reduction,capacity_reduction,bus_only,30,0.0,24.0,7680.0,inf,2092.37,0.0,2092.37,10886.29,0.0,inf,inf,inf,inf,"Engineering-only pilot output for quasi-real decision-support method review (non-publication, non-acceptance, non-operational); not publication evidence, not final-study evidence, not formal acceptance evidence, not calibrated real-world results, and not an operational route plan or forecast. Base profile scope: Pilot full scenario-policy-seed output for quasi-real decision-support evaluation; not calibrated real-world results or an operational forecast."
goseong_mobilization,cached_graphml:data/cache/goseong_nodelink_road.graphml;road_class_overrides:data/parameters/road_class_overrides.csv,heavy_congestion_bus,goseong_critical_link_blockage,critical_link,blocked,blocked,bus_only,30,0.0,24.0,7680.0,inf,0.0,0.0,0.0,0.0,0.0,inf,inf,inf,inf,"Engineering-only pilot output for quasi-real decision-support method review (non-publication, non-acceptance, non-operational); not publication evidence, not final-study evidence, not formal acceptance evidence, not calibrated real-world results, and not an operational route plan or forecast. Base profile scope: Pilot full scenario-policy-seed output for quasi-real decision-support evaluation; not calibrated real-world results or an operational forecast."
goseong_mobilization,cached_graphml:data/cache/goseong_nodelink_road.graphml;road_class_overrides:data/parameters/road_class_overrides.csv,heavy_congestion_bus,goseong_last_mile_damage_extreme,last_mile,capacity_reduction,capacity_reduction,bus_only,30,0.4,14.5,4830.0,475.65,1586.25,0.0,1586.25,7327.98,0.006,332.07,346.43,435.45,466.08,"Engineering-only pilot output for quasi-real decision-support method review (non-publication, non-acceptance, non-operational); not publication evidence, not final-study evidence, not formal acceptance evidence, not calibrated real-world results, and not an operational route plan or forecast. Base profile scope: Pilot full scenario-policy-seed output for quasi-real decision-support evaluation; not calibrated real-world results or an operational forecast."
goseong_mobilization,cached_graphml:data/cache/goseong_nodelink_road.graphml;road_class_overrides:data/parameters/road_class_overrides.csv,heavy_congestion_bus,goseong_last_mile_damage_mild,last_mile,capacity_reduction,capacity_reduction,bus_only,30,0.93,1.67,943.0,383.88,1268.13,0.0,1268.13,4208.26,0.0186,181.1,194.14,337.78,373.34,"Engineering-only pilot output for quasi-real decision-support method review (non-publication, non-acceptance, non-operational); not publication evidence, not final-study evidence, not formal acceptance evidence, not calibrated real-world results, and not an operational route plan or forecast. Base profile scope: Pilot full scenario-policy-seed output for quasi-real decision-support evaluation; not calibrated real-world results or an operational forecast."
goseong_mobilization,cached_graphml:data/cache/goseong_nodelink_road.graphml;road_class_overrides:data/parameters/road_class_overrides.csv,heavy_congestion_bus,goseong_last_mile_damage_severe,last_mile,capacity_reduction,capacity_reduction,bus_only,30,0.77,5.43,2110.0,429.75,1503.18,0.0,1503.18,5309.68,0.0126,215.94,257.49,289.23,412.05,"Engineering-only pilot output for quasi-real decision-support method review (non-publication, non-acceptance, non-operational); not publication evidence, not final-study evidence, not formal acceptance evidence, not calibrated real-world results, and not an operational route plan or forecast. Base profile scope: Pilot full scenario-policy-seed output for quasi-real decision-support evaluation; not calibrated real-world results or an operational forecast."
goseong_mobilization,cached_graphml:data/cache/goseong_nodelink_road.graphml;road_class_overrides:data/parameters/road_class_overrides.csv,heavy_congestion_bus,goseong_last_mile_station_to_destination,last_mile,capacity_reduction,capacity_reduction,bus_only,30,0.0,24.0,7680.0,inf,2027.79,0.0,2027.79,10550.27,0.0,inf,inf,inf,inf,"Engineering-only pilot output for quasi-real decision-support method review (non-publication, non-acceptance, non-operational); not publication evidence, not final-study evidence, not formal acceptance evidence, not calibrated real-world results, and not an operational route plan or forecast. Base profile scope: Pilot full scenario-policy-seed output for quasi-real decision-support evaluation; not calibrated real-world results or an operational forecast."
goseong_mobilization,cached_graphml:data/cache/goseong_nodelink_road.graphml;road_class_overrides:data/parameters/road_class_overrides.csv,heavy_congestion_bus,goseong_long_haul_damage_severe,access_road,capacity_reduction,capacity_reduction,bus_only,30,0.65,8.4,3000.0,399.22,2253.67,0.0,2253.67,8579.46,0.007,389.07,394.82,398.88,399.22,"Engineering-only pilot output for quasi-real decision-support method review (non-publication, non-acceptance, non-operational); not publication evidence, not final-study evidence, not formal acceptance evidence, not calibrated real-world results, and not an operational route plan or forecast. Base profile scope: Pilot full scenario-policy-seed output for quasi-real decision-support evaluation; not calibrated real-world results or an operational forecast."
goseong_mobilization,cached_graphml:data/cache/goseong_nodelink_road.graphml;road_class_overrides:data/parameters/road_class_overrides.csv,heavy_congestion_bus,goseong_rail_capacity_reduction,rail_service,none,none,bus_only,30,0.93,1.67,928.76,341.41,1143.04,0.0,1143.04,3806.77,0.0206,164.42,173.22,310.24,338.57,"Engineering-only pilot output for quasi-real decision-support method review (non-publication, non-acceptance, non-operational); not publication evidence, not final-study evidence, not formal acceptance evidence, not calibrated real-world results, and not an operational route plan or forecast. Base profile scope: Pilot full scenario-policy-seed output for quasi-real decision-support evaluation; not calibrated real-world results or an operational forecast."
goseong_mobilization,cached_graphml:data/cache/goseong_nodelink_road.graphml;road_class_overrides:data/parameters/road_class_overrides.csv,heavy_congestion_bus,goseong_rail_combined_stress,rail_service,none,none,bus_only,30,0.93,1.67,928.76,341.41,1143.04,0.0,1143.04,3806.77,0.0206,164.42,173.22,310.24,338.57,"Engineering-only pilot output for quasi-real decision-support method review (non-publication, non-acceptance, non-operational); not publication evidence, not final-study evidence, not formal acceptance evidence, not calibrated real-world results, and not an operational route plan or forecast. Base profile scope: Pilot full scenario-policy-seed output for quasi-real decision-support evaluation; not calibrated real-world results or an operational forecast."
goseong_mobilization,cached_graphml:data/cache/goseong_nodelink_road.graphml;road_class_overrides:data/parameters/road_class_overrides.csv,heavy_congestion_bus,goseong_rail_combined_stress_mild,rail_service,none,none,bus_only,30,0.93,1.67,928.76,341.41,1143.04,0.0,1143.04,3806.77,0.0206,164.42,173.22,310.24,338.57,"Engineering-only pilot output for quasi-real decision-support method review (non-publication, non-acceptance, non-operational); not publication evidence, not final-study evidence, not formal acceptance evidence, not calibrated real-world results, and not an operational route plan or forecast. Base profile scope: Pilot full scenario-policy-seed output for quasi-real decision-support evaluation; not calibrated real-world results or an operational forecast."
goseong_mobilization,cached_graphml:data/cache/goseong_nodelink_road.graphml;road_class_overrides:data/parameters/road_class_overrides.csv,heavy_congestion_bus,goseong_rail_combined_stress_severe,rail_service,none,none,bus_only,30,0.93,1.67,928.76,341.41,1143.04,0.0,1143.04,3806.77,0.0206,164.42,173.22,310.24,338.57,"Engineering-only pilot output for quasi-real decision-support method review (non-publication, non-acceptance, non-operational); not publication evidence, not final-study evidence, not formal acceptance evidence, not calibrated real-world results, and not an operational route plan or forecast. Base profile scope: Pilot full scenario-policy-seed output for quasi-real decision-support evaluation; not calibrated real-world results or an operational forecast."
goseong_mobilization,cached_graphml:data/cache/goseong_nodelink_road.graphml;road_class_overrides:data/parameters/road_class_overrides.csv,heavy_congestion_bus,goseong_rail_delay,rail_service,none,none,bus_only,30,0.93,1.67,928.76,341.41,1143.04,0.0,1143.04,3806.77,0.0206,164.42,173.22,310.24,338.57,"Engineering-only pilot output for quasi-real decision-support method review (non-publication, non-acceptance, non-operational); not publication evidence, not final-study evidence, not formal acceptance evidence, not calibrated real-world results, and not an operational route plan or forecast. Base profile scope: Pilot full scenario-policy-seed output for quasi-real decision-support evaluation; not calibrated real-world results or an operational forecast."
goseong_mobilization,cached_graphml:data/cache/goseong_nodelink_road.graphml;road_class_overrides:data/parameters/road_class_overrides.csv,heavy_congestion_bus,goseong_rail_delay_mild,rail_service,none,none,bus_only,30,0.93,1.67,928.76,341.41,1143.04,0.0,1143.04,3806.77,0.0206,164.42,173.22,310.24,338.57,"Engineering-only pilot output for quasi-real decision-support method review (non-publication, non-acceptance, non-operational); not publication evidence, not final-study evidence, not formal acceptance evidence, not calibrated real-world results, and not an operational route plan or forecast. Base profile scope: Pilot full scenario-policy-seed output for quasi-real decision-support evaluation; not calibrated real-world results or an operational forecast."
goseong_mobilization,cached_graphml:data/cache/goseong_nodelink_road.graphml;road_class_overrides:data/parameters/road_class_overrides.csv,heavy_congestion_bus,goseong_rail_delay_severe,rail_service,none,none,bus_only,30,0.93,1.67,928.76,341.41,1143.04,0.0,1143.04,3806.77,0.0206,164.42,173.22,310.24,338.57,"Engineering-only pilot output for quasi-real decision-support method review (non-publication, non-acceptance, non-operational); not publication evidence, not final-study evidence, not formal acceptance evidence, not calibrated real-world results, and not an operational route plan or forecast. Base profile scope: Pilot full scenario-policy-seed output for quasi-real decision-support evaluation; not calibrated real-world results or an operational forecast."
goseong_mobilization,cached_graphml:data/cache/goseong_nodelink_road.graphml;road_class_overrides:data/parameters/road_class_overrides.csv,heavy_congestion_bus,goseong_rail_station_access,rail_station_access,capacity_reduction,capacity_reduction,bus_only,30,0.93,1.67,928.76,341.41,1143.04,0.0,1143.04,3806.77,0.0206,164.42,173.22,310.24,338.57,"Engineering-only pilot output for quasi-real decision-support method review (non-publication, non-acceptance, non-operational); not publication evidence, not final-study evidence, not formal acceptance evidence, not calibrated real-world results, and not an operational route plan or forecast. Base profile scope: Pilot full scenario-policy-seed output for quasi-real decision-support evaluation; not calibrated real-world results or an operational forecast."
goseong_mobilization,cached_graphml:data/cache/goseong_nodelink_road.graphml;road_class_overrides:data/parameters/road_class_overrides.csv,heavy_congestion_bus,goseong_rail_unavailable,rail_service,none,none,bus_only,30,0.93,1.67,928.76,341.41,1143.04,0.0,1143.04,3806.77,0.0206,164.42,173.22,310.24,338.57,"Engineering-only pilot output for quasi-real decision-support method review (non-publication, non-acceptance, non-operational); not publication evidence, not final-study evidence, not formal acceptance evidence, not calibrated real-world results, and not an operational route plan or forecast. Base profile scope: Pilot full scenario-policy-seed output for quasi-real decision-support evaluation; not calibrated real-world results or an operational forecast."
goseong_mobilization,cached_graphml:data/cache/goseong_nodelink_road.graphml;road_class_overrides:data/parameters/road_class_overrides.csv,heavy_congestion_bus,goseong_random_blockage,random,blocked,blocked,bus_only,30,0.0,24.0,7680.0,inf,0.0,0.0,0.0,0.0,0.0,inf,inf,inf,inf,"Engineering-only pilot output for quasi-real decision-support method review (non-publication, non-acceptance, non-operational); not publication evidence, not final-study evidence, not formal acceptance evidence, not calibrated real-world results, and not an operational route plan or forecast. Base profile scope: Pilot full scenario-policy-seed output for quasi-real decision-support evaluation; not calibrated real-world results or an operational forecast."
goseong_mobilization,cached_graphml:data/cache/goseong_nodelink_road.graphml;road_class_overrides:data/parameters/road_class_overrides.csv,heavy_congestion_bus,goseong_random_capacity_reduction,random,capacity_reduction,capacity_reduction,bus_only,30,0.93,1.67,929.03,342.16,1145.72,0.0,1145.72,3815.68,0.0205,164.79,173.59,310.93,339.32,"Engineering-only pilot output for quasi-real decision-support method review (non-publication, non-acceptance, non-operational); not publication evidence, not final-study evidence, not formal acceptance evidence, not calibrated real-world results, and not an operational route plan or forecast. Base profile scope: Pilot full scenario-policy-seed output for quasi-real decision-support evaluation; not calibrated real-world results or an operational forecast."
goseong_mobilization,cached_graphml:data/cache/goseong_nodelink_road.graphml;road_class_overrides:data/parameters/road_class_overrides.csv,heavy_congestion_bus,goseong_spatial_assembly_egress,spatial_hazard_overlay,capacity_reduction,capacity_reduction,bus_only,30,0.93,1.67,929.85,344.39,1153.67,0.0,1153.67,3842.16,0.0204,165.9,174.7,312.98,341.54,"Engineering-only pilot output for quasi-real decision-support method review (non-publication, non-acceptance, non-operational); not publication evidence, not final-study evidence, not formal acceptance evidence, not calibrated real-world results, and not an operational route plan or forecast. Base profile scope: Pilot full scenario-policy-seed output for quasi-real decision-support evaluation; not calibrated real-world results or an operational forecast."
goseong_mobilization,cached_graphml:data/cache/goseong_nodelink_road.graphml;road_class_overrides:data/parameters/road_class_overrides.csv,heavy_congestion_bus,no_disruption,no_disruption,none,none,bus_only,30,0.93,1.67,928.76,341.41,1143.04,0.0,1143.04,3806.77,0.0206,164.42,173.22,310.24,338.57,"Engineering-only pilot output for quasi-real decision-support method review (non-publication, non-acceptance, non-operational); not publication evidence, not final-study evidence, not formal acceptance evidence, not calibrated real-world results, and not an operational route plan or forecast. Base profile scope: Pilot full scenario-policy-seed output for quasi-real decision-support evaluation; not calibrated real-world results or an operational forecast."
goseong_mobilization,cached_graphml:data/cache/goseong_nodelink_road.graphml;road_class_overrides:data/parameters/road_class_overrides.csv,heavy_congestion_multimodal,goseong_access_origin_to_destination,access_road,capacity_reduction,capacity_reduction,multimodal,30,0.0,24.0,7680.0,inf,1429.6,334.4,1764.0,12626.35,0.0,inf,inf,inf,inf,"Engineering-only pilot output for quasi-real decision-support method review (non-publication, non-acceptance, non-operational); not publication evidence, not final-study evidence, not formal acceptance evidence, not calibrated real-world results, and not an operational route plan or forecast. Base profile scope: Pilot full scenario-policy-seed output for quasi-real decision-support evaluation; not calibrated real-world results or an operational forecast."
goseong_mobilization,cached_graphml:data/cache/goseong_nodelink_road.graphml;road_class_overrides:data/parameters/road_class_overrides.csv,heavy_congestion_multimodal,goseong_access_origin_to_station,access_road,capacity_reduction,capacity_reduction,multimodal,30,0.0,24.0,7680.0,inf,1708.02,228.0,1936.02,8699.99,0.0,inf,inf,inf,inf,"Engineering-only pilot output for quasi-real decision-support method review (non-publication, non-acceptance, non-operational); not publication evidence, not final-study evidence, not formal acceptance evidence, not calibrated real-world results, and not an operational route plan or forecast. Base profile scope: Pilot full scenario-policy-seed output for quasi-real decision-support evaluation; not calibrated real-world results or an operational forecast."
goseong_mobilization,cached_graphml:data/cache/goseong_nodelink_road.graphml;road_class_overrides:data/parameters/road_class_overrides.csv,heavy_congestion_multimodal,goseong_access_road_damage_extreme,access_road,capacity_reduction,capacity_reduction,multimodal,30,0.49,12.33,4180.0,441.52,1676.64,342.0,2018.64,8823.01,0.0059,428.08,432.1,440.26,441.18,"Engineering-only pilot output for quasi-real decision-support method review (non-publication, non-acceptance, non-operational); not publication evidence, not final-study evidence, not formal acceptance evidence, not calibrated real-world results, and not an operational route plan or forecast. Base profile scope: Pilot full scenario-policy-seed output for quasi-real decision-support evaluation; not calibrated real-world results or an operational forecast."
goseong_mobilization,cached_graphml:data/cache/goseong_nodelink_road.graphml;road_class_overrides:data/parameters/road_class_overrides.csv,heavy_congestion_multimodal,goseong_access_road_damage_mild,access_road,capacity_reduction,capacity_reduction,multimodal,30,0.89,2.63,1261.44,394.41,799.32,433.2,1232.52,6089.9,0.0178,278.08,283.19,374.42,394.25,"Engineering-only pilot output for quasi-real decision-support method review (non-publication, non-acceptance, non-operational); not publication evidence, not final-study evidence, not formal acceptance evidence, not calibrated real-world results, and not an operational route plan or forecast. Base profile scope: Pilot full scenario-policy-seed output for quasi-real decision-support evaluation; not calibrated real-world results or an operational forecast."
goseong_mobilization,cached_graphml:data/cache/goseong_nodelink_road.graphml;road_class_overrides:data/parameters/road_class_overrides.csv,heavy_congestion_multimodal,goseong_access_road_damage_severe,access_road,capacity_reduction,capacity_reduction,multimodal,30,0.93,1.73,984.16,426.7,1013.25,437.0,1450.25,6971.52,0.0159,308.08,363.92,421.82,426.59,"Engineering-only pilot output for quasi-real decision-support method review (non-publication, non-acceptance, non-operational); not publication evidence, not final-study evidence, not formal acceptance evidence, not calibrated real-world results, and not an operational route plan or forecast. Base profile scope: Pilot full scenario-policy-seed output for quasi-real decision-support evaluation; not calibrated real-world results or an operational forecast."
goseong_mobilization,cached_graphml:data/cache/goseong_nodelink_road.graphml;road_class_overrides:data/parameters/road_class_overrides.csv,heavy_congestion_multimodal,goseong_combo_access_rail_capacity,access_road,capacity_reduction,capacity_reduction,multimodal,30,0.0,24.0,7680.0,inf,1429.6,334.4,1764.0,12626.35,0.0,inf,inf,inf,inf,"Engineering-only pilot output for quasi-real decision-support method review (non-publication, non-acceptance, non-operational); not publication evidence, not final-study evidence, not formal acceptance evidence, not calibrated real-world results, and not an operational route plan or forecast. Base profile scope: Pilot full scenario-policy-seed output for quasi-real decision-support evaluation; not calibrated real-world results or an operational forecast."
goseong_mobilization,cached_graphml:data/cache/goseong_nodelink_road.graphml;road_class_overrides:data/parameters/road_class_overrides.csv,heavy_congestion_multimodal,goseong_critical_link_blockage,critical_link,blocked,blocked,multimodal,30,0.97,0.67,634.0,394.06,636.12,334.4,970.52,5798.85,0.0249,278.08,283.19,390.39,393.56,"Engineering-only pilot output for quasi-real decision-support method review (non-publication, non-acceptance, non-operational); not publication evidence, not final-study evidence, not formal acceptance evidence, not calibrated real-world results, and not an operational route plan or forecast. Base profile scope: Pilot full scenario-policy-seed output for quasi-real decision-support evaluation; not calibrated real-world results or an operational forecast."
goseong_mobilization,cached_graphml:data/cache/goseong_nodelink_road.graphml;road_class_overrides:data/parameters/road_class_overrides.csv,heavy_congestion_multimodal,goseong_last_mile_damage_extreme,last_mile,capacity_reduction,capacity_reduction,multimodal,30,0.0,24.0,7680.0,inf,1679.92,334.4,2014.32,14633.15,0.0,inf,inf,inf,inf,"Engineering-only pilot output for quasi-real decision-support method review (non-publication, non-acceptance, non-operational); not publication evidence, not final-study evidence, not formal acceptance evidence, not calibrated real-world results, and not an operational route plan or forecast. Base profile scope: Pilot full scenario-policy-seed output for quasi-real decision-support evaluation; not calibrated real-world results or an operational forecast."
goseong_mobilization,cached_graphml:data/cache/goseong_nodelink_road.graphml;road_class_overrides:data/parameters/road_class_overrides.csv,heavy_congestion_multimodal,goseong_last_mile_damage_mild,last_mile,capacity_reduction,capacity_reduction,multimodal,30,0.62,9.03,3190.0,329.62,776.76,334.4,1111.16,6859.15,0.0137,324.14,328.07,329.62,329.62,"Engineering-only pilot output for quasi-real decision-support method review (non-publication, non-acceptance, non-operational); not publication evidence, not final-study evidence, not formal acceptance evidence, not calibrated real-world results, and not an operational route plan or forecast. Base profile scope: Pilot full scenario-policy-seed output for quasi-real decision-support evaluation; not calibrated real-world results or an operational forecast."
goseong_mobilization,cached_graphml:data/cache/goseong_nodelink_road.graphml;road_class_overrides:data/parameters/road_class_overrides.csv,heavy_congestion_multimodal,goseong_last_mile_damage_severe,last_mile,capacity_reduction,capacity_reduction,multimodal,30,0.29,17.03,5590.0,446.97,1064.33,334.4,1398.72,9193.39,0.005,446.97,446.97,446.97,446.97,"Engineering-only pilot output for quasi-real decision-support method review (non-publication, non-acceptance, non-operational); not publication evidence, not final-study evidence, not formal acceptance evidence, not calibrated real-world results, and not an operational route plan or forecast. Base profile scope: Pilot full scenario-policy-seed output for quasi-real decision-support evaluation; not calibrated real-world results or an operational forecast."
goseong_mobilization,cached_graphml:data/cache/goseong_nodelink_road.graphml;road_class_overrides:data/parameters/road_class_overrides.csv,heavy_congestion_multimodal,goseong_last_mile_station_to_destination,last_mile,capacity_reduction,capacity_reduction,multimodal,30,0.0,24.0,7680.0,inf,2258.22,334.4,2592.62,18882.49,0.0,inf,inf,inf,inf,"Engineering-only pilot output for quasi-real decision-support method review (non-publication, non-acceptance, non-operational); not publication evidence, not final-study evidence, not formal acceptance evidence, not calibrated real-world results, and not an operational route plan or forecast. Base profile scope: Pilot full scenario-policy-seed output for quasi-real decision-support evaluation; not calibrated real-world results or an operational forecast."
goseong_mobilization,cached_graphml:data/cache/goseong_nodelink_road.graphml;road_class_overrides:data/parameters/road_class_overrides.csv,heavy_congestion_multimodal,goseong_long_haul_damage_severe,access_road,capacity_reduction,capacity_reduction,multimodal,30,0.97,0.67,634.0,394.06,636.12,334.4,970.52,5798.85,0.0249,278.08,283.19,390.39,393.56,"Engineering-only pilot output for quasi-real decision-support method review (non-publication, non-acceptance, non-operational); not publication evidence, not final-study evidence, not formal acceptance evidence, not calibrated real-world results, and not an operational route plan or forecast. Base profile scope: Pilot full scenario-policy-seed output for quasi-real decision-support evaluation; not calibrated real-world results or an operational forecast."
goseong_mobilization,cached_graphml:data/cache/goseong_nodelink_road.graphml;road_class_overrides:data/parameters/road_class_overrides.csv,heavy_congestion_multimodal,goseong_rail_capacity_reduction,rail_service,none,none,multimodal,30,0.97,0.67,634.0,394.06,636.12,334.4,970.52,5798.85,0.0249,278.08,283.19,390.39,393.56,"Engineering-only pilot output for quasi-real decision-support method review (non-publication, non-acceptance, non-operational); not publication evidence, not final-study evidence, not formal acceptance evidence, not calibrated real-world results, and not an operational route plan or forecast. Base profile scope: Pilot full scenario-policy-seed output for quasi-real decision-support evaluation; not calibrated real-world results or an operational forecast."
goseong_mobilization,cached_graphml:data/cache/goseong_nodelink_road.graphml;road_class_overrides:data/parameters/road_class_overrides.csv,heavy_congestion_multimodal,goseong_rail_combined_stress,rail_service,none,none,multimodal,30,0.98,0.6,635.3,439.06,625.8,484.5,1110.3,7166.85,0.0217,323.08,328.19,435.39,438.56,"Engineering-only pilot output for quasi-real decision-support method review (non-publication, non-acceptance, non-operational); not publication evidence, not final-study evidence, not formal acceptance evidence, not calibrated real-world results, and not an operational route plan or forecast. Base profile scope: Pilot full scenario-policy-seed output for quasi-real decision-support evaluation; not calibrated real-world results or an operational forecast."
goseong_mobilization,cached_graphml:data/cache/goseong_nodelink_road.graphml;road_class_overrides:data/parameters/road_class_overrides.csv,heavy_congestion_multimodal,goseong_rail_combined_stress_mild,rail_service,none,none,multimodal,30,0.94,1.53,925.18,424.41,677.37,433.2,1110.57,6346.24,0.0208,278.08,358.78,398.1,419.83,"Engineering-only pilot output for quasi-real decision-support method review (non-publication, non-acceptance, non-operational); not publication evidence, not final-study evidence, not formal acceptance evidence, not calibrated real-world results, and not an operational route plan or forecast. Base profile scope: Pilot full scenario-policy-seed output for quasi-real decision-support evaluation; not calibrated real-world results or an operational forecast."
goseong_mobilization,cached_graphml:data/cache/goseong_nodelink_road.graphml;road_class_overrides:data/parameters/road_class_overrides.csv,heavy_congestion_multimodal,goseong_rail_combined_stress_severe,rail_service,none,none,multimodal,30,0.62,9.03,3190.0,398.19,577.68,516.8,1094.48,8517.63,0.0139,393.08,394.53,398.19,398.19,"Engineering-only pilot output for quasi-real decision-support method review (non-publication, non-acceptance, non-operational); not publication evidence, not final-study evidence, not formal acceptance evidence, not calibrated real-world results, and not an operational route plan or forecast. Base profile scope: Pilot full scenario-policy-seed output for quasi-real decision-support evaluation; not calibrated real-world results or an operational forecast."
goseong_mobilization,cached_graphml:data/cache/goseong_nodelink_road.graphml;road_class_overrides:data/parameters/road_class_overrides.csv,heavy_congestion_multimodal,goseong_rail_delay,rail_service,none,none,multimodal,30,0.97,0.67,666.0,454.06,636.12,501.6,1137.72,7166.85,0.0213,338.08,343.19,450.39,453.56,"Engineering-only pilot output for quasi-real decision-support method review (non-publication, non-acceptance, non-operational); not publication evidence, not final-study evidence, not formal acceptance evidence, not calibrated real-world results, and not an operational route plan or forecast. Base profile scope: Pilot full scenario-policy-seed output for quasi-real decision-support evaluation; not calibrated real-world results or an operational forecast."
goseong_mobilization,cached_graphml:data/cache/goseong_nodelink_road.graphml;road_class_overrides:data/parameters/road_class_overrides.csv,heavy_congestion_multimodal,goseong_rail_delay_mild,rail_service,none,none,multimodal,30,0.97,0.67,647.34,419.06,636.12,401.28,1037.4,6346.05,0.0233,303.08,308.19,415.39,418.56,"Engineering-only pilot output for quasi-real decision-support method review (non-publication, non-acceptance, non-operational); not publication evidence, not final-study evidence, not formal acceptance evidence, not calibrated real-world results, and not an operational route plan or forecast. Base profile scope: Pilot full scenario-policy-seed output for quasi-real decision-support evaluation; not calibrated real-world results or an operational forecast."
goseong_mobilization,cached_graphml:data/cache/goseong_nodelink_road.graphml;road_class_overrides:data/parameters/road_class_overrides.csv,heavy_congestion_multimodal,goseong_rail_delay_severe,rail_service,none,none,multimodal,30,0.62,9.03,3190.0,398.19,584.56,668.8,1253.36,8466.11,0.0123,393.08,394.53,398.19,398.19,"Engineering-only pilot output for quasi-real decision-support method review (non-publication, non-acceptance, non-operational); not publication evidence, not final-study evidence, not formal acceptance evidence, not calibrated real-world results, and not an operational route plan or forecast. Base profile scope: Pilot full scenario-policy-seed output for quasi-real decision-support evaluation; not calibrated real-world results or an operational forecast."
goseong_mobilization,cached_graphml:data/cache/goseong_nodelink_road.graphml;road_class_overrides:data/parameters/road_class_overrides.csv,heavy_congestion_multimodal,goseong_rail_station_access,rail_station_access,capacity_reduction,capacity_reduction,multimodal,30,0.77,5.43,2110.0,419.42,961.07,596.6,1557.67,6359.27,0.0124,278.08,327.09,392.19,416.19,"Engineering-only pilot output for quasi-real decision-support method review (non-publication, non-acceptance, non-operational); not publication evidence, not final-study evidence, not formal acceptance evidence, not calibrated real-world results, and not an operational route plan or forecast. Base profile scope: Pilot full scenario-policy-seed output for quasi-real decision-support evaluation; not calibrated real-world results or an operational forecast."
goseong_mobilization,cached_graphml:data/cache/goseong_nodelink_road.graphml;road_class_overrides:data/parameters/road_class_overrides.csv,heavy_congestion_multimodal,goseong_rail_unavailable,rail_service,none,none,multimodal,30,0.0,24.0,7680.0,inf,178.86,33440.0,33618.86,274187.6,0.0,inf,inf,inf,inf,"Engineering-only pilot output for quasi-real decision-support method review (non-publication, non-acceptance, non-operational); not publication evidence, not final-study evidence, not formal acceptance evidence, not calibrated real-world results, and not an operational route plan or forecast. Base profile scope: Pilot full scenario-policy-seed output for quasi-real decision-support evaluation; not calibrated real-world results or an operational forecast."
goseong_mobilization,cached_graphml:data/cache/goseong_nodelink_road.graphml;road_class_overrides:data/parameters/road_class_overrides.csv,heavy_congestion_multimodal,goseong_random_blockage,random,blocked,blocked,multimodal,30,0.0,24.0,7680.0,inf,178.86,334.4,513.26,3323.6,0.0,inf,inf,inf,inf,"Engineering-only pilot output for quasi-real decision-support method review (non-publication, non-acceptance, non-operational); not publication evidence, not final-study evidence, not formal acceptance evidence, not calibrated real-world results, and not an operational route plan or forecast. Base profile scope: Pilot full scenario-policy-seed output for quasi-real decision-support evaluation; not calibrated real-world results or an operational forecast."
goseong_mobilization,cached_graphml:data/cache/goseong_nodelink_road.graphml;road_class_overrides:data/parameters/road_class_overrides.csv,heavy_congestion_multimodal,goseong_random_capacity_reduction,random,capacity_reduction,capacity_reduction,multimodal,30,0.97,0.67,634.0,394.06,636.12,334.4,970.52,5798.85,0.0249,278.08,283.19,390.39,393.56,"Engineering-only pilot output for quasi-real decision-support method review (non-publication, non-acceptance, non-operational); not publication evidence, not final-study evidence, not formal acceptance evidence, not calibrated real-world results, and not an operational route plan or forecast. Base profile scope: Pilot full scenario-policy-seed output for quasi-real decision-support evaluation; not calibrated real-world results or an operational forecast."
goseong_mobilization,cached_graphml:data/cache/goseong_nodelink_road.graphml;road_class_overrides:data/parameters/road_class_overrides.csv,heavy_congestion_multimodal,goseong_spatial_assembly_egress,spatial_hazard_overlay,capacity_reduction,capacity_reduction,multimodal,30,0.97,0.67,634.0,394.06,646.99,334.4,981.39,5834.55,0.0246,278.08,283.19,390.39,393.56,"Engineering-only pilot output for quasi-real decision-support method review (non-publication, non-acceptance, non-operational); not publication evidence, not final-study evidence, not formal acceptance evidence, not calibrated real-world results, and not an operational route plan or forecast. Base profile scope: Pilot full scenario-policy-seed output for quasi-real decision-support evaluation; not calibrated real-world results or an operational forecast."
goseong_mobilization,cached_graphml:data/cache/goseong_nodelink_road.graphml;road_class_overrides:data/parameters/road_class_overrides.csv,heavy_congestion_multimodal,no_disruption,no_disruption,none,none,multimodal,30,0.97,0.67,634.0,394.06,636.12,334.4,970.52,5798.85,0.0249,278.08,283.19,390.39,393.56,"Engineering-only pilot output for quasi-real decision-support method review (non-publication, non-acceptance, non-operational); not publication evidence, not final-study evidence, not formal acceptance evidence, not calibrated real-world results, and not an operational route plan or forecast. Base profile scope: Pilot full scenario-policy-seed output for quasi-real decision-support evaluation; not calibrated real-world results or an operational forecast."
goseong_mobilization,cached_graphml:data/cache/goseong_nodelink_road.graphml;road_class_overrides:data/parameters/road_class_overrides.csv,lastmile_capacity_mild,goseong_access_origin_to_destination,access_road,capacity_reduction,capacity_reduction,multimodal,30,1.0,0.0,286.27,286.27,307.58,353.4,660.98,4626.16,0.0387,208.64,234.67,239.78,261.91,"Engineering-only pilot output for quasi-real decision-support method review (non-publication, non-acceptance, non-operational); not publication evidence, not final-study evidence, not formal acceptance evidence, not calibrated real-world results, and not an operational route plan or forecast. Base profile scope: Pilot full scenario-policy-seed output for quasi-real decision-support evaluation; not calibrated real-world results or an operational forecast."
goseong_mobilization,cached_graphml:data/cache/goseong_nodelink_road.graphml;road_class_overrides:data/parameters/road_class_overrides.csv,lastmile_capacity_mild,goseong_access_origin_to_station,access_road,capacity_reduction,capacity_reduction,multimodal,30,1.0,0.0,283.03,283.03,308.05,353.4,661.45,4599.0,0.0387,206.59,232.59,237.65,258.83,"Engineering-only pilot output for quasi-real decision-support method review (non-publication, non-acceptance, non-operational); not publication evidence, not final-study evidence, not formal acceptance evidence, not calibrated real-world results, and not an operational route plan or forecast. Base profile scope: Pilot full scenario-policy-seed output for quasi-real decision-support evaluation; not calibrated real-world results or an operational forecast."
goseong_mobilization,cached_graphml:data/cache/goseong_nodelink_road.graphml;road_class_overrides:data/parameters/road_class_overrides.csv,lastmile_capacity_mild,goseong_access_road_damage_extreme,access_road,capacity_reduction,capacity_reduction,multimodal,30,0.93,1.67,967.75,446.59,1004.59,349.6,1354.19,6994.15,0.0175,326.59,326.59,428.99,446.59,"Engineering-only pilot output for quasi-real decision-support method review (non-publication, non-acceptance, non-operational); not publication evidence, not final-study evidence, not formal acceptance evidence, not calibrated real-world results, and not an operational route plan or forecast. Base profile scope: Pilot full scenario-policy-seed output for quasi-real decision-support evaluation; not calibrated real-world results or an operational forecast."
goseong_mobilization,cached_graphml:data/cache/goseong_nodelink_road.graphml;road_class_overrides:data/parameters/road_class_overrides.csv,lastmile_capacity_mild,goseong_access_road_damage_mild,access_road,capacity_reduction,capacity_reduction,multimodal,30,1.0,0.0,304.35,304.35,345.6,334.4,680.0,4757.14,0.0372,236.59,238.59,265.45,286.13,"Engineering-only pilot output for quasi-real decision-support method review (non-publication, non-acceptance, non-operational); not publication evidence, not final-study evidence, not formal acceptance evidence, not calibrated real-world results, and not an operational route plan or forecast. Base profile scope: Pilot full scenario-policy-seed output for quasi-real decision-support evaluation; not calibrated real-world results or an operational forecast."
goseong_mobilization,cached_graphml:data/cache/goseong_nodelink_road.graphml;road_class_overrides:data/parameters/road_class_overrides.csv,lastmile_capacity_mild,goseong_access_road_damage_severe,access_road,capacity_reduction,capacity_reduction,multimodal,30,1.0,0.0,350.47,350.47,568.71,440.8,1009.51,5300.94,0.0245,236.59,265.23,304.63,331.05,"Engineering-only pilot output for quasi-real decision-support method review (non-publication, non-acceptance, non-operational); not publication evidence, not final-study evidence, not formal acceptance evidence, not calibrated real-world results, and not an operational route plan or forecast. Base profile scope: Pilot full scenario-policy-seed output for quasi-real decision-support evaluation; not calibrated real-world results or an operational forecast."
goseong_mobilization,cached_graphml:data/cache/goseong_nodelink_road.graphml;road_class_overrides:data/parameters/road_class_overrides.csv,lastmile_capacity_mild,goseong_combo_access_rail_capacity,access_road,capacity_reduction,capacity_reduction,multimodal,30,1.0,0.0,286.27,286.27,307.58,353.4,660.98,4626.16,0.0387,208.64,234.67,239.78,261.91,"Engineering-only pilot output for quasi-real decision-support method review (non-publication, non-acceptance, non-operational); not publication evidence, not final-study evidence, not formal acceptance evidence, not calibrated real-world results, and not an operational route plan or forecast. Base profile scope: Pilot full scenario-policy-seed output for quasi-real decision-support evaluation; not calibrated real-world results or an operational forecast."
goseong_mobilization,cached_graphml:data/cache/goseong_nodelink_road.graphml;road_class_overrides:data/parameters/road_class_overrides.csv,lastmile_capacity_mild,goseong_critical_link_blockage,critical_link,blocked,blocked,multimodal,30,1.0,0.0,283.03,283.03,301.12,353.4,654.52,4576.47,0.0391,206.59,232.59,237.65,258.83,"Engineering-only pilot output for quasi-real decision-support method review (non-publication, non-acceptance, non-operational); not publication evidence, not final-study evidence, not formal acceptance evidence, not calibrated real-world results, and not an operational route plan or forecast. Base profile scope: Pilot full scenario-policy-seed output for quasi-real decision-support evaluation; not calibrated real-world results or an operational forecast."
goseong_mobilization,cached_graphml:data/cache/goseong_nodelink_road.graphml;road_class_overrides:data/parameters/road_class_overrides.csv,lastmile_capacity_mild,goseong_last_mile_damage_extreme,last_mile,capacity_reduction,capacity_reduction,multimodal,30,0.0,24.0,7680.0,inf,1095.67,353.4,1449.07,14020.75,0.0,inf,inf,inf,inf,"Engineering-only pilot output for quasi-real decision-support method review (non-publication, non-acceptance, non-operational); not publication evidence, not final-study evidence, not formal acceptance evidence, not calibrated real-world results, and not an operational route plan or forecast. Base profile scope: Pilot full scenario-policy-seed output for quasi-real decision-support evaluation; not calibrated real-world results or an operational forecast."
goseong_mobilization,cached_graphml:data/cache/goseong_nodelink_road.graphml;road_class_overrides:data/parameters/road_class_overrides.csv,lastmile_capacity_mild,goseong_last_mile_damage_mild,last_mile,capacity_reduction,capacity_reduction,multimodal,30,1.0,0.0,335.35,335.35,396.59,353.4,749.99,5315.59,0.0342,237.39,263.39,269.27,304.82,"Engineering-only pilot output for quasi-real decision-support method review (non-publication, non-acceptance, non-operational); not publication evidence, not final-study evidence, not formal acceptance evidence, not calibrated real-world results, and not an operational route plan or forecast. Base profile scope: Pilot full scenario-policy-seed output for quasi-real decision-support evaluation; not calibrated real-world results or an operational forecast."
goseong_mobilization,cached_graphml:data/cache/goseong_nodelink_road.graphml;road_class_overrides:data/parameters/road_class_overrides.csv,lastmile_capacity_mild,goseong_last_mile_damage_severe,last_mile,capacity_reduction,capacity_reduction,multimodal,30,0.92,1.83,1001.95,359.78,670.68,353.4,1024.08,7520.62,0.0233,329.78,351.28,359.78,359.78,"Engineering-only pilot output for quasi-real decision-support method review (non-publication, non-acceptance, non-operational); not publication evidence, not final-study evidence, not formal acceptance evidence, not calibrated real-world results, and not an operational route plan or forecast. Base profile scope: Pilot full scenario-policy-seed output for quasi-real decision-support evaluation; not calibrated real-world results or an operational forecast."
goseong_mobilization,cached_graphml:data/cache/goseong_nodelink_road.graphml;road_class_overrides:data/parameters/road_class_overrides.csv,lastmile_capacity_mild,goseong_last_mile_station_to_destination,last_mile,capacity_reduction,capacity_reduction,multimodal,30,1.0,0.0,288.9,288.9,312.73,353.4,666.13,4666.27,0.0384,210.3,236.34,241.51,264.42,"Engineering-only pilot output for quasi-real decision-support method review (non-publication, non-acceptance, non-operational); not publication evidence, not final-study evidence, not formal acceptance evidence, not calibrated real-world results, and not an operational route plan or forecast. Base profile scope: Pilot full scenario-policy-seed output for quasi-real decision-support evaluation; not calibrated real-world results or an operational forecast."
goseong_mobilization,cached_graphml:data/cache/goseong_nodelink_road.graphml;road_class_overrides:data/parameters/road_class_overrides.csv,lastmile_capacity_mild,goseong_long_haul_damage_severe,access_road,capacity_reduction,capacity_reduction,multimodal,30,1.0,0.0,283.03,283.03,301.12,353.4,654.52,4576.47,0.0391,206.59,232.59,237.65,258.83,"Engineering-only pilot output for quasi-real decision-support method review (non-publication, non-acceptance, non-operational); not publication evidence, not final-study evidence, not formal acceptance evidence, not calibrated real-world results, and not an operational route plan or forecast. Base profile scope: Pilot full scenario-policy-seed output for quasi-real decision-support evaluation; not calibrated real-world results or an operational forecast."
goseong_mobilization,cached_graphml:data/cache/goseong_nodelink_road.graphml;road_class_overrides:data/parameters/road_class_overrides.csv,lastmile_capacity_mild,goseong_rail_capacity_reduction,rail_service,none,none,multimodal,30,1.0,0.0,283.03,283.03,301.12,353.4,654.52,4576.47,0.0391,206.59,232.59,237.65,258.83,"Engineering-only pilot output for quasi-real decision-support method review (non-publication, non-acceptance, non-operational); not publication evidence, not final-study evidence, not formal acceptance evidence, not calibrated real-world results, and not an operational route plan or forecast. Base profile scope: Pilot full scenario-policy-seed output for quasi-real decision-support evaluation; not calibrated real-world results or an operational forecast."
goseong_mobilization,cached_graphml:data/cache/goseong_nodelink_road.graphml;road_class_overrides:data/parameters/road_class_overrides.csv,lastmile_capacity_mild,goseong_rail_combined_stress,rail_service,none,none,multimodal,30,1.0,0.0,346.09,346.09,260.06,416.1,676.16,5944.46,0.0371,281.59,284.59,323.29,330.64,"Engineering-only pilot output for quasi-real decision-support method review (non-publication, non-acceptance, non-operational); not publication evidence, not final-study evidence, not formal acceptance evidence, not calibrated real-world results, and not an operational route plan or forecast. Base profile scope: Pilot full scenario-policy-seed output for quasi-real decision-support evaluation; not calibrated real-world results or an operational forecast."
goseong_mobilization,cached_graphml:data/cache/goseong_nodelink_road.graphml;road_class_overrides:data/parameters/road_class_overrides.csv,lastmile_capacity_mild,goseong_rail_combined_stress_mild,rail_service,none,none,multimodal,30,1.0,0.0,303.09,303.09,280.59,378.48,659.07,5123.66,0.0389,236.59,238.92,269.02,283.34,"Engineering-only pilot output for quasi-real decision-support method review (non-publication, non-acceptance, non-operational); not publication evidence, not final-study evidence, not formal acceptance evidence, not calibrated real-world results, and not an operational route plan or forecast. Base profile scope: Pilot full scenario-policy-seed output for quasi-real decision-support evaluation; not calibrated real-world results or an operational forecast."
goseong_mobilization,cached_graphml:data/cache/goseong_nodelink_road.graphml;road_class_overrides:data/parameters/road_class_overrides.csv,lastmile_capacity_mild,goseong_rail_combined_stress_severe,rail_service,none,none,multimodal,30,1.0,0.0,407.59,407.59,225.15,425.6,650.75,7312.44,0.0404,351.59,351.59,353.19,381.19,"Engineering-only pilot output for quasi-real decision-support method review (non-publication, non-acceptance, non-operational); not publication evidence, not final-study evidence, not formal acceptance evidence, not calibrated real-world results, and not an operational route plan or forecast. Base profile scope: Pilot full scenario-policy-seed output for quasi-real decision-support evaluation; not calibrated real-world results or an operational forecast."
goseong_mobilization,cached_graphml:data/cache/goseong_nodelink_road.graphml;road_class_overrides:data/parameters/road_class_overrides.csv,lastmile_capacity_mild,goseong_rail_delay,rail_service,none,none,multimodal,30,1.0,0.0,343.03,343.03,301.12,530.1,831.22,5944.47,0.0308,266.59,292.59,297.65,318.83,"Engineering-only pilot output for quasi-real decision-support method review (non-publication, non-acceptance, non-operational); not publication evidence, not final-study evidence, not formal acceptance evidence, not calibrated real-world results, and not an operational route plan or forecast. Base profile scope: Pilot full scenario-policy-seed output for quasi-real decision-support evaluation; not calibrated real-world results or an operational forecast."
goseong_mobilization,cached_graphml:data/cache/goseong_nodelink_road.graphml;road_class_overrides:data/parameters/road_class_overrides.csv,lastmile_capacity_mild,goseong_rail_delay_mild,rail_service,none,none,multimodal,30,1.0,0.0,308.03,308.03,301.12,424.08,725.2,5123.67,0.0353,231.59,257.59,262.65,283.83,"Engineering-only pilot output for quasi-real decision-support method review (non-publication, non-acceptance, non-operational); not publication evidence, not final-study evidence, not formal acceptance evidence, not calibrated real-world results, and not an operational route plan or forecast. Base profile scope: Pilot full scenario-policy-seed output for quasi-real decision-support evaluation; not calibrated real-world results or an operational forecast."
goseong_mobilization,cached_graphml:data/cache/goseong_nodelink_road.graphml;road_class_overrides:data/parameters/road_class_overrides.csv,lastmile_capacity_mild,goseong_rail_delay_severe,rail_service,none,none,multimodal,30,1.0,0.0,398.03,398.03,301.12,706.8,1007.92,7312.47,0.0255,321.59,347.59,352.65,373.83,"Engineering-only pilot output for quasi-real decision-support method review (non-publication, non-acceptance, non-operational); not publication evidence, not final-study evidence, not formal acceptance evidence, not calibrated real-world results, and not an operational route plan or forecast. Base profile scope: Pilot full scenario-policy-seed output for quasi-real decision-support evaluation; not calibrated real-world results or an operational forecast."
goseong_mobilization,cached_graphml:data/cache/goseong_nodelink_road.graphml;road_class_overrides:data/parameters/road_class_overrides.csv,lastmile_capacity_mild,goseong_rail_station_access,rail_station_access,capacity_reduction,capacity_reduction,multimodal,30,1.0,0.0,283.03,283.03,301.93,353.4,655.33,4579.1,0.039,206.59,232.59,237.65,258.83,"Engineering-only pilot output for quasi-real decision-support method review (non-publication, non-acceptance, non-operational); not publication evidence, not final-study evidence, not formal acceptance evidence, not calibrated real-world results, and not an operational route plan or forecast. Base profile scope: Pilot full scenario-policy-seed output for quasi-real decision-support evaluation; not calibrated real-world results or an operational forecast."
goseong_mobilization,cached_graphml:data/cache/goseong_nodelink_road.graphml;road_class_overrides:data/parameters/road_class_overrides.csv,lastmile_capacity_mild,goseong_rail_unavailable,rail_service,none,none,multimodal,30,0.0,24.0,7680.0,inf,110.18,35340.0,35450.18,273962.24,0.0,inf,inf,inf,inf,"Engineering-only pilot output for quasi-real decision-support method review (non-publication, non-acceptance, non-operational); not publication evidence, not final-study evidence, not formal acceptance evidence, not calibrated real-world results, and not an operational route plan or forecast. Base profile scope: Pilot full scenario-policy-seed output for quasi-real decision-support evaluation; not calibrated real-world results or an operational forecast."
goseong_mobilization,cached_graphml:data/cache/goseong_nodelink_road.graphml;road_class_overrides:data/parameters/road_class_overrides.csv,lastmile_capacity_mild,goseong_random_blockage,random,blocked,blocked,multimodal,30,0.0,24.0,7680.0,inf,110.18,353.4,463.58,3098.24,0.0,inf,inf,inf,inf,"Engineering-only pilot output for quasi-real decision-support method review (non-publication, non-acceptance, non-operational); not publication evidence, not final-study evidence, not formal acceptance evidence, not calibrated real-world results, and not an operational route plan or forecast. Base profile scope: Pilot full scenario-policy-seed output for quasi-real decision-support evaluation; not calibrated real-world results or an operational forecast."
goseong_mobilization,cached_graphml:data/cache/goseong_nodelink_road.graphml;road_class_overrides:data/parameters/road_class_overrides.csv,lastmile_capacity_mild,goseong_random_capacity_reduction,random,capacity_reduction,capacity_reduction,multimodal,30,1.0,0.0,283.03,283.03,301.12,353.4,654.52,4576.47,0.0391,206.59,232.59,237.65,258.83,"Engineering-only pilot output for quasi-real decision-support method review (non-publication, non-acceptance, non-operational); not publication evidence, not final-study evidence, not formal acceptance evidence, not calibrated real-world results, and not an operational route plan or forecast. Base profile scope: Pilot full scenario-policy-seed output for quasi-real decision-support evaluation; not calibrated real-world results or an operational forecast."
goseong_mobilization,cached_graphml:data/cache/goseong_nodelink_road.graphml;road_class_overrides:data/parameters/road_class_overrides.csv,lastmile_capacity_mild,goseong_spatial_assembly_egress,spatial_hazard_overlay,capacity_reduction,capacity_reduction,multimodal,30,1.0,0.0,283.03,283.03,301.17,353.4,654.57,4576.62,0.0391,206.59,232.59,237.65,258.83,"Engineering-only pilot output for quasi-real decision-support method review (non-publication, non-acceptance, non-operational); not publication evidence, not final-study evidence, not formal acceptance evidence, not calibrated real-world results, and not an operational route plan or forecast. Base profile scope: Pilot full scenario-policy-seed output for quasi-real decision-support evaluation; not calibrated real-world results or an operational forecast."
goseong_mobilization,cached_graphml:data/cache/goseong_nodelink_road.graphml;road_class_overrides:data/parameters/road_class_overrides.csv,lastmile_capacity_mild,no_disruption,no_disruption,none,none,multimodal,30,1.0,0.0,283.03,283.03,301.12,353.4,654.52,4576.47,0.0391,206.59,232.59,237.65,258.83,"Engineering-only pilot output for quasi-real decision-support method review (non-publication, non-acceptance, non-operational); not publication evidence, not final-study evidence, not formal acceptance evidence, not calibrated real-world results, and not an operational route plan or forecast. Base profile scope: Pilot full scenario-policy-seed output for quasi-real decision-support evaluation; not calibrated real-world results or an operational forecast."
goseong_mobilization,cached_graphml:data/cache/goseong_nodelink_road.graphml;road_class_overrides:data/parameters/road_class_overrides.csv,lastmile_capacity_moderate,goseong_access_origin_to_destination,access_road,capacity_reduction,capacity_reduction,multimodal,30,1.0,0.0,286.27,286.27,307.58,353.4,660.98,4626.16,0.0387,208.64,234.67,239.78,261.91,"Engineering-only pilot output for quasi-real decision-support method review (non-publication, non-acceptance, non-operational); not publication evidence, not final-study evidence, not formal acceptance evidence, not calibrated real-world results, and not an operational route plan or forecast. Base profile scope: Pilot full scenario-policy-seed output for quasi-real decision-support evaluation; not calibrated real-world results or an operational forecast."
goseong_mobilization,cached_graphml:data/cache/goseong_nodelink_road.graphml;road_class_overrides:data/parameters/road_class_overrides.csv,lastmile_capacity_moderate,goseong_access_origin_to_station,access_road,capacity_reduction,capacity_reduction,multimodal,30,1.0,0.0,283.03,283.03,308.05,353.4,661.45,4599.0,0.0387,206.59,232.59,237.65,258.83,"Engineering-only pilot output for quasi-real decision-support method review (non-publication, non-acceptance, non-operational); not publication evidence, not final-study evidence, not formal acceptance evidence, not calibrated real-world results, and not an operational route plan or forecast. Base profile scope: Pilot full scenario-policy-seed output for quasi-real decision-support evaluation; not calibrated real-world results or an operational forecast."
goseong_mobilization,cached_graphml:data/cache/goseong_nodelink_road.graphml;road_class_overrides:data/parameters/road_class_overrides.csv,lastmile_capacity_moderate,goseong_access_road_damage_extreme,access_road,capacity_reduction,capacity_reduction,multimodal,30,0.93,1.67,967.75,446.59,1004.59,349.6,1354.19,6994.15,0.0175,326.59,326.59,428.99,446.59,"Engineering-only pilot output for quasi-real decision-support method review (non-publication, non-acceptance, non-operational); not publication evidence, not final-study evidence, not formal acceptance evidence, not calibrated real-world results, and not an operational route plan or forecast. Base profile scope: Pilot full scenario-policy-seed output for quasi-real decision-support evaluation; not calibrated real-world results or an operational forecast."
goseong_mobilization,cached_graphml:data/cache/goseong_nodelink_road.graphml;road_class_overrides:data/parameters/road_class_overrides.csv,lastmile_capacity_moderate,goseong_access_road_damage_mild,access_road,capacity_reduction,capacity_reduction,multimodal,30,1.0,0.0,304.35,304.35,345.6,334.4,680.0,4757.14,0.0372,236.59,238.59,265.45,286.13,"Engineering-only pilot output for quasi-real decision-support method review (non-publication, non-acceptance, non-operational); not publication evidence, not final-study evidence, not formal acceptance evidence, not calibrated real-world results, and not an operational route plan or forecast. Base profile scope: Pilot full scenario-policy-seed output for quasi-real decision-support evaluation; not calibrated real-world results or an operational forecast."
goseong_mobilization,cached_graphml:data/cache/goseong_nodelink_road.graphml;road_class_overrides:data/parameters/road_class_overrides.csv,lastmile_capacity_moderate,goseong_access_road_damage_severe,access_road,capacity_reduction,capacity_reduction,multimodal,30,1.0,0.0,350.47,350.47,568.71,440.8,1009.51,5300.94,0.0245,236.59,265.23,304.63,331.05,"Engineering-only pilot output for quasi-real decision-support method review (non-publication, non-acceptance, non-operational); not publication evidence, not final-study evidence, not formal acceptance evidence, not calibrated real-world results, and not an operational route plan or forecast. Base profile scope: Pilot full scenario-policy-seed output for quasi-real decision-support evaluation; not calibrated real-world results or an operational forecast."
goseong_mobilization,cached_graphml:data/cache/goseong_nodelink_road.graphml;road_class_overrides:data/parameters/road_class_overrides.csv,lastmile_capacity_moderate,goseong_combo_access_rail_capacity,access_road,capacity_reduction,capacity_reduction,multimodal,30,1.0,0.0,286.27,286.27,307.58,353.4,660.98,4626.16,0.0387,208.64,234.67,239.78,261.91,"Engineering-only pilot output for quasi-real decision-support method review (non-publication, non-acceptance, non-operational); not publication evidence, not final-study evidence, not formal acceptance evidence, not calibrated real-world results, and not an operational route plan or forecast. Base profile scope: Pilot full scenario-policy-seed output for quasi-real decision-support evaluation; not calibrated real-world results or an operational forecast."
goseong_mobilization,cached_graphml:data/cache/goseong_nodelink_road.graphml;road_class_overrides:data/parameters/road_class_overrides.csv,lastmile_capacity_moderate,goseong_critical_link_blockage,critical_link,blocked,blocked,multimodal,30,1.0,0.0,283.03,283.03,301.12,353.4,654.52,4576.47,0.0391,206.59,232.59,237.65,258.83,"Engineering-only pilot output for quasi-real decision-support method review (non-publication, non-acceptance, non-operational); not publication evidence, not final-study evidence, not formal acceptance evidence, not calibrated real-world results, and not an operational route plan or forecast. Base profile scope: Pilot full scenario-policy-seed output for quasi-real decision-support evaluation; not calibrated real-world results or an operational forecast."
goseong_mobilization,cached_graphml:data/cache/goseong_nodelink_road.graphml;road_class_overrides:data/parameters/road_class_overrides.csv,lastmile_capacity_moderate,goseong_last_mile_damage_extreme,last_mile,capacity_reduction,capacity_reduction,multimodal,30,0.0,24.0,7680.0,inf,1095.67,353.4,1449.07,14020.75,0.0,inf,inf,inf,inf,"Engineering-only pilot output for quasi-real decision-support method review (non-publication, non-acceptance, non-operational); not publication evidence, not final-study evidence, not formal acceptance evidence, not calibrated real-world results, and not an operational route plan or forecast. Base profile scope: Pilot full scenario-policy-seed output for quasi-real decision-support evaluation; not calibrated real-world results or an operational forecast."
goseong_mobilization,cached_graphml:data/cache/goseong_nodelink_road.graphml;road_class_overrides:data/parameters/road_class_overrides.csv,lastmile_capacity_moderate,goseong_last_mile_damage_mild,last_mile,capacity_reduction,capacity_reduction,multimodal,30,1.0,0.0,335.35,335.35,396.59,353.4,749.99,5315.59,0.0342,237.39,263.39,269.27,304.82,"Engineering-only pilot output for quasi-real decision-support method review (non-publication, non-acceptance, non-operational); not publication evidence, not final-study evidence, not formal acceptance evidence, not calibrated real-world results, and not an operational route plan or forecast. Base profile scope: Pilot full scenario-policy-seed output for quasi-real decision-support evaluation; not calibrated real-world results or an operational forecast."
goseong_mobilization,cached_graphml:data/cache/goseong_nodelink_road.graphml;road_class_overrides:data/parameters/road_class_overrides.csv,lastmile_capacity_moderate,goseong_last_mile_damage_severe,last_mile,capacity_reduction,capacity_reduction,multimodal,30,0.92,1.83,1001.95,359.78,670.68,353.4,1024.08,7520.62,0.0233,329.78,351.28,359.78,359.78,"Engineering-only pilot output for quasi-real decision-support method review (non-publication, non-acceptance, non-operational); not publication evidence, not final-study evidence, not formal acceptance evidence, not calibrated real-world results, and not an operational route plan or forecast. Base profile scope: Pilot full scenario-policy-seed output for quasi-real decision-support evaluation; not calibrated real-world results or an operational forecast."
goseong_mobilization,cached_graphml:data/cache/goseong_nodelink_road.graphml;road_class_overrides:data/parameters/road_class_overrides.csv,lastmile_capacity_moderate,goseong_last_mile_station_to_destination,last_mile,capacity_reduction,capacity_reduction,multimodal,30,1.0,0.0,288.9,288.9,312.73,353.4,666.13,4666.27,0.0384,210.3,236.34,241.51,264.42,"Engineering-only pilot output for quasi-real decision-support method review (non-publication, non-acceptance, non-operational); not publication evidence, not final-study evidence, not formal acceptance evidence, not calibrated real-world results, and not an operational route plan or forecast. Base profile scope: Pilot full scenario-policy-seed output for quasi-real decision-support evaluation; not calibrated real-world results or an operational forecast."
goseong_mobilization,cached_graphml:data/cache/goseong_nodelink_road.graphml;road_class_overrides:data/parameters/road_class_overrides.csv,lastmile_capacity_moderate,goseong_long_haul_damage_severe,access_road,capacity_reduction,capacity_reduction,multimodal,30,1.0,0.0,283.03,283.03,301.12,353.4,654.52,4576.47,0.0391,206.59,232.59,237.65,258.83,"Engineering-only pilot output for quasi-real decision-support method review (non-publication, non-acceptance, non-operational); not publication evidence, not final-study evidence, not formal acceptance evidence, not calibrated real-world results, and not an operational route plan or forecast. Base profile scope: Pilot full scenario-policy-seed output for quasi-real decision-support evaluation; not calibrated real-world results or an operational forecast."
goseong_mobilization,cached_graphml:data/cache/goseong_nodelink_road.graphml;road_class_overrides:data/parameters/road_class_overrides.csv,lastmile_capacity_moderate,goseong_rail_capacity_reduction,rail_service,none,none,multimodal,30,1.0,0.0,283.03,283.03,301.12,353.4,654.52,4576.47,0.0391,206.59,232.59,237.65,258.83,"Engineering-only pilot output for quasi-real decision-support method review (non-publication, non-acceptance, non-operational); not publication evidence, not final-study evidence, not formal acceptance evidence, not calibrated real-world results, and not an operational route plan or forecast. Base profile scope: Pilot full scenario-policy-seed output for quasi-real decision-support evaluation; not calibrated real-world results or an operational forecast."
goseong_mobilization,cached_graphml:data/cache/goseong_nodelink_road.graphml;road_class_overrides:data/parameters/road_class_overrides.csv,lastmile_capacity_moderate,goseong_rail_combined_stress,rail_service,none,none,multimodal,30,1.0,0.0,346.09,346.09,260.06,416.1,676.16,5944.46,0.0371,281.59,284.59,323.29,330.64,"Engineering-only pilot output for quasi-real decision-support method review (non-publication, non-acceptance, non-operational); not publication evidence, not final-study evidence, not formal acceptance evidence, not calibrated real-world results, and not an operational route plan or forecast. Base profile scope: Pilot full scenario-policy-seed output for quasi-real decision-support evaluation; not calibrated real-world results or an operational forecast."
goseong_mobilization,cached_graphml:data/cache/goseong_nodelink_road.graphml;road_class_overrides:data/parameters/road_class_overrides.csv,lastmile_capacity_moderate,goseong_rail_combined_stress_mild,rail_service,none,none,multimodal,30,1.0,0.0,303.09,303.09,280.59,378.48,659.07,5123.66,0.0389,236.59,238.92,269.02,283.34,"Engineering-only pilot output for quasi-real decision-support method review (non-publication, non-acceptance, non-operational); not publication evidence, not final-study evidence, not formal acceptance evidence, not calibrated real-world results, and not an operational route plan or forecast. Base profile scope: Pilot full scenario-policy-seed output for quasi-real decision-support evaluation; not calibrated real-world results or an operational forecast."
goseong_mobilization,cached_graphml:data/cache/goseong_nodelink_road.graphml;road_class_overrides:data/parameters/road_class_overrides.csv,lastmile_capacity_moderate,goseong_rail_combined_stress_severe,rail_service,none,none,multimodal,30,1.0,0.0,407.59,407.59,225.15,425.6,650.75,7312.44,0.0404,351.59,351.59,353.19,381.19,"Engineering-only pilot output for quasi-real decision-support method review (non-publication, non-acceptance, non-operational); not publication evidence, not final-study evidence, not formal acceptance evidence, not calibrated real-world results, and not an operational route plan or forecast. Base profile scope: Pilot full scenario-policy-seed output for quasi-real decision-support evaluation; not calibrated real-world results or an operational forecast."
goseong_mobilization,cached_graphml:data/cache/goseong_nodelink_road.graphml;road_class_overrides:data/parameters/road_class_overrides.csv,lastmile_capacity_moderate,goseong_rail_delay,rail_service,none,none,multimodal,30,1.0,0.0,343.03,343.03,301.12,530.1,831.22,5944.47,0.0308,266.59,292.59,297.65,318.83,"Engineering-only pilot output for quasi-real decision-support method review (non-publication, non-acceptance, non-operational); not publication evidence, not final-study evidence, not formal acceptance evidence, not calibrated real-world results, and not an operational route plan or forecast. Base profile scope: Pilot full scenario-policy-seed output for quasi-real decision-support evaluation; not calibrated real-world results or an operational forecast."
goseong_mobilization,cached_graphml:data/cache/goseong_nodelink_road.graphml;road_class_overrides:data/parameters/road_class_overrides.csv,lastmile_capacity_moderate,goseong_rail_delay_mild,rail_service,none,none,multimodal,30,1.0,0.0,308.03,308.03,301.12,424.08,725.2,5123.67,0.0353,231.59,257.59,262.65,283.83,"Engineering-only pilot output for quasi-real decision-support method review (non-publication, non-acceptance, non-operational); not publication evidence, not final-study evidence, not formal acceptance evidence, not calibrated real-world results, and not an operational route plan or forecast. Base profile scope: Pilot full scenario-policy-seed output for quasi-real decision-support evaluation; not calibrated real-world results or an operational forecast."
goseong_mobilization,cached_graphml:data/cache/goseong_nodelink_road.graphml;road_class_overrides:data/parameters/road_class_overrides.csv,lastmile_capacity_moderate,goseong_rail_delay_severe,rail_service,none,none,multimodal,30,1.0,0.0,398.03,398.03,301.12,706.8,1007.92,7312.47,0.0255,321.59,347.59,352.65,373.83,"Engineering-only pilot output for quasi-real decision-support method review (non-publication, non-acceptance, non-operational); not publication evidence, not final-study evidence, not formal acceptance evidence, not calibrated real-world results, and not an operational route plan or forecast. Base profile scope: Pilot full scenario-policy-seed output for quasi-real decision-support evaluation; not calibrated real-world results or an operational forecast."
goseong_mobilization,cached_graphml:data/cache/goseong_nodelink_road.graphml;road_class_overrides:data/parameters/road_class_overrides.csv,lastmile_capacity_moderate,goseong_rail_station_access,rail_station_access,capacity_reduction,capacity_reduction,multimodal,30,1.0,0.0,283.03,283.03,301.93,353.4,655.33,4579.1,0.039,206.59,232.59,237.65,258.83,"Engineering-only pilot output for quasi-real decision-support method review (non-publication, non-acceptance, non-operational); not publication evidence, not final-study evidence, not formal acceptance evidence, not calibrated real-world results, and not an operational route plan or forecast. Base profile scope: Pilot full scenario-policy-seed output for quasi-real decision-support evaluation; not calibrated real-world results or an operational forecast."
goseong_mobilization,cached_graphml:data/cache/goseong_nodelink_road.graphml;road_class_overrides:data/parameters/road_class_overrides.csv,lastmile_capacity_moderate,goseong_rail_unavailable,rail_service,none,none,multimodal,30,0.0,24.0,7680.0,inf,110.18,35340.0,35450.18,273962.24,0.0,inf,inf,inf,inf,"Engineering-only pilot output for quasi-real decision-support method review (non-publication, non-acceptance, non-operational); not publication evidence, not final-study evidence, not formal acceptance evidence, not calibrated real-world results, and not an operational route plan or forecast. Base profile scope: Pilot full scenario-policy-seed output for quasi-real decision-support evaluation; not calibrated real-world results or an operational forecast."
goseong_mobilization,cached_graphml:data/cache/goseong_nodelink_road.graphml;road_class_overrides:data/parameters/road_class_overrides.csv,lastmile_capacity_moderate,goseong_random_blockage,random,blocked,blocked,multimodal,30,0.0,24.0,7680.0,inf,110.18,353.4,463.58,3098.24,0.0,inf,inf,inf,inf,"Engineering-only pilot output for quasi-real decision-support method review (non-publication, non-acceptance, non-operational); not publication evidence, not final-study evidence, not formal acceptance evidence, not calibrated real-world results, and not an operational route plan or forecast. Base profile scope: Pilot full scenario-policy-seed output for quasi-real decision-support evaluation; not calibrated real-world results or an operational forecast."
goseong_mobilization,cached_graphml:data/cache/goseong_nodelink_road.graphml;road_class_overrides:data/parameters/road_class_overrides.csv,lastmile_capacity_moderate,goseong_random_capacity_reduction,random,capacity_reduction,capacity_reduction,multimodal,30,1.0,0.0,283.03,283.03,301.12,353.4,654.52,4576.47,0.0391,206.59,232.59,237.65,258.83,"Engineering-only pilot output for quasi-real decision-support method review (non-publication, non-acceptance, non-operational); not publication evidence, not final-study evidence, not formal acceptance evidence, not calibrated real-world results, and not an operational route plan or forecast. Base profile scope: Pilot full scenario-policy-seed output for quasi-real decision-support evaluation; not calibrated real-world results or an operational forecast."
goseong_mobilization,cached_graphml:data/cache/goseong_nodelink_road.graphml;road_class_overrides:data/parameters/road_class_overrides.csv,lastmile_capacity_moderate,goseong_spatial_assembly_egress,spatial_hazard_overlay,capacity_reduction,capacity_reduction,multimodal,30,1.0,0.0,283.03,283.03,301.17,353.4,654.57,4576.62,0.0391,206.59,232.59,237.65,258.83,"Engineering-only pilot output for quasi-real decision-support method review (non-publication, non-acceptance, non-operational); not publication evidence, not final-study evidence, not formal acceptance evidence, not calibrated real-world results, and not an operational route plan or forecast. Base profile scope: Pilot full scenario-policy-seed output for quasi-real decision-support evaluation; not calibrated real-world results or an operational forecast."
goseong_mobilization,cached_graphml:data/cache/goseong_nodelink_road.graphml;road_class_overrides:data/parameters/road_class_overrides.csv,lastmile_capacity_moderate,no_disruption,no_disruption,none,none,multimodal,30,1.0,0.0,283.03,283.03,301.12,353.4,654.52,4576.47,0.0391,206.59,232.59,237.65,258.83,"Engineering-only pilot output for quasi-real decision-support method review (non-publication, non-acceptance, non-operational); not publication evidence, not final-study evidence, not formal acceptance evidence, not calibrated real-world results, and not an operational route plan or forecast. Base profile scope: Pilot full scenario-policy-seed output for quasi-real decision-support evaluation; not calibrated real-world results or an operational forecast."
goseong_mobilization,cached_graphml:data/cache/goseong_nodelink_road.graphml;road_class_overrides:data/parameters/road_class_overrides.csv,lastmile_capacity_severe,goseong_access_origin_to_destination,access_road,capacity_reduction,capacity_reduction,multimodal,30,1.0,0.0,288.66,288.66,313.94,353.4,667.34,4626.16,0.0384,208.64,234.67,240.33,265.75,"Engineering-only pilot output for quasi-real decision-support method review (non-publication, non-acceptance, non-operational); not publication evidence, not final-study evidence, not formal acceptance evidence, not calibrated real-world results, and not an operational route plan or forecast. Base profile scope: Pilot full scenario-policy-seed output for quasi-real decision-support evaluation; not calibrated real-world results or an operational forecast."
goseong_mobilization,cached_graphml:data/cache/goseong_nodelink_road.graphml;road_class_overrides:data/parameters/road_class_overrides.csv,lastmile_capacity_severe,goseong_access_origin_to_station,access_road,capacity_reduction,capacity_reduction,multimodal,30,1.0,0.0,285.35,285.35,314.21,353.4,667.61,4599.0,0.0383,206.59,232.59,238.17,262.51,"Engineering-only pilot output for quasi-real decision-support method review (non-publication, non-acceptance, non-operational); not publication evidence, not final-study evidence, not formal acceptance evidence, not calibrated real-world results, and not an operational route plan or forecast. Base profile scope: Pilot full scenario-policy-seed output for quasi-real decision-support evaluation; not calibrated real-world results or an operational forecast."
goseong_mobilization,cached_graphml:data/cache/goseong_nodelink_road.graphml;road_class_overrides:data/parameters/road_class_overrides.csv,lastmile_capacity_severe,goseong_access_road_damage_extreme,access_road,capacity_reduction,capacity_reduction,multimodal,30,0.93,1.67,967.75,446.59,1039.5,349.6,1389.1,6994.15,0.0169,326.59,326.59,429.72,446.59,"Engineering-only pilot output for quasi-real decision-support method review (non-publication, non-acceptance, non-operational); not publication evidence, not final-study evidence, not formal acceptance evidence, not calibrated real-world results, and not an operational route plan or forecast. Base profile scope: Pilot full scenario-policy-seed output for quasi-real decision-support evaluation; not calibrated real-world results or an operational forecast."
goseong_mobilization,cached_graphml:data/cache/goseong_nodelink_road.graphml;road_class_overrides:data/parameters/road_class_overrides.csv,lastmile_capacity_severe,goseong_access_road_damage_mild,access_road,capacity_reduction,capacity_reduction,multimodal,30,1.0,0.0,319.7,319.7,380.51,334.4,714.91,4757.14,0.0349,236.59,238.59,285.34,302.16,"Engineering-only pilot output for quasi-real decision-support method review (non-publication, non-acceptance, non-operational); not publication evidence, not final-study evidence, not formal acceptance evidence, not calibrated real-world results, and not an operational route plan or forecast. Base profile scope: Pilot full scenario-policy-seed output for quasi-real decision-support evaluation; not calibrated real-world results or an operational forecast."
goseong_mobilization,cached_graphml:data/cache/goseong_nodelink_road.graphml;road_class_overrides:data/parameters/road_class_overrides.csv,lastmile_capacity_severe,goseong_access_road_damage_severe,access_road,capacity_reduction,capacity_reduction,multimodal,30,1.0,0.0,350.47,350.47,568.71,440.8,1009.51,5300.94,0.0245,236.59,265.23,304.63,331.05,"Engineering-only pilot output for quasi-real decision-support method review (non-publication, non-acceptance, non-operational); not publication evidence, not final-study evidence, not formal acceptance evidence, not calibrated real-world results, and not an operational route plan or forecast. Base profile scope: Pilot full scenario-policy-seed output for quasi-real decision-support evaluation; not calibrated real-world results or an operational forecast."
goseong_mobilization,cached_graphml:data/cache/goseong_nodelink_road.graphml;road_class_overrides:data/parameters/road_class_overrides.csv,lastmile_capacity_severe,goseong_combo_access_rail_capacity,access_road,capacity_reduction,capacity_reduction,multimodal,30,1.0,0.0,288.66,288.66,313.94,353.4,667.34,4626.16,0.0384,208.64,234.67,240.33,265.75,"Engineering-only pilot output for quasi-real decision-support method review (non-publication, non-acceptance, non-operational); not publication evidence, not final-study evidence, not formal acceptance evidence, not calibrated real-world results, and not an operational route plan or forecast. Base profile scope: Pilot full scenario-policy-seed output for quasi-real decision-support evaluation; not calibrated real-world results or an operational forecast."
goseong_mobilization,cached_graphml:data/cache/goseong_nodelink_road.graphml;road_class_overrides:data/parameters/road_class_overrides.csv,lastmile_capacity_severe,goseong_critical_link_blockage,critical_link,blocked,blocked,multimodal,30,1.0,0.0,285.35,285.35,307.28,353.4,660.68,4576.47,0.0388,206.59,232.59,238.17,262.51,"Engineering-only pilot output for quasi-real decision-support method review (non-publication, non-acceptance, non-operational); not publication evidence, not final-study evidence, not formal acceptance evidence, not calibrated real-world results, and not an operational route plan or forecast. Base profile scope: Pilot full scenario-policy-seed output for quasi-real decision-support evaluation; not calibrated real-world results or an operational forecast."
goseong_mobilization,cached_graphml:data/cache/goseong_nodelink_road.graphml;road_class_overrides:data/parameters/road_class_overrides.csv,lastmile_capacity_severe,goseong_last_mile_damage_extreme,last_mile,capacity_reduction,capacity_reduction,multimodal,30,0.0,24.0,7680.0,inf,1095.67,353.4,1449.07,13905.77,0.0,inf,inf,inf,inf,"Engineering-only pilot output for quasi-real decision-support method review (non-publication, non-acceptance, non-operational); not publication evidence, not final-study evidence, not formal acceptance evidence, not calibrated real-world results, and not an operational route plan or forecast. Base profile scope: Pilot full scenario-policy-seed output for quasi-real decision-support evaluation; not calibrated real-world results or an operational forecast."
goseong_mobilization,cached_graphml:data/cache/goseong_nodelink_road.graphml;road_class_overrides:data/parameters/road_class_overrides.csv,lastmile_capacity_severe,goseong_last_mile_damage_mild,last_mile,capacity_reduction,capacity_reduction,multimodal,30,1.0,0.0,338.35,338.35,405.83,353.4,759.23,5315.59,0.0338,237.39,263.39,270.2,310.71,"Engineering-only pilot output for quasi-real decision-support method review (non-publication, non-acceptance, non-operational); not publication evidence, not final-study evidence, not formal acceptance evidence, not calibrated real-world results, and not an operational route plan or forecast. Base profile scope: Pilot full scenario-policy-seed output for quasi-real decision-support evaluation; not calibrated real-world results or an operational forecast."
goseong_mobilization,cached_graphml:data/cache/goseong_nodelink_road.graphml;road_class_overrides:data/parameters/road_class_overrides.csv,lastmile_capacity_severe,goseong_last_mile_damage_severe,last_mile,capacity_reduction,capacity_reduction,multimodal,30,0.91,2.07,1071.95,359.78,689.16,353.4,1042.56,7520.62,0.0228,329.78,351.28,359.78,359.78,"Engineering-only pilot output for quasi-real decision-support method review (non-publication, non-acceptance, non-operational); not publication evidence, not final-study evidence, not formal acceptance evidence, not calibrated real-world results, and not an operational route plan or forecast. Base profile scope: Pilot full scenario-policy-seed output for quasi-real decision-support evaluation; not calibrated real-world results or an operational forecast."
goseong_mobilization,cached_graphml:data/cache/goseong_nodelink_road.graphml;road_class_overrides:data/parameters/road_class_overrides.csv,lastmile_capacity_severe,goseong_last_mile_station_to_destination,last_mile,capacity_reduction,capacity_reduction,multimodal,30,1.0,0.0,291.35,291.35,319.26,353.4,672.66,4666.27,0.0381,210.3,236.34,242.08,268.38,"Engineering-only pilot output for quasi-real decision-support method review (non-publication, non-acceptance, non-operational); not publication evidence, not final-study evidence, not formal acceptance evidence, not calibrated real-world results, and not an operational route plan or forecast. Base profile scope: Pilot full scenario-policy-seed output for quasi-real decision-support evaluation; not calibrated real-world results or an operational forecast."
goseong_mobilization,cached_graphml:data/cache/goseong_nodelink_road.graphml;road_class_overrides:data/parameters/road_class_overrides.csv,lastmile_capacity_severe,goseong_long_haul_damage_severe,access_road,capacity_reduction,capacity_reduction,multimodal,30,1.0,0.0,285.35,285.35,307.28,353.4,660.68,4576.47,0.0388,206.59,232.59,238.17,262.51,"Engineering-only pilot output for quasi-real decision-support method review (non-publication, non-acceptance, non-operational); not publication evidence, not final-study evidence, not formal acceptance evidence, not calibrated real-world results, and not an operational route plan or forecast. Base profile scope: Pilot full scenario-policy-seed output for quasi-real decision-support evaluation; not calibrated real-world results or an operational forecast."
goseong_mobilization,cached_graphml:data/cache/goseong_nodelink_road.graphml;road_class_overrides:data/parameters/road_class_overrides.csv,lastmile_capacity_severe,goseong_rail_capacity_reduction,rail_service,none,none,multimodal,30,1.0,0.0,285.35,285.35,307.28,353.4,660.68,4576.47,0.0388,206.59,232.59,238.17,262.51,"Engineering-only pilot output for quasi-real decision-support method review (non-publication, non-acceptance, non-operational); not publication evidence, not final-study evidence, not formal acceptance evidence, not calibrated real-world results, and not an operational route plan or forecast. Base profile scope: Pilot full scenario-policy-seed output for quasi-real decision-support evaluation; not calibrated real-world results or an operational forecast."
goseong_mobilization,cached_graphml:data/cache/goseong_nodelink_road.graphml;road_class_overrides:data/parameters/road_class_overrides.csv,lastmile_capacity_severe,goseong_rail_combined_stress,rail_service,none,none,multimodal,30,1.0,0.0,356.75,356.75,294.96,416.1,711.06,5944.45,0.035,281.59,284.59,335.79,343.88,"Engineering-only pilot output for quasi-real decision-support method review (non-publication, non-acceptance, non-operational); not publication evidence, not final-study evidence, not formal acceptance evidence, not calibrated real-world results, and not an operational route plan or forecast. Base profile scope: Pilot full scenario-policy-seed output for quasi-real decision-support evaluation; not calibrated real-world results or an operational forecast."
goseong_mobilization,cached_graphml:data/cache/goseong_nodelink_road.graphml;road_class_overrides:data/parameters/road_class_overrides.csv,lastmile_capacity_severe,goseong_rail_combined_stress_mild,rail_service,none,none,multimodal,30,1.0,0.0,319.18,319.18,315.49,378.48,693.97,5123.66,0.0363,236.59,238.92,286.45,300.24,"Engineering-only pilot output for quasi-real decision-support method review (non-publication, non-acceptance, non-operational); not publication evidence, not final-study evidence, not formal acceptance evidence, not calibrated real-world results, and not an operational route plan or forecast. Base profile scope: Pilot full scenario-policy-seed output for quasi-real decision-support evaluation; not calibrated real-world results or an operational forecast."
goseong_mobilization,cached_graphml:data/cache/goseong_nodelink_road.graphml;road_class_overrides:data/parameters/road_class_overrides.csv,lastmile_capacity_severe,goseong_rail_combined_stress_severe,rail_service,none,none,multimodal,30,1.0,0.0,414.51,414.51,286.75,425.6,712.35,7312.46,0.0363,351.59,351.59,358.31,388.46,"Engineering-only pilot output for quasi-real decision-support method review (non-publication, non-acceptance, non-operational); not publication evidence, not final-study evidence, not formal acceptance evidence, not calibrated real-world results, and not an operational route plan or forecast. Base profile scope: Pilot full scenario-policy-seed output for quasi-real decision-support evaluation; not calibrated real-world results or an operational forecast."
goseong_mobilization,cached_graphml:data/cache/goseong_nodelink_road.graphml;road_class_overrides:data/parameters/road_class_overrides.csv,lastmile_capacity_severe,goseong_rail_delay,rail_service,none,none,multimodal,30,1.0,0.0,345.35,345.35,307.28,530.1,837.38,5944.47,0.0306,266.59,292.59,298.17,322.51,"Engineering-only pilot output for quasi-real decision-support method review (non-publication, non-acceptance, non-operational); not publication evidence, not final-study evidence, not formal acceptance evidence, not calibrated real-world results, and not an operational route plan or forecast. Base profile scope: Pilot full scenario-policy-seed output for quasi-real decision-support evaluation; not calibrated real-world results or an operational forecast."
goseong_mobilization,cached_graphml:data/cache/goseong_nodelink_road.graphml;road_class_overrides:data/parameters/road_class_overrides.csv,lastmile_capacity_severe,goseong_rail_delay_mild,rail_service,none,none,multimodal,30,1.0,0.0,310.35,310.35,307.28,424.08,731.36,5123.67,0.035,231.59,257.59,263.17,287.51,"Engineering-only pilot output for quasi-real decision-support method review (non-publication, non-acceptance, non-operational); not publication evidence, not final-study evidence, not formal acceptance evidence, not calibrated real-world results, and not an operational route plan or forecast. Base profile scope: Pilot full scenario-policy-seed output for quasi-real decision-support evaluation; not calibrated real-world results or an operational forecast."
goseong_mobilization,cached_graphml:data/cache/goseong_nodelink_road.graphml;road_class_overrides:data/parameters/road_class_overrides.csv,lastmile_capacity_severe,goseong_rail_delay_severe,rail_service,none,none,multimodal,30,1.0,0.0,400.35,400.35,307.28,706.8,1014.08,7312.47,0.0253,321.59,347.59,353.17,377.51,"Engineering-only pilot output for quasi-real decision-support method review (non-publication, non-acceptance, non-operational); not publication evidence, not final-study evidence, not formal acceptance evidence, not calibrated real-world results, and not an operational route plan or forecast. Base profile scope: Pilot full scenario-policy-seed output for quasi-real decision-support evaluation; not calibrated real-world results or an operational forecast."
goseong_mobilization,cached_graphml:data/cache/goseong_nodelink_road.graphml;road_class_overrides:data/parameters/road_class_overrides.csv,lastmile_capacity_severe,goseong_rail_station_access,rail_station_access,capacity_reduction,capacity_reduction,multimodal,30,1.0,0.0,285.35,285.35,308.09,353.4,661.49,4579.1,0.0387,206.59,232.59,238.17,262.51,"Engineering-only pilot output for quasi-real decision-support method review (non-publication, non-acceptance, non-operational); not publication evidence, not final-study evidence, not formal acceptance evidence, not calibrated real-world results, and not an operational route plan or forecast. Base profile scope: Pilot full scenario-policy-seed output for quasi-real decision-support evaluation; not calibrated real-world results or an operational forecast."
goseong_mobilization,cached_graphml:data/cache/goseong_nodelink_road.graphml;road_class_overrides:data/parameters/road_class_overrides.csv,lastmile_capacity_severe,goseong_rail_unavailable,rail_service,none,none,multimodal,30,0.0,24.0,7680.0,inf,110.18,35340.0,35450.18,273962.24,0.0,inf,inf,inf,inf,"Engineering-only pilot output for quasi-real decision-support method review (non-publication, non-acceptance, non-operational); not publication evidence, not final-study evidence, not formal acceptance evidence, not calibrated real-world results, and not an operational route plan or forecast. Base profile scope: Pilot full scenario-policy-seed output for quasi-real decision-support evaluation; not calibrated real-world results or an operational forecast."
goseong_mobilization,cached_graphml:data/cache/goseong_nodelink_road.graphml;road_class_overrides:data/parameters/road_class_overrides.csv,lastmile_capacity_severe,goseong_random_blockage,random,blocked,blocked,multimodal,30,0.0,24.0,7680.0,inf,110.18,353.4,463.58,3098.24,0.0,inf,inf,inf,inf,"Engineering-only pilot output for quasi-real decision-support method review (non-publication, non-acceptance, non-operational); not publication evidence, not final-study evidence, not formal acceptance evidence, not calibrated real-world results, and not an operational route plan or forecast. Base profile scope: Pilot full scenario-policy-seed output for quasi-real decision-support evaluation; not calibrated real-world results or an operational forecast."
goseong_mobilization,cached_graphml:data/cache/goseong_nodelink_road.graphml;road_class_overrides:data/parameters/road_class_overrides.csv,lastmile_capacity_severe,goseong_random_capacity_reduction,random,capacity_reduction,capacity_reduction,multimodal,30,1.0,0.0,285.35,285.35,307.28,353.4,660.68,4576.47,0.0388,206.59,232.59,238.17,262.51,"Engineering-only pilot output for quasi-real decision-support method review (non-publication, non-acceptance, non-operational); not publication evidence, not final-study evidence, not formal acceptance evidence, not calibrated real-world results, and not an operational route plan or forecast. Base profile scope: Pilot full scenario-policy-seed output for quasi-real decision-support evaluation; not calibrated real-world results or an operational forecast."
goseong_mobilization,cached_graphml:data/cache/goseong_nodelink_road.graphml;road_class_overrides:data/parameters/road_class_overrides.csv,lastmile_capacity_severe,goseong_spatial_assembly_egress,spatial_hazard_overlay,capacity_reduction,capacity_reduction,multimodal,30,1.0,0.0,285.35,285.35,307.33,353.4,660.73,4576.62,0.0387,206.59,232.59,238.17,262.51,"Engineering-only pilot output for quasi-real decision-support method review (non-publication, non-acceptance, non-operational); not publication evidence, not final-study evidence, not formal acceptance evidence, not calibrated real-world results, and not an operational route plan or forecast. Base profile scope: Pilot full scenario-policy-seed output for quasi-real decision-support evaluation; not calibrated real-world results or an operational forecast."
goseong_mobilization,cached_graphml:data/cache/goseong_nodelink_road.graphml;road_class_overrides:data/parameters/road_class_overrides.csv,lastmile_capacity_severe,no_disruption,no_disruption,none,none,multimodal,30,1.0,0.0,285.35,285.35,307.28,353.4,660.68,4576.47,0.0388,206.59,232.59,238.17,262.51,"Engineering-only pilot output for quasi-real decision-support method review (non-publication, non-acceptance, non-operational); not publication evidence, not final-study evidence, not formal acceptance evidence, not calibrated real-world results, and not an operational route plan or forecast. Base profile scope: Pilot full scenario-policy-seed output for quasi-real decision-support evaluation; not calibrated real-world results or an operational forecast."
goseong_mobilization,cached_graphml:data/cache/goseong_nodelink_road.graphml;road_class_overrides:data/parameters/road_class_overrides.csv,moderate_congestion_bus,goseong_access_origin_to_destination,access_road,capacity_reduction,capacity_reduction,bus_only,30,0.93,1.67,932.84,352.64,1181.99,0.0,1181.99,3936.95,0.0199,169.71,178.79,320.16,349.57,"Engineering-only pilot output for quasi-real decision-support method review (non-publication, non-acceptance, non-operational); not publication evidence, not final-study evidence, not formal acceptance evidence, not calibrated real-world results, and not an operational route plan or forecast. Base profile scope: Pilot full scenario-policy-seed output for quasi-real decision-support evaluation; not calibrated real-world results or an operational forecast."
goseong_mobilization,cached_graphml:data/cache/goseong_nodelink_road.graphml;road_class_overrides:data/parameters/road_class_overrides.csv,moderate_congestion_bus,goseong_access_origin_to_station,access_road,capacity_reduction,capacity_reduction,bus_only,30,0.99,0.13,417.28,369.9,957.77,0.0,957.77,3148.87,0.0262,136.19,152.0,269.6,348.51,"Engineering-only pilot output for quasi-real decision-support method review (non-publication, non-acceptance, non-operational); not publication evidence, not final-study evidence, not formal acceptance evidence, not calibrated real-world results, and not an operational route plan or forecast. Base profile scope: Pilot full scenario-policy-seed output for quasi-real decision-support evaluation; not calibrated real-world results or an operational forecast."
goseong_mobilization,cached_graphml:data/cache/goseong_nodelink_road.graphml;road_class_overrides:data/parameters/road_class_overrides.csv,moderate_congestion_bus,goseong_access_road_damage_extreme,access_road,capacity_reduction,capacity_reduction,bus_only,30,0.99,0.13,457.48,417.3,1089.16,0.0,1089.16,3580.85,0.023,154.19,170.9,304.28,393.39,"Engineering-only pilot output for quasi-real decision-support method review (non-publication, non-acceptance, non-operational); not publication evidence, not final-study evidence, not formal acceptance evidence, not calibrated real-world results, and not an operational route plan or forecast. Base profile scope: Pilot full scenario-policy-seed output for quasi-real decision-support evaluation; not calibrated real-world results or an operational forecast."
goseong_mobilization,cached_graphml:data/cache/goseong_nodelink_road.graphml;road_class_overrides:data/parameters/road_class_overrides.csv,moderate_congestion_bus,goseong_access_road_damage_mild,access_road,capacity_reduction,capacity_reduction,bus_only,30,0.99,0.13,419.92,373.0,966.38,0.0,966.38,3177.18,0.0259,137.37,153.24,271.87,351.45,"Engineering-only pilot output for quasi-real decision-support method review (non-publication, non-acceptance, non-operational); not publication evidence, not final-study evidence, not formal acceptance evidence, not calibrated real-world results, and not an operational route plan or forecast. Base profile scope: Pilot full scenario-policy-seed output for quasi-real decision-support evaluation; not calibrated real-world results or an operational forecast."
goseong_mobilization,cached_graphml:data/cache/goseong_nodelink_road.graphml;road_class_overrides:data/parameters/road_class_overrides.csv,moderate_congestion_bus,goseong_access_road_damage_severe,access_road,capacity_reduction,capacity_reduction,bus_only,30,0.99,0.13,428.59,383.23,994.72,0.0,994.72,3270.33,0.0252,141.25,157.31,279.35,361.12,"Engineering-only pilot output for quasi-real decision-support method review (non-publication, non-acceptance, non-operational); not publication evidence, not final-study evidence, not formal acceptance evidence, not calibrated real-world results, and not an operational route plan or forecast. Base profile scope: Pilot full scenario-policy-seed output for quasi-real decision-support evaluation; not calibrated real-world results or an operational forecast."
goseong_mobilization,cached_graphml:data/cache/goseong_nodelink_road.graphml;road_class_overrides:data/parameters/road_class_overrides.csv,moderate_congestion_bus,goseong_combo_access_rail_capacity,access_road,capacity_reduction,capacity_reduction,bus_only,30,0.93,1.67,932.84,352.64,1181.99,0.0,1181.99,3936.95,0.0199,169.71,178.79,320.16,349.57,"Engineering-only pilot output for quasi-real decision-support method review (non-publication, non-acceptance, non-operational); not publication evidence, not final-study evidence, not formal acceptance evidence, not calibrated real-world results, and not an operational route plan or forecast. Base profile scope: Pilot full scenario-policy-seed output for quasi-real decision-support evaluation; not calibrated real-world results or an operational forecast."
goseong_mobilization,cached_graphml:data/cache/goseong_nodelink_road.graphml;road_class_overrides:data/parameters/road_class_overrides.csv,moderate_congestion_bus,goseong_critical_link_blockage,critical_link,blocked,blocked,bus_only,30,0.0,24.0,7680.0,inf,0.0,0.0,0.0,0.0,0.0,inf,inf,inf,inf,"Engineering-only pilot output for quasi-real decision-support method review (non-publication, non-acceptance, non-operational); not publication evidence, not final-study evidence, not formal acceptance evidence, not calibrated real-world results, and not an operational route plan or forecast. Base profile scope: Pilot full scenario-policy-seed output for quasi-real decision-support evaluation; not calibrated real-world results or an operational forecast."
goseong_mobilization,cached_graphml:data/cache/goseong_nodelink_road.graphml;road_class_overrides:data/parameters/road_class_overrides.csv,moderate_congestion_bus,goseong_last_mile_damage_extreme,last_mile,capacity_reduction,capacity_reduction,bus_only,30,0.65,8.4,3000.0,262.79,1453.09,0.0,1453.09,5531.86,0.0108,252.59,258.37,262.45,262.79,"Engineering-only pilot output for quasi-real decision-support method review (non-publication, non-acceptance, non-operational); not publication evidence, not final-study evidence, not formal acceptance evidence, not calibrated real-world results, and not an operational route plan or forecast. Base profile scope: Pilot full scenario-policy-seed output for quasi-real decision-support evaluation; not calibrated real-world results or an operational forecast."
goseong_mobilization,cached_graphml:data/cache/goseong_nodelink_road.graphml;road_class_overrides:data/parameters/road_class_overrides.csv,moderate_congestion_bus,goseong_last_mile_damage_mild,last_mile,capacity_reduction,capacity_reduction,bus_only,30,0.99,0.13,433.98,389.89,1011.13,0.0,1011.13,3328.92,0.0248,144.4,160.48,282.97,366.56,"Engineering-only pilot output for quasi-real decision-support method review (non-publication, non-acceptance, non-operational); not publication evidence, not final-study evidence, not formal acceptance evidence, not calibrated real-world results, and not an operational route plan or forecast. Base profile scope: Pilot full scenario-policy-seed output for quasi-real decision-support evaluation; not calibrated real-world results or an operational forecast."
goseong_mobilization,cached_graphml:data/cache/goseong_nodelink_road.graphml;road_class_overrides:data/parameters/road_class_overrides.csv,moderate_congestion_bus,goseong_last_mile_damage_severe,last_mile,capacity_reduction,capacity_reduction,bus_only,30,0.93,1.67,930.69,349.52,1153.46,0.0,1153.46,3857.01,0.0204,169.36,178.1,308.81,340.71,"Engineering-only pilot output for quasi-real decision-support method review (non-publication, non-acceptance, non-operational); not publication evidence, not final-study evidence, not formal acceptance evidence, not calibrated real-world results, and not an operational route plan or forecast. Base profile scope: Pilot full scenario-policy-seed output for quasi-real decision-support evaluation; not calibrated real-world results or an operational forecast."
goseong_mobilization,cached_graphml:data/cache/goseong_nodelink_road.graphml;road_class_overrides:data/parameters/road_class_overrides.csv,moderate_congestion_bus,goseong_last_mile_station_to_destination,last_mile,capacity_reduction,capacity_reduction,bus_only,30,0.93,1.67,931.84,349.91,1172.29,0.0,1172.29,3904.62,0.0201,168.36,177.43,317.66,346.86,"Engineering-only pilot output for quasi-real decision-support method review (non-publication, non-acceptance, non-operational); not publication evidence, not final-study evidence, not formal acceptance evidence, not calibrated real-world results, and not an operational route plan or forecast. Base profile scope: Pilot full scenario-policy-seed output for quasi-real decision-support evaluation; not calibrated real-world results or an operational forecast."
goseong_mobilization,cached_graphml:data/cache/goseong_nodelink_road.graphml;road_class_overrides:data/parameters/road_class_overrides.csv,moderate_congestion_bus,goseong_long_haul_damage_severe,access_road,capacity_reduction,capacity_reduction,bus_only,30,0.65,8.4,3000.0,369.78,2081.32,0.0,2081.32,7923.21,0.0076,359.75,365.44,369.45,369.78,"Engineering-only pilot output for quasi-real decision-support method review (non-publication, non-acceptance, non-operational); not publication evidence, not final-study evidence, not formal acceptance evidence, not calibrated real-world results, and not an operational route plan or forecast. Base profile scope: Pilot full scenario-policy-seed output for quasi-real decision-support evaluation; not calibrated real-world results or an operational forecast."
goseong_mobilization,cached_graphml:data/cache/goseong_nodelink_road.graphml;road_class_overrides:data/parameters/road_class_overrides.csv,moderate_congestion_bus,goseong_rail_capacity_reduction,rail_service,none,none,bus_only,30,0.99,0.13,417.03,369.6,956.94,0.0,956.94,3146.13,0.0262,136.07,151.88,269.38,348.22,"Engineering-only pilot output for quasi-real decision-support method review (non-publication, non-acceptance, non-operational); not publication evidence, not final-study evidence, not formal acceptance evidence, not calibrated real-world results, and not an operational route plan or forecast. Base profile scope: Pilot full scenario-policy-seed output for quasi-real decision-support evaluation; not calibrated real-world results or an operational forecast."
goseong_mobilization,cached_graphml:data/cache/goseong_nodelink_road.graphml;road_class_overrides:data/parameters/road_class_overrides.csv,moderate_congestion_bus,goseong_rail_combined_stress,rail_service,none,none,bus_only,30,0.99,0.13,417.03,369.6,956.94,0.0,956.94,3146.13,0.0262,136.07,151.88,269.38,348.22,"Engineering-only pilot output for quasi-real decision-support method review (non-publication, non-acceptance, non-operational); not publication evidence, not final-study evidence, not formal acceptance evidence, not calibrated real-world results, and not an operational route plan or forecast. Base profile scope: Pilot full scenario-policy-seed output for quasi-real decision-support evaluation; not calibrated real-world results or an operational forecast."
goseong_mobilization,cached_graphml:data/cache/goseong_nodelink_road.graphml;road_class_overrides:data/parameters/road_class_overrides.csv,moderate_congestion_bus,goseong_rail_combined_stress_mild,rail_service,none,none,bus_only,30,0.99,0.13,417.03,369.6,956.94,0.0,956.94,3146.13,0.0262,136.07,151.88,269.38,348.22,"Engineering-only pilot output for quasi-real decision-support method review (non-publication, non-acceptance, non-operational); not publication evidence, not final-study evidence, not formal acceptance evidence, not calibrated real-world results, and not an operational route plan or forecast. Base profile scope: Pilot full scenario-policy-seed output for quasi-real decision-support evaluation; not calibrated real-world results or an operational forecast."
goseong_mobilization,cached_graphml:data/cache/goseong_nodelink_road.graphml;road_class_overrides:data/parameters/road_class_overrides.csv,moderate_congestion_bus,goseong_rail_combined_stress_severe,rail_service,none,none,bus_only,30,0.99,0.13,417.03,369.6,956.94,0.0,956.94,3146.13,0.0262,136.07,151.88,269.38,348.22,"Engineering-only pilot output for quasi-real decision-support method review (non-publication, non-acceptance, non-operational); not publication evidence, not final-study evidence, not formal acceptance evidence, not calibrated real-world results, and not an operational route plan or forecast. Base profile scope: Pilot full scenario-policy-seed output for quasi-real decision-support evaluation; not calibrated real-world results or an operational forecast."
goseong_mobilization,cached_graphml:data/cache/goseong_nodelink_road.graphml;road_class_overrides:data/parameters/road_class_overrides.csv,moderate_congestion_bus,goseong_rail_delay,rail_service,none,none,bus_only,30,0.99,0.13,417.03,369.6,956.94,0.0,956.94,3146.13,0.0262,136.07,151.88,269.38,348.22,"Engineering-only pilot output for quasi-real decision-support method review (non-publication, non-acceptance, non-operational); not publication evidence, not final-study evidence, not formal acceptance evidence, not calibrated real-world results, and not an operational route plan or forecast. Base profile scope: Pilot full scenario-policy-seed output for quasi-real decision-support evaluation; not calibrated real-world results or an operational forecast."
goseong_mobilization,cached_graphml:data/cache/goseong_nodelink_road.graphml;road_class_overrides:data/parameters/road_class_overrides.csv,moderate_congestion_bus,goseong_rail_delay_mild,rail_service,none,none,bus_only,30,0.99,0.13,417.03,369.6,956.94,0.0,956.94,3146.13,0.0262,136.07,151.88,269.38,348.22,"Engineering-only pilot output for quasi-real decision-support method review (non-publication, non-acceptance, non-operational); not publication evidence, not final-study evidence, not formal acceptance evidence, not calibrated real-world results, and not an operational route plan or forecast. Base profile scope: Pilot full scenario-policy-seed output for quasi-real decision-support evaluation; not calibrated real-world results or an operational forecast."
goseong_mobilization,cached_graphml:data/cache/goseong_nodelink_road.graphml;road_class_overrides:data/parameters/road_class_overrides.csv,moderate_congestion_bus,goseong_rail_delay_severe,rail_service,none,none,bus_only,30,0.99,0.13,417.03,369.6,956.94,0.0,956.94,3146.13,0.0262,136.07,151.88,269.38,348.22,"Engineering-only pilot output for quasi-real decision-support method review (non-publication, non-acceptance, non-operational); not publication evidence, not final-study evidence, not formal acceptance evidence, not calibrated real-world results, and not an operational route plan or forecast. Base profile scope: Pilot full scenario-policy-seed output for quasi-real decision-support evaluation; not calibrated real-world results or an operational forecast."
goseong_mobilization,cached_graphml:data/cache/goseong_nodelink_road.graphml;road_class_overrides:data/parameters/road_class_overrides.csv,moderate_congestion_bus,goseong_rail_station_access,rail_station_access,capacity_reduction,capacity_reduction,bus_only,30,0.99,0.13,417.03,369.6,956.94,0.0,956.94,3146.13,0.0262,136.07,151.88,269.38,348.22,"Engineering-only pilot output for quasi-real decision-support method review (non-publication, non-acceptance, non-operational); not publication evidence, not final-study evidence, not formal acceptance evidence, not calibrated real-world results, and not an operational route plan or forecast. Base profile scope: Pilot full scenario-policy-seed output for quasi-real decision-support evaluation; not calibrated real-world results or an operational forecast."
goseong_mobilization,cached_graphml:data/cache/goseong_nodelink_road.graphml;road_class_overrides:data/parameters/road_class_overrides.csv,moderate_congestion_bus,goseong_rail_unavailable,rail_service,none,none,bus_only,30,0.99,0.13,417.03,369.6,956.94,0.0,956.94,3146.13,0.0262,136.07,151.88,269.38,348.22,"Engineering-only pilot output for quasi-real decision-support method review (non-publication, non-acceptance, non-operational); not publication evidence, not final-study evidence, not formal acceptance evidence, not calibrated real-world results, and not an operational route plan or forecast. Base profile scope: Pilot full scenario-policy-seed output for quasi-real decision-support evaluation; not calibrated real-world results or an operational forecast."
goseong_mobilization,cached_graphml:data/cache/goseong_nodelink_road.graphml;road_class_overrides:data/parameters/road_class_overrides.csv,moderate_congestion_bus,goseong_random_blockage,random,blocked,blocked,bus_only,30,0.0,24.0,7680.0,inf,0.0,0.0,0.0,0.0,0.0,inf,inf,inf,inf,"Engineering-only pilot output for quasi-real decision-support method review (non-publication, non-acceptance, non-operational); not publication evidence, not final-study evidence, not formal acceptance evidence, not calibrated real-world results, and not an operational route plan or forecast. Base profile scope: Pilot full scenario-policy-seed output for quasi-real decision-support evaluation; not calibrated real-world results or an operational forecast."
goseong_mobilization,cached_graphml:data/cache/goseong_nodelink_road.graphml;road_class_overrides:data/parameters/road_class_overrides.csv,moderate_congestion_bus,goseong_random_capacity_reduction,random,capacity_reduction,capacity_reduction,bus_only,30,0.99,0.13,417.08,369.66,957.11,0.0,957.11,3146.69,0.0262,136.1,151.91,269.42,348.28,"Engineering-only pilot output for quasi-real decision-support method review (non-publication, non-acceptance, non-operational); not publication evidence, not final-study evidence, not formal acceptance evidence, not calibrated real-world results, and not an operational route plan or forecast. Base profile scope: Pilot full scenario-policy-seed output for quasi-real decision-support evaluation; not calibrated real-world results or an operational forecast."
goseong_mobilization,cached_graphml:data/cache/goseong_nodelink_road.graphml;road_class_overrides:data/parameters/road_class_overrides.csv,moderate_congestion_bus,goseong_spatial_assembly_egress,spatial_hazard_overlay,capacity_reduction,capacity_reduction,bus_only,30,0.99,0.13,417.24,369.85,957.62,0.0,957.62,3148.37,0.0262,136.17,151.98,269.56,348.46,"Engineering-only pilot output for quasi-real decision-support method review (non-publication, non-acceptance, non-operational); not publication evidence, not final-study evidence, not formal acceptance evidence, not calibrated real-world results, and not an operational route plan or forecast. Base profile scope: Pilot full scenario-policy-seed output for quasi-real decision-support evaluation; not calibrated real-world results or an operational forecast."
goseong_mobilization,cached_graphml:data/cache/goseong_nodelink_road.graphml;road_class_overrides:data/parameters/road_class_overrides.csv,moderate_congestion_bus,no_disruption,no_disruption,none,none,bus_only,30,0.99,0.13,417.03,369.6,956.94,0.0,956.94,3146.13,0.0262,136.07,151.88,269.38,348.22,"Engineering-only pilot output for quasi-real decision-support method review (non-publication, non-acceptance, non-operational); not publication evidence, not final-study evidence, not formal acceptance evidence, not calibrated real-world results, and not an operational route plan or forecast. Base profile scope: Pilot full scenario-policy-seed output for quasi-real decision-support evaluation; not calibrated real-world results or an operational forecast."
goseong_mobilization,cached_graphml:data/cache/goseong_nodelink_road.graphml;road_class_overrides:data/parameters/road_class_overrides.csv,moderate_congestion_multimodal,goseong_access_origin_to_destination,access_road,capacity_reduction,capacity_reduction,multimodal,30,1.0,0.07,439.65,417.83,581.22,353.4,934.62,5428.13,0.0266,241.33,308.98,347.48,385.81,"Engineering-only pilot output for quasi-real decision-support method review (non-publication, non-acceptance, non-operational); not publication evidence, not final-study evidence, not formal acceptance evidence, not calibrated real-world results, and not an operational route plan or forecast. Base profile scope: Pilot full scenario-policy-seed output for quasi-real decision-support evaluation; not calibrated real-world results or an operational forecast."
goseong_mobilization,cached_graphml:data/cache/goseong_nodelink_road.graphml;road_class_overrides:data/parameters/road_class_overrides.csv,moderate_congestion_multimodal,goseong_access_origin_to_station,access_road,capacity_reduction,capacity_reduction,multimodal,30,1.0,0.0,360.02,360.02,531.33,380.0,911.33,5000.89,0.0277,239.04,248.53,312.69,339.94,"Engineering-only pilot output for quasi-real decision-support method review (non-publication, non-acceptance, non-operational); not publication evidence, not final-study evidence, not formal acceptance evidence, not calibrated real-world results, and not an operational route plan or forecast. Base profile scope: Pilot full scenario-policy-seed output for quasi-real decision-support evaluation; not calibrated real-world results or an operational forecast."
goseong_mobilization,cached_graphml:data/cache/goseong_nodelink_road.graphml;road_class_overrides:data/parameters/road_class_overrides.csv,moderate_congestion_multimodal,goseong_access_road_damage_extreme,access_road,capacity_reduction,capacity_reduction,multimodal,30,0.93,1.67,979.66,479.06,1193.4,414.2,1607.6,7155.34,0.0143,329.04,334.06,448.63,476.81,"Engineering-only pilot output for quasi-real decision-support method review (non-publication, non-acceptance, non-operational); not publication evidence, not final-study evidence, not formal acceptance evidence, not calibrated real-world results, and not an operational route plan or forecast. Base profile scope: Pilot full scenario-policy-seed output for quasi-real decision-support evaluation; not calibrated real-world results or an operational forecast."
goseong_mobilization,cached_graphml:data/cache/goseong_nodelink_road.graphml;road_class_overrides:data/parameters/road_class_overrides.csv,moderate_congestion_multimodal,goseong_access_road_damage_mild,access_road,capacity_reduction,capacity_reduction,multimodal,30,1.0,0.0,347.65,347.65,454.16,334.4,788.56,4833.81,0.0315,239.04,248.53,312.69,325.17,"Engineering-only pilot output for quasi-real decision-support method review (non-publication, non-acceptance, non-operational); not publication evidence, not final-study evidence, not formal acceptance evidence, not calibrated real-world results, and not an operational route plan or forecast. Base profile scope: Pilot full scenario-policy-seed output for quasi-real decision-support evaluation; not calibrated real-world results or an operational forecast."
goseong_mobilization,cached_graphml:data/cache/goseong_nodelink_road.graphml;road_class_overrides:data/parameters/road_class_overrides.csv,moderate_congestion_multimodal,goseong_access_road_damage_severe,access_road,capacity_reduction,capacity_reduction,multimodal,30,1.0,0.0,376.93,376.93,649.44,440.8,1090.24,5388.81,0.0226,239.04,299.49,336.03,362.08,"Engineering-only pilot output for quasi-real decision-support method review (non-publication, non-acceptance, non-operational); not publication evidence, not final-study evidence, not formal acceptance evidence, not calibrated real-world results, and not an operational route plan or forecast. Base profile scope: Pilot full scenario-policy-seed output for quasi-real decision-support evaluation; not calibrated real-world results or an operational forecast."
goseong_mobilization,cached_graphml:data/cache/goseong_nodelink_road.graphml;road_class_overrides:data/parameters/road_class_overrides.csv,moderate_congestion_multimodal,goseong_combo_access_rail_capacity,access_road,capacity_reduction,capacity_reduction,multimodal,30,1.0,0.07,439.65,417.83,581.22,353.4,934.62,5428.13,0.0266,241.33,308.98,347.48,385.81,"Engineering-only pilot output for quasi-real decision-support method review (non-publication, non-acceptance, non-operational); not publication evidence, not final-study evidence, not formal acceptance evidence, not calibrated real-world results, and not an operational route plan or forecast. Base profile scope: Pilot full scenario-policy-seed output for quasi-real decision-support evaluation; not calibrated real-world results or an operational forecast."
goseong_mobilization,cached_graphml:data/cache/goseong_nodelink_road.graphml;road_class_overrides:data/parameters/road_class_overrides.csv,moderate_congestion_multimodal,goseong_critical_link_blockage,critical_link,blocked,blocked,multimodal,30,1.0,0.0,335.8,335.8,423.84,353.4,777.24,4648.74,0.0322,209.04,258.84,284.12,312.1,"Engineering-only pilot output for quasi-real decision-support method review (non-publication, non-acceptance, non-operational); not publication evidence, not final-study evidence, not formal acceptance evidence, not calibrated real-world results, and not an operational route plan or forecast. Base profile scope: Pilot full scenario-policy-seed output for quasi-real decision-support evaluation; not calibrated real-world results or an operational forecast."
goseong_mobilization,cached_graphml:data/cache/goseong_nodelink_road.graphml;road_class_overrides:data/parameters/road_class_overrides.csv,moderate_congestion_multimodal,goseong_last_mile_damage_extreme,last_mile,capacity_reduction,capacity_reduction,multimodal,30,0.0,24.0,7680.0,inf,1139.04,353.4,1492.44,9345.43,0.0,inf,inf,inf,inf,"Engineering-only pilot output for quasi-real decision-support method review (non-publication, non-acceptance, non-operational); not publication evidence, not final-study evidence, not formal acceptance evidence, not calibrated real-world results, and not an operational route plan or forecast. Base profile scope: Pilot full scenario-policy-seed output for quasi-real decision-support evaluation; not calibrated real-world results or an operational forecast."
goseong_mobilization,cached_graphml:data/cache/goseong_nodelink_road.graphml;road_class_overrides:data/parameters/road_class_overrides.csv,moderate_congestion_multimodal,goseong_last_mile_damage_mild,last_mile,capacity_reduction,capacity_reduction,multimodal,30,1.0,0.03,428.75,417.89,578.61,353.4,932.01,5417.25,0.0267,241.06,308.47,347.2,385.13,"Engineering-only pilot output for quasi-real decision-support method review (non-publication, non-acceptance, non-operational); not publication evidence, not final-study evidence, not formal acceptance evidence, not calibrated real-world results, and not an operational route plan or forecast. Base profile scope: Pilot full scenario-policy-seed output for quasi-real decision-support evaluation; not calibrated real-world results or an operational forecast."
goseong_mobilization,cached_graphml:data/cache/goseong_nodelink_road.graphml;road_class_overrides:data/parameters/road_class_overrides.csv,moderate_congestion_multimodal,goseong_last_mile_damage_severe,last_mile,capacity_reduction,capacity_reduction,multimodal,30,0.51,11.83,4030.0,350.5,882.85,353.4,1236.25,7473.11,0.0099,337.12,344.63,349.26,350.17,"Engineering-only pilot output for quasi-real decision-support method review (non-publication, non-acceptance, non-operational); not publication evidence, not final-study evidence, not formal acceptance evidence, not calibrated real-world results, and not an operational route plan or forecast. Base profile scope: Pilot full scenario-policy-seed output for quasi-real decision-support evaluation; not calibrated real-world results or an operational forecast."
goseong_mobilization,cached_graphml:data/cache/goseong_nodelink_road.graphml;road_class_overrides:data/parameters/road_class_overrides.csv,moderate_congestion_multimodal,goseong_last_mile_station_to_destination,last_mile,capacity_reduction,capacity_reduction,multimodal,30,0.95,1.3,845.54,412.53,704.07,353.4,1057.47,6055.33,0.0224,267.69,329.46,399.62,407.96,"Engineering-only pilot output for quasi-real decision-support method review (non-publication, non-acceptance, non-operational); not publication evidence, not final-study evidence, not formal acceptance evidence, not calibrated real-world results, and not an operational route plan or forecast. Base profile scope: Pilot full scenario-policy-seed output for quasi-real decision-support evaluation; not calibrated real-world results or an operational forecast."
goseong_mobilization,cached_graphml:data/cache/goseong_nodelink_road.graphml;road_class_overrides:data/parameters/road_class_overrides.csv,moderate_congestion_multimodal,goseong_long_haul_damage_severe,access_road,capacity_reduction,capacity_reduction,multimodal,30,1.0,0.0,335.8,335.8,423.84,353.4,777.24,4648.74,0.0322,209.04,258.84,284.12,312.1,"Engineering-only pilot output for quasi-real decision-support method review (non-publication, non-acceptance, non-operational); not publication evidence, not final-study evidence, not formal acceptance evidence, not calibrated real-world results, and not an operational route plan or forecast. Base profile scope: Pilot full scenario-policy-seed output for quasi-real decision-support evaluation; not calibrated real-world results or an operational forecast."
goseong_mobilization,cached_graphml:data/cache/goseong_nodelink_road.graphml;road_class_overrides:data/parameters/road_class_overrides.csv,moderate_congestion_multimodal,goseong_rail_capacity_reduction,rail_service,none,none,multimodal,30,1.0,0.0,335.8,335.8,423.84,353.4,777.24,4648.74,0.0322,209.04,258.84,284.12,312.1,"Engineering-only pilot output for quasi-real decision-support method review (non-publication, non-acceptance, non-operational); not publication evidence, not final-study evidence, not formal acceptance evidence, not calibrated real-world results, and not an operational route plan or forecast. Base profile scope: Pilot full scenario-policy-seed output for quasi-real decision-support evaluation; not calibrated real-world results or an operational forecast."
goseong_mobilization,cached_graphml:data/cache/goseong_nodelink_road.graphml;road_class_overrides:data/parameters/road_class_overrides.csv,moderate_congestion_multimodal,goseong_rail_combined_stress,rail_service,none,none,multimodal,30,1.0,0.0,379.77,379.77,381.13,416.1,797.23,6016.74,0.0311,284.04,293.53,357.56,363.83,"Engineering-only pilot output for quasi-real decision-support method review (non-publication, non-acceptance, non-operational); not publication evidence, not final-study evidence, not formal acceptance evidence, not calibrated real-world results, and not an operational route plan or forecast. Base profile scope: Pilot full scenario-policy-seed output for quasi-real decision-support evaluation; not calibrated real-world results or an operational forecast."
goseong_mobilization,cached_graphml:data/cache/goseong_nodelink_road.graphml;road_class_overrides:data/parameters/road_class_overrides.csv,moderate_congestion_multimodal,goseong_rail_combined_stress_mild,rail_service,none,none,multimodal,30,1.0,0.0,339.41,339.41,389.67,378.48,768.15,5195.94,0.0327,239.04,248.53,312.56,321.01,"Engineering-only pilot output for quasi-real decision-support method review (non-publication, non-acceptance, non-operational); not publication evidence, not final-study evidence, not formal acceptance evidence, not calibrated real-world results, and not an operational route plan or forecast. Base profile scope: Pilot full scenario-policy-seed output for quasi-real decision-support evaluation; not calibrated real-world results or an operational forecast."
goseong_mobilization,cached_graphml:data/cache/goseong_nodelink_road.graphml;road_class_overrides:data/parameters/road_class_overrides.csv,moderate_congestion_multimodal,goseong_rail_combined_stress_severe,rail_service,none,none,multimodal,30,1.0,0.1,467.69,432.8,361.92,425.6,787.52,7384.74,0.0323,354.04,359.06,426.08,428.55,"Engineering-only pilot output for quasi-real decision-support method review (non-publication, non-acceptance, non-operational); not publication evidence, not final-study evidence, not formal acceptance evidence, not calibrated real-world results, and not an operational route plan or forecast. Base profile scope: Pilot full scenario-policy-seed output for quasi-real decision-support evaluation; not calibrated real-world results or an operational forecast."
goseong_mobilization,cached_graphml:data/cache/goseong_nodelink_road.graphml;road_class_overrides:data/parameters/road_class_overrides.csv,moderate_congestion_multimodal,goseong_rail_delay,rail_service,none,none,multimodal,30,1.0,0.03,405.62,393.56,423.84,530.1,953.94,6016.74,0.0263,269.04,318.84,343.16,371.95,"Engineering-only pilot output for quasi-real decision-support method review (non-publication, non-acceptance, non-operational); not publication evidence, not final-study evidence, not formal acceptance evidence, not calibrated real-world results, and not an operational route plan or forecast. Base profile scope: Pilot full scenario-policy-seed output for quasi-real decision-support evaluation; not calibrated real-world results or an operational forecast."
goseong_mobilization,cached_graphml:data/cache/goseong_nodelink_road.graphml;road_class_overrides:data/parameters/road_class_overrides.csv,moderate_congestion_multimodal,goseong_rail_delay_mild,rail_service,none,none,multimodal,30,1.0,0.0,360.8,360.8,423.84,424.08,847.92,5195.94,0.0296,234.04,283.84,309.12,337.1,"Engineering-only pilot output for quasi-real decision-support method review (non-publication, non-acceptance, non-operational); not publication evidence, not final-study evidence, not formal acceptance evidence, not calibrated real-world results, and not an operational route plan or forecast. Base profile scope: Pilot full scenario-policy-seed output for quasi-real decision-support evaluation; not calibrated real-world results or an operational forecast."
goseong_mobilization,cached_graphml:data/cache/goseong_nodelink_road.graphml;road_class_overrides:data/parameters/road_class_overrides.csv,moderate_congestion_multimodal,goseong_rail_delay_severe,rail_service,none,none,multimodal,30,1.0,0.07,468.19,447.56,423.84,706.8,1130.64,7384.74,0.0223,324.04,373.84,397.76,426.81,"Engineering-only pilot output for quasi-real decision-support method review (non-publication, non-acceptance, non-operational); not publication evidence, not final-study evidence, not formal acceptance evidence, not calibrated real-world results, and not an operational route plan or forecast. Base profile scope: Pilot full scenario-policy-seed output for quasi-real decision-support evaluation; not calibrated real-world results or an operational forecast."
goseong_mobilization,cached_graphml:data/cache/goseong_nodelink_road.graphml;road_class_overrides:data/parameters/road_class_overrides.csv,moderate_congestion_multimodal,goseong_rail_station_access,rail_station_access,capacity_reduction,capacity_reduction,multimodal,30,1.0,0.0,348.34,348.34,442.83,372.4,815.23,4690.03,0.0303,209.04,271.29,297.7,330.32,"Engineering-only pilot output for quasi-real decision-support method review (non-publication, non-acceptance, non-operational); not publication evidence, not final-study evidence, not formal acceptance evidence, not calibrated real-world results, and not an operational route plan or forecast. Base profile scope: Pilot full scenario-policy-seed output for quasi-real decision-support evaluation; not calibrated real-world results or an operational forecast."
goseong_mobilization,cached_graphml:data/cache/goseong_nodelink_road.graphml;road_class_overrides:data/parameters/road_class_overrides.csv,moderate_congestion_multimodal,goseong_rail_unavailable,rail_service,none,none,multimodal,30,0.0,24.0,7680.0,inf,114.27,35340.0,35454.27,273975.61,0.0,inf,inf,inf,inf,"Engineering-only pilot output for quasi-real decision-support method review (non-publication, non-acceptance, non-operational); not publication evidence, not final-study evidence, not formal acceptance evidence, not calibrated real-world results, and not an operational route plan or forecast. Base profile scope: Pilot full scenario-policy-seed output for quasi-real decision-support evaluation; not calibrated real-world results or an operational forecast."
goseong_mobilization,cached_graphml:data/cache/goseong_nodelink_road.graphml;road_class_overrides:data/parameters/road_class_overrides.csv,moderate_congestion_multimodal,goseong_random_blockage,random,blocked,blocked,multimodal,30,0.0,24.0,7680.0,inf,114.27,353.4,467.67,3111.61,0.0,inf,inf,inf,inf,"Engineering-only pilot output for quasi-real decision-support method review (non-publication, non-acceptance, non-operational); not publication evidence, not final-study evidence, not formal acceptance evidence, not calibrated real-world results, and not an operational route plan or forecast. Base profile scope: Pilot full scenario-policy-seed output for quasi-real decision-support evaluation; not calibrated real-world results or an operational forecast."
goseong_mobilization,cached_graphml:data/cache/goseong_nodelink_road.graphml;road_class_overrides:data/parameters/road_class_overrides.csv,moderate_congestion_multimodal,goseong_random_capacity_reduction,random,capacity_reduction,capacity_reduction,multimodal,30,1.0,0.0,335.8,335.8,423.84,353.4,777.24,4648.74,0.0322,209.04,258.84,284.12,312.1,"Engineering-only pilot output for quasi-real decision-support method review (non-publication, non-acceptance, non-operational); not publication evidence, not final-study evidence, not formal acceptance evidence, not calibrated real-world results, and not an operational route plan or forecast. Base profile scope: Pilot full scenario-policy-seed output for quasi-real decision-support evaluation; not calibrated real-world results or an operational forecast."
goseong_mobilization,cached_graphml:data/cache/goseong_nodelink_road.graphml;road_class_overrides:data/parameters/road_class_overrides.csv,moderate_congestion_multimodal,goseong_spatial_assembly_egress,spatial_hazard_overlay,capacity_reduction,capacity_reduction,multimodal,30,1.0,0.0,335.8,335.8,424.53,353.4,777.93,4651.0,0.0321,209.04,258.84,284.12,312.1,"Engineering-only pilot output for quasi-real decision-support method review (non-publication, non-acceptance, non-operational); not publication evidence, not final-study evidence, not formal acceptance evidence, not calibrated real-world results, and not an operational route plan or forecast. Base profile scope: Pilot full scenario-policy-seed output for quasi-real decision-support evaluation; not calibrated real-world results or an operational forecast."
goseong_mobilization,cached_graphml:data/cache/goseong_nodelink_road.graphml;road_class_overrides:data/parameters/road_class_overrides.csv,moderate_congestion_multimodal,no_disruption,no_disruption,none,none,multimodal,30,1.0,0.0,335.8,335.8,423.84,353.4,777.24,4648.74,0.0322,209.04,258.84,284.12,312.1,"Engineering-only pilot output for quasi-real decision-support method review (non-publication, non-acceptance, non-operational); not publication evidence, not final-study evidence, not formal acceptance evidence, not calibrated real-world results, and not an operational route plan or forecast. Base profile scope: Pilot full scenario-policy-seed output for quasi-real decision-support evaluation; not calibrated real-world results or an operational forecast."
goseong_mobilization,cached_graphml:data/cache/goseong_nodelink_road.graphml;road_class_overrides:data/parameters/road_class_overrides.csv,multimodal_increased_feeder_capacity,goseong_access_origin_to_destination,access_road,capacity_reduction,capacity_reduction,multimodal,30,1.0,0.0,324.2,324.2,400.93,315.4,716.33,4626.04,0.0348,208.64,258.22,282.04,302.53,"Engineering-only pilot output for quasi-real decision-support method review (non-publication, non-acceptance, non-operational); not publication evidence, not final-study evidence, not formal acceptance evidence, not calibrated real-world results, and not an operational route plan or forecast. Base profile scope: Pilot full scenario-policy-seed output for quasi-real decision-support evaluation; not calibrated real-world results or an operational forecast."
goseong_mobilization,cached_graphml:data/cache/goseong_nodelink_road.graphml;road_class_overrides:data/parameters/road_class_overrides.csv,multimodal_increased_feeder_capacity,goseong_access_origin_to_station,access_road,capacity_reduction,capacity_reduction,multimodal,30,1.0,0.0,319.18,319.18,398.38,315.4,713.78,4598.99,0.035,206.59,255.03,277.92,298.01,"Engineering-only pilot output for quasi-real decision-support method review (non-publication, non-acceptance, non-operational); not publication evidence, not final-study evidence, not formal acceptance evidence, not calibrated real-world results, and not an operational route plan or forecast. Base profile scope: Pilot full scenario-policy-seed output for quasi-real decision-support evaluation; not calibrated real-world results or an operational forecast."
goseong_mobilization,cached_graphml:data/cache/goseong_nodelink_road.graphml;road_class_overrides:data/parameters/road_class_overrides.csv,multimodal_increased_feeder_capacity,goseong_access_road_damage_extreme,access_road,capacity_reduction,capacity_reduction,multimodal,30,1.0,0.0,448.36,448.36,1138.07,250.8,1388.87,7112.08,0.018,326.59,331.59,404.92,435.86,"Engineering-only pilot output for quasi-real decision-support method review (non-publication, non-acceptance, non-operational); not publication evidence, not final-study evidence, not formal acceptance evidence, not calibrated real-world results, and not an operational route plan or forecast. Base profile scope: Pilot full scenario-policy-seed output for quasi-real decision-support evaluation; not calibrated real-world results or an operational forecast."
goseong_mobilization,cached_graphml:data/cache/goseong_nodelink_road.graphml;road_class_overrides:data/parameters/road_class_overrides.csv,multimodal_increased_feeder_capacity,goseong_access_road_damage_mild,access_road,capacity_reduction,capacity_reduction,multimodal,30,1.0,0.0,331.43,331.43,427.67,262.2,689.87,4757.1,0.0368,236.59,241.59,306.88,313.39,"Engineering-only pilot output for quasi-real decision-support method review (non-publication, non-acceptance, non-operational); not publication evidence, not final-study evidence, not formal acceptance evidence, not calibrated real-world results, and not an operational route plan or forecast. Base profile scope: Pilot full scenario-policy-seed output for quasi-real decision-support evaluation; not calibrated real-world results or an operational forecast."
goseong_mobilization,cached_graphml:data/cache/goseong_nodelink_road.graphml;road_class_overrides:data/parameters/road_class_overrides.csv,multimodal_increased_feeder_capacity,goseong_access_road_damage_severe,access_road,capacity_reduction,capacity_reduction,multimodal,30,1.0,0.0,363.58,363.58,628.93,372.4,1001.33,5299.2,0.0247,236.59,285.03,311.35,343.84,"Engineering-only pilot output for quasi-real decision-support method review (non-publication, non-acceptance, non-operational); not publication evidence, not final-study evidence, not formal acceptance evidence, not calibrated real-world results, and not an operational route plan or forecast. Base profile scope: Pilot full scenario-policy-seed output for quasi-real decision-support evaluation; not calibrated real-world results or an operational forecast."
goseong_mobilization,cached_graphml:data/cache/goseong_nodelink_road.graphml;road_class_overrides:data/parameters/road_class_overrides.csv,multimodal_increased_feeder_capacity,goseong_combo_access_rail_capacity,access_road,capacity_reduction,capacity_reduction,multimodal,30,1.0,0.0,324.2,324.2,400.93,315.4,716.33,4626.04,0.0348,208.64,258.22,282.04,302.53,"Engineering-only pilot output for quasi-real decision-support method review (non-publication, non-acceptance, non-operational); not publication evidence, not final-study evidence, not formal acceptance evidence, not calibrated real-world results, and not an operational route plan or forecast. Base profile scope: Pilot full scenario-policy-seed output for quasi-real decision-support evaluation; not calibrated real-world results or an operational forecast."
goseong_mobilization,cached_graphml:data/cache/goseong_nodelink_road.graphml;road_class_overrides:data/parameters/road_class_overrides.csv,multimodal_increased_feeder_capacity,goseong_critical_link_blockage,critical_link,blocked,blocked,multimodal,30,1.0,0.0,319.18,319.18,391.46,315.4,706.86,4576.47,0.0353,206.59,255.03,277.92,298.01,"Engineering-only pilot output for quasi-real decision-support method review (non-publication, non-acceptance, non-operational); not publication evidence, not final-study evidence, not formal acceptance evidence, not calibrated real-world results, and not an operational route plan or forecast. Base profile scope: Pilot full scenario-policy-seed output for quasi-real decision-support evaluation; not calibrated real-world results or an operational forecast."
goseong_mobilization,cached_graphml:data/cache/goseong_nodelink_road.graphml;road_class_overrides:data/parameters/road_class_overrides.csv,multimodal_increased_feeder_capacity,goseong_last_mile_damage_extreme,last_mile,capacity_reduction,capacity_reduction,multimodal,30,0.0,24.0,7680.0,inf,1095.67,315.4,1411.07,9093.26,0.0,inf,inf,inf,inf,"Engineering-only pilot output for quasi-real decision-support method review (non-publication, non-acceptance, non-operational); not publication evidence, not final-study evidence, not formal acceptance evidence, not calibrated real-world results, and not an operational route plan or forecast. Base profile scope: Pilot full scenario-policy-seed output for quasi-real decision-support evaluation; not calibrated real-world results or an operational forecast."
goseong_mobilization,cached_graphml:data/cache/goseong_nodelink_road.graphml;road_class_overrides:data/parameters/road_class_overrides.csv,multimodal_increased_feeder_capacity,goseong_last_mile_damage_mild,last_mile,capacity_reduction,capacity_reduction,multimodal,30,1.0,0.0,397.66,397.66,532.09,315.4,847.49,5315.57,0.0294,237.39,302.77,339.51,365.3,"Engineering-only pilot output for quasi-real decision-support method review (non-publication, non-acceptance, non-operational); not publication evidence, not final-study evidence, not formal acceptance evidence, not calibrated real-world results, and not an operational route plan or forecast. Base profile scope: Pilot full scenario-policy-seed output for quasi-real decision-support evaluation; not calibrated real-world results or an operational forecast."
goseong_mobilization,cached_graphml:data/cache/goseong_nodelink_road.graphml;road_class_overrides:data/parameters/road_class_overrides.csv,multimodal_increased_feeder_capacity,goseong_last_mile_damage_severe,last_mile,capacity_reduction,capacity_reduction,multimodal,30,0.51,11.83,4030.0,343.11,836.98,315.4,1152.38,7360.44,0.0107,329.78,337.28,341.88,342.78,"Engineering-only pilot output for quasi-real decision-support method review (non-publication, non-acceptance, non-operational); not publication evidence, not final-study evidence, not formal acceptance evidence, not calibrated real-world results, and not an operational route plan or forecast. Base profile scope: Pilot full scenario-policy-seed output for quasi-real decision-support evaluation; not calibrated real-world results or an operational forecast."
goseong_mobilization,cached_graphml:data/cache/goseong_nodelink_road.graphml;road_class_overrides:data/parameters/road_class_overrides.csv,multimodal_increased_feeder_capacity,goseong_last_mile_station_to_destination,last_mile,capacity_reduction,capacity_reduction,multimodal,30,1.0,0.0,328.33,328.33,408.53,315.4,723.93,4666.06,0.0345,210.3,260.81,285.39,306.2,"Engineering-only pilot output for quasi-real decision-support method review (non-publication, non-acceptance, non-operational); not publication evidence, not final-study evidence, not formal acceptance evidence, not calibrated real-world results, and not an operational route plan or forecast. Base profile scope: Pilot full scenario-policy-seed output for quasi-real decision-support evaluation; not calibrated real-world results or an operational forecast."
goseong_mobilization,cached_graphml:data/cache/goseong_nodelink_road.graphml;road_class_overrides:data/parameters/road_class_overrides.csv,multimodal_increased_feeder_capacity,goseong_long_haul_damage_severe,access_road,capacity_reduction,capacity_reduction,multimodal,30,1.0,0.0,319.18,319.18,391.46,315.4,706.86,4576.47,0.0353,206.59,255.03,277.92,298.01,"Engineering-only pilot output for quasi-real decision-support method review (non-publication, non-acceptance, non-operational); not publication evidence, not final-study evidence, not formal acceptance evidence, not calibrated real-world results, and not an operational route plan or forecast. Base profile scope: Pilot full scenario-policy-seed output for quasi-real decision-support evaluation; not calibrated real-world results or an operational forecast."
goseong_mobilization,cached_graphml:data/cache/goseong_nodelink_road.graphml;road_class_overrides:data/parameters/road_class_overrides.csv,multimodal_increased_feeder_capacity,goseong_rail_capacity_reduction,rail_service,none,none,multimodal,30,1.0,0.0,319.18,319.18,391.46,315.4,706.86,4576.47,0.0353,206.59,255.03,277.92,298.01,"Engineering-only pilot output for quasi-real decision-support method review (non-publication, non-acceptance, non-operational); not publication evidence, not final-study evidence, not formal acceptance evidence, not calibrated real-world results, and not an operational route plan or forecast. Base profile scope: Pilot full scenario-policy-seed output for quasi-real decision-support evaluation; not calibrated real-world results or an operational forecast."
goseong_mobilization,cached_graphml:data/cache/goseong_nodelink_road.graphml;road_class_overrides:data/parameters/road_class_overrides.csv,multimodal_increased_feeder_capacity,goseong_rail_combined_stress,rail_service,none,none,multimodal,30,1.0,0.0,370.48,370.48,366.82,376.2,743.02,5944.47,0.0338,281.59,286.59,351.88,358.93,"Engineering-only pilot output for quasi-real decision-support method review (non-publication, non-acceptance, non-operational); not publication evidence, not final-study evidence, not formal acceptance evidence, not calibrated real-world results, and not an operational route plan or forecast. Base profile scope: Pilot full scenario-policy-seed output for quasi-real decision-support evaluation; not calibrated real-world results or an operational forecast."
goseong_mobilization,cached_graphml:data/cache/goseong_nodelink_road.graphml;road_class_overrides:data/parameters/road_class_overrides.csv,multimodal_increased_feeder_capacity,goseong_rail_combined_stress_mild,rail_service,none,none,multimodal,30,1.0,0.0,330.8,330.8,370.93,355.68,726.61,5123.66,0.0345,236.59,245.9,307.65,315.37,"Engineering-only pilot output for quasi-real decision-support method review (non-publication, non-acceptance, non-operational); not publication evidence, not final-study evidence, not formal acceptance evidence, not calibrated real-world results, and not an operational route plan or forecast. Base profile scope: Pilot full scenario-policy-seed output for quasi-real decision-support evaluation; not calibrated real-world results or an operational forecast."
goseong_mobilization,cached_graphml:data/cache/goseong_nodelink_road.graphml;road_class_overrides:data/parameters/road_class_overrides.csv,multimodal_increased_feeder_capacity,goseong_rail_combined_stress_severe,rail_service,none,none,multimodal,30,1.0,0.1,462.43,427.05,336.02,380.0,716.02,7312.46,0.0362,351.59,356.59,421.18,422.55,"Engineering-only pilot output for quasi-real decision-support method review (non-publication, non-acceptance, non-operational); not publication evidence, not final-study evidence, not formal acceptance evidence, not calibrated real-world results, and not an operational route plan or forecast. Base profile scope: Pilot full scenario-policy-seed output for quasi-real decision-support evaluation; not calibrated real-world results or an operational forecast."
goseong_mobilization,cached_graphml:data/cache/goseong_nodelink_road.graphml;road_class_overrides:data/parameters/road_class_overrides.csv,multimodal_increased_feeder_capacity,goseong_rail_delay,rail_service,none,none,multimodal,30,1.0,0.0,379.18,379.18,391.46,473.1,864.56,5944.47,0.029,266.59,315.03,337.92,358.01,"Engineering-only pilot output for quasi-real decision-support method review (non-publication, non-acceptance, non-operational); not publication evidence, not final-study evidence, not formal acceptance evidence, not calibrated real-world results, and not an operational route plan or forecast. Base profile scope: Pilot full scenario-policy-seed output for quasi-real decision-support evaluation; not calibrated real-world results or an operational forecast."
goseong_mobilization,cached_graphml:data/cache/goseong_nodelink_road.graphml;road_class_overrides:data/parameters/road_class_overrides.csv,multimodal_increased_feeder_capacity,goseong_rail_delay_mild,rail_service,none,none,multimodal,30,1.0,0.0,344.18,344.18,391.46,378.48,769.94,5123.67,0.0325,231.59,280.03,302.92,323.01,"Engineering-only pilot output for quasi-real decision-support method review (non-publication, non-acceptance, non-operational); not publication evidence, not final-study evidence, not formal acceptance evidence, not calibrated real-world results, and not an operational route plan or forecast. Base profile scope: Pilot full scenario-policy-seed output for quasi-real decision-support evaluation; not calibrated real-world results or an operational forecast."
goseong_mobilization,cached_graphml:data/cache/goseong_nodelink_road.graphml;road_class_overrides:data/parameters/road_class_overrides.csv,multimodal_increased_feeder_capacity,goseong_rail_delay_severe,rail_service,none,none,multimodal,30,1.0,0.0,434.18,434.18,391.46,630.8,1022.26,7312.47,0.0247,321.59,370.03,392.92,413.01,"Engineering-only pilot output for quasi-real decision-support method review (non-publication, non-acceptance, non-operational); not publication evidence, not final-study evidence, not formal acceptance evidence, not calibrated real-world results, and not an operational route plan or forecast. Base profile scope: Pilot full scenario-policy-seed output for quasi-real decision-support evaluation; not calibrated real-world results or an operational forecast."
goseong_mobilization,cached_graphml:data/cache/goseong_nodelink_road.graphml;road_class_overrides:data/parameters/road_class_overrides.csv,multimodal_increased_feeder_capacity,goseong_rail_station_access,rail_station_access,capacity_reduction,capacity_reduction,multimodal,30,1.0,0.0,319.18,319.18,392.26,315.4,707.66,4579.09,0.0353,206.59,255.03,277.92,298.01,"Engineering-only pilot output for quasi-real decision-support method review (non-publication, non-acceptance, non-operational); not publication evidence, not final-study evidence, not formal acceptance evidence, not calibrated real-world results, and not an operational route plan or forecast. Base profile scope: Pilot full scenario-policy-seed output for quasi-real decision-support evaluation; not calibrated real-world results or an operational forecast."
goseong_mobilization,cached_graphml:data/cache/goseong_nodelink_road.graphml;road_class_overrides:data/parameters/road_class_overrides.csv,multimodal_increased_feeder_capacity,goseong_rail_unavailable,rail_service,none,none,multimodal,30,0.0,24.0,7680.0,inf,110.18,31540.0,31650.18,273962.24,0.0,inf,inf,inf,inf,"Engineering-only pilot output for quasi-real decision-support method review (non-publication, non-acceptance, non-operational); not publication evidence, not final-study evidence, not formal acceptance evidence, not calibrated real-world results, and not an operational route plan or forecast. Base profile scope: Pilot full scenario-policy-seed output for quasi-real decision-support evaluation; not calibrated real-world results or an operational forecast."
goseong_mobilization,cached_graphml:data/cache/goseong_nodelink_road.graphml;road_class_overrides:data/parameters/road_class_overrides.csv,multimodal_increased_feeder_capacity,goseong_random_blockage,random,blocked,blocked,multimodal,30,0.0,24.0,7680.0,inf,110.18,315.4,425.58,3098.24,0.0,inf,inf,inf,inf,"Engineering-only pilot output for quasi-real decision-support method review (non-publication, non-acceptance, non-operational); not publication evidence, not final-study evidence, not formal acceptance evidence, not calibrated real-world results, and not an operational route plan or forecast. Base profile scope: Pilot full scenario-policy-seed output for quasi-real decision-support evaluation; not calibrated real-world results or an operational forecast."
goseong_mobilization,cached_graphml:data/cache/goseong_nodelink_road.graphml;road_class_overrides:data/parameters/road_class_overrides.csv,multimodal_increased_feeder_capacity,goseong_random_capacity_reduction,random,capacity_reduction,capacity_reduction,multimodal,30,1.0,0.0,319.18,319.18,391.46,315.4,706.86,4576.47,0.0353,206.59,255.03,277.92,298.01,"Engineering-only pilot output for quasi-real decision-support method review (non-publication, non-acceptance, non-operational); not publication evidence, not final-study evidence, not formal acceptance evidence, not calibrated real-world results, and not an operational route plan or forecast. Base profile scope: Pilot full scenario-policy-seed output for quasi-real decision-support evaluation; not calibrated real-world results or an operational forecast."
goseong_mobilization,cached_graphml:data/cache/goseong_nodelink_road.graphml;road_class_overrides:data/parameters/road_class_overrides.csv,multimodal_increased_feeder_capacity,goseong_spatial_assembly_egress,spatial_hazard_overlay,capacity_reduction,capacity_reduction,multimodal,30,1.0,0.0,319.18,319.18,391.5,315.4,706.9,4576.61,0.0353,206.59,255.03,277.92,298.01,"Engineering-only pilot output for quasi-real decision-support method review (non-publication, non-acceptance, non-operational); not publication evidence, not final-study evidence, not formal acceptance evidence, not calibrated real-world results, and not an operational route plan or forecast. Base profile scope: Pilot full scenario-policy-seed output for quasi-real decision-support evaluation; not calibrated real-world results or an operational forecast."
goseong_mobilization,cached_graphml:data/cache/goseong_nodelink_road.graphml;road_class_overrides:data/parameters/road_class_overrides.csv,multimodal_increased_feeder_capacity,no_disruption,no_disruption,none,none,multimodal,30,1.0,0.0,319.18,319.18,391.46,315.4,706.86,4576.47,0.0353,206.59,255.03,277.92,298.01,"Engineering-only pilot output for quasi-real decision-support method review (non-publication, non-acceptance, non-operational); not publication evidence, not final-study evidence, not formal acceptance evidence, not calibrated real-world results, and not an operational route plan or forecast. Base profile scope: Pilot full scenario-policy-seed output for quasi-real decision-support evaluation; not calibrated real-world results or an operational forecast."
goseong_mobilization,cached_graphml:data/cache/goseong_nodelink_road.graphml;road_class_overrides:data/parameters/road_class_overrides.csv,multimodal_lastmile_redundancy,goseong_access_origin_to_destination,access_road,capacity_reduction,capacity_reduction,multimodal,30,1.0,0.0,298.57,298.57,417.99,353.4,771.39,4626.48,0.0324,208.64,235.44,255.35,282.91,"Engineering-only pilot output for quasi-real decision-support method review (non-publication, non-acceptance, non-operational); not publication evidence, not final-study evidence, not formal acceptance evidence, not calibrated real-world results, and not an operational route plan or forecast. Base profile scope: Pilot full scenario-policy-seed output for quasi-real decision-support evaluation; not calibrated real-world results or an operational forecast."
goseong_mobilization,cached_graphml:data/cache/goseong_nodelink_road.graphml;road_class_overrides:data/parameters/road_class_overrides.csv,multimodal_lastmile_redundancy,goseong_access_origin_to_station,access_road,capacity_reduction,capacity_reduction,multimodal,30,1.0,0.0,294.76,294.76,414.82,353.4,768.22,4599.02,0.0326,206.59,233.35,252.52,278.83,"Engineering-only pilot output for quasi-real decision-support method review (non-publication, non-acceptance, non-operational); not publication evidence, not final-study evidence, not formal acceptance evidence, not calibrated real-world results, and not an operational route plan or forecast. Base profile scope: Pilot full scenario-policy-seed output for quasi-real decision-support evaluation; not calibrated real-world results or an operational forecast."
goseong_mobilization,cached_graphml:data/cache/goseong_nodelink_road.graphml;road_class_overrides:data/parameters/road_class_overrides.csv,multimodal_lastmile_redundancy,goseong_access_road_damage_extreme,access_road,capacity_reduction,capacity_reduction,multimodal,30,0.93,1.67,968.08,447.42,1099.04,349.6,1448.64,6994.16,0.0162,326.59,331.59,430.32,447.24,"Engineering-only pilot output for quasi-real decision-support method review (non-publication, non-acceptance, non-operational); not publication evidence, not final-study evidence, not formal acceptance evidence, not calibrated real-world results, and not an operational route plan or forecast. Base profile scope: Pilot full scenario-policy-seed output for quasi-real decision-support evaluation; not calibrated real-world results or an operational forecast."
goseong_mobilization,cached_graphml:data/cache/goseong_nodelink_road.graphml;road_class_overrides:data/parameters/road_class_overrides.csv,multimodal_lastmile_redundancy,goseong_access_road_damage_mild,access_road,capacity_reduction,capacity_reduction,multimodal,30,1.0,0.0,312.16,312.16,438.0,334.4,772.4,4757.17,0.0321,236.59,243.26,277.8,300.85,"Engineering-only pilot output for quasi-real decision-support method review (non-publication, non-acceptance, non-operational); not publication evidence, not final-study evidence, not formal acceptance evidence, not calibrated real-world results, and not an operational route plan or forecast. Base profile scope: Pilot full scenario-policy-seed output for quasi-real decision-support evaluation; not calibrated real-world results or an operational forecast."
goseong_mobilization,cached_graphml:data/cache/goseong_nodelink_road.graphml;road_class_overrides:data/parameters/road_class_overrides.csv,multimodal_lastmile_redundancy,goseong_access_road_damage_severe,access_road,capacity_reduction,capacity_reduction,multimodal,30,1.0,0.0,350.47,350.47,617.98,440.8,1058.78,5300.96,0.0232,236.59,265.26,301.56,330.91,"Engineering-only pilot output for quasi-real decision-support method review (non-publication, non-acceptance, non-operational); not publication evidence, not final-study evidence, not formal acceptance evidence, not calibrated real-world results, and not an operational route plan or forecast. Base profile scope: Pilot full scenario-policy-seed output for quasi-real decision-support evaluation; not calibrated real-world results or an operational forecast."
goseong_mobilization,cached_graphml:data/cache/goseong_nodelink_road.graphml;road_class_overrides:data/parameters/road_class_overrides.csv,multimodal_lastmile_redundancy,goseong_combo_access_rail_capacity,access_road,capacity_reduction,capacity_reduction,multimodal,30,1.0,0.0,298.57,298.57,417.99,353.4,771.39,4626.48,0.0324,208.64,235.44,255.35,282.91,"Engineering-only pilot output for quasi-real decision-support method review (non-publication, non-acceptance, non-operational); not publication evidence, not final-study evidence, not formal acceptance evidence, not calibrated real-world results, and not an operational route plan or forecast. Base profile scope: Pilot full scenario-policy-seed output for quasi-real decision-support evaluation; not calibrated real-world results or an operational forecast."
goseong_mobilization,cached_graphml:data/cache/goseong_nodelink_road.graphml;road_class_overrides:data/parameters/road_class_overrides.csv,multimodal_lastmile_redundancy,goseong_critical_link_blockage,critical_link,blocked,blocked,multimodal,30,1.0,0.0,294.76,294.76,407.89,353.4,761.29,4576.5,0.0329,206.59,233.35,252.52,278.83,"Engineering-only pilot output for quasi-real decision-support method review (non-publication, non-acceptance, non-operational); not publication evidence, not final-study evidence, not formal acceptance evidence, not calibrated real-world results, and not an operational route plan or forecast. Base profile scope: Pilot full scenario-policy-seed output for quasi-real decision-support evaluation; not calibrated real-world results or an operational forecast."
goseong_mobilization,cached_graphml:data/cache/goseong_nodelink_road.graphml;road_class_overrides:data/parameters/road_class_overrides.csv,multimodal_lastmile_redundancy,goseong_last_mile_damage_extreme,last_mile,capacity_reduction,capacity_reduction,multimodal,30,0.0,24.0,7680.0,inf,1588.44,353.4,1941.84,12739.75,0.0,inf,inf,inf,inf,"Engineering-only pilot output for quasi-real decision-support method review (non-publication, non-acceptance, non-operational); not publication evidence, not final-study evidence, not formal acceptance evidence, not calibrated real-world results, and not an operational route plan or forecast. Base profile scope: Pilot full scenario-policy-seed output for quasi-real decision-support evaluation; not calibrated real-world results or an operational forecast."
goseong_mobilization,cached_graphml:data/cache/goseong_nodelink_road.graphml;road_class_overrides:data/parameters/road_class_overrides.csv,multimodal_lastmile_redundancy,goseong_last_mile_damage_mild,last_mile,capacity_reduction,capacity_reduction,multimodal,30,1.0,0.0,353.25,353.25,556.74,353.4,910.14,5315.61,0.0274,237.39,264.14,294.4,339.49,"Engineering-only pilot output for quasi-real decision-support method review (non-publication, non-acceptance, non-operational); not publication evidence, not final-study evidence, not formal acceptance evidence, not calibrated real-world results, and not an operational route plan or forecast. Base profile scope: Pilot full scenario-policy-seed output for quasi-real decision-support evaluation; not calibrated real-world results or an operational forecast."
goseong_mobilization,cached_graphml:data/cache/goseong_nodelink_road.graphml;road_class_overrides:data/parameters/road_class_overrides.csv,multimodal_lastmile_redundancy,goseong_last_mile_damage_severe,last_mile,capacity_reduction,capacity_reduction,multimodal,30,0.82,4.43,1810.0,361.46,997.13,353.4,1350.53,7526.83,0.0149,329.78,343.11,361.22,361.46,"Engineering-only pilot output for quasi-real decision-support method review (non-publication, non-acceptance, non-operational); not publication evidence, not final-study evidence, not formal acceptance evidence, not calibrated real-world results, and not an operational route plan or forecast. Base profile scope: Pilot full scenario-policy-seed output for quasi-real decision-support evaluation; not calibrated real-world results or an operational forecast."
goseong_mobilization,cached_graphml:data/cache/goseong_nodelink_road.graphml;road_class_overrides:data/parameters/road_class_overrides.csv,multimodal_lastmile_redundancy,goseong_last_mile_station_to_destination,last_mile,capacity_reduction,capacity_reduction,multimodal,30,1.0,0.0,301.66,301.66,426.11,353.4,779.51,4666.83,0.0321,210.3,237.13,257.65,286.23,"Engineering-only pilot output for quasi-real decision-support method review (non-publication, non-acceptance, non-operational); not publication evidence, not final-study evidence, not formal acceptance evidence, not calibrated real-world results, and not an operational route plan or forecast. Base profile scope: Pilot full scenario-policy-seed output for quasi-real decision-support evaluation; not calibrated real-world results or an operational forecast."
goseong_mobilization,cached_graphml:data/cache/goseong_nodelink_road.graphml;road_class_overrides:data/parameters/road_class_overrides.csv,multimodal_lastmile_redundancy,goseong_long_haul_damage_severe,access_road,capacity_reduction,capacity_reduction,multimodal,30,1.0,0.0,294.76,294.76,407.89,353.4,761.29,4576.5,0.0329,206.59,233.35,252.52,278.83,"Engineering-only pilot output for quasi-real decision-support method review (non-publication, non-acceptance, non-operational); not publication evidence, not final-study evidence, not formal acceptance evidence, not calibrated real-world results, and not an operational route plan or forecast. Base profile scope: Pilot full scenario-policy-seed output for quasi-real decision-support evaluation; not calibrated real-world results or an operational forecast."
goseong_mobilization,cached_graphml:data/cache/goseong_nodelink_road.graphml;road_class_overrides:data/parameters/road_class_overrides.csv,multimodal_lastmile_redundancy,goseong_rail_capacity_reduction,rail_service,none,none,multimodal,30,1.0,0.0,294.76,294.76,407.89,353.4,761.29,4576.5,0.0329,206.59,233.35,252.52,278.83,"Engineering-only pilot output for quasi-real decision-support method review (non-publication, non-acceptance, non-operational); not publication evidence, not final-study evidence, not formal acceptance evidence, not calibrated real-world results, and not an operational route plan or forecast. Base profile scope: Pilot full scenario-policy-seed output for quasi-real decision-support evaluation; not calibrated real-world results or an operational forecast."
goseong_mobilization,cached_graphml:data/cache/goseong_nodelink_road.graphml;road_class_overrides:data/parameters/road_class_overrides.csv,multimodal_lastmile_redundancy,goseong_rail_combined_stress,rail_service,none,none,multimodal,30,1.0,0.0,358.39,358.39,366.83,416.1,782.93,5944.49,0.0317,281.59,289.26,331.25,344.34,"Engineering-only pilot output for quasi-real decision-support method review (non-publication, non-acceptance, non-operational); not publication evidence, not final-study evidence, not formal acceptance evidence, not calibrated real-world results, and not an operational route plan or forecast. Base profile scope: Pilot full scenario-policy-seed output for quasi-real decision-support evaluation; not calibrated real-world results or an operational forecast."
goseong_mobilization,cached_graphml:data/cache/goseong_nodelink_road.graphml;road_class_overrides:data/parameters/road_class_overrides.csv,multimodal_lastmile_redundancy,goseong_rail_combined_stress_mild,rail_service,none,none,multimodal,30,1.0,0.0,315.08,315.08,375.04,378.48,753.52,5123.69,0.0333,236.59,243.59,279.91,298.97,"Engineering-only pilot output for quasi-real decision-support method review (non-publication, non-acceptance, non-operational); not publication evidence, not final-study evidence, not formal acceptance evidence, not calibrated real-world results, and not an operational route plan or forecast. Base profile scope: Pilot full scenario-policy-seed output for quasi-real decision-support evaluation; not calibrated real-world results or an operational forecast."
goseong_mobilization,cached_graphml:data/cache/goseong_nodelink_road.graphml;road_class_overrides:data/parameters/road_class_overrides.csv,multimodal_lastmile_redundancy,goseong_rail_combined_stress_severe,rail_service,none,none,multimodal,30,1.0,0.0,415.69,415.69,348.35,425.6,773.95,7312.49,0.033,351.59,356.59,363.19,391.0,"Engineering-only pilot output for quasi-real decision-support method review (non-publication, non-acceptance, non-operational); not publication evidence, not final-study evidence, not formal acceptance evidence, not calibrated real-world results, and not an operational route plan or forecast. Base profile scope: Pilot full scenario-policy-seed output for quasi-real decision-support evaluation; not calibrated real-world results or an operational forecast."
goseong_mobilization,cached_graphml:data/cache/goseong_nodelink_road.graphml;road_class_overrides:data/parameters/road_class_overrides.csv,multimodal_lastmile_redundancy,goseong_rail_delay,rail_service,none,none,multimodal,30,1.0,0.0,354.76,354.76,407.89,530.1,937.99,5944.5,0.0268,266.59,293.35,312.52,338.83,"Engineering-only pilot output for quasi-real decision-support method review (non-publication, non-acceptance, non-operational); not publication evidence, not final-study evidence, not formal acceptance evidence, not calibrated real-world results, and not an operational route plan or forecast. Base profile scope: Pilot full scenario-policy-seed output for quasi-real decision-support evaluation; not calibrated real-world results or an operational forecast."
goseong_mobilization,cached_graphml:data/cache/goseong_nodelink_road.graphml;road_class_overrides:data/parameters/road_class_overrides.csv,multimodal_lastmile_redundancy,goseong_rail_delay_mild,rail_service,none,none,multimodal,30,1.0,0.0,319.76,319.76,407.89,424.08,831.97,5123.7,0.0301,231.59,258.35,277.52,303.83,"Engineering-only pilot output for quasi-real decision-support method review (non-publication, non-acceptance, non-operational); not publication evidence, not final-study evidence, not formal acceptance evidence, not calibrated real-world results, and not an operational route plan or forecast. Base profile scope: Pilot full scenario-policy-seed output for quasi-real decision-support evaluation; not calibrated real-world results or an operational forecast."
goseong_mobilization,cached_graphml:data/cache/goseong_nodelink_road.graphml;road_class_overrides:data/parameters/road_class_overrides.csv,multimodal_lastmile_redundancy,goseong_rail_delay_severe,rail_service,none,none,multimodal,30,1.0,0.0,409.76,409.76,407.89,706.8,1114.69,7312.5,0.0226,321.59,348.35,367.52,393.83,"Engineering-only pilot output for quasi-real decision-support method review (non-publication, non-acceptance, non-operational); not publication evidence, not final-study evidence, not formal acceptance evidence, not calibrated real-world results, and not an operational route plan or forecast. Base profile scope: Pilot full scenario-policy-seed output for quasi-real decision-support evaluation; not calibrated real-world results or an operational forecast."
goseong_mobilization,cached_graphml:data/cache/goseong_nodelink_road.graphml;road_class_overrides:data/parameters/road_class_overrides.csv,multimodal_lastmile_redundancy,goseong_rail_station_access,rail_station_access,capacity_reduction,capacity_reduction,multimodal,30,1.0,0.0,294.76,294.76,408.7,353.4,762.1,4579.12,0.0328,206.59,233.35,252.52,278.83,"Engineering-only pilot output for quasi-real decision-support method review (non-publication, non-acceptance, non-operational); not publication evidence, not final-study evidence, not formal acceptance evidence, not calibrated real-world results, and not an operational route plan or forecast. Base profile scope: Pilot full scenario-policy-seed output for quasi-real decision-support evaluation; not calibrated real-world results or an operational forecast."
goseong_mobilization,cached_graphml:data/cache/goseong_nodelink_road.graphml;road_class_overrides:data/parameters/road_class_overrides.csv,multimodal_lastmile_redundancy,goseong_rail_unavailable,rail_service,none,none,multimodal,30,0.0,24.0,7680.0,inf,110.18,35340.0,35450.18,273962.24,0.0,inf,inf,inf,inf,"Engineering-only pilot output for quasi-real decision-support method review (non-publication, non-acceptance, non-operational); not publication evidence, not final-study evidence, not formal acceptance evidence, not calibrated real-world results, and not an operational route plan or forecast. Base profile scope: Pilot full scenario-policy-seed output for quasi-real decision-support evaluation; not calibrated real-world results or an operational forecast."
goseong_mobilization,cached_graphml:data/cache/goseong_nodelink_road.graphml;road_class_overrides:data/parameters/road_class_overrides.csv,multimodal_lastmile_redundancy,goseong_random_blockage,random,blocked,blocked,multimodal,30,0.0,24.0,7680.0,inf,110.18,353.4,463.58,3098.24,0.0,inf,inf,inf,inf,"Engineering-only pilot output for quasi-real decision-support method review (non-publication, non-acceptance, non-operational); not publication evidence, not final-study evidence, not formal acceptance evidence, not calibrated real-world results, and not an operational route plan or forecast. Base profile scope: Pilot full scenario-policy-seed output for quasi-real decision-support evaluation; not calibrated real-world results or an operational forecast."
goseong_mobilization,cached_graphml:data/cache/goseong_nodelink_road.graphml;road_class_overrides:data/parameters/road_class_overrides.csv,multimodal_lastmile_redundancy,goseong_random_capacity_reduction,random,capacity_reduction,capacity_reduction,multimodal,30,1.0,0.0,294.76,294.76,407.89,353.4,761.29,4576.5,0.0329,206.59,233.35,252.52,278.83,"Engineering-only pilot output for quasi-real decision-support method review (non-publication, non-acceptance, non-operational); not publication evidence, not final-study evidence, not formal acceptance evidence, not calibrated real-world results, and not an operational route plan or forecast. Base profile scope: Pilot full scenario-policy-seed output for quasi-real decision-support evaluation; not calibrated real-world results or an operational forecast."
goseong_mobilization,cached_graphml:data/cache/goseong_nodelink_road.graphml;road_class_overrides:data/parameters/road_class_overrides.csv,multimodal_lastmile_redundancy,goseong_spatial_assembly_egress,spatial_hazard_overlay,capacity_reduction,capacity_reduction,multimodal,30,1.0,0.0,294.76,294.76,407.93,353.4,761.33,4576.64,0.0329,206.59,233.35,252.52,278.83,"Engineering-only pilot output for quasi-real decision-support method review (non-publication, non-acceptance, non-operational); not publication evidence, not final-study evidence, not formal acceptance evidence, not calibrated real-world results, and not an operational route plan or forecast. Base profile scope: Pilot full scenario-policy-seed output for quasi-real decision-support evaluation; not calibrated real-world results or an operational forecast."
goseong_mobilization,cached_graphml:data/cache/goseong_nodelink_road.graphml;road_class_overrides:data/parameters/road_class_overrides.csv,multimodal_lastmile_redundancy,no_disruption,no_disruption,none,none,multimodal,30,1.0,0.0,294.76,294.76,407.89,353.4,761.29,4576.5,0.0329,206.59,233.35,252.52,278.83,"Engineering-only pilot output for quasi-real decision-support method review (non-publication, non-acceptance, non-operational); not publication evidence, not final-study evidence, not formal acceptance evidence, not calibrated real-world results, and not an operational route plan or forecast. Base profile scope: Pilot full scenario-policy-seed output for quasi-real decision-support evaluation; not calibrated real-world results or an operational forecast."
goseong_mobilization,cached_graphml:data/cache/goseong_nodelink_road.graphml;road_class_overrides:data/parameters/road_class_overrides.csv,peak_congestion_bus,goseong_access_origin_to_destination,access_road,capacity_reduction,capacity_reduction,bus_only,30,0.0,24.0,7680.0,inf,27573.47,0.0,27573.47,143429.84,0.0,inf,inf,inf,inf,"Engineering-only pilot output for quasi-real decision-support method review (non-publication, non-acceptance, non-operational); not publication evidence, not final-study evidence, not formal acceptance evidence, not calibrated real-world results, and not an operational route plan or forecast. Base profile scope: Pilot full scenario-policy-seed output for quasi-real decision-support evaluation; not calibrated real-world results or an operational forecast."
goseong_mobilization,cached_graphml:data/cache/goseong_nodelink_road.graphml;road_class_overrides:data/parameters/road_class_overrides.csv,peak_congestion_bus,goseong_access_origin_to_station,access_road,capacity_reduction,capacity_reduction,bus_only,30,0.0,24.0,7680.0,inf,1925.46,0.0,1925.46,10014.41,0.0,inf,inf,inf,inf,"Engineering-only pilot output for quasi-real decision-support method review (non-publication, non-acceptance, non-operational); not publication evidence, not final-study evidence, not formal acceptance evidence, not calibrated real-world results, and not an operational route plan or forecast. Base profile scope: Pilot full scenario-policy-seed output for quasi-real decision-support evaluation; not calibrated real-world results or an operational forecast."
goseong_mobilization,cached_graphml:data/cache/goseong_nodelink_road.graphml;road_class_overrides:data/parameters/road_class_overrides.csv,peak_congestion_bus,goseong_access_road_damage_extreme,access_road,capacity_reduction,capacity_reduction,bus_only,30,0.0,24.0,7680.0,inf,1908.76,0.0,1908.76,9927.43,0.0,inf,inf,inf,inf,"Engineering-only pilot output for quasi-real decision-support method review (non-publication, non-acceptance, non-operational); not publication evidence, not final-study evidence, not formal acceptance evidence, not calibrated real-world results, and not an operational route plan or forecast. Base profile scope: Pilot full scenario-policy-seed output for quasi-real decision-support evaluation; not calibrated real-world results or an operational forecast."
goseong_mobilization,cached_graphml:data/cache/goseong_nodelink_road.graphml;road_class_overrides:data/parameters/road_class_overrides.csv,peak_congestion_bus,goseong_access_road_damage_mild,access_road,capacity_reduction,capacity_reduction,bus_only,30,0.0,24.0,7680.0,inf,1843.51,0.0,1843.51,9588.09,0.0,inf,inf,inf,inf,"Engineering-only pilot output for quasi-real decision-support method review (non-publication, non-acceptance, non-operational); not publication evidence, not final-study evidence, not formal acceptance evidence, not calibrated real-world results, and not an operational route plan or forecast. Base profile scope: Pilot full scenario-policy-seed output for quasi-real decision-support evaluation; not calibrated real-world results or an operational forecast."
goseong_mobilization,cached_graphml:data/cache/goseong_nodelink_road.graphml;road_class_overrides:data/parameters/road_class_overrides.csv,peak_congestion_bus,goseong_access_road_damage_severe,access_road,capacity_reduction,capacity_reduction,bus_only,30,0.0,24.0,7680.0,inf,1858.57,0.0,1858.57,9666.4,0.0,inf,inf,inf,inf,"Engineering-only pilot output for quasi-real decision-support method review (non-publication, non-acceptance, non-operational); not publication evidence, not final-study evidence, not formal acceptance evidence, not calibrated real-world results, and not an operational route plan or forecast. Base profile scope: Pilot full scenario-policy-seed output for quasi-real decision-support evaluation; not calibrated real-world results or an operational forecast."
goseong_mobilization,cached_graphml:data/cache/goseong_nodelink_road.graphml;road_class_overrides:data/parameters/road_class_overrides.csv,peak_congestion_bus,goseong_combo_access_rail_capacity,access_road,capacity_reduction,capacity_reduction,bus_only,30,0.0,24.0,7680.0,inf,27573.47,0.0,27573.47,143429.84,0.0,inf,inf,inf,inf,"Engineering-only pilot output for quasi-real decision-support method review (non-publication, non-acceptance, non-operational); not publication evidence, not final-study evidence, not formal acceptance evidence, not calibrated real-world results, and not an operational route plan or forecast. Base profile scope: Pilot full scenario-policy-seed output for quasi-real decision-support evaluation; not calibrated real-world results or an operational forecast."
goseong_mobilization,cached_graphml:data/cache/goseong_nodelink_road.graphml;road_class_overrides:data/parameters/road_class_overrides.csv,peak_congestion_bus,goseong_critical_link_blockage,critical_link,blocked,blocked,bus_only,30,0.0,24.0,7680.0,inf,0.0,0.0,0.0,0.0,0.0,inf,inf,inf,inf,"Engineering-only pilot output for quasi-real decision-support method review (non-publication, non-acceptance, non-operational); not publication evidence, not final-study evidence, not formal acceptance evidence, not calibrated real-world results, and not an operational route plan or forecast. Base profile scope: Pilot full scenario-policy-seed output for quasi-real decision-support evaluation; not calibrated real-world results or an operational forecast."
goseong_mobilization,cached_graphml:data/cache/goseong_nodelink_road.graphml;road_class_overrides:data/parameters/road_class_overrides.csv,peak_congestion_bus,goseong_last_mile_damage_extreme,last_mile,capacity_reduction,capacity_reduction,bus_only,30,0.0,24.0,7680.0,inf,10276.76,0.0,10276.76,50939.67,0.0,inf,inf,inf,inf,"Engineering-only pilot output for quasi-real decision-support method review (non-publication, non-acceptance, non-operational); not publication evidence, not final-study evidence, not formal acceptance evidence, not calibrated real-world results, and not an operational route plan or forecast. Base profile scope: Pilot full scenario-policy-seed output for quasi-real decision-support evaluation; not calibrated real-world results or an operational forecast."
goseong_mobilization,cached_graphml:data/cache/goseong_nodelink_road.graphml;road_class_overrides:data/parameters/road_class_overrides.csv,peak_congestion_bus,goseong_last_mile_damage_mild,last_mile,capacity_reduction,capacity_reduction,bus_only,30,0.0,24.0,7680.0,inf,2441.22,0.0,2441.22,12517.54,0.0,inf,inf,inf,inf,"Engineering-only pilot output for quasi-real decision-support method review (non-publication, non-acceptance, non-operational); not publication evidence, not final-study evidence, not formal acceptance evidence, not calibrated real-world results, and not an operational route plan or forecast. Base profile scope: Pilot full scenario-policy-seed output for quasi-real decision-support evaluation; not calibrated real-world results or an operational forecast."
goseong_mobilization,cached_graphml:data/cache/goseong_nodelink_road.graphml;road_class_overrides:data/parameters/road_class_overrides.csv,peak_congestion_bus,goseong_last_mile_damage_severe,last_mile,capacity_reduction,capacity_reduction,bus_only,30,0.0,24.0,7680.0,inf,4249.42,0.0,4249.42,21384.18,0.0,inf,inf,inf,inf,"Engineering-only pilot output for quasi-real decision-support method review (non-publication, non-acceptance, non-operational); not publication evidence, not final-study evidence, not formal acceptance evidence, not calibrated real-world results, and not an operational route plan or forecast. Base profile scope: Pilot full scenario-policy-seed output for quasi-real decision-support evaluation; not calibrated real-world results or an operational forecast."
goseong_mobilization,cached_graphml:data/cache/goseong_nodelink_road.graphml;road_class_overrides:data/parameters/road_class_overrides.csv,peak_congestion_bus,goseong_last_mile_station_to_destination,last_mile,capacity_reduction,capacity_reduction,bus_only,30,0.0,24.0,7680.0,inf,26543.71,0.0,26543.71,138073.27,0.0,inf,inf,inf,inf,"Engineering-only pilot output for quasi-real decision-support method review (non-publication, non-acceptance, non-operational); not publication evidence, not final-study evidence, not formal acceptance evidence, not calibrated real-world results, and not an operational route plan or forecast. Base profile scope: Pilot full scenario-policy-seed output for quasi-real decision-support evaluation; not calibrated real-world results or an operational forecast."
goseong_mobilization,cached_graphml:data/cache/goseong_nodelink_road.graphml;road_class_overrides:data/parameters/road_class_overrides.csv,peak_congestion_bus,goseong_long_haul_damage_severe,access_road,capacity_reduction,capacity_reduction,bus_only,30,0.0,24.0,7680.0,inf,2558.88,0.0,2558.88,13308.09,0.0,inf,inf,inf,inf,"Engineering-only pilot output for quasi-real decision-support method review (non-publication, non-acceptance, non-operational); not publication evidence, not final-study evidence, not formal acceptance evidence, not calibrated real-world results, and not an operational route plan or forecast. Base profile scope: Pilot full scenario-policy-seed output for quasi-real decision-support evaluation; not calibrated real-world results or an operational forecast."
goseong_mobilization,cached_graphml:data/cache/goseong_nodelink_road.graphml;road_class_overrides:data/parameters/road_class_overrides.csv,peak_congestion_bus,goseong_rail_capacity_reduction,rail_service,none,none,bus_only,30,0.0,24.0,7680.0,inf,1838.49,0.0,1838.49,9561.99,0.0,inf,inf,inf,inf,"Engineering-only pilot output for quasi-real decision-support method review (non-publication, non-acceptance, non-operational); not publication evidence, not final-study evidence, not formal acceptance evidence, not calibrated real-world results, and not an operational route plan or forecast. Base profile scope: Pilot full scenario-policy-seed output for quasi-real decision-support evaluation; not calibrated real-world results or an operational forecast."
goseong_mobilization,cached_graphml:data/cache/goseong_nodelink_road.graphml;road_class_overrides:data/parameters/road_class_overrides.csv,peak_congestion_bus,goseong_rail_combined_stress,rail_service,none,none,bus_only,30,0.0,24.0,7680.0,inf,1838.49,0.0,1838.49,9561.99,0.0,inf,inf,inf,inf,"Engineering-only pilot output for quasi-real decision-support method review (non-publication, non-acceptance, non-operational); not publication evidence, not final-study evidence, not formal acceptance evidence, not calibrated real-world results, and not an operational route plan or forecast. Base profile scope: Pilot full scenario-policy-seed output for quasi-real decision-support evaluation; not calibrated real-world results or an operational forecast."
goseong_mobilization,cached_graphml:data/cache/goseong_nodelink_road.graphml;road_class_overrides:data/parameters/road_class_overrides.csv,peak_congestion_bus,goseong_rail_combined_stress_mild,rail_service,none,none,bus_only,30,0.0,24.0,7680.0,inf,1838.49,0.0,1838.49,9561.99,0.0,inf,inf,inf,inf,"Engineering-only pilot output for quasi-real decision-support method review (non-publication, non-acceptance, non-operational); not publication evidence, not final-study evidence, not formal acceptance evidence, not calibrated real-world results, and not an operational route plan or forecast. Base profile scope: Pilot full scenario-policy-seed output for quasi-real decision-support evaluation; not calibrated real-world results or an operational forecast."
goseong_mobilization,cached_graphml:data/cache/goseong_nodelink_road.graphml;road_class_overrides:data/parameters/road_class_overrides.csv,peak_congestion_bus,goseong_rail_combined_stress_severe,rail_service,none,none,bus_only,30,0.0,24.0,7680.0,inf,1838.49,0.0,1838.49,9561.99,0.0,inf,inf,inf,inf,"Engineering-only pilot output for quasi-real decision-support method review (non-publication, non-acceptance, non-operational); not publication evidence, not final-study evidence, not formal acceptance evidence, not calibrated real-world results, and not an operational route plan or forecast. Base profile scope: Pilot full scenario-policy-seed output for quasi-real decision-support evaluation; not calibrated real-world results or an operational forecast."
goseong_mobilization,cached_graphml:data/cache/goseong_nodelink_road.graphml;road_class_overrides:data/parameters/road_class_overrides.csv,peak_congestion_bus,goseong_rail_delay,rail_service,none,none,bus_only,30,0.0,24.0,7680.0,inf,1838.49,0.0,1838.49,9561.99,0.0,inf,inf,inf,inf,"Engineering-only pilot output for quasi-real decision-support method review (non-publication, non-acceptance, non-operational); not publication evidence, not final-study evidence, not formal acceptance evidence, not calibrated real-world results, and not an operational route plan or forecast. Base profile scope: Pilot full scenario-policy-seed output for quasi-real decision-support evaluation; not calibrated real-world results or an operational forecast."
goseong_mobilization,cached_graphml:data/cache/goseong_nodelink_road.graphml;road_class_overrides:data/parameters/road_class_overrides.csv,peak_congestion_bus,goseong_rail_delay_mild,rail_service,none,none,bus_only,30,0.0,24.0,7680.0,inf,1838.49,0.0,1838.49,9561.99,0.0,inf,inf,inf,inf,"Engineering-only pilot output for quasi-real decision-support method review (non-publication, non-acceptance, non-operational); not publication evidence, not final-study evidence, not formal acceptance evidence, not calibrated real-world results, and not an operational route plan or forecast. Base profile scope: Pilot full scenario-policy-seed output for quasi-real decision-support evaluation; not calibrated real-world results or an operational forecast."
goseong_mobilization,cached_graphml:data/cache/goseong_nodelink_road.graphml;road_class_overrides:data/parameters/road_class_overrides.csv,peak_congestion_bus,goseong_rail_delay_severe,rail_service,none,none,bus_only,30,0.0,24.0,7680.0,inf,1838.49,0.0,1838.49,9561.99,0.0,inf,inf,inf,inf,"Engineering-only pilot output for quasi-real decision-support method review (non-publication, non-acceptance, non-operational); not publication evidence, not final-study evidence, not formal acceptance evidence, not calibrated real-world results, and not an operational route plan or forecast. Base profile scope: Pilot full scenario-policy-seed output for quasi-real decision-support evaluation; not calibrated real-world results or an operational forecast."
goseong_mobilization,cached_graphml:data/cache/goseong_nodelink_road.graphml;road_class_overrides:data/parameters/road_class_overrides.csv,peak_congestion_bus,goseong_rail_station_access,rail_station_access,capacity_reduction,capacity_reduction,bus_only,30,0.0,24.0,7680.0,inf,1838.49,0.0,1838.49,9561.99,0.0,inf,inf,inf,inf,"Engineering-only pilot output for quasi-real decision-support method review (non-publication, non-acceptance, non-operational); not publication evidence, not final-study evidence, not formal acceptance evidence, not calibrated real-world results, and not an operational route plan or forecast. Base profile scope: Pilot full scenario-policy-seed output for quasi-real decision-support evaluation; not calibrated real-world results or an operational forecast."
goseong_mobilization,cached_graphml:data/cache/goseong_nodelink_road.graphml;road_class_overrides:data/parameters/road_class_overrides.csv,peak_congestion_bus,goseong_rail_unavailable,rail_service,none,none,bus_only,30,0.0,24.0,7680.0,inf,1838.49,0.0,1838.49,9561.99,0.0,inf,inf,inf,inf,"Engineering-only pilot output for quasi-real decision-support method review (non-publication, non-acceptance, non-operational); not publication evidence, not final-study evidence, not formal acceptance evidence, not calibrated real-world results, and not an operational route plan or forecast. Base profile scope: Pilot full scenario-policy-seed output for quasi-real decision-support evaluation; not calibrated real-world results or an operational forecast."
goseong_mobilization,cached_graphml:data/cache/goseong_nodelink_road.graphml;road_class_overrides:data/parameters/road_class_overrides.csv,peak_congestion_bus,goseong_random_blockage,random,blocked,blocked,bus_only,30,0.0,24.0,7680.0,inf,0.0,0.0,0.0,0.0,0.0,inf,inf,inf,inf,"Engineering-only pilot output for quasi-real decision-support method review (non-publication, non-acceptance, non-operational); not publication evidence, not final-study evidence, not formal acceptance evidence, not calibrated real-world results, and not an operational route plan or forecast. Base profile scope: Pilot full scenario-policy-seed output for quasi-real decision-support evaluation; not calibrated real-world results or an operational forecast."
goseong_mobilization,cached_graphml:data/cache/goseong_nodelink_road.graphml;road_class_overrides:data/parameters/road_class_overrides.csv,peak_congestion_bus,goseong_random_capacity_reduction,random,capacity_reduction,capacity_reduction,bus_only,30,0.0,24.0,7680.0,inf,1856.36,0.0,1856.36,9654.93,0.0,inf,inf,inf,inf,"Engineering-only pilot output for quasi-real decision-support method review (non-publication, non-acceptance, non-operational); not publication evidence, not final-study evidence, not formal acceptance evidence, not calibrated real-world results, and not an operational route plan or forecast. Base profile scope: Pilot full scenario-policy-seed output for quasi-real decision-support evaluation; not calibrated real-world results or an operational forecast."
goseong_mobilization,cached_graphml:data/cache/goseong_nodelink_road.graphml;road_class_overrides:data/parameters/road_class_overrides.csv,peak_congestion_bus,goseong_spatial_assembly_egress,spatial_hazard_overlay,capacity_reduction,capacity_reduction,bus_only,30,0.0,24.0,7680.0,inf,1909.43,0.0,1909.43,9930.99,0.0,inf,inf,inf,inf,"Engineering-only pilot output for quasi-real decision-support method review (non-publication, non-acceptance, non-operational); not publication evidence, not final-study evidence, not formal acceptance evidence, not calibrated real-world results, and not an operational route plan or forecast. Base profile scope: Pilot full scenario-policy-seed output for quasi-real decision-support evaluation; not calibrated real-world results or an operational forecast."
goseong_mobilization,cached_graphml:data/cache/goseong_nodelink_road.graphml;road_class_overrides:data/parameters/road_class_overrides.csv,peak_congestion_bus,no_disruption,no_disruption,none,none,bus_only,30,0.0,24.0,7680.0,inf,1838.49,0.0,1838.49,9561.99,0.0,inf,inf,inf,inf,"Engineering-only pilot output for quasi-real decision-support method review (non-publication, non-acceptance, non-operational); not publication evidence, not final-study evidence, not formal acceptance evidence, not calibrated real-world results, and not an operational route plan or forecast. Base profile scope: Pilot full scenario-policy-seed output for quasi-real decision-support evaluation; not calibrated real-world results or an operational forecast."
goseong_mobilization,cached_graphml:data/cache/goseong_nodelink_road.graphml;road_class_overrides:data/parameters/road_class_overrides.csv,peak_congestion_multimodal,goseong_access_origin_to_destination,access_road,capacity_reduction,capacity_reduction,multimodal,30,0.0,24.0,7680.0,inf,19299.86,342.0,19641.86,111625.0,0.0,inf,inf,inf,inf,"Engineering-only pilot output for quasi-real decision-support method review (non-publication, non-acceptance, non-operational); not publication evidence, not final-study evidence, not formal acceptance evidence, not calibrated real-world results, and not an operational route plan or forecast. Base profile scope: Pilot full scenario-policy-seed output for quasi-real decision-support evaluation; not calibrated real-world results or an operational forecast."
goseong_mobilization,cached_graphml:data/cache/goseong_nodelink_road.graphml;road_class_overrides:data/parameters/road_class_overrides.csv,peak_congestion_multimodal,goseong_access_origin_to_station,access_road,capacity_reduction,capacity_reduction,multimodal,30,0.0,24.0,7680.0,inf,11571.92,0.0,11571.92,60194.25,0.0,inf,inf,inf,inf,"Engineering-only pilot output for quasi-real decision-support method review (non-publication, non-acceptance, non-operational); not publication evidence, not final-study evidence, not formal acceptance evidence, not calibrated real-world results, and not an operational route plan or forecast. Base profile scope: Pilot full scenario-policy-seed output for quasi-real decision-support evaluation; not calibrated real-world results or an operational forecast."
goseong_mobilization,cached_graphml:data/cache/goseong_nodelink_road.graphml;road_class_overrides:data/parameters/road_class_overrides.csv,peak_congestion_multimodal,goseong_access_road_damage_extreme,access_road,capacity_reduction,capacity_reduction,multimodal,30,0.0,24.0,7680.0,inf,3956.75,0.0,3956.75,20581.42,0.0,inf,inf,inf,inf,"Engineering-only pilot output for quasi-real decision-support method review (non-publication, non-acceptance, non-operational); not publication evidence, not final-study evidence, not formal acceptance evidence, not calibrated real-world results, and not an operational route plan or forecast. Base profile scope: Pilot full scenario-policy-seed output for quasi-real decision-support evaluation; not calibrated real-world results or an operational forecast."
goseong_mobilization,cached_graphml:data/cache/goseong_nodelink_road.graphml;road_class_overrides:data/parameters/road_class_overrides.csv,peak_congestion_multimodal,goseong_access_road_damage_mild,access_road,capacity_reduction,capacity_reduction,multimodal,30,0.0,24.0,7680.0,inf,2905.25,114.0,3019.25,18185.93,0.0,inf,inf,inf,inf,"Engineering-only pilot output for quasi-real decision-support method review (non-publication, non-acceptance, non-operational); not publication evidence, not final-study evidence, not formal acceptance evidence, not calibrated real-world results, and not an operational route plan or forecast. Base profile scope: Pilot full scenario-policy-seed output for quasi-real decision-support evaluation; not calibrated real-world results or an operational forecast."
goseong_mobilization,cached_graphml:data/cache/goseong_nodelink_road.graphml;road_class_overrides:data/parameters/road_class_overrides.csv,peak_congestion_multimodal,goseong_access_road_damage_severe,access_road,capacity_reduction,capacity_reduction,multimodal,30,0.0,24.0,7680.0,inf,1483.78,0.0,1483.78,7718.03,0.0,inf,inf,inf,inf,"Engineering-only pilot output for quasi-real decision-support method review (non-publication, non-acceptance, non-operational); not publication evidence, not final-study evidence, not formal acceptance evidence, not calibrated real-world results, and not an operational route plan or forecast. Base profile scope: Pilot full scenario-policy-seed output for quasi-real decision-support evaluation; not calibrated real-world results or an operational forecast."
goseong_mobilization,cached_graphml:data/cache/goseong_nodelink_road.graphml;road_class_overrides:data/parameters/road_class_overrides.csv,peak_congestion_multimodal,goseong_combo_access_rail_capacity,access_road,capacity_reduction,capacity_reduction,multimodal,30,0.0,24.0,7680.0,inf,19299.86,342.0,19641.86,111625.0,0.0,inf,inf,inf,inf,"Engineering-only pilot output for quasi-real decision-support method review (non-publication, non-acceptance, non-operational); not publication evidence, not final-study evidence, not formal acceptance evidence, not calibrated real-world results, and not an operational route plan or forecast. Base profile scope: Pilot full scenario-policy-seed output for quasi-real decision-support evaluation; not calibrated real-world results or an operational forecast."
goseong_mobilization,cached_graphml:data/cache/goseong_nodelink_road.graphml;road_class_overrides:data/parameters/road_class_overrides.csv,peak_congestion_multimodal,goseong_critical_link_blockage,critical_link,blocked,blocked,multimodal,30,0.0,24.0,7680.0,inf,2635.89,342.0,2977.89,14963.93,0.0,inf,inf,inf,inf,"Engineering-only pilot output for quasi-real decision-support method review (non-publication, non-acceptance, non-operational); not publication evidence, not final-study evidence, not formal acceptance evidence, not calibrated real-world results, and not an operational route plan or forecast. Base profile scope: Pilot full scenario-policy-seed output for quasi-real decision-support evaluation; not calibrated real-world results or an operational forecast."
goseong_mobilization,cached_graphml:data/cache/goseong_nodelink_road.graphml;road_class_overrides:data/parameters/road_class_overrides.csv,peak_congestion_multimodal,goseong_last_mile_damage_extreme,last_mile,capacity_reduction,capacity_reduction,multimodal,30,0.0,24.0,7680.0,inf,10977.83,342.0,11319.83,66986.38,0.0,inf,inf,inf,inf,"Engineering-only pilot output for quasi-real decision-support method review (non-publication, non-acceptance, non-operational); not publication evidence, not final-study evidence, not formal acceptance evidence, not calibrated real-world results, and not an operational route plan or forecast. Base profile scope: Pilot full scenario-policy-seed output for quasi-real decision-support evaluation; not calibrated real-world results or an operational forecast."
goseong_mobilization,cached_graphml:data/cache/goseong_nodelink_road.graphml;road_class_overrides:data/parameters/road_class_overrides.csv,peak_congestion_multimodal,goseong_last_mile_damage_mild,last_mile,capacity_reduction,capacity_reduction,multimodal,30,0.0,24.0,7680.0,inf,3231.74,342.0,3573.74,18679.82,0.0,inf,inf,inf,inf,"Engineering-only pilot output for quasi-real decision-support method review (non-publication, non-acceptance, non-operational); not publication evidence, not final-study evidence, not formal acceptance evidence, not calibrated real-world results, and not an operational route plan or forecast. Base profile scope: Pilot full scenario-policy-seed output for quasi-real decision-support evaluation; not calibrated real-world results or an operational forecast."
goseong_mobilization,cached_graphml:data/cache/goseong_nodelink_road.graphml;road_class_overrides:data/parameters/road_class_overrides.csv,peak_congestion_multimodal,goseong_last_mile_damage_severe,last_mile,capacity_reduction,capacity_reduction,multimodal,30,0.0,24.0,7680.0,inf,5019.3,342.0,5361.3,29827.49,0.0,inf,inf,inf,inf,"Engineering-only pilot output for quasi-real decision-support method review (non-publication, non-acceptance, non-operational); not publication evidence, not final-study evidence, not formal acceptance evidence, not calibrated real-world results, and not an operational route plan or forecast. Base profile scope: Pilot full scenario-policy-seed output for quasi-real decision-support evaluation; not calibrated real-world results or an operational forecast."
goseong_mobilization,cached_graphml:data/cache/goseong_nodelink_road.graphml;road_class_overrides:data/parameters/road_class_overrides.csv,peak_congestion_multimodal,goseong_last_mile_station_to_destination,last_mile,capacity_reduction,capacity_reduction,multimodal,30,0.0,24.0,7680.0,inf,32529.6,342.0,32871.6,189297.84,0.0,inf,inf,inf,inf,"Engineering-only pilot output for quasi-real decision-support method review (non-publication, non-acceptance, non-operational); not publication evidence, not final-study evidence, not formal acceptance evidence, not calibrated real-world results, and not an operational route plan or forecast. Base profile scope: Pilot full scenario-policy-seed output for quasi-real decision-support evaluation; not calibrated real-world results or an operational forecast."
goseong_mobilization,cached_graphml:data/cache/goseong_nodelink_road.graphml;road_class_overrides:data/parameters/road_class_overrides.csv,peak_congestion_multimodal,goseong_long_haul_damage_severe,access_road,capacity_reduction,capacity_reduction,multimodal,30,0.0,24.0,7680.0,inf,2635.89,342.0,2977.89,14963.93,0.0,inf,inf,inf,inf,"Engineering-only pilot output for quasi-real decision-support method review (non-publication, non-acceptance, non-operational); not publication evidence, not final-study evidence, not formal acceptance evidence, not calibrated real-world results, and not an operational route plan or forecast. Base profile scope: Pilot full scenario-policy-seed output for quasi-real decision-support evaluation; not calibrated real-world results or an operational forecast."
goseong_mobilization,cached_graphml:data/cache/goseong_nodelink_road.graphml;road_class_overrides:data/parameters/road_class_overrides.csv,peak_congestion_multimodal,goseong_rail_capacity_reduction,rail_service,none,none,multimodal,30,0.0,24.0,7680.0,inf,2635.89,342.0,2977.89,14963.93,0.0,inf,inf,inf,inf,"Engineering-only pilot output for quasi-real decision-support method review (non-publication, non-acceptance, non-operational); not publication evidence, not final-study evidence, not formal acceptance evidence, not calibrated real-world results, and not an operational route plan or forecast. Base profile scope: Pilot full scenario-policy-seed output for quasi-real decision-support evaluation; not calibrated real-world results or an operational forecast."
goseong_mobilization,cached_graphml:data/cache/goseong_nodelink_road.graphml;road_class_overrides:data/parameters/road_class_overrides.csv,peak_congestion_multimodal,goseong_rail_combined_stress,rail_service,none,none,multimodal,30,0.0,24.0,7680.0,inf,2635.89,513.0,3148.89,16236.93,0.0,inf,inf,inf,inf,"Engineering-only pilot output for quasi-real decision-support method review (non-publication, non-acceptance, non-operational); not publication evidence, not final-study evidence, not formal acceptance evidence, not calibrated real-world results, and not an operational route plan or forecast. Base profile scope: Pilot full scenario-policy-seed output for quasi-real decision-support evaluation; not calibrated real-world results or an operational forecast."
goseong_mobilization,cached_graphml:data/cache/goseong_nodelink_road.graphml;road_class_overrides:data/parameters/road_class_overrides.csv,peak_congestion_multimodal,goseong_rail_combined_stress_mild,rail_service,none,none,multimodal,30,0.0,24.0,7680.0,inf,2635.89,410.4,3046.29,15473.13,0.0,inf,inf,inf,inf,"Engineering-only pilot output for quasi-real decision-support method review (non-publication, non-acceptance, non-operational); not publication evidence, not final-study evidence, not formal acceptance evidence, not calibrated real-world results, and not an operational route plan or forecast. Base profile scope: Pilot full scenario-policy-seed output for quasi-real decision-support evaluation; not calibrated real-world results or an operational forecast."
goseong_mobilization,cached_graphml:data/cache/goseong_nodelink_road.graphml;road_class_overrides:data/parameters/road_class_overrides.csv,peak_congestion_multimodal,goseong_rail_combined_stress_severe,rail_service,none,none,multimodal,30,0.0,24.0,7680.0,inf,2635.67,684.0,3319.67,17508.48,0.0,inf,inf,inf,inf,"Engineering-only pilot output for quasi-real decision-support method review (non-publication, non-acceptance, non-operational); not publication evidence, not final-study evidence, not formal acceptance evidence, not calibrated real-world results, and not an operational route plan or forecast. Base profile scope: Pilot full scenario-policy-seed output for quasi-real decision-support evaluation; not calibrated real-world results or an operational forecast."
goseong_mobilization,cached_graphml:data/cache/goseong_nodelink_road.graphml;road_class_overrides:data/parameters/road_class_overrides.csv,peak_congestion_multimodal,goseong_rail_delay,rail_service,none,none,multimodal,30,0.0,24.0,7680.0,inf,2635.89,513.0,3148.89,16236.93,0.0,inf,inf,inf,inf,"Engineering-only pilot output for quasi-real decision-support method review (non-publication, non-acceptance, non-operational); not publication evidence, not final-study evidence, not formal acceptance evidence, not calibrated real-world results, and not an operational route plan or forecast. Base profile scope: Pilot full scenario-policy-seed output for quasi-real decision-support evaluation; not calibrated real-world results or an operational forecast."
goseong_mobilization,cached_graphml:data/cache/goseong_nodelink_road.graphml;road_class_overrides:data/parameters/road_class_overrides.csv,peak_congestion_multimodal,goseong_rail_delay_mild,rail_service,none,none,multimodal,30,0.0,24.0,7680.0,inf,2635.89,410.4,3046.29,15473.13,0.0,inf,inf,inf,inf,"Engineering-only pilot output for quasi-real decision-support method review (non-publication, non-acceptance, non-operational); not publication evidence, not final-study evidence, not formal acceptance evidence, not calibrated real-world results, and not an operational route plan or forecast. Base profile scope: Pilot full scenario-policy-seed output for quasi-real decision-support evaluation; not calibrated real-world results or an operational forecast."
goseong_mobilization,cached_graphml:data/cache/goseong_nodelink_road.graphml;road_class_overrides:data/parameters/road_class_overrides.csv,peak_congestion_multimodal,goseong_rail_delay_severe,rail_service,none,none,multimodal,30,0.0,24.0,7680.0,inf,2635.89,684.0,3319.89,17509.93,0.0,inf,inf,inf,inf,"Engineering-only pilot output for quasi-real decision-support method review (non-publication, non-acceptance, non-operational); not publication evidence, not final-study evidence, not formal acceptance evidence, not calibrated real-world results, and not an operational route plan or forecast. Base profile scope: Pilot full scenario-policy-seed output for quasi-real decision-support evaluation; not calibrated real-world results or an operational forecast."
goseong_mobilization,cached_graphml:data/cache/goseong_nodelink_road.graphml;road_class_overrides:data/parameters/road_class_overrides.csv,peak_congestion_multimodal,goseong_rail_station_access,rail_station_access,capacity_reduction,capacity_reduction,multimodal,30,0.0,24.0,7680.0,inf,1786.22,0.0,1786.22,9291.38,0.0,inf,inf,inf,inf,"Engineering-only pilot output for quasi-real decision-support method review (non-publication, non-acceptance, non-operational); not publication evidence, not final-study evidence, not formal acceptance evidence, not calibrated real-world results, and not an operational route plan or forecast. Base profile scope: Pilot full scenario-policy-seed output for quasi-real decision-support evaluation; not calibrated real-world results or an operational forecast."
goseong_mobilization,cached_graphml:data/cache/goseong_nodelink_road.graphml;road_class_overrides:data/parameters/road_class_overrides.csv,peak_congestion_multimodal,goseong_rail_unavailable,rail_service,none,none,multimodal,30,0.0,24.0,7680.0,inf,1181.4,34200.0,35381.4,258535.01,0.0,inf,inf,inf,inf,"Engineering-only pilot output for quasi-real decision-support method review (non-publication, non-acceptance, non-operational); not publication evidence, not final-study evidence, not formal acceptance evidence, not calibrated real-world results, and not an operational route plan or forecast. Base profile scope: Pilot full scenario-policy-seed output for quasi-real decision-support evaluation; not calibrated real-world results or an operational forecast."
goseong_mobilization,cached_graphml:data/cache/goseong_nodelink_road.graphml;road_class_overrides:data/parameters/road_class_overrides.csv,peak_congestion_multimodal,goseong_random_blockage,random,blocked,blocked,multimodal,30,0.0,24.0,7680.0,inf,1181.4,342.0,1523.4,6481.01,0.0,inf,inf,inf,inf,"Engineering-only pilot output for quasi-real decision-support method review (non-publication, non-acceptance, non-operational); not publication evidence, not final-study evidence, not formal acceptance evidence, not calibrated real-world results, and not an operational route plan or forecast. Base profile scope: Pilot full scenario-policy-seed output for quasi-real decision-support evaluation; not calibrated real-world results or an operational forecast."
goseong_mobilization,cached_graphml:data/cache/goseong_nodelink_road.graphml;road_class_overrides:data/parameters/road_class_overrides.csv,peak_congestion_multimodal,goseong_random_capacity_reduction,random,capacity_reduction,capacity_reduction,multimodal,30,0.0,24.0,7680.0,inf,2635.89,342.0,2977.89,14963.93,0.0,inf,inf,inf,inf,"Engineering-only pilot output for quasi-real decision-support method review (non-publication, non-acceptance, non-operational); not publication evidence, not final-study evidence, not formal acceptance evidence, not calibrated real-world results, and not an operational route plan or forecast. Base profile scope: Pilot full scenario-policy-seed output for quasi-real decision-support evaluation; not calibrated real-world results or an operational forecast."
goseong_mobilization,cached_graphml:data/cache/goseong_nodelink_road.graphml;road_class_overrides:data/parameters/road_class_overrides.csv,peak_congestion_multimodal,goseong_spatial_assembly_egress,spatial_hazard_overlay,capacity_reduction,capacity_reduction,multimodal,30,0.0,24.0,7680.0,inf,2805.33,228.0,3033.33,17929.4,0.0,inf,inf,inf,inf,"Engineering-only pilot output for quasi-real decision-support method review (non-publication, non-acceptance, non-operational); not publication evidence, not final-study evidence, not formal acceptance evidence, not calibrated real-world results, and not an operational route plan or forecast. Base profile scope: Pilot full scenario-policy-seed output for quasi-real decision-support evaluation; not calibrated real-world results or an operational forecast."
goseong_mobilization,cached_graphml:data/cache/goseong_nodelink_road.graphml;road_class_overrides:data/parameters/road_class_overrides.csv,peak_congestion_multimodal,no_disruption,no_disruption,none,none,multimodal,30,0.0,24.0,7680.0,inf,2635.89,342.0,2977.89,14963.93,0.0,inf,inf,inf,inf,"Engineering-only pilot output for quasi-real decision-support method review (non-publication, non-acceptance, non-operational); not publication evidence, not final-study evidence, not formal acceptance evidence, not calibrated real-world results, and not an operational route plan or forecast. Base profile scope: Pilot full scenario-policy-seed output for quasi-real decision-support evaluation; not calibrated real-world results or an operational forecast."
goseong_mobilization,cached_graphml:data/cache/goseong_nodelink_road.graphml;road_class_overrides:data/parameters/road_class_overrides.csv,rail_delay_or_partial_unavailability,goseong_access_origin_to_destination,access_road,capacity_reduction,capacity_reduction,multimodal,30,1.0,0.0,348.92,348.92,375.45,346.75,722.2,5310.03,0.0343,253.64,263.11,326.76,333.04,"Engineering-only pilot output for quasi-real decision-support method review (non-publication, non-acceptance, non-operational); not publication evidence, not final-study evidence, not formal acceptance evidence, not calibrated real-world results, and not an operational route plan or forecast. Base profile scope: Pilot full scenario-policy-seed output for quasi-real decision-support evaluation; not calibrated real-world results or an operational forecast."
goseong_mobilization,cached_graphml:data/cache/goseong_nodelink_road.graphml;road_class_overrides:data/parameters/road_class_overrides.csv,rail_delay_or_partial_unavailability,goseong_access_origin_to_station,access_road,capacity_reduction,capacity_reduction,multimodal,30,1.0,0.0,344.45,344.45,373.75,346.75,720.5,5282.99,0.0344,251.59,260.9,322.65,328.84,"Engineering-only pilot output for quasi-real decision-support method review (non-publication, non-acceptance, non-operational); not publication evidence, not final-study evidence, not formal acceptance evidence, not calibrated real-world results, and not an operational route plan or forecast. Base profile scope: Pilot full scenario-policy-seed output for quasi-real decision-support evaluation; not calibrated real-world results or an operational forecast."
goseong_mobilization,cached_graphml:data/cache/goseong_nodelink_road.graphml;road_class_overrides:data/parameters/road_class_overrides.csv,rail_delay_or_partial_unavailability,goseong_access_road_damage_extreme,access_road,capacity_reduction,capacity_reduction,multimodal,30,0.92,2.03,1088.98,476.59,1117.51,517.75,1635.26,7674.35,0.0139,341.59,385.76,467.0,476.59,"Engineering-only pilot output for quasi-real decision-support method review (non-publication, non-acceptance, non-operational); not publication evidence, not final-study evidence, not formal acceptance evidence, not calibrated real-world results, and not an operational route plan or forecast. Base profile scope: Pilot full scenario-policy-seed output for quasi-real decision-support evaluation; not calibrated real-world results or an operational forecast."
goseong_mobilization,cached_graphml:data/cache/goseong_nodelink_road.graphml;road_class_overrides:data/parameters/road_class_overrides.csv,rail_delay_or_partial_unavailability,goseong_access_road_damage_mild,access_road,capacity_reduction,capacity_reduction,multimodal,30,1.0,0.0,356.83,356.83,431.83,403.75,835.58,5441.15,0.0295,251.59,260.9,323.19,340.23,"Engineering-only pilot output for quasi-real decision-support method review (non-publication, non-acceptance, non-operational); not publication evidence, not final-study evidence, not formal acceptance evidence, not calibrated real-world results, and not an operational route plan or forecast. Base profile scope: Pilot full scenario-policy-seed output for quasi-real decision-support evaluation; not calibrated real-world results or an operational forecast."
goseong_mobilization,cached_graphml:data/cache/goseong_nodelink_road.graphml;road_class_overrides:data/parameters/road_class_overrides.csv,rail_delay_or_partial_unavailability,goseong_access_road_damage_severe,access_road,capacity_reduction,capacity_reduction,multimodal,30,1.0,0.0,401.31,401.31,597.45,403.75,1001.2,5984.93,0.0248,296.59,305.9,368.19,385.23,"Engineering-only pilot output for quasi-real decision-support method review (non-publication, non-acceptance, non-operational); not publication evidence, not final-study evidence, not formal acceptance evidence, not calibrated real-world results, and not an operational route plan or forecast. Base profile scope: Pilot full scenario-policy-seed output for quasi-real decision-support evaluation; not calibrated real-world results or an operational forecast."
goseong_mobilization,cached_graphml:data/cache/goseong_nodelink_road.graphml;road_class_overrides:data/parameters/road_class_overrides.csv,rail_delay_or_partial_unavailability,goseong_combo_access_rail_capacity,access_road,capacity_reduction,capacity_reduction,multimodal,30,1.0,0.0,348.92,348.92,375.45,346.75,722.2,5310.03,0.0343,253.64,263.11,326.76,333.04,"Engineering-only pilot output for quasi-real decision-support method review (non-publication, non-acceptance, non-operational); not publication evidence, not final-study evidence, not formal acceptance evidence, not calibrated real-world results, and not an operational route plan or forecast. Base profile scope: Pilot full scenario-policy-seed output for quasi-real decision-support evaluation; not calibrated real-world results or an operational forecast."
goseong_mobilization,cached_graphml:data/cache/goseong_nodelink_road.graphml;road_class_overrides:data/parameters/road_class_overrides.csv,rail_delay_or_partial_unavailability,goseong_critical_link_blockage,critical_link,blocked,blocked,multimodal,30,1.0,0.0,344.45,344.45,366.82,346.75,713.57,5260.46,0.0347,251.59,260.9,322.65,328.84,"Engineering-only pilot output for quasi-real decision-support method review (non-publication, non-acceptance, non-operational); not publication evidence, not final-study evidence, not formal acceptance evidence, not calibrated real-world results, and not an operational route plan or forecast. Base profile scope: Pilot full scenario-policy-seed output for quasi-real decision-support evaluation; not calibrated real-world results or an operational forecast."
goseong_mobilization,cached_graphml:data/cache/goseong_nodelink_road.graphml;road_class_overrides:data/parameters/road_class_overrides.csv,rail_delay_or_partial_unavailability,goseong_last_mile_damage_extreme,last_mile,capacity_reduction,capacity_reduction,multimodal,30,0.0,24.0,7680.0,inf,1095.67,346.75,1442.42,11156.96,0.0,inf,inf,inf,inf,"Engineering-only pilot output for quasi-real decision-support method review (non-publication, non-acceptance, non-operational); not publication evidence, not final-study evidence, not formal acceptance evidence, not calibrated real-world results, and not an operational route plan or forecast. Base profile scope: Pilot full scenario-policy-seed output for quasi-real decision-support evaluation; not calibrated real-world results or an operational forecast."
goseong_mobilization,cached_graphml:data/cache/goseong_nodelink_road.graphml;road_class_overrides:data/parameters/road_class_overrides.csv,rail_delay_or_partial_unavailability,goseong_last_mile_damage_mild,last_mile,capacity_reduction,capacity_reduction,multimodal,30,0.99,0.37,521.71,387.11,495.14,346.75,841.89,5999.58,0.0291,282.39,290.57,384.15,385.4,"Engineering-only pilot output for quasi-real decision-support method review (non-publication, non-acceptance, non-operational); not publication evidence, not final-study evidence, not formal acceptance evidence, not calibrated real-world results, and not an operational route plan or forecast. Base profile scope: Pilot full scenario-policy-seed output for quasi-real decision-support evaluation; not calibrated real-world results or an operational forecast."
goseong_mobilization,cached_graphml:data/cache/goseong_nodelink_road.graphml;road_class_overrides:data/parameters/road_class_overrides.csv,rail_delay_or_partial_unavailability,goseong_last_mile_damage_severe,last_mile,capacity_reduction,capacity_reduction,multimodal,30,0.62,9.03,3190.0,379.78,824.66,346.75,1171.41,8149.16,0.013,374.78,376.2,379.78,379.78,"Engineering-only pilot output for quasi-real decision-support method review (non-publication, non-acceptance, non-operational); not publication evidence, not final-study evidence, not formal acceptance evidence, not calibrated real-world results, and not an operational route plan or forecast. Base profile scope: Pilot full scenario-policy-seed output for quasi-real decision-support evaluation; not calibrated real-world results or an operational forecast."
goseong_mobilization,cached_graphml:data/cache/goseong_nodelink_road.graphml;road_class_overrides:data/parameters/road_class_overrides.csv,rail_delay_or_partial_unavailability,goseong_last_mile_station_to_destination,last_mile,capacity_reduction,capacity_reduction,multimodal,30,1.0,0.0,352.55,352.55,382.38,346.75,729.13,5350.04,0.034,255.3,264.9,330.11,336.44,"Engineering-only pilot output for quasi-real decision-support method review (non-publication, non-acceptance, non-operational); not publication evidence, not final-study evidence, not formal acceptance evidence, not calibrated real-world results, and not an operational route plan or forecast. Base profile scope: Pilot full scenario-policy-seed output for quasi-real decision-support evaluation; not calibrated real-world results or an operational forecast."
goseong_mobilization,cached_graphml:data/cache/goseong_nodelink_road.graphml;road_class_overrides:data/parameters/road_class_overrides.csv,rail_delay_or_partial_unavailability,goseong_long_haul_damage_severe,access_road,capacity_reduction,capacity_reduction,multimodal,30,1.0,0.0,344.45,344.45,366.82,346.75,713.57,5260.46,0.0347,251.59,260.9,322.65,328.84,"Engineering-only pilot output for quasi-real decision-support method review (non-publication, non-acceptance, non-operational); not publication evidence, not final-study evidence, not formal acceptance evidence, not calibrated real-world results, and not an operational route plan or forecast. Base profile scope: Pilot full scenario-policy-seed output for quasi-real decision-support evaluation; not calibrated real-world results or an operational forecast."
goseong_mobilization,cached_graphml:data/cache/goseong_nodelink_road.graphml;road_class_overrides:data/parameters/road_class_overrides.csv,rail_delay_or_partial_unavailability,goseong_rail_capacity_reduction,rail_service,none,none,multimodal,30,1.0,0.0,344.45,344.45,366.82,346.75,713.57,5260.46,0.0347,251.59,260.9,322.65,328.84,"Engineering-only pilot output for quasi-real decision-support method review (non-publication, non-acceptance, non-operational); not publication evidence, not final-study evidence, not formal acceptance evidence, not calibrated real-world results, and not an operational route plan or forecast. Base profile scope: Pilot full scenario-policy-seed output for quasi-real decision-support evaluation; not calibrated real-world results or an operational forecast."
goseong_mobilization,cached_graphml:data/cache/goseong_nodelink_road.graphml;road_class_overrides:data/parameters/road_class_overrides.csv,rail_delay_or_partial_unavailability,goseong_rail_combined_stress,rail_service,none,none,multimodal,30,1.0,0.07,443.94,420.02,346.29,391.88,738.16,6970.46,0.0343,346.59,351.59,416.18,418.65,"Engineering-only pilot output for quasi-real decision-support method review (non-publication, non-acceptance, non-operational); not publication evidence, not final-study evidence, not formal acceptance evidence, not calibrated real-world results, and not an operational route plan or forecast. Base profile scope: Pilot full scenario-policy-seed output for quasi-real decision-support evaluation; not calibrated real-world results or an operational forecast."
goseong_mobilization,cached_graphml:data/cache/goseong_nodelink_road.graphml;road_class_overrides:data/parameters/road_class_overrides.csv,rail_delay_or_partial_unavailability,goseong_rail_combined_stress_mild,rail_service,none,none,multimodal,30,1.0,0.0,373.7,373.7,358.61,353.4,712.01,5944.47,0.0351,286.59,291.59,356.88,360.71,"Engineering-only pilot output for quasi-real decision-support method review (non-publication, non-acceptance, non-operational); not publication evidence, not final-study evidence, not formal acceptance evidence, not calibrated real-world results, and not an operational route plan or forecast. Base profile scope: Pilot full scenario-policy-seed output for quasi-real decision-support evaluation; not calibrated real-world results or an operational forecast."
goseong_mobilization,cached_graphml:data/cache/goseong_nodelink_road.graphml;road_class_overrides:data/parameters/road_class_overrides.csv,rail_delay_or_partial_unavailability,goseong_rail_combined_stress_severe,rail_service,none,none,multimodal,30,0.67,8.0,2880.0,441.59,317.55,389.5,707.04,8680.46,0.024,436.59,439.09,441.59,441.59,"Engineering-only pilot output for quasi-real decision-support method review (non-publication, non-acceptance, non-operational); not publication evidence, not final-study evidence, not formal acceptance evidence, not calibrated real-world results, and not an operational route plan or forecast. Base profile scope: Pilot full scenario-policy-seed output for quasi-real decision-support evaluation; not calibrated real-world results or an operational forecast."
goseong_mobilization,cached_graphml:data/cache/goseong_nodelink_road.graphml;road_class_overrides:data/parameters/road_class_overrides.csv,rail_delay_or_partial_unavailability,goseong_rail_delay,rail_service,none,none,multimodal,30,1.0,0.0,414.45,414.45,366.82,520.12,886.95,6970.46,0.028,321.59,330.9,392.65,398.84,"Engineering-only pilot output for quasi-real decision-support method review (non-publication, non-acceptance, non-operational); not publication evidence, not final-study evidence, not formal acceptance evidence, not calibrated real-world results, and not an operational route plan or forecast. Base profile scope: Pilot full scenario-policy-seed output for quasi-real decision-support evaluation; not calibrated real-world results or an operational forecast."
goseong_mobilization,cached_graphml:data/cache/goseong_nodelink_road.graphml;road_class_overrides:data/parameters/road_class_overrides.csv,rail_delay_or_partial_unavailability,goseong_rail_delay_mild,rail_service,none,none,multimodal,30,1.0,0.0,374.45,374.45,366.82,416.1,782.92,5944.46,0.0317,281.59,290.9,352.65,358.84,"Engineering-only pilot output for quasi-real decision-support method review (non-publication, non-acceptance, non-operational); not publication evidence, not final-study evidence, not formal acceptance evidence, not calibrated real-world results, and not an operational route plan or forecast. Base profile scope: Pilot full scenario-policy-seed output for quasi-real decision-support evaluation; not calibrated real-world results or an operational forecast."
goseong_mobilization,cached_graphml:data/cache/goseong_nodelink_road.graphml;road_class_overrides:data/parameters/road_class_overrides.csv,rail_delay_or_partial_unavailability,goseong_rail_delay_severe,rail_service,none,none,multimodal,30,0.98,0.5,620.59,464.85,366.82,693.5,1060.32,8680.46,0.0231,391.59,398.74,462.55,463.81,"Engineering-only pilot output for quasi-real decision-support method review (non-publication, non-acceptance, non-operational); not publication evidence, not final-study evidence, not formal acceptance evidence, not calibrated real-world results, and not an operational route plan or forecast. Base profile scope: Pilot full scenario-policy-seed output for quasi-real decision-support evaluation; not calibrated real-world results or an operational forecast."
goseong_mobilization,cached_graphml:data/cache/goseong_nodelink_road.graphml;road_class_overrides:data/parameters/road_class_overrides.csv,rail_delay_or_partial_unavailability,goseong_rail_station_access,rail_station_access,capacity_reduction,capacity_reduction,multimodal,30,1.0,0.0,344.45,344.45,367.63,346.75,714.38,5263.09,0.0347,251.59,260.9,322.65,328.84,"Engineering-only pilot output for quasi-real decision-support method review (non-publication, non-acceptance, non-operational); not publication evidence, not final-study evidence, not formal acceptance evidence, not calibrated real-world results, and not an operational route plan or forecast. Base profile scope: Pilot full scenario-policy-seed output for quasi-real decision-support evaluation; not calibrated real-world results or an operational forecast."
goseong_mobilization,cached_graphml:data/cache/goseong_nodelink_road.graphml;road_class_overrides:data/parameters/road_class_overrides.csv,rail_delay_or_partial_unavailability,goseong_rail_unavailable,rail_service,none,none,multimodal,30,0.0,24.0,7680.0,inf,110.18,34675.0,34785.18,342362.24,0.0,inf,inf,inf,inf,"Engineering-only pilot output for quasi-real decision-support method review (non-publication, non-acceptance, non-operational); not publication evidence, not final-study evidence, not formal acceptance evidence, not calibrated real-world results, and not an operational route plan or forecast. Base profile scope: Pilot full scenario-policy-seed output for quasi-real decision-support evaluation; not calibrated real-world results or an operational forecast."
goseong_mobilization,cached_graphml:data/cache/goseong_nodelink_road.graphml;road_class_overrides:data/parameters/road_class_overrides.csv,rail_delay_or_partial_unavailability,goseong_random_blockage,random,blocked,blocked,multimodal,30,0.0,24.0,7680.0,inf,110.18,346.75,456.93,3782.24,0.0,inf,inf,inf,inf,"Engineering-only pilot output for quasi-real decision-support method review (non-publication, non-acceptance, non-operational); not publication evidence, not final-study evidence, not formal acceptance evidence, not calibrated real-world results, and not an operational route plan or forecast. Base profile scope: Pilot full scenario-policy-seed output for quasi-real decision-support evaluation; not calibrated real-world results or an operational forecast."
goseong_mobilization,cached_graphml:data/cache/goseong_nodelink_road.graphml;road_class_overrides:data/parameters/road_class_overrides.csv,rail_delay_or_partial_unavailability,goseong_random_capacity_reduction,random,capacity_reduction,capacity_reduction,multimodal,30,1.0,0.0,344.45,344.45,366.82,346.75,713.57,5260.46,0.0347,251.59,260.9,322.65,328.84,"Engineering-only pilot output for quasi-real decision-support method review (non-publication, non-acceptance, non-operational); not publication evidence, not final-study evidence, not formal acceptance evidence, not calibrated real-world results, and not an operational route plan or forecast. Base profile scope: Pilot full scenario-policy-seed output for quasi-real decision-support evaluation; not calibrated real-world results or an operational forecast."
goseong_mobilization,cached_graphml:data/cache/goseong_nodelink_road.graphml;road_class_overrides:data/parameters/road_class_overrides.csv,rail_delay_or_partial_unavailability,goseong_spatial_assembly_egress,spatial_hazard_overlay,capacity_reduction,capacity_reduction,multimodal,30,1.0,0.0,344.45,344.45,366.87,346.75,713.62,5260.61,0.0347,251.59,260.9,322.65,328.84,"Engineering-only pilot output for quasi-real decision-support method review (non-publication, non-acceptance, non-operational); not publication evidence, not final-study evidence, not formal acceptance evidence, not calibrated real-world results, and not an operational route plan or forecast. Base profile scope: Pilot full scenario-policy-seed output for quasi-real decision-support evaluation; not calibrated real-world results or an operational forecast."
goseong_mobilization,cached_graphml:data/cache/goseong_nodelink_road.graphml;road_class_overrides:data/parameters/road_class_overrides.csv,rail_delay_or_partial_unavailability,no_disruption,no_disruption,none,none,multimodal,30,1.0,0.0,344.45,344.45,366.82,346.75,713.57,5260.46,0.0347,251.59,260.9,322.65,328.84,"Engineering-only pilot output for quasi-real decision-support method review (non-publication, non-acceptance, non-operational); not publication evidence, not final-study evidence, not formal acceptance evidence, not calibrated real-world results, and not an operational route plan or forecast. Base profile scope: Pilot full scenario-policy-seed output for quasi-real decision-support evaluation; not calibrated real-world results or an operational forecast."
goseong_mobilization,cached_graphml:data/cache/goseong_nodelink_road.graphml;road_class_overrides:data/parameters/road_class_overrides.csv,severe_congestion_bus,goseong_access_origin_to_destination,access_road,capacity_reduction,capacity_reduction,bus_only,30,0.0,24.0,7680.0,inf,8998.92,0.0,8998.92,46814.57,0.0,inf,inf,inf,inf,"Engineering-only pilot output for quasi-real decision-support method review (non-publication, non-acceptance, non-operational); not publication evidence, not final-study evidence, not formal acceptance evidence, not calibrated real-world results, and not an operational route plan or forecast. Base profile scope: Pilot full scenario-policy-seed output for quasi-real decision-support evaluation; not calibrated real-world results or an operational forecast."
goseong_mobilization,cached_graphml:data/cache/goseong_nodelink_road.graphml;road_class_overrides:data/parameters/road_class_overrides.csv,severe_congestion_bus,goseong_access_origin_to_station,access_road,capacity_reduction,capacity_reduction,bus_only,30,0.65,8.4,3000.0,306.81,1710.29,0.0,1710.29,6511.3,0.0092,296.27,302.23,306.46,306.81,"Engineering-only pilot output for quasi-real decision-support method review (non-publication, non-acceptance, non-operational); not publication evidence, not final-study evidence, not formal acceptance evidence, not calibrated real-world results, and not an operational route plan or forecast. Base profile scope: Pilot full scenario-policy-seed output for quasi-real decision-support evaluation; not calibrated real-world results or an operational forecast."
goseong_mobilization,cached_graphml:data/cache/goseong_nodelink_road.graphml;road_class_overrides:data/parameters/road_class_overrides.csv,severe_congestion_bus,goseong_access_road_damage_extreme,access_road,capacity_reduction,capacity_reduction,bus_only,30,0.65,8.4,3000.0,317.39,1772.47,0.0,1772.47,6747.96,0.0089,306.88,312.82,317.04,317.39,"Engineering-only pilot output for quasi-real decision-support method review (non-publication, non-acceptance, non-operational); not publication evidence, not final-study evidence, not formal acceptance evidence, not calibrated real-world results, and not an operational route plan or forecast. Base profile scope: Pilot full scenario-policy-seed output for quasi-real decision-support evaluation; not calibrated real-world results or an operational forecast."
goseong_mobilization,cached_graphml:data/cache/goseong_nodelink_road.graphml;road_class_overrides:data/parameters/road_class_overrides.csv,severe_congestion_bus,goseong_access_road_damage_mild,access_road,capacity_reduction,capacity_reduction,bus_only,30,0.65,8.4,3000.0,299.02,1664.71,0.0,1664.71,6337.73,0.0094,288.52,294.45,298.67,299.02,"Engineering-only pilot output for quasi-real decision-support method review (non-publication, non-acceptance, non-operational); not publication evidence, not final-study evidence, not formal acceptance evidence, not calibrated real-world results, and not an operational route plan or forecast. Base profile scope: Pilot full scenario-policy-seed output for quasi-real decision-support evaluation; not calibrated real-world results or an operational forecast."
goseong_mobilization,cached_graphml:data/cache/goseong_nodelink_road.graphml;road_class_overrides:data/parameters/road_class_overrides.csv,severe_congestion_bus,goseong_access_road_damage_severe,access_road,capacity_reduction,capacity_reduction,bus_only,30,0.65,8.4,3000.0,303.26,1689.58,0.0,1689.58,6432.4,0.0093,292.76,298.69,302.91,303.26,"Engineering-only pilot output for quasi-real decision-support method review (non-publication, non-acceptance, non-operational); not publication evidence, not final-study evidence, not formal acceptance evidence, not calibrated real-world results, and not an operational route plan or forecast. Base profile scope: Pilot full scenario-policy-seed output for quasi-real decision-support evaluation; not calibrated real-world results or an operational forecast."
goseong_mobilization,cached_graphml:data/cache/goseong_nodelink_road.graphml;road_class_overrides:data/parameters/road_class_overrides.csv,severe_congestion_bus,goseong_combo_access_rail_capacity,access_road,capacity_reduction,capacity_reduction,bus_only,30,0.0,24.0,7680.0,inf,8998.92,0.0,8998.92,46814.57,0.0,inf,inf,inf,inf,"Engineering-only pilot output for quasi-real decision-support method review (non-publication, non-acceptance, non-operational); not publication evidence, not final-study evidence, not formal acceptance evidence, not calibrated real-world results, and not an operational route plan or forecast. Base profile scope: Pilot full scenario-policy-seed output for quasi-real decision-support evaluation; not calibrated real-world results or an operational forecast."
goseong_mobilization,cached_graphml:data/cache/goseong_nodelink_road.graphml;road_class_overrides:data/parameters/road_class_overrides.csv,severe_congestion_bus,goseong_critical_link_blockage,critical_link,blocked,blocked,bus_only,30,0.0,24.0,7680.0,inf,0.0,0.0,0.0,0.0,0.0,inf,inf,inf,inf,"Engineering-only pilot output for quasi-real decision-support method review (non-publication, non-acceptance, non-operational); not publication evidence, not final-study evidence, not formal acceptance evidence, not calibrated real-world results, and not an operational route plan or forecast. Base profile scope: Pilot full scenario-policy-seed output for quasi-real decision-support evaluation; not calibrated real-world results or an operational forecast."
goseong_mobilization,cached_graphml:data/cache/goseong_nodelink_road.graphml;road_class_overrides:data/parameters/road_class_overrides.csv,severe_congestion_bus,goseong_last_mile_damage_extreme,last_mile,capacity_reduction,capacity_reduction,bus_only,30,0.0,24.0,7680.0,inf,3707.04,0.0,3707.04,18452.83,0.0,inf,inf,inf,inf,"Engineering-only pilot output for quasi-real decision-support method review (non-publication, non-acceptance, non-operational); not publication evidence, not final-study evidence, not formal acceptance evidence, not calibrated real-world results, and not an operational route plan or forecast. Base profile scope: Pilot full scenario-policy-seed output for quasi-real decision-support evaluation; not calibrated real-world results or an operational forecast."
goseong_mobilization,cached_graphml:data/cache/goseong_nodelink_road.graphml;road_class_overrides:data/parameters/road_class_overrides.csv,severe_congestion_bus,goseong_last_mile_damage_mild,last_mile,capacity_reduction,capacity_reduction,bus_only,30,0.65,8.4,3000.0,380.28,2053.76,0.0,2053.76,7736.19,0.0077,331.52,364.0,379.56,380.28,"Engineering-only pilot output for quasi-real decision-support method review (non-publication, non-acceptance, non-operational); not publication evidence, not final-study evidence, not formal acceptance evidence, not calibrated real-world results, and not an operational route plan or forecast. Base profile scope: Pilot full scenario-policy-seed output for quasi-real decision-support evaluation; not calibrated real-world results or an operational forecast."
goseong_mobilization,cached_graphml:data/cache/goseong_nodelink_road.graphml;road_class_overrides:data/parameters/road_class_overrides.csv,severe_congestion_bus,goseong_last_mile_damage_severe,last_mile,capacity_reduction,capacity_reduction,bus_only,30,0.27,17.43,5710.0,449.05,2102.78,0.0,2102.78,9720.11,0.0031,449.05,449.05,449.05,449.05,"Engineering-only pilot output for quasi-real decision-support method review (non-publication, non-acceptance, non-operational); not publication evidence, not final-study evidence, not formal acceptance evidence, not calibrated real-world results, and not an operational route plan or forecast. Base profile scope: Pilot full scenario-policy-seed output for quasi-real decision-support evaluation; not calibrated real-world results or an operational forecast."
goseong_mobilization,cached_graphml:data/cache/goseong_nodelink_road.graphml;road_class_overrides:data/parameters/road_class_overrides.csv,severe_congestion_bus,goseong_last_mile_station_to_destination,last_mile,capacity_reduction,capacity_reduction,bus_only,30,0.0,24.0,7680.0,inf,8672.74,0.0,8672.74,45117.65,0.0,inf,inf,inf,inf,"Engineering-only pilot output for quasi-real decision-support method review (non-publication, non-acceptance, non-operational); not publication evidence, not final-study evidence, not formal acceptance evidence, not calibrated real-world results, and not an operational route plan or forecast. Base profile scope: Pilot full scenario-policy-seed output for quasi-real decision-support evaluation; not calibrated real-world results or an operational forecast."
goseong_mobilization,cached_graphml:data/cache/goseong_nodelink_road.graphml;road_class_overrides:data/parameters/road_class_overrides.csv,severe_congestion_bus,goseong_long_haul_damage_severe,access_road,capacity_reduction,capacity_reduction,bus_only,30,0.0,24.0,7680.0,inf,1533.59,0.0,1533.59,7975.48,0.0,inf,inf,inf,inf,"Engineering-only pilot output for quasi-real decision-support method review (non-publication, non-acceptance, non-operational); not publication evidence, not final-study evidence, not formal acceptance evidence, not calibrated real-world results, and not an operational route plan or forecast. Base profile scope: Pilot full scenario-policy-seed output for quasi-real decision-support evaluation; not calibrated real-world results or an operational forecast."
goseong_mobilization,cached_graphml:data/cache/goseong_nodelink_road.graphml;road_class_overrides:data/parameters/road_class_overrides.csv,severe_congestion_bus,goseong_rail_capacity_reduction,rail_service,none,none,bus_only,30,0.65,8.4,3000.0,297.61,1656.42,0.0,1656.42,6306.18,0.0095,287.11,293.04,297.26,297.61,"Engineering-only pilot output for quasi-real decision-support method review (non-publication, non-acceptance, non-operational); not publication evidence, not final-study evidence, not formal acceptance evidence, not calibrated real-world results, and not an operational route plan or forecast. Base profile scope: Pilot full scenario-policy-seed output for quasi-real decision-support evaluation; not calibrated real-world results or an operational forecast."
goseong_mobilization,cached_graphml:data/cache/goseong_nodelink_road.graphml;road_class_overrides:data/parameters/road_class_overrides.csv,severe_congestion_bus,goseong_rail_combined_stress,rail_service,none,none,bus_only,30,0.65,8.4,3000.0,297.61,1656.42,0.0,1656.42,6306.18,0.0095,287.11,293.04,297.26,297.61,"Engineering-only pilot output for quasi-real decision-support method review (non-publication, non-acceptance, non-operational); not publication evidence, not final-study evidence, not formal acceptance evidence, not calibrated real-world results, and not an operational route plan or forecast. Base profile scope: Pilot full scenario-policy-seed output for quasi-real decision-support evaluation; not calibrated real-world results or an operational forecast."
goseong_mobilization,cached_graphml:data/cache/goseong_nodelink_road.graphml;road_class_overrides:data/parameters/road_class_overrides.csv,severe_congestion_bus,goseong_rail_combined_stress_mild,rail_service,none,none,bus_only,30,0.65,8.4,3000.0,297.61,1656.42,0.0,1656.42,6306.18,0.0095,287.11,293.04,297.26,297.61,"Engineering-only pilot output for quasi-real decision-support method review (non-publication, non-acceptance, non-operational); not publication evidence, not final-study evidence, not formal acceptance evidence, not calibrated real-world results, and not an operational route plan or forecast. Base profile scope: Pilot full scenario-policy-seed output for quasi-real decision-support evaluation; not calibrated real-world results or an operational forecast."
goseong_mobilization,cached_graphml:data/cache/goseong_nodelink_road.graphml;road_class_overrides:data/parameters/road_class_overrides.csv,severe_congestion_bus,goseong_rail_combined_stress_severe,rail_service,none,none,bus_only,30,0.65,8.4,3000.0,297.61,1656.42,0.0,1656.42,6306.18,0.0095,287.11,293.04,297.26,297.61,"Engineering-only pilot output for quasi-real decision-support method review (non-publication, non-acceptance, non-operational); not publication evidence, not final-study evidence, not formal acceptance evidence, not calibrated real-world results, and not an operational route plan or forecast. Base profile scope: Pilot full scenario-policy-seed output for quasi-real decision-support evaluation; not calibrated real-world results or an operational forecast."
goseong_mobilization,cached_graphml:data/cache/goseong_nodelink_road.graphml;road_class_overrides:data/parameters/road_class_overrides.csv,severe_congestion_bus,goseong_rail_delay,rail_service,none,none,bus_only,30,0.65,8.4,3000.0,297.61,1656.42,0.0,1656.42,6306.18,0.0095,287.11,293.04,297.26,297.61,"Engineering-only pilot output for quasi-real decision-support method review (non-publication, non-acceptance, non-operational); not publication evidence, not final-study evidence, not formal acceptance evidence, not calibrated real-world results, and not an operational route plan or forecast. Base profile scope: Pilot full scenario-policy-seed output for quasi-real decision-support evaluation; not calibrated real-world results or an operational forecast."
goseong_mobilization,cached_graphml:data/cache/goseong_nodelink_road.graphml;road_class_overrides:data/parameters/road_class_overrides.csv,severe_congestion_bus,goseong_rail_delay_mild,rail_service,none,none,bus_only,30,0.65,8.4,3000.0,297.61,1656.42,0.0,1656.42,6306.18,0.0095,287.11,293.04,297.26,297.61,"Engineering-only pilot output for quasi-real decision-support method review (non-publication, non-acceptance, non-operational); not publication evidence, not final-study evidence, not formal acceptance evidence, not calibrated real-world results, and not an operational route plan or forecast. Base profile scope: Pilot full scenario-policy-seed output for quasi-real decision-support evaluation; not calibrated real-world results or an operational forecast."
goseong_mobilization,cached_graphml:data/cache/goseong_nodelink_road.graphml;road_class_overrides:data/parameters/road_class_overrides.csv,severe_congestion_bus,goseong_rail_delay_severe,rail_service,none,none,bus_only,30,0.65,8.4,3000.0,297.61,1656.42,0.0,1656.42,6306.18,0.0095,287.11,293.04,297.26,297.61,"Engineering-only pilot output for quasi-real decision-support method review (non-publication, non-acceptance, non-operational); not publication evidence, not final-study evidence, not formal acceptance evidence, not calibrated real-world results, and not an operational route plan or forecast. Base profile scope: Pilot full scenario-policy-seed output for quasi-real decision-support evaluation; not calibrated real-world results or an operational forecast."
goseong_mobilization,cached_graphml:data/cache/goseong_nodelink_road.graphml;road_class_overrides:data/parameters/road_class_overrides.csv,severe_congestion_bus,goseong_rail_station_access,rail_station_access,capacity_reduction,capacity_reduction,bus_only,30,0.65,8.4,3000.0,297.61,1656.42,0.0,1656.42,6306.18,0.0095,287.11,293.04,297.26,297.61,"Engineering-only pilot output for quasi-real decision-support method review (non-publication, non-acceptance, non-operational); not publication evidence, not final-study evidence, not formal acceptance evidence, not calibrated real-world results, and not an operational route plan or forecast. Base profile scope: Pilot full scenario-policy-seed output for quasi-real decision-support evaluation; not calibrated real-world results or an operational forecast."
goseong_mobilization,cached_graphml:data/cache/goseong_nodelink_road.graphml;road_class_overrides:data/parameters/road_class_overrides.csv,severe_congestion_bus,goseong_rail_unavailable,rail_service,none,none,bus_only,30,0.65,8.4,3000.0,297.61,1656.42,0.0,1656.42,6306.18,0.0095,287.11,293.04,297.26,297.61,"Engineering-only pilot output for quasi-real decision-support method review (non-publication, non-acceptance, non-operational); not publication evidence, not final-study evidence, not formal acceptance evidence, not calibrated real-world results, and not an operational route plan or forecast. Base profile scope: Pilot full scenario-policy-seed output for quasi-real decision-support evaluation; not calibrated real-world results or an operational forecast."
goseong_mobilization,cached_graphml:data/cache/goseong_nodelink_road.graphml;road_class_overrides:data/parameters/road_class_overrides.csv,severe_congestion_bus,goseong_random_blockage,random,blocked,blocked,bus_only,30,0.0,24.0,7680.0,inf,0.0,0.0,0.0,0.0,0.0,inf,inf,inf,inf,"Engineering-only pilot output for quasi-real decision-support method review (non-publication, non-acceptance, non-operational); not publication evidence, not final-study evidence, not formal acceptance evidence, not calibrated real-world results, and not an operational route plan or forecast. Base profile scope: Pilot full scenario-policy-seed output for quasi-real decision-support evaluation; not calibrated real-world results or an operational forecast."
goseong_mobilization,cached_graphml:data/cache/goseong_nodelink_road.graphml;road_class_overrides:data/parameters/road_class_overrides.csv,severe_congestion_bus,goseong_random_capacity_reduction,random,capacity_reduction,capacity_reduction,bus_only,30,0.65,8.4,3000.0,299.5,1667.49,0.0,1667.49,6348.31,0.0094,288.99,294.92,299.15,299.5,"Engineering-only pilot output for quasi-real decision-support method review (non-publication, non-acceptance, non-operational); not publication evidence, not final-study evidence, not formal acceptance evidence, not calibrated real-world results, and not an operational route plan or forecast. Base profile scope: Pilot full scenario-policy-seed output for quasi-real decision-support evaluation; not calibrated real-world results or an operational forecast."
goseong_mobilization,cached_graphml:data/cache/goseong_nodelink_road.graphml;road_class_overrides:data/parameters/road_class_overrides.csv,severe_congestion_bus,goseong_spatial_assembly_egress,spatial_hazard_overlay,capacity_reduction,capacity_reduction,bus_only,30,0.65,8.4,3000.0,305.11,1700.36,0.0,1700.36,6473.48,0.0093,294.58,300.53,304.76,305.11,"Engineering-only pilot output for quasi-real decision-support method review (non-publication, non-acceptance, non-operational); not publication evidence, not final-study evidence, not formal acceptance evidence, not calibrated real-world results, and not an operational route plan or forecast. Base profile scope: Pilot full scenario-policy-seed output for quasi-real decision-support evaluation; not calibrated real-world results or an operational forecast."
goseong_mobilization,cached_graphml:data/cache/goseong_nodelink_road.graphml;road_class_overrides:data/parameters/road_class_overrides.csv,severe_congestion_bus,no_disruption,no_disruption,none,none,bus_only,30,0.65,8.4,3000.0,297.61,1656.42,0.0,1656.42,6306.18,0.0095,287.11,293.04,297.26,297.61,"Engineering-only pilot output for quasi-real decision-support method review (non-publication, non-acceptance, non-operational); not publication evidence, not final-study evidence, not formal acceptance evidence, not calibrated real-world results, and not an operational route plan or forecast. Base profile scope: Pilot full scenario-policy-seed output for quasi-real decision-support evaluation; not calibrated real-world results or an operational forecast."
goseong_mobilization,cached_graphml:data/cache/goseong_nodelink_road.graphml;road_class_overrides:data/parameters/road_class_overrides.csv,severe_congestion_multimodal,goseong_access_origin_to_destination,access_road,capacity_reduction,capacity_reduction,multimodal,30,0.0,24.0,7680.0,inf,6279.02,368.6,6647.62,47525.73,0.0,inf,inf,inf,inf,"Engineering-only pilot output for quasi-real decision-support method review (non-publication, non-acceptance, non-operational); not publication evidence, not final-study evidence, not formal acceptance evidence, not calibrated real-world results, and not an operational route plan or forecast. Base profile scope: Pilot full scenario-policy-seed output for quasi-real decision-support evaluation; not calibrated real-world results or an operational forecast."
goseong_mobilization,cached_graphml:data/cache/goseong_nodelink_road.graphml;road_class_overrides:data/parameters/road_class_overrides.csv,severe_congestion_multimodal,goseong_access_origin_to_station,access_road,capacity_reduction,capacity_reduction,multimodal,30,0.0,24.0,7680.0,inf,3696.36,0.0,3696.36,19229.61,0.0,inf,inf,inf,inf,"Engineering-only pilot output for quasi-real decision-support method review (non-publication, non-acceptance, non-operational); not publication evidence, not final-study evidence, not formal acceptance evidence, not calibrated real-world results, and not an operational route plan or forecast. Base profile scope: Pilot full scenario-policy-seed output for quasi-real decision-support evaluation; not calibrated real-world results or an operational forecast."
goseong_mobilization,cached_graphml:data/cache/goseong_nodelink_road.graphml;road_class_overrides:data/parameters/road_class_overrides.csv,severe_congestion_multimodal,goseong_access_road_damage_extreme,access_road,capacity_reduction,capacity_reduction,multimodal,30,0.0,24.0,7680.0,inf,1500.2,0.0,1500.2,7803.73,0.0,inf,inf,inf,inf,"Engineering-only pilot output for quasi-real decision-support method review (non-publication, non-acceptance, non-operational); not publication evidence, not final-study evidence, not formal acceptance evidence, not calibrated real-world results, and not an operational route plan or forecast. Base profile scope: Pilot full scenario-policy-seed output for quasi-real decision-support evaluation; not calibrated real-world results or an operational forecast."
goseong_mobilization,cached_graphml:data/cache/goseong_nodelink_road.graphml;road_class_overrides:data/parameters/road_class_overrides.csv,severe_congestion_multimodal,goseong_access_road_damage_mild,access_road,capacity_reduction,capacity_reduction,multimodal,30,0.0,24.0,7680.0,inf,1228.87,414.2,1643.07,9060.99,0.0,inf,inf,inf,inf,"Engineering-only pilot output for quasi-real decision-support method review (non-publication, non-acceptance, non-operational); not publication evidence, not final-study evidence, not formal acceptance evidence, not calibrated real-world results, and not an operational route plan or forecast. Base profile scope: Pilot full scenario-policy-seed output for quasi-real decision-support evaluation; not calibrated real-world results or an operational forecast."
goseong_mobilization,cached_graphml:data/cache/goseong_nodelink_road.graphml;road_class_overrides:data/parameters/road_class_overrides.csv,severe_congestion_multimodal,goseong_access_road_damage_severe,access_road,capacity_reduction,capacity_reduction,multimodal,30,0.0,24.0,7680.0,inf,1888.27,228.0,2116.27,11096.46,0.0,inf,inf,inf,inf,"Engineering-only pilot output for quasi-real decision-support method review (non-publication, non-acceptance, non-operational); not publication evidence, not final-study evidence, not formal acceptance evidence, not calibrated real-world results, and not an operational route plan or forecast. Base profile scope: Pilot full scenario-policy-seed output for quasi-real decision-support evaluation; not calibrated real-world results or an operational forecast."
goseong_mobilization,cached_graphml:data/cache/goseong_nodelink_road.graphml;road_class_overrides:data/parameters/road_class_overrides.csv,severe_congestion_multimodal,goseong_combo_access_rail_capacity,access_road,capacity_reduction,capacity_reduction,multimodal,30,0.0,24.0,7680.0,inf,6279.02,368.6,6647.62,47525.73,0.0,inf,inf,inf,inf,"Engineering-only pilot output for quasi-real decision-support method review (non-publication, non-acceptance, non-operational); not publication evidence, not final-study evidence, not formal acceptance evidence, not calibrated real-world results, and not an operational route plan or forecast. Base profile scope: Pilot full scenario-policy-seed output for quasi-real decision-support evaluation; not calibrated real-world results or an operational forecast."
goseong_mobilization,cached_graphml:data/cache/goseong_nodelink_road.graphml;road_class_overrides:data/parameters/road_class_overrides.csv,severe_congestion_multimodal,goseong_critical_link_blockage,critical_link,blocked,blocked,multimodal,30,0.33,16.0,5280.0,477.07,1000.76,418.0,1418.76,8310.85,0.0057,477.07,477.07,477.07,477.07,"Engineering-only pilot output for quasi-real decision-support method review (non-publication, non-acceptance, non-operational); not publication evidence, not final-study evidence, not formal acceptance evidence, not calibrated real-world results, and not an operational route plan or forecast. Base profile scope: Pilot full scenario-policy-seed output for quasi-real decision-support evaluation; not calibrated real-world results or an operational forecast."
goseong_mobilization,cached_graphml:data/cache/goseong_nodelink_road.graphml;road_class_overrides:data/parameters/road_class_overrides.csv,severe_congestion_multimodal,goseong_last_mile_damage_extreme,last_mile,capacity_reduction,capacity_reduction,multimodal,30,0.0,24.0,7680.0,inf,4205.19,418.0,4623.19,32603.03,0.0,inf,inf,inf,inf,"Engineering-only pilot output for quasi-real decision-support method review (non-publication, non-acceptance, non-operational); not publication evidence, not final-study evidence, not formal acceptance evidence, not calibrated real-world results, and not an operational route plan or forecast. Base profile scope: Pilot full scenario-policy-seed output for quasi-real decision-support evaluation; not calibrated real-world results or an operational forecast."
goseong_mobilization,cached_graphml:data/cache/goseong_nodelink_road.graphml;road_class_overrides:data/parameters/road_class_overrides.csv,severe_congestion_multimodal,goseong_last_mile_damage_mild,last_mile,capacity_reduction,capacity_reduction,multimodal,30,0.0,24.0,7680.0,inf,1229.65,418.0,1647.65,10046.01,0.0,inf,inf,inf,inf,"Engineering-only pilot output for quasi-real decision-support method review (non-publication, non-acceptance, non-operational); not publication evidence, not final-study evidence, not formal acceptance evidence, not calibrated real-world results, and not an operational route plan or forecast. Base profile scope: Pilot full scenario-policy-seed output for quasi-real decision-support evaluation; not calibrated real-world results or an operational forecast."
goseong_mobilization,cached_graphml:data/cache/goseong_nodelink_road.graphml;road_class_overrides:data/parameters/road_class_overrides.csv,severe_congestion_multimodal,goseong_last_mile_damage_severe,last_mile,capacity_reduction,capacity_reduction,multimodal,30,0.0,24.0,7680.0,inf,1916.31,418.0,2334.31,15251.48,0.0,inf,inf,inf,inf,"Engineering-only pilot output for quasi-real decision-support method review (non-publication, non-acceptance, non-operational); not publication evidence, not final-study evidence, not formal acceptance evidence, not calibrated real-world results, and not an operational route plan or forecast. Base profile scope: Pilot full scenario-policy-seed output for quasi-real decision-support evaluation; not calibrated real-world results or an operational forecast."
goseong_mobilization,cached_graphml:data/cache/goseong_nodelink_road.graphml;road_class_overrides:data/parameters/road_class_overrides.csv,severe_congestion_multimodal,goseong_last_mile_station_to_destination,last_mile,capacity_reduction,capacity_reduction,multimodal,30,0.0,24.0,7680.0,inf,10467.27,418.0,10885.27,79146.38,0.0,inf,inf,inf,inf,"Engineering-only pilot output for quasi-real decision-support method review (non-publication, non-acceptance, non-operational); not publication evidence, not final-study evidence, not formal acceptance evidence, not calibrated real-world results, and not an operational route plan or forecast. Base profile scope: Pilot full scenario-policy-seed output for quasi-real decision-support evaluation; not calibrated real-world results or an operational forecast."
goseong_mobilization,cached_graphml:data/cache/goseong_nodelink_road.graphml;road_class_overrides:data/parameters/road_class_overrides.csv,severe_congestion_multimodal,goseong_long_haul_damage_severe,access_road,capacity_reduction,capacity_reduction,multimodal,30,0.33,16.0,5280.0,477.07,1000.76,418.0,1418.76,8310.85,0.0057,477.07,477.07,477.07,477.07,"Engineering-only pilot output for quasi-real decision-support method review (non-publication, non-acceptance, non-operational); not publication evidence, not final-study evidence, not formal acceptance evidence, not calibrated real-world results, and not an operational route plan or forecast. Base profile scope: Pilot full scenario-policy-seed output for quasi-real decision-support evaluation; not calibrated real-world results or an operational forecast."
goseong_mobilization,cached_graphml:data/cache/goseong_nodelink_road.graphml;road_class_overrides:data/parameters/road_class_overrides.csv,severe_congestion_multimodal,goseong_rail_capacity_reduction,rail_service,none,none,multimodal,30,0.33,16.0,5280.0,477.07,1000.76,418.0,1418.76,8310.85,0.0057,477.07,477.07,477.07,477.07,"Engineering-only pilot output for quasi-real decision-support method review (non-publication, non-acceptance, non-operational); not publication evidence, not final-study evidence, not formal acceptance evidence, not calibrated real-world results, and not an operational route plan or forecast. Base profile scope: Pilot full scenario-policy-seed output for quasi-real decision-support evaluation; not calibrated real-world results or an operational forecast."
goseong_mobilization,cached_graphml:data/cache/goseong_nodelink_road.graphml;road_class_overrides:data/parameters/road_class_overrides.csv,severe_congestion_multimodal,goseong_rail_combined_stress,rail_service,none,none,multimodal,30,0.0,24.0,7680.0,inf,1000.76,473.1,1473.86,9678.85,0.0,inf,inf,inf,inf,"Engineering-only pilot output for quasi-real decision-support method review (non-publication, non-acceptance, non-operational); not publication evidence, not final-study evidence, not formal acceptance evidence, not calibrated real-world results, and not an operational route plan or forecast. Base profile scope: Pilot full scenario-policy-seed output for quasi-real decision-support evaluation; not calibrated real-world results or an operational forecast."
goseong_mobilization,cached_graphml:data/cache/goseong_nodelink_road.graphml;road_class_overrides:data/parameters/road_class_overrides.csv,severe_congestion_multimodal,goseong_rail_combined_stress_mild,rail_service,none,none,multimodal,30,0.0,24.0,7680.0,inf,1000.76,711.36,1712.12,7761.06,0.0,inf,inf,inf,inf,"Engineering-only pilot output for quasi-real decision-support method review (non-publication, non-acceptance, non-operational); not publication evidence, not final-study evidence, not formal acceptance evidence, not calibrated real-world results, and not an operational route plan or forecast. Base profile scope: Pilot full scenario-policy-seed output for quasi-real decision-support evaluation; not calibrated real-world results or an operational forecast."
goseong_mobilization,cached_graphml:data/cache/goseong_nodelink_road.graphml;road_class_overrides:data/parameters/road_class_overrides.csv,severe_congestion_multimodal,goseong_rail_combined_stress_severe,rail_service,none,none,multimodal,30,0.0,24.0,7680.0,inf,1000.76,630.8,1631.56,11046.85,0.0,inf,inf,inf,inf,"Engineering-only pilot output for quasi-real decision-support method review (non-publication, non-acceptance, non-operational); not publication evidence, not final-study evidence, not formal acceptance evidence, not calibrated real-world results, and not an operational route plan or forecast. Base profile scope: Pilot full scenario-policy-seed output for quasi-real decision-support evaluation; not calibrated real-world results or an operational forecast."
goseong_mobilization,cached_graphml:data/cache/goseong_nodelink_road.graphml;road_class_overrides:data/parameters/road_class_overrides.csv,severe_congestion_multimodal,goseong_rail_delay,rail_service,none,none,multimodal,30,0.0,24.0,7680.0,inf,1000.76,627.0,1627.76,9678.85,0.0,inf,inf,inf,inf,"Engineering-only pilot output for quasi-real decision-support method review (non-publication, non-acceptance, non-operational); not publication evidence, not final-study evidence, not formal acceptance evidence, not calibrated real-world results, and not an operational route plan or forecast. Base profile scope: Pilot full scenario-policy-seed output for quasi-real decision-support evaluation; not calibrated real-world results or an operational forecast."
goseong_mobilization,cached_graphml:data/cache/goseong_nodelink_road.graphml;road_class_overrides:data/parameters/road_class_overrides.csv,severe_congestion_multimodal,goseong_rail_delay_mild,rail_service,none,none,multimodal,30,0.0,24.0,7680.0,inf,1000.76,501.6,1502.36,8858.05,0.0,inf,inf,inf,inf,"Engineering-only pilot output for quasi-real decision-support method review (non-publication, non-acceptance, non-operational); not publication evidence, not final-study evidence, not formal acceptance evidence, not calibrated real-world results, and not an operational route plan or forecast. Base profile scope: Pilot full scenario-policy-seed output for quasi-real decision-support evaluation; not calibrated real-world results or an operational forecast."
goseong_mobilization,cached_graphml:data/cache/goseong_nodelink_road.graphml;road_class_overrides:data/parameters/road_class_overrides.csv,severe_congestion_multimodal,goseong_rail_delay_severe,rail_service,none,none,multimodal,30,0.0,24.0,7680.0,inf,1000.76,836.0,1836.76,11046.85,0.0,inf,inf,inf,inf,"Engineering-only pilot output for quasi-real decision-support method review (non-publication, non-acceptance, non-operational); not publication evidence, not final-study evidence, not formal acceptance evidence, not calibrated real-world results, and not an operational route plan or forecast. Base profile scope: Pilot full scenario-policy-seed output for quasi-real decision-support evaluation; not calibrated real-world results or an operational forecast."
goseong_mobilization,cached_graphml:data/cache/goseong_nodelink_road.graphml;road_class_overrides:data/parameters/road_class_overrides.csv,severe_congestion_multimodal,goseong_rail_station_access,rail_station_access,capacity_reduction,capacity_reduction,multimodal,30,0.0,24.0,7680.0,inf,1969.64,440.8,2410.44,10270.7,0.0,inf,inf,inf,inf,"Engineering-only pilot output for quasi-real decision-support method review (non-publication, non-acceptance, non-operational); not publication evidence, not final-study evidence, not formal acceptance evidence, not calibrated real-world results, and not an operational route plan or forecast. Base profile scope: Pilot full scenario-policy-seed output for quasi-real decision-support evaluation; not calibrated real-world results or an operational forecast."
goseong_mobilization,cached_graphml:data/cache/goseong_nodelink_road.graphml;road_class_overrides:data/parameters/road_class_overrides.csv,severe_congestion_multimodal,goseong_rail_unavailable,rail_service,none,none,multimodal,30,0.0,24.0,7680.0,inf,456.26,41800.0,42256.26,275100.3,0.0,inf,inf,inf,inf,"Engineering-only pilot output for quasi-real decision-support method review (non-publication, non-acceptance, non-operational); not publication evidence, not final-study evidence, not formal acceptance evidence, not calibrated real-world results, and not an operational route plan or forecast. Base profile scope: Pilot full scenario-policy-seed output for quasi-real decision-support evaluation; not calibrated real-world results or an operational forecast."
goseong_mobilization,cached_graphml:data/cache/goseong_nodelink_road.graphml;road_class_overrides:data/parameters/road_class_overrides.csv,severe_congestion_multimodal,goseong_random_blockage,random,blocked,blocked,multimodal,30,0.0,24.0,7680.0,inf,456.26,418.0,874.26,4236.3,0.0,inf,inf,inf,inf,"Engineering-only pilot output for quasi-real decision-support method review (non-publication, non-acceptance, non-operational); not publication evidence, not final-study evidence, not formal acceptance evidence, not calibrated real-world results, and not an operational route plan or forecast. Base profile scope: Pilot full scenario-policy-seed output for quasi-real decision-support evaluation; not calibrated real-world results or an operational forecast."
goseong_mobilization,cached_graphml:data/cache/goseong_nodelink_road.graphml;road_class_overrides:data/parameters/road_class_overrides.csv,severe_congestion_multimodal,goseong_random_capacity_reduction,random,capacity_reduction,capacity_reduction,multimodal,30,0.33,16.0,5280.0,477.07,1000.76,418.0,1418.76,8310.85,0.0057,477.07,477.07,477.07,477.07,"Engineering-only pilot output for quasi-real decision-support method review (non-publication, non-acceptance, non-operational); not publication evidence, not final-study evidence, not formal acceptance evidence, not calibrated real-world results, and not an operational route plan or forecast. Base profile scope: Pilot full scenario-policy-seed output for quasi-real decision-support evaluation; not calibrated real-world results or an operational forecast."
goseong_mobilization,cached_graphml:data/cache/goseong_nodelink_road.graphml;road_class_overrides:data/parameters/road_class_overrides.csv,severe_congestion_multimodal,goseong_spatial_assembly_egress,spatial_hazard_overlay,capacity_reduction,capacity_reduction,multimodal,30,0.33,16.0,5280.0,477.07,1055.42,345.8,1401.22,8490.62,0.0058,477.07,477.07,477.07,477.07,"Engineering-only pilot output for quasi-real decision-support method review (non-publication, non-acceptance, non-operational); not publication evidence, not final-study evidence, not formal acceptance evidence, not calibrated real-world results, and not an operational route plan or forecast. Base profile scope: Pilot full scenario-policy-seed output for quasi-real decision-support evaluation; not calibrated real-world results or an operational forecast."
goseong_mobilization,cached_graphml:data/cache/goseong_nodelink_road.graphml;road_class_overrides:data/parameters/road_class_overrides.csv,severe_congestion_multimodal,no_disruption,no_disruption,none,none,multimodal,30,0.33,16.0,5280.0,477.07,1000.76,418.0,1418.76,8310.85,0.0057,477.07,477.07,477.07,477.07,"Engineering-only pilot output for quasi-real decision-support method review (non-publication, non-acceptance, non-operational); not publication evidence, not final-study evidence, not formal acceptance evidence, not calibrated real-world results, and not an operational route plan or forecast. Base profile scope: Pilot full scenario-policy-seed output for quasi-real decision-support evaluation; not calibrated real-world results or an operational forecast."
goseong_mobilization,cached_graphml:data/cache/goseong_nodelink_road.graphml;road_class_overrides:data/parameters/road_class_overrides.csv,staggered_or_adaptive_dispatch,goseong_access_origin_to_destination,access_road,capacity_reduction,capacity_reduction,multimodal,30,1.0,0.0,311.49,311.49,316.22,315.4,631.62,4626.2,0.0402,207.64,238.36,279.31,292.45,"Engineering-only pilot output for quasi-real decision-support method review (non-publication, non-acceptance, non-operational); not publication evidence, not final-study evidence, not formal acceptance evidence, not calibrated real-world results, and not an operational route plan or forecast. Base profile scope: Pilot full scenario-policy-seed output for quasi-real decision-support evaluation; not calibrated real-world results or an operational forecast."
goseong_mobilization,cached_graphml:data/cache/goseong_nodelink_road.graphml;road_class_overrides:data/parameters/road_class_overrides.csv,staggered_or_adaptive_dispatch,goseong_access_origin_to_station,access_road,capacity_reduction,capacity_reduction,multimodal,30,1.0,0.0,307.15,307.15,312.32,315.4,627.72,4598.66,0.0405,205.59,236.25,275.19,288.26,"Engineering-only pilot output for quasi-real decision-support method review (non-publication, non-acceptance, non-operational); not publication evidence, not final-study evidence, not formal acceptance evidence, not calibrated real-world results, and not an operational route plan or forecast. Base profile scope: Pilot full scenario-policy-seed output for quasi-real decision-support evaluation; not calibrated real-world results or an operational forecast."
goseong_mobilization,cached_graphml:data/cache/goseong_nodelink_road.graphml;road_class_overrides:data/parameters/road_class_overrides.csv,staggered_or_adaptive_dispatch,goseong_access_road_damage_extreme,access_road,capacity_reduction,capacity_reduction,multimodal,30,1.0,0.03,458.65,448.51,804.08,372.4,1176.48,7109.95,0.0216,325.59,326.75,395.85,433.77,"Engineering-only pilot output for quasi-real decision-support method review (non-publication, non-acceptance, non-operational); not publication evidence, not final-study evidence, not formal acceptance evidence, not calibrated real-world results, and not an operational route plan or forecast. Base profile scope: Pilot full scenario-policy-seed output for quasi-real decision-support evaluation; not calibrated real-world results or an operational forecast."
goseong_mobilization,cached_graphml:data/cache/goseong_nodelink_road.graphml;road_class_overrides:data/parameters/road_class_overrides.csv,staggered_or_adaptive_dispatch,goseong_access_road_damage_mild,access_road,capacity_reduction,capacity_reduction,multimodal,30,1.0,0.0,329.74,329.74,362.62,254.6,617.22,4757.56,0.0424,235.59,235.59,305.18,311.45,"Engineering-only pilot output for quasi-real decision-support method review (non-publication, non-acceptance, non-operational); not publication evidence, not final-study evidence, not formal acceptance evidence, not calibrated real-world results, and not an operational route plan or forecast. Base profile scope: Pilot full scenario-policy-seed output for quasi-real decision-support evaluation; not calibrated real-world results or an operational forecast."
goseong_mobilization,cached_graphml:data/cache/goseong_nodelink_road.graphml;road_class_overrides:data/parameters/road_class_overrides.csv,staggered_or_adaptive_dispatch,goseong_access_road_damage_severe,access_road,capacity_reduction,capacity_reduction,multimodal,30,1.0,0.0,349.71,349.71,468.6,376.2,844.8,5300.91,0.0302,235.59,266.25,305.99,333.36,"Engineering-only pilot output for quasi-real decision-support method review (non-publication, non-acceptance, non-operational); not publication evidence, not final-study evidence, not formal acceptance evidence, not calibrated real-world results, and not an operational route plan or forecast. Base profile scope: Pilot full scenario-policy-seed output for quasi-real decision-support evaluation; not calibrated real-world results or an operational forecast."
goseong_mobilization,cached_graphml:data/cache/goseong_nodelink_road.graphml;road_class_overrides:data/parameters/road_class_overrides.csv,staggered_or_adaptive_dispatch,goseong_combo_access_rail_capacity,access_road,capacity_reduction,capacity_reduction,multimodal,30,1.0,0.0,311.49,311.49,316.22,315.4,631.62,4626.2,0.0402,207.64,238.36,279.31,292.45,"Engineering-only pilot output for quasi-real decision-support method review (non-publication, non-acceptance, non-operational); not publication evidence, not final-study evidence, not formal acceptance evidence, not calibrated real-world results, and not an operational route plan or forecast. Base profile scope: Pilot full scenario-policy-seed output for quasi-real decision-support evaluation; not calibrated real-world results or an operational forecast."
goseong_mobilization,cached_graphml:data/cache/goseong_nodelink_road.graphml;road_class_overrides:data/parameters/road_class_overrides.csv,staggered_or_adaptive_dispatch,goseong_critical_link_blockage,critical_link,blocked,blocked,multimodal,30,1.0,0.0,307.15,307.15,308.13,315.4,623.53,4576.46,0.0407,205.59,236.25,275.19,288.26,"Engineering-only pilot output for quasi-real decision-support method review (non-publication, non-acceptance, non-operational); not publication evidence, not final-study evidence, not formal acceptance evidence, not calibrated real-world results, and not an operational route plan or forecast. Base profile scope: Pilot full scenario-policy-seed output for quasi-real decision-support evaluation; not calibrated real-world results or an operational forecast."
goseong_mobilization,cached_graphml:data/cache/goseong_nodelink_road.graphml;road_class_overrides:data/parameters/road_class_overrides.csv,staggered_or_adaptive_dispatch,goseong_last_mile_damage_extreme,last_mile,capacity_reduction,capacity_reduction,multimodal,30,0.0,24.0,7680.0,inf,1053.4,315.4,1368.8,10817.88,0.0,inf,inf,inf,inf,"Engineering-only pilot output for quasi-real decision-support method review (non-publication, non-acceptance, non-operational); not publication evidence, not final-study evidence, not formal acceptance evidence, not calibrated real-world results, and not an operational route plan or forecast. Base profile scope: Pilot full scenario-policy-seed output for quasi-real decision-support evaluation; not calibrated real-world results or an operational forecast."
goseong_mobilization,cached_graphml:data/cache/goseong_nodelink_road.graphml;road_class_overrides:data/parameters/road_class_overrides.csv,staggered_or_adaptive_dispatch,goseong_last_mile_damage_mild,last_mile,capacity_reduction,capacity_reduction,multimodal,30,1.0,0.0,375.89,375.89,428.24,315.4,743.64,5315.56,0.0341,236.39,267.56,336.78,350.72,"Engineering-only pilot output for quasi-real decision-support method review (non-publication, non-acceptance, non-operational); not publication evidence, not final-study evidence, not formal acceptance evidence, not calibrated real-world results, and not an operational route plan or forecast. Base profile scope: Pilot full scenario-policy-seed output for quasi-real decision-support evaluation; not calibrated real-world results or an operational forecast."
goseong_mobilization,cached_graphml:data/cache/goseong_nodelink_road.graphml;road_class_overrides:data/parameters/road_class_overrides.csv,staggered_or_adaptive_dispatch,goseong_last_mile_damage_severe,last_mile,capacity_reduction,capacity_reduction,multimodal,30,0.66,8.33,2980.0,358.78,733.12,315.4,1048.52,7471.3,0.0155,328.78,346.28,358.78,358.78,"Engineering-only pilot output for quasi-real decision-support method review (non-publication, non-acceptance, non-operational); not publication evidence, not final-study evidence, not formal acceptance evidence, not calibrated real-world results, and not an operational route plan or forecast. Base profile scope: Pilot full scenario-policy-seed output for quasi-real decision-support evaluation; not calibrated real-world results or an operational forecast."
goseong_mobilization,cached_graphml:data/cache/goseong_nodelink_road.graphml;road_class_overrides:data/parameters/road_class_overrides.csv,staggered_or_adaptive_dispatch,goseong_last_mile_station_to_destination,last_mile,capacity_reduction,capacity_reduction,multimodal,30,1.0,0.0,315.01,315.01,322.75,315.4,638.15,4666.35,0.0398,209.3,240.07,282.66,295.86,"Engineering-only pilot output for quasi-real decision-support method review (non-publication, non-acceptance, non-operational); not publication evidence, not final-study evidence, not formal acceptance evidence, not calibrated real-world results, and not an operational route plan or forecast. Base profile scope: Pilot full scenario-policy-seed output for quasi-real decision-support evaluation; not calibrated real-world results or an operational forecast."
goseong_mobilization,cached_graphml:data/cache/goseong_nodelink_road.graphml;road_class_overrides:data/parameters/road_class_overrides.csv,staggered_or_adaptive_dispatch,goseong_long_haul_damage_severe,access_road,capacity_reduction,capacity_reduction,multimodal,30,1.0,0.0,307.15,307.15,308.13,315.4,623.53,4576.46,0.0407,205.59,236.25,275.19,288.26,"Engineering-only pilot output for quasi-real decision-support method review (non-publication, non-acceptance, non-operational); not publication evidence, not final-study evidence, not formal acceptance evidence, not calibrated real-world results, and not an operational route plan or forecast. Base profile scope: Pilot full scenario-policy-seed output for quasi-real decision-support evaluation; not calibrated real-world results or an operational forecast."
goseong_mobilization,cached_graphml:data/cache/goseong_nodelink_road.graphml;road_class_overrides:data/parameters/road_class_overrides.csv,staggered_or_adaptive_dispatch,goseong_rail_capacity_reduction,rail_service,none,none,multimodal,30,1.0,0.0,307.15,307.15,308.13,315.4,623.53,4576.46,0.0407,205.59,236.25,275.19,288.26,"Engineering-only pilot output for quasi-real decision-support method review (non-publication, non-acceptance, non-operational); not publication evidence, not final-study evidence, not formal acceptance evidence, not calibrated real-world results, and not an operational route plan or forecast. Base profile scope: Pilot full scenario-policy-seed output for quasi-real decision-support evaluation; not calibrated real-world results or an operational forecast."
goseong_mobilization,cached_graphml:data/cache/goseong_nodelink_road.graphml;road_class_overrides:data/parameters/road_class_overrides.csv,staggered_or_adaptive_dispatch,goseong_rail_combined_stress,rail_service,none,none,multimodal,30,1.0,0.0,358.22,358.22,283.49,404.7,688.19,5944.45,0.0363,277.59,278.75,347.18,349.02,"Engineering-only pilot output for quasi-real decision-support method review (non-publication, non-acceptance, non-operational); not publication evidence, not final-study evidence, not formal acceptance evidence, not calibrated real-world results, and not an operational route plan or forecast. Base profile scope: Pilot full scenario-policy-seed output for quasi-real decision-support evaluation; not calibrated real-world results or an operational forecast."
goseong_mobilization,cached_graphml:data/cache/goseong_nodelink_road.graphml;road_class_overrides:data/parameters/road_class_overrides.csv,staggered_or_adaptive_dispatch,goseong_rail_combined_stress_mild,rail_service,none,none,multimodal,30,1.0,0.0,330.39,330.39,297.87,355.68,653.55,5123.66,0.0389,234.39,270.95,303.99,314.48,"Engineering-only pilot output for quasi-real decision-support method review (non-publication, non-acceptance, non-operational); not publication evidence, not final-study evidence, not formal acceptance evidence, not calibrated real-world results, and not an operational route plan or forecast. Base profile scope: Pilot full scenario-policy-seed output for quasi-real decision-support evaluation; not calibrated real-world results or an operational forecast."
goseong_mobilization,cached_graphml:data/cache/goseong_nodelink_road.graphml;road_class_overrides:data/parameters/road_class_overrides.csv,staggered_or_adaptive_dispatch,goseong_rail_combined_stress_severe,rail_service,none,none,multimodal,30,1.0,0.1,458.63,422.55,293.76,380.0,673.76,7312.45,0.0388,349.59,349.59,419.18,419.18,"Engineering-only pilot output for quasi-real decision-support method review (non-publication, non-acceptance, non-operational); not publication evidence, not final-study evidence, not formal acceptance evidence, not calibrated real-world results, and not an operational route plan or forecast. Base profile scope: Pilot full scenario-policy-seed output for quasi-real decision-support evaluation; not calibrated real-world results or an operational forecast."
goseong_mobilization,cached_graphml:data/cache/goseong_nodelink_road.graphml;road_class_overrides:data/parameters/road_class_overrides.csv,staggered_or_adaptive_dispatch,goseong_rail_delay,rail_service,none,none,multimodal,30,1.0,0.0,364.15,364.15,308.13,473.1,781.23,5944.46,0.0326,262.59,293.25,332.19,345.26,"Engineering-only pilot output for quasi-real decision-support method review (non-publication, non-acceptance, non-operational); not publication evidence, not final-study evidence, not formal acceptance evidence, not calibrated real-world results, and not an operational route plan or forecast. Base profile scope: Pilot full scenario-policy-seed output for quasi-real decision-support evaluation; not calibrated real-world results or an operational forecast."
goseong_mobilization,cached_graphml:data/cache/goseong_nodelink_road.graphml;road_class_overrides:data/parameters/road_class_overrides.csv,staggered_or_adaptive_dispatch,goseong_rail_delay_mild,rail_service,none,none,multimodal,30,1.0,0.0,329.95,329.95,308.13,378.48,686.61,5123.66,0.0371,228.39,259.05,297.99,311.06,"Engineering-only pilot output for quasi-real decision-support method review (non-publication, non-acceptance, non-operational); not publication evidence, not final-study evidence, not formal acceptance evidence, not calibrated real-world results, and not an operational route plan or forecast. Base profile scope: Pilot full scenario-policy-seed output for quasi-real decision-support evaluation; not calibrated real-world results or an operational forecast."
goseong_mobilization,cached_graphml:data/cache/goseong_nodelink_road.graphml;road_class_overrides:data/parameters/road_class_overrides.csv,staggered_or_adaptive_dispatch,goseong_rail_delay_severe,rail_service,none,none,multimodal,30,1.0,0.0,421.15,421.15,308.13,630.8,938.93,7312.46,0.0272,319.59,350.25,389.19,402.26,"Engineering-only pilot output for quasi-real decision-support method review (non-publication, non-acceptance, non-operational); not publication evidence, not final-study evidence, not formal acceptance evidence, not calibrated real-world results, and not an operational route plan or forecast. Base profile scope: Pilot full scenario-policy-seed output for quasi-real decision-support evaluation; not calibrated real-world results or an operational forecast."
goseong_mobilization,cached_graphml:data/cache/goseong_nodelink_road.graphml;road_class_overrides:data/parameters/road_class_overrides.csv,staggered_or_adaptive_dispatch,goseong_rail_station_access,rail_station_access,capacity_reduction,capacity_reduction,multimodal,30,1.0,0.0,307.15,307.15,308.62,315.4,624.02,4579.05,0.0407,205.59,236.25,275.19,288.26,"Engineering-only pilot output for quasi-real decision-support method review (non-publication, non-acceptance, non-operational); not publication evidence, not final-study evidence, not formal acceptance evidence, not calibrated real-world results, and not an operational route plan or forecast. Base profile scope: Pilot full scenario-policy-seed output for quasi-real decision-support evaluation; not calibrated real-world results or an operational forecast."
goseong_mobilization,cached_graphml:data/cache/goseong_nodelink_road.graphml;road_class_overrides:data/parameters/road_class_overrides.csv,staggered_or_adaptive_dispatch,goseong_rail_unavailable,rail_service,none,none,multimodal,30,0.0,24.0,7680.0,inf,67.92,31540.0,31607.92,273962.22,0.0,inf,inf,inf,inf,"Engineering-only pilot output for quasi-real decision-support method review (non-publication, non-acceptance, non-operational); not publication evidence, not final-study evidence, not formal acceptance evidence, not calibrated real-world results, and not an operational route plan or forecast. Base profile scope: Pilot full scenario-policy-seed output for quasi-real decision-support evaluation; not calibrated real-world results or an operational forecast."
goseong_mobilization,cached_graphml:data/cache/goseong_nodelink_road.graphml;road_class_overrides:data/parameters/road_class_overrides.csv,staggered_or_adaptive_dispatch,goseong_random_blockage,random,blocked,blocked,multimodal,30,0.0,24.0,7680.0,inf,67.92,315.4,383.32,3098.22,0.0,inf,inf,inf,inf,"Engineering-only pilot output for quasi-real decision-support method review (non-publication, non-acceptance, non-operational); not publication evidence, not final-study evidence, not formal acceptance evidence, not calibrated real-world results, and not an operational route plan or forecast. Base profile scope: Pilot full scenario-policy-seed output for quasi-real decision-support evaluation; not calibrated real-world results or an operational forecast."
goseong_mobilization,cached_graphml:data/cache/goseong_nodelink_road.graphml;road_class_overrides:data/parameters/road_class_overrides.csv,staggered_or_adaptive_dispatch,goseong_random_capacity_reduction,random,capacity_reduction,capacity_reduction,multimodal,30,1.0,0.0,307.15,307.15,308.13,315.4,623.53,4576.46,0.0407,205.59,236.25,275.19,288.26,"Engineering-only pilot output for quasi-real decision-support method review (non-publication, non-acceptance, non-operational); not publication evidence, not final-study evidence, not formal acceptance evidence, not calibrated real-world results, and not an operational route plan or forecast. Base profile scope: Pilot full scenario-policy-seed output for quasi-real decision-support evaluation; not calibrated real-world results or an operational forecast."
goseong_mobilization,cached_graphml:data/cache/goseong_nodelink_road.graphml;road_class_overrides:data/parameters/road_class_overrides.csv,staggered_or_adaptive_dispatch,goseong_spatial_assembly_egress,spatial_hazard_overlay,capacity_reduction,capacity_reduction,multimodal,30,1.0,0.0,307.15,307.15,308.16,315.4,623.56,4576.61,0.0407,205.59,236.25,275.19,288.26,"Engineering-only pilot output for quasi-real decision-support method review (non-publication, non-acceptance, non-operational); not publication evidence, not final-study evidence, not formal acceptance evidence, not calibrated real-world results, and not an operational route plan or forecast. Base profile scope: Pilot full scenario-policy-seed output for quasi-real decision-support evaluation; not calibrated real-world results or an operational forecast."
goseong_mobilization,cached_graphml:data/cache/goseong_nodelink_road.graphml;road_class_overrides:data/parameters/road_class_overrides.csv,staggered_or_adaptive_dispatch,no_disruption,no_disruption,none,none,multimodal,30,1.0,0.0,307.15,307.15,308.13,315.4,623.53,4576.46,0.0407,205.59,236.25,275.19,288.26,"Engineering-only pilot output for quasi-real decision-support method review (non-publication, non-acceptance, non-operational); not publication evidence, not final-study evidence, not formal acceptance evidence, not calibrated real-world results, and not an operational route plan or forecast. Base profile scope: Pilot full scenario-policy-seed output for quasi-real decision-support evaluation; not calibrated real-world results or an operational forecast."
goseong_mobilization,cached_graphml:data/cache/goseong_nodelink_road.graphml;road_class_overrides:data/parameters/road_class_overrides.csv,transfer_stress_extreme,goseong_access_origin_to_destination,access_road,capacity_reduction,capacity_reduction,multimodal,30,1.0,0.0,375.44,375.44,388.22,406.6,794.82,4626.26,0.031,260.64,328.35,369.35,373.94,"Engineering-only pilot output for quasi-real decision-support method review (non-publication, non-acceptance, non-operational); not publication evidence, not final-study evidence, not formal acceptance evidence, not calibrated real-world results, and not an operational route plan or forecast. Base profile scope: Pilot full scenario-policy-seed output for quasi-real decision-support evaluation; not calibrated real-world results or an operational forecast."
goseong_mobilization,cached_graphml:data/cache/goseong_nodelink_road.graphml;road_class_overrides:data/parameters/road_class_overrides.csv,transfer_stress_extreme,goseong_access_origin_to_station,access_road,capacity_reduction,capacity_reduction,multimodal,30,1.0,0.0,374.09,374.09,379.91,387.6,767.51,4599.01,0.0323,261.59,325.22,366.47,372.6,"Engineering-only pilot output for quasi-real decision-support method review (non-publication, non-acceptance, non-operational); not publication evidence, not final-study evidence, not formal acceptance evidence, not calibrated real-world results, and not an operational route plan or forecast. Base profile scope: Pilot full scenario-policy-seed output for quasi-real decision-support evaluation; not calibrated real-world results or an operational forecast."
goseong_mobilization,cached_graphml:data/cache/goseong_nodelink_road.graphml;road_class_overrides:data/parameters/road_class_overrides.csv,transfer_stress_extreme,goseong_access_road_damage_extreme,access_road,capacity_reduction,capacity_reduction,multimodal,30,0.65,8.33,2980.0,447.83,1160.63,547.2,1707.83,6967.48,0.0096,364.59,428.76,447.0,447.35,"Engineering-only pilot output for quasi-real decision-support method review (non-publication, non-acceptance, non-operational); not publication evidence, not final-study evidence, not formal acceptance evidence, not calibrated real-world results, and not an operational route plan or forecast. Base profile scope: Pilot full scenario-policy-seed output for quasi-real decision-support evaluation; not calibrated real-world results or an operational forecast."
goseong_mobilization,cached_graphml:data/cache/goseong_nodelink_road.graphml;road_class_overrides:data/parameters/road_class_overrides.csv,transfer_stress_extreme,goseong_access_road_damage_mild,access_road,capacity_reduction,capacity_reduction,multimodal,30,1.0,0.0,384.03,384.03,444.15,440.8,884.95,4757.17,0.0278,261.59,334.21,376.39,381.36,"Engineering-only pilot output for quasi-real decision-support method review (non-publication, non-acceptance, non-operational); not publication evidence, not final-study evidence, not formal acceptance evidence, not calibrated real-world results, and not an operational route plan or forecast. Base profile scope: Pilot full scenario-policy-seed output for quasi-real decision-support evaluation; not calibrated real-world results or an operational forecast."
goseong_mobilization,cached_graphml:data/cache/goseong_nodelink_road.graphml;road_class_overrides:data/parameters/road_class_overrides.csv,transfer_stress_extreme,goseong_access_road_damage_severe,access_road,capacity_reduction,capacity_reduction,multimodal,30,1.0,0.03,443.46,432.15,636.46,429.4,1065.86,5300.95,0.0231,292.59,366.48,403.99,423.86,"Engineering-only pilot output for quasi-real decision-support method review (non-publication, non-acceptance, non-operational); not publication evidence, not final-study evidence, not formal acceptance evidence, not calibrated real-world results, and not an operational route plan or forecast. Base profile scope: Pilot full scenario-policy-seed output for quasi-real decision-support evaluation; not calibrated real-world results or an operational forecast."
goseong_mobilization,cached_graphml:data/cache/goseong_nodelink_road.graphml;road_class_overrides:data/parameters/road_class_overrides.csv,transfer_stress_extreme,goseong_combo_access_rail_capacity,access_road,capacity_reduction,capacity_reduction,multimodal,30,1.0,0.0,375.44,375.44,388.22,406.6,794.82,4626.26,0.031,260.64,328.35,369.35,373.94,"Engineering-only pilot output for quasi-real decision-support method review (non-publication, non-acceptance, non-operational); not publication evidence, not final-study evidence, not formal acceptance evidence, not calibrated real-world results, and not an operational route plan or forecast. Base profile scope: Pilot full scenario-policy-seed output for quasi-real decision-support evaluation; not calibrated real-world results or an operational forecast."
goseong_mobilization,cached_graphml:data/cache/goseong_nodelink_road.graphml;road_class_overrides:data/parameters/road_class_overrides.csv,transfer_stress_extreme,goseong_critical_link_blockage,critical_link,blocked,blocked,multimodal,30,1.0,0.0,370.75,370.75,379.14,406.6,785.74,4576.48,0.0314,258.59,324.8,364.73,369.26,"Engineering-only pilot output for quasi-real decision-support method review (non-publication, non-acceptance, non-operational); not publication evidence, not final-study evidence, not formal acceptance evidence, not calibrated real-world results, and not an operational route plan or forecast. Base profile scope: Pilot full scenario-policy-seed output for quasi-real decision-support evaluation; not calibrated real-world results or an operational forecast."
goseong_mobilization,cached_graphml:data/cache/goseong_nodelink_road.graphml;road_class_overrides:data/parameters/road_class_overrides.csv,transfer_stress_extreme,goseong_last_mile_damage_extreme,last_mile,capacity_reduction,capacity_reduction,multimodal,30,0.0,24.0,7680.0,inf,1095.67,406.6,1502.27,7812.15,0.0,inf,inf,inf,inf,"Engineering-only pilot output for quasi-real decision-support method review (non-publication, non-acceptance, non-operational); not publication evidence, not final-study evidence, not formal acceptance evidence, not calibrated real-world results, and not an operational route plan or forecast. Base profile scope: Pilot full scenario-policy-seed output for quasi-real decision-support evaluation; not calibrated real-world results or an operational forecast."
goseong_mobilization,cached_graphml:data/cache/goseong_nodelink_road.graphml;road_class_overrides:data/parameters/road_class_overrides.csv,transfer_stress_extreme,goseong_last_mile_damage_mild,last_mile,capacity_reduction,capacity_reduction,multimodal,30,0.98,0.37,549.45,435.24,513.62,406.6,920.22,5315.58,0.0264,289.39,376.25,431.13,434.49,"Engineering-only pilot output for quasi-real decision-support method review (non-publication, non-acceptance, non-operational); not publication evidence, not final-study evidence, not formal acceptance evidence, not calibrated real-world results, and not an operational route plan or forecast. Base profile scope: Pilot full scenario-policy-seed output for quasi-real decision-support evaluation; not calibrated real-world results or an operational forecast."
goseong_mobilization,cached_graphml:data/cache/goseong_nodelink_road.graphml;road_class_overrides:data/parameters/road_class_overrides.csv,transfer_stress_extreme,goseong_last_mile_damage_severe,last_mile,capacity_reduction,capacity_reduction,multimodal,30,0.4,14.43,4810.0,408.78,830.82,406.6,1237.42,7027.86,0.0081,381.78,400.78,407.61,408.31,"Engineering-only pilot output for quasi-real decision-support method review (non-publication, non-acceptance, non-operational); not publication evidence, not final-study evidence, not formal acceptance evidence, not calibrated real-world results, and not an operational route plan or forecast. Base profile scope: Pilot full scenario-policy-seed output for quasi-real decision-support evaluation; not calibrated real-world results or an operational forecast."
goseong_mobilization,cached_graphml:data/cache/goseong_nodelink_road.graphml;road_class_overrides:data/parameters/road_class_overrides.csv,transfer_stress_extreme,goseong_last_mile_station_to_destination,last_mile,capacity_reduction,capacity_reduction,multimodal,30,1.0,0.0,379.25,379.25,395.5,406.6,802.1,4666.43,0.0307,262.3,331.22,373.1,377.74,"Engineering-only pilot output for quasi-real decision-support method review (non-publication, non-acceptance, non-operational); not publication evidence, not final-study evidence, not formal acceptance evidence, not calibrated real-world results, and not an operational route plan or forecast. Base profile scope: Pilot full scenario-policy-seed output for quasi-real decision-support evaluation; not calibrated real-world results or an operational forecast."
goseong_mobilization,cached_graphml:data/cache/goseong_nodelink_road.graphml;road_class_overrides:data/parameters/road_class_overrides.csv,transfer_stress_extreme,goseong_long_haul_damage_severe,access_road,capacity_reduction,capacity_reduction,multimodal,30,1.0,0.0,370.75,370.75,379.14,406.6,785.74,4576.48,0.0314,258.59,324.8,364.73,369.26,"Engineering-only pilot output for quasi-real decision-support method review (non-publication, non-acceptance, non-operational); not publication evidence, not final-study evidence, not formal acceptance evidence, not calibrated real-world results, and not an operational route plan or forecast. Base profile scope: Pilot full scenario-policy-seed output for quasi-real decision-support evaluation; not calibrated real-world results or an operational forecast."
goseong_mobilization,cached_graphml:data/cache/goseong_nodelink_road.graphml;road_class_overrides:data/parameters/road_class_overrides.csv,transfer_stress_extreme,goseong_rail_capacity_reduction,rail_service,none,none,multimodal,30,1.0,0.0,370.75,370.75,379.14,406.6,785.74,4576.48,0.0314,258.59,324.8,364.73,369.26,"Engineering-only pilot output for quasi-real decision-support method review (non-publication, non-acceptance, non-operational); not publication evidence, not final-study evidence, not formal acceptance evidence, not calibrated real-world results, and not an operational route plan or forecast. Base profile scope: Pilot full scenario-policy-seed output for quasi-real decision-support evaluation; not calibrated real-world results or an operational forecast."
goseong_mobilization,cached_graphml:data/cache/goseong_nodelink_road.graphml;road_class_overrides:data/parameters/road_class_overrides.csv,transfer_stress_extreme,goseong_rail_combined_stress,rail_service,none,none,multimodal,30,1.0,0.03,443.52,432.23,366.82,513.0,879.82,5944.48,0.0281,317.59,388.16,425.67,426.77,"Engineering-only pilot output for quasi-real decision-support method review (non-publication, non-acceptance, non-operational); not publication evidence, not final-study evidence, not formal acceptance evidence, not calibrated real-world results, and not an operational route plan or forecast. Base profile scope: Pilot full scenario-policy-seed output for quasi-real decision-support evaluation; not calibrated real-world results or an operational forecast."
goseong_mobilization,cached_graphml:data/cache/goseong_nodelink_road.graphml;road_class_overrides:data/parameters/road_class_overrides.csv,transfer_stress_extreme,goseong_rail_combined_stress_mild,rail_service,none,none,multimodal,30,1.0,0.0,393.32,393.32,383.25,483.36,866.61,5123.68,0.0286,275.42,349.81,386.12,390.82,"Engineering-only pilot output for quasi-real decision-support method review (non-publication, non-acceptance, non-operational); not publication evidence, not final-study evidence, not formal acceptance evidence, not calibrated real-world results, and not an operational route plan or forecast. Base profile scope: Pilot full scenario-policy-seed output for quasi-real decision-support evaluation; not calibrated real-world results or an operational forecast."
goseong_mobilization,cached_graphml:data/cache/goseong_nodelink_road.graphml;road_class_overrides:data/parameters/road_class_overrides.csv,transfer_stress_extreme,goseong_rail_combined_stress_severe,rail_service,none,none,multimodal,30,0.62,9.1,3210.0,439.16,348.34,554.8,903.14,7302.2,0.0171,390.59,424.42,438.41,438.95,"Engineering-only pilot output for quasi-real decision-support method review (non-publication, non-acceptance, non-operational); not publication evidence, not final-study evidence, not formal acceptance evidence, not calibrated real-world results, and not an operational route plan or forecast. Base profile scope: Pilot full scenario-policy-seed output for quasi-real decision-support evaluation; not calibrated real-world results or an operational forecast."
goseong_mobilization,cached_graphml:data/cache/goseong_nodelink_road.graphml;road_class_overrides:data/parameters/road_class_overrides.csv,transfer_stress_extreme,goseong_rail_delay,rail_service,none,none,multimodal,30,1.0,0.0,425.75,425.75,379.14,609.9,989.04,5944.48,0.025,313.59,379.8,419.73,424.26,"Engineering-only pilot output for quasi-real decision-support method review (non-publication, non-acceptance, non-operational); not publication evidence, not final-study evidence, not formal acceptance evidence, not calibrated real-world results, and not an operational route plan or forecast. Base profile scope: Pilot full scenario-policy-seed output for quasi-real decision-support evaluation; not calibrated real-world results or an operational forecast."
goseong_mobilization,cached_graphml:data/cache/goseong_nodelink_road.graphml;road_class_overrides:data/parameters/road_class_overrides.csv,transfer_stress_extreme,goseong_rail_delay_mild,rail_service,none,none,multimodal,30,1.0,0.0,390.75,390.75,379.14,487.92,867.06,5123.68,0.0285,278.59,344.8,384.73,389.26,"Engineering-only pilot output for quasi-real decision-support method review (non-publication, non-acceptance, non-operational); not publication evidence, not final-study evidence, not formal acceptance evidence, not calibrated real-world results, and not an operational route plan or forecast. Base profile scope: Pilot full scenario-policy-seed output for quasi-real decision-support evaluation; not calibrated real-world results or an operational forecast."
goseong_mobilization,cached_graphml:data/cache/goseong_nodelink_road.graphml;road_class_overrides:data/parameters/road_class_overrides.csv,transfer_stress_extreme,goseong_rail_delay_severe,rail_service,none,none,multimodal,30,0.82,4.37,1784.14,459.23,379.14,813.2,1192.34,7312.48,0.0172,373.59,426.47,452.1,456.74,"Engineering-only pilot output for quasi-real decision-support method review (non-publication, non-acceptance, non-operational); not publication evidence, not final-study evidence, not formal acceptance evidence, not calibrated real-world results, and not an operational route plan or forecast. Base profile scope: Pilot full scenario-policy-seed output for quasi-real decision-support evaluation; not calibrated real-world results or an operational forecast."
goseong_mobilization,cached_graphml:data/cache/goseong_nodelink_road.graphml;road_class_overrides:data/parameters/road_class_overrides.csv,transfer_stress_extreme,goseong_rail_station_access,rail_station_access,capacity_reduction,capacity_reduction,multimodal,30,1.0,0.0,370.75,370.75,379.95,406.6,786.55,4579.11,0.0313,258.59,324.8,364.73,369.26,"Engineering-only pilot output for quasi-real decision-support method review (non-publication, non-acceptance, non-operational); not publication evidence, not final-study evidence, not formal acceptance evidence, not calibrated real-world results, and not an operational route plan or forecast. Base profile scope: Pilot full scenario-policy-seed output for quasi-real decision-support evaluation; not calibrated real-world results or an operational forecast."
goseong_mobilization,cached_graphml:data/cache/goseong_nodelink_road.graphml;road_class_overrides:data/parameters/road_class_overrides.csv,transfer_stress_extreme,goseong_rail_unavailable,rail_service,none,none,multimodal,30,0.0,24.0,7680.0,inf,110.18,40660.0,40770.18,273962.24,0.0,inf,inf,inf,inf,"Engineering-only pilot output for quasi-real decision-support method review (non-publication, non-acceptance, non-operational); not publication evidence, not final-study evidence, not formal acceptance evidence, not calibrated real-world results, and not an operational route plan or forecast. Base profile scope: Pilot full scenario-policy-seed output for quasi-real decision-support evaluation; not calibrated real-world results or an operational forecast."
goseong_mobilization,cached_graphml:data/cache/goseong_nodelink_road.graphml;road_class_overrides:data/parameters/road_class_overrides.csv,transfer_stress_extreme,goseong_random_blockage,random,blocked,blocked,multimodal,30,0.0,24.0,7680.0,inf,110.18,406.6,516.78,3098.24,0.0,inf,inf,inf,inf,"Engineering-only pilot output for quasi-real decision-support method review (non-publication, non-acceptance, non-operational); not publication evidence, not final-study evidence, not formal acceptance evidence, not calibrated real-world results, and not an operational route plan or forecast. Base profile scope: Pilot full scenario-policy-seed output for quasi-real decision-support evaluation; not calibrated real-world results or an operational forecast."
goseong_mobilization,cached_graphml:data/cache/goseong_nodelink_road.graphml;road_class_overrides:data/parameters/road_class_overrides.csv,transfer_stress_extreme,goseong_random_capacity_reduction,random,capacity_reduction,capacity_reduction,multimodal,30,1.0,0.0,370.75,370.75,379.14,406.6,785.74,4576.48,0.0314,258.59,324.8,364.73,369.26,"Engineering-only pilot output for quasi-real decision-support method review (non-publication, non-acceptance, non-operational); not publication evidence, not final-study evidence, not formal acceptance evidence, not calibrated real-world results, and not an operational route plan or forecast. Base profile scope: Pilot full scenario-policy-seed output for quasi-real decision-support evaluation; not calibrated real-world results or an operational forecast."
goseong_mobilization,cached_graphml:data/cache/goseong_nodelink_road.graphml;road_class_overrides:data/parameters/road_class_overrides.csv,transfer_stress_extreme,goseong_spatial_assembly_egress,spatial_hazard_overlay,capacity_reduction,capacity_reduction,multimodal,30,1.0,0.0,370.75,370.75,379.19,406.6,785.78,4576.63,0.0314,258.59,324.8,364.73,369.26,"Engineering-only pilot output for quasi-real decision-support method review (non-publication, non-acceptance, non-operational); not publication evidence, not final-study evidence, not formal acceptance evidence, not calibrated real-world results, and not an operational route plan or forecast. Base profile scope: Pilot full scenario-policy-seed output for quasi-real decision-support evaluation; not calibrated real-world results or an operational forecast."
goseong_mobilization,cached_graphml:data/cache/goseong_nodelink_road.graphml;road_class_overrides:data/parameters/road_class_overrides.csv,transfer_stress_extreme,no_disruption,no_disruption,none,none,multimodal,30,1.0,0.0,370.75,370.75,379.14,406.6,785.74,4576.48,0.0314,258.59,324.8,364.73,369.26,"Engineering-only pilot output for quasi-real decision-support method review (non-publication, non-acceptance, non-operational); not publication evidence, not final-study evidence, not formal acceptance evidence, not calibrated real-world results, and not an operational route plan or forecast. Base profile scope: Pilot full scenario-policy-seed output for quasi-real decision-support evaluation; not calibrated real-world results or an operational forecast."
goseong_mobilization,cached_graphml:data/cache/goseong_nodelink_road.graphml;road_class_overrides:data/parameters/road_class_overrides.csv,transfer_stress_mild,goseong_access_origin_to_destination,access_road,capacity_reduction,capacity_reduction,multimodal,30,1.0,0.0,347.58,347.58,405.18,307.8,712.98,4626.18,0.0357,228.64,255.88,313.39,326.2,"Engineering-only pilot output for quasi-real decision-support method review (non-publication, non-acceptance, non-operational); not publication evidence, not final-study evidence, not formal acceptance evidence, not calibrated real-world results, and not an operational route plan or forecast. Base profile scope: Pilot full scenario-policy-seed output for quasi-real decision-support evaluation; not calibrated real-world results or an operational forecast."
goseong_mobilization,cached_graphml:data/cache/goseong_nodelink_road.graphml;road_class_overrides:data/parameters/road_class_overrides.csv,transfer_stress_mild,goseong_access_origin_to_station,access_road,capacity_reduction,capacity_reduction,multimodal,30,1.0,0.0,338.66,338.66,400.44,311.6,712.04,4599.0,0.0354,226.59,253.62,308.97,321.58,"Engineering-only pilot output for quasi-real decision-support method review (non-publication, non-acceptance, non-operational); not publication evidence, not final-study evidence, not formal acceptance evidence, not calibrated real-world results, and not an operational route plan or forecast. Base profile scope: Pilot full scenario-policy-seed output for quasi-real decision-support evaluation; not calibrated real-world results or an operational forecast."
goseong_mobilization,cached_graphml:data/cache/goseong_nodelink_road.graphml;road_class_overrides:data/parameters/road_class_overrides.csv,transfer_stress_mild,goseong_access_road_damage_extreme,access_road,capacity_reduction,capacity_reduction,multimodal,30,0.93,1.73,995.75,468.59,1156.53,539.6,1696.13,6994.18,0.0137,326.59,373.75,448.0,468.24,"Engineering-only pilot output for quasi-real decision-support method review (non-publication, non-acceptance, non-operational); not publication evidence, not final-study evidence, not formal acceptance evidence, not calibrated real-world results, and not an operational route plan or forecast. Base profile scope: Pilot full scenario-policy-seed output for quasi-real decision-support evaluation; not calibrated real-world results or an operational forecast."
goseong_mobilization,cached_graphml:data/cache/goseong_nodelink_road.graphml;road_class_overrides:data/parameters/road_class_overrides.csv,transfer_stress_mild,goseong_access_road_damage_mild,access_road,capacity_reduction,capacity_reduction,multimodal,30,1.0,0.0,345.5,345.5,440.05,334.4,774.45,4757.15,0.032,236.59,267.95,307.85,325.52,"Engineering-only pilot output for quasi-real decision-support method review (non-publication, non-acceptance, non-operational); not publication evidence, not final-study evidence, not formal acceptance evidence, not calibrated real-world results, and not an operational route plan or forecast. Base profile scope: Pilot full scenario-policy-seed output for quasi-real decision-support evaluation; not calibrated real-world results or an operational forecast."
goseong_mobilization,cached_graphml:data/cache/goseong_nodelink_road.graphml;road_class_overrides:data/parameters/road_class_overrides.csv,transfer_stress_mild,goseong_access_road_damage_severe,access_road,capacity_reduction,capacity_reduction,multimodal,30,1.0,0.0,393.9,393.9,650.83,444.6,1095.43,5300.94,0.0227,256.59,286.28,347.58,380.51,"Engineering-only pilot output for quasi-real decision-support method review (non-publication, non-acceptance, non-operational); not publication evidence, not final-study evidence, not formal acceptance evidence, not calibrated real-world results, and not an operational route plan or forecast. Base profile scope: Pilot full scenario-policy-seed output for quasi-real decision-support evaluation; not calibrated real-world results or an operational forecast."
goseong_mobilization,cached_graphml:data/cache/goseong_nodelink_road.graphml;road_class_overrides:data/parameters/road_class_overrides.csv,transfer_stress_mild,goseong_combo_access_rail_capacity,access_road,capacity_reduction,capacity_reduction,multimodal,30,1.0,0.0,347.58,347.58,405.18,307.8,712.98,4626.18,0.0357,228.64,255.88,313.39,326.2,"Engineering-only pilot output for quasi-real decision-support method review (non-publication, non-acceptance, non-operational); not publication evidence, not final-study evidence, not formal acceptance evidence, not calibrated real-world results, and not an operational route plan or forecast. Base profile scope: Pilot full scenario-policy-seed output for quasi-real decision-support evaluation; not calibrated real-world results or an operational forecast."
goseong_mobilization,cached_graphml:data/cache/goseong_nodelink_road.graphml;road_class_overrides:data/parameters/road_class_overrides.csv,transfer_stress_mild,goseong_critical_link_blockage,critical_link,blocked,blocked,multimodal,30,1.0,0.0,342.29,342.29,395.57,307.8,703.37,4576.48,0.0362,226.59,253.12,309.17,321.48,"Engineering-only pilot output for quasi-real decision-support method review (non-publication, non-acceptance, non-operational); not publication evidence, not final-study evidence, not formal acceptance evidence, not calibrated real-world results, and not an operational route plan or forecast. Base profile scope: Pilot full scenario-policy-seed output for quasi-real decision-support evaluation; not calibrated real-world results or an operational forecast."
goseong_mobilization,cached_graphml:data/cache/goseong_nodelink_road.graphml;road_class_overrides:data/parameters/road_class_overrides.csv,transfer_stress_mild,goseong_last_mile_damage_extreme,last_mile,capacity_reduction,capacity_reduction,multimodal,30,0.0,24.0,7680.0,inf,1095.67,307.8,1403.47,9881.69,0.0,inf,inf,inf,inf,"Engineering-only pilot output for quasi-real decision-support method review (non-publication, non-acceptance, non-operational); not publication evidence, not final-study evidence, not formal acceptance evidence, not calibrated real-world results, and not an operational route plan or forecast. Base profile scope: Pilot full scenario-policy-seed output for quasi-real decision-support evaluation; not calibrated real-world results or an operational forecast."
goseong_mobilization,cached_graphml:data/cache/goseong_nodelink_road.graphml;road_class_overrides:data/parameters/road_class_overrides.csv,transfer_stress_mild,goseong_last_mile_damage_mild,last_mile,capacity_reduction,capacity_reduction,multimodal,30,1.0,0.03,429.89,419.5,538.25,307.8,846.05,5315.58,0.0299,257.39,294.19,370.86,391.0,"Engineering-only pilot output for quasi-real decision-support method review (non-publication, non-acceptance, non-operational); not publication evidence, not final-study evidence, not formal acceptance evidence, not calibrated real-world results, and not an operational route plan or forecast. Base profile scope: Pilot full scenario-policy-seed output for quasi-real decision-support evaluation; not calibrated real-world results or an operational forecast."
goseong_mobilization,cached_graphml:data/cache/goseong_nodelink_road.graphml;road_class_overrides:data/parameters/road_class_overrides.csv,transfer_stress_mild,goseong_last_mile_damage_severe,last_mile,capacity_reduction,capacity_reduction,multimodal,30,0.58,10.23,3550.0,363.11,836.98,307.8,1144.78,7292.72,0.0124,349.78,361.36,363.11,363.11,"Engineering-only pilot output for quasi-real decision-support method review (non-publication, non-acceptance, non-operational); not publication evidence, not final-study evidence, not formal acceptance evidence, not calibrated real-world results, and not an operational route plan or forecast. Base profile scope: Pilot full scenario-policy-seed output for quasi-real decision-support evaluation; not calibrated real-world results or an operational forecast."
goseong_mobilization,cached_graphml:data/cache/goseong_nodelink_road.graphml;road_class_overrides:data/parameters/road_class_overrides.csv,transfer_stress_mild,goseong_last_mile_station_to_destination,last_mile,capacity_reduction,capacity_reduction,multimodal,30,1.0,0.0,351.89,351.89,412.9,307.8,720.7,4666.3,0.0353,230.3,258.12,316.82,330.04,"Engineering-only pilot output for quasi-real decision-support method review (non-publication, non-acceptance, non-operational); not publication evidence, not final-study evidence, not formal acceptance evidence, not calibrated real-world results, and not an operational route plan or forecast. Base profile scope: Pilot full scenario-policy-seed output for quasi-real decision-support evaluation; not calibrated real-world results or an operational forecast."
goseong_mobilization,cached_graphml:data/cache/goseong_nodelink_road.graphml;road_class_overrides:data/parameters/road_class_overrides.csv,transfer_stress_mild,goseong_long_haul_damage_severe,access_road,capacity_reduction,capacity_reduction,multimodal,30,1.0,0.0,342.29,342.29,395.57,307.8,703.37,4576.48,0.0362,226.59,253.12,309.17,321.48,"Engineering-only pilot output for quasi-real decision-support method review (non-publication, non-acceptance, non-operational); not publication evidence, not final-study evidence, not formal acceptance evidence, not calibrated real-world results, and not an operational route plan or forecast. Base profile scope: Pilot full scenario-policy-seed output for quasi-real decision-support evaluation; not calibrated real-world results or an operational forecast."
goseong_mobilization,cached_graphml:data/cache/goseong_nodelink_road.graphml;road_class_overrides:data/parameters/road_class_overrides.csv,transfer_stress_mild,goseong_rail_capacity_reduction,rail_service,none,none,multimodal,30,1.0,0.0,342.29,342.29,395.57,307.8,703.37,4576.48,0.0362,226.59,253.12,309.17,321.48,"Engineering-only pilot output for quasi-real decision-support method review (non-publication, non-acceptance, non-operational); not publication evidence, not final-study evidence, not formal acceptance evidence, not calibrated real-world results, and not an operational route plan or forecast. Base profile scope: Pilot full scenario-policy-seed output for quasi-real decision-support evaluation; not calibrated real-world results or an operational forecast."
goseong_mobilization,cached_graphml:data/cache/goseong_nodelink_road.graphml;road_class_overrides:data/parameters/road_class_overrides.csv,transfer_stress_mild,goseong_rail_combined_stress,rail_service,none,none,multimodal,30,1.0,0.0,395.55,395.55,366.82,421.8,788.62,5944.48,0.0315,281.59,340.12,366.06,384.38,"Engineering-only pilot output for quasi-real decision-support method review (non-publication, non-acceptance, non-operational); not publication evidence, not final-study evidence, not formal acceptance evidence, not calibrated real-world results, and not an operational route plan or forecast. Base profile scope: Pilot full scenario-policy-seed output for quasi-real decision-support evaluation; not calibrated real-world results or an operational forecast."
goseong_mobilization,cached_graphml:data/cache/goseong_nodelink_road.graphml;road_class_overrides:data/parameters/road_class_overrides.csv,transfer_stress_mild,goseong_rail_combined_stress_mild,rail_service,none,none,multimodal,30,1.0,0.0,365.97,365.97,397.62,373.92,771.54,5123.69,0.0328,241.26,298.78,327.19,351.79,"Engineering-only pilot output for quasi-real decision-support method review (non-publication, non-acceptance, non-operational); not publication evidence, not final-study evidence, not formal acceptance evidence, not calibrated real-world results, and not an operational route plan or forecast. Base profile scope: Pilot full scenario-policy-seed output for quasi-real decision-support evaluation; not calibrated real-world results or an operational forecast."
goseong_mobilization,cached_graphml:data/cache/goseong_nodelink_road.graphml;road_class_overrides:data/parameters/road_class_overrides.csv,transfer_stress_mild,goseong_rail_combined_stress_severe,rail_service,none,none,multimodal,30,1.0,0.1,464.26,428.88,358.61,471.2,829.81,7312.47,0.0297,351.59,356.59,422.42,424.74,"Engineering-only pilot output for quasi-real decision-support method review (non-publication, non-acceptance, non-operational); not publication evidence, not final-study evidence, not formal acceptance evidence, not calibrated real-world results, and not an operational route plan or forecast. Base profile scope: Pilot full scenario-policy-seed output for quasi-real decision-support evaluation; not calibrated real-world results or an operational forecast."
goseong_mobilization,cached_graphml:data/cache/goseong_nodelink_road.graphml;road_class_overrides:data/parameters/road_class_overrides.csv,transfer_stress_mild,goseong_rail_delay,rail_service,none,none,multimodal,30,1.0,0.0,402.29,402.29,395.57,461.7,857.27,5944.48,0.03,286.59,313.12,369.17,381.48,"Engineering-only pilot output for quasi-real decision-support method review (non-publication, non-acceptance, non-operational); not publication evidence, not final-study evidence, not formal acceptance evidence, not calibrated real-world results, and not an operational route plan or forecast. Base profile scope: Pilot full scenario-policy-seed output for quasi-real decision-support evaluation; not calibrated real-world results or an operational forecast."
goseong_mobilization,cached_graphml:data/cache/goseong_nodelink_road.graphml;road_class_overrides:data/parameters/road_class_overrides.csv,transfer_stress_mild,goseong_rail_delay_mild,rail_service,none,none,multimodal,30,1.0,0.0,367.29,367.29,395.57,369.36,764.93,5123.68,0.0335,251.59,278.12,334.17,346.48,"Engineering-only pilot output for quasi-real decision-support method review (non-publication, non-acceptance, non-operational); not publication evidence, not final-study evidence, not formal acceptance evidence, not calibrated real-world results, and not an operational route plan or forecast. Base profile scope: Pilot full scenario-policy-seed output for quasi-real decision-support evaluation; not calibrated real-world results or an operational forecast."
goseong_mobilization,cached_graphml:data/cache/goseong_nodelink_road.graphml;road_class_overrides:data/parameters/road_class_overrides.csv,transfer_stress_mild,goseong_rail_delay_severe,rail_service,none,none,multimodal,30,0.98,0.4,572.38,437.9,395.57,615.6,1011.17,7312.48,0.0253,341.59,368.12,421.58,433.64,"Engineering-only pilot output for quasi-real decision-support method review (non-publication, non-acceptance, non-operational); not publication evidence, not final-study evidence, not formal acceptance evidence, not calibrated real-world results, and not an operational route plan or forecast. Base profile scope: Pilot full scenario-policy-seed output for quasi-real decision-support evaluation; not calibrated real-world results or an operational forecast."
goseong_mobilization,cached_graphml:data/cache/goseong_nodelink_road.graphml;road_class_overrides:data/parameters/road_class_overrides.csv,transfer_stress_mild,goseong_rail_station_access,rail_station_access,capacity_reduction,capacity_reduction,multimodal,30,1.0,0.0,342.29,342.29,396.37,307.8,704.17,4579.1,0.0362,226.59,253.12,309.17,321.48,"Engineering-only pilot output for quasi-real decision-support method review (non-publication, non-acceptance, non-operational); not publication evidence, not final-study evidence, not formal acceptance evidence, not calibrated real-world results, and not an operational route plan or forecast. Base profile scope: Pilot full scenario-policy-seed output for quasi-real decision-support evaluation; not calibrated real-world results or an operational forecast."
goseong_mobilization,cached_graphml:data/cache/goseong_nodelink_road.graphml;road_class_overrides:data/parameters/road_class_overrides.csv,transfer_stress_mild,goseong_rail_unavailable,rail_service,none,none,multimodal,30,0.0,24.0,7680.0,inf,110.18,30780.0,30890.18,273962.24,0.0,inf,inf,inf,inf,"Engineering-only pilot output for quasi-real decision-support method review (non-publication, non-acceptance, non-operational); not publication evidence, not final-study evidence, not formal acceptance evidence, not calibrated real-world results, and not an operational route plan or forecast. Base profile scope: Pilot full scenario-policy-seed output for quasi-real decision-support evaluation; not calibrated real-world results or an operational forecast."
goseong_mobilization,cached_graphml:data/cache/goseong_nodelink_road.graphml;road_class_overrides:data/parameters/road_class_overrides.csv,transfer_stress_mild,goseong_random_blockage,random,blocked,blocked,multimodal,30,0.0,24.0,7680.0,inf,110.18,307.8,417.98,3098.24,0.0,inf,inf,inf,inf,"Engineering-only pilot output for quasi-real decision-support method review (non-publication, non-acceptance, non-operational); not publication evidence, not final-study evidence, not formal acceptance evidence, not calibrated real-world results, and not an operational route plan or forecast. Base profile scope: Pilot full scenario-policy-seed output for quasi-real decision-support evaluation; not calibrated real-world results or an operational forecast."
goseong_mobilization,cached_graphml:data/cache/goseong_nodelink_road.graphml;road_class_overrides:data/parameters/road_class_overrides.csv,transfer_stress_mild,goseong_random_capacity_reduction,random,capacity_reduction,capacity_reduction,multimodal,30,1.0,0.0,342.29,342.29,395.57,307.8,703.37,4576.48,0.0362,226.59,253.12,309.17,321.48,"Engineering-only pilot output for quasi-real decision-support method review (non-publication, non-acceptance, non-operational); not publication evidence, not final-study evidence, not formal acceptance evidence, not calibrated real-world results, and not an operational route plan or forecast. Base profile scope: Pilot full scenario-policy-seed output for quasi-real decision-support evaluation; not calibrated real-world results or an operational forecast."
goseong_mobilization,cached_graphml:data/cache/goseong_nodelink_road.graphml;road_class_overrides:data/parameters/road_class_overrides.csv,transfer_stress_mild,goseong_spatial_assembly_egress,spatial_hazard_overlay,capacity_reduction,capacity_reduction,multimodal,30,1.0,0.0,342.29,342.29,395.61,307.8,703.41,4576.62,0.0362,226.59,253.12,309.17,321.48,"Engineering-only pilot output for quasi-real decision-support method review (non-publication, non-acceptance, non-operational); not publication evidence, not final-study evidence, not formal acceptance evidence, not calibrated real-world results, and not an operational route plan or forecast. Base profile scope: Pilot full scenario-policy-seed output for quasi-real decision-support evaluation; not calibrated real-world results or an operational forecast."
goseong_mobilization,cached_graphml:data/cache/goseong_nodelink_road.graphml;road_class_overrides:data/parameters/road_class_overrides.csv,transfer_stress_mild,no_disruption,no_disruption,none,none,multimodal,30,1.0,0.0,342.29,342.29,395.57,307.8,703.37,4576.48,0.0362,226.59,253.12,309.17,321.48,"Engineering-only pilot output for quasi-real decision-support method review (non-publication, non-acceptance, non-operational); not publication evidence, not final-study evidence, not formal acceptance evidence, not calibrated real-world results, and not an operational route plan or forecast. Base profile scope: Pilot full scenario-policy-seed output for quasi-real decision-support evaluation; not calibrated real-world results or an operational forecast."
goseong_mobilization,cached_graphml:data/cache/goseong_nodelink_road.graphml;road_class_overrides:data/parameters/road_class_overrides.csv,transfer_stress_moderate,goseong_access_origin_to_destination,access_road,capacity_reduction,capacity_reduction,multimodal,30,1.0,0.0,349.21,349.21,392.46,296.4,688.86,4626.23,0.036,232.64,288.07,316.96,335.35,"Engineering-only pilot output for quasi-real decision-support method review (non-publication, non-acceptance, non-operational); not publication evidence, not final-study evidence, not formal acceptance evidence, not calibrated real-world results, and not an operational route plan or forecast. Base profile scope: Pilot full scenario-policy-seed output for quasi-real decision-support evaluation; not calibrated real-world results or an operational forecast."
goseong_mobilization,cached_graphml:data/cache/goseong_nodelink_road.graphml;road_class_overrides:data/parameters/road_class_overrides.csv,transfer_stress_moderate,goseong_access_origin_to_station,access_road,capacity_reduction,capacity_reduction,multimodal,30,1.0,0.0,344.18,344.18,390.17,296.4,686.57,4599.01,0.0362,230.59,284.87,312.74,330.87,"Engineering-only pilot output for quasi-real decision-support method review (non-publication, non-acceptance, non-operational); not publication evidence, not final-study evidence, not formal acceptance evidence, not calibrated real-world results, and not an operational route plan or forecast. Base profile scope: Pilot full scenario-policy-seed output for quasi-real decision-support evaluation; not calibrated real-world results or an operational forecast."
goseong_mobilization,cached_graphml:data/cache/goseong_nodelink_road.graphml;road_class_overrides:data/parameters/road_class_overrides.csv,transfer_stress_moderate,goseong_access_road_damage_extreme,access_road,capacity_reduction,capacity_reduction,multimodal,30,0.9,2.37,1189.2,473.91,1164.74,516.8,1681.54,6994.18,0.0133,336.59,384.86,455.48,472.25,"Engineering-only pilot output for quasi-real decision-support method review (non-publication, non-acceptance, non-operational); not publication evidence, not final-study evidence, not formal acceptance evidence, not calibrated real-world results, and not an operational route plan or forecast. Base profile scope: Pilot full scenario-policy-seed output for quasi-real decision-support evaluation; not calibrated real-world results or an operational forecast."
goseong_mobilization,cached_graphml:data/cache/goseong_nodelink_road.graphml;road_class_overrides:data/parameters/road_class_overrides.csv,transfer_stress_moderate,goseong_access_road_damage_mild,access_road,capacity_reduction,capacity_reduction,multimodal,30,1.0,0.0,363.3,363.3,456.47,353.4,809.87,4757.17,0.0308,236.59,291.01,323.64,348.27,"Engineering-only pilot output for quasi-real decision-support method review (non-publication, non-acceptance, non-operational); not publication evidence, not final-study evidence, not formal acceptance evidence, not calibrated real-world results, and not an operational route plan or forecast. Base profile scope: Pilot full scenario-policy-seed output for quasi-real decision-support evaluation; not calibrated real-world results or an operational forecast."
goseong_mobilization,cached_graphml:data/cache/goseong_nodelink_road.graphml;road_class_overrides:data/parameters/road_class_overrides.csv,transfer_stress_moderate,goseong_access_road_damage_severe,access_road,capacity_reduction,capacity_reduction,multimodal,30,1.0,0.0,392.11,392.11,630.3,444.6,1074.9,5300.95,0.0229,260.59,316.01,354.06,380.99,"Engineering-only pilot output for quasi-real decision-support method review (non-publication, non-acceptance, non-operational); not publication evidence, not final-study evidence, not formal acceptance evidence, not calibrated real-world results, and not an operational route plan or forecast. Base profile scope: Pilot full scenario-policy-seed output for quasi-real decision-support evaluation; not calibrated real-world results or an operational forecast."
goseong_mobilization,cached_graphml:data/cache/goseong_nodelink_road.graphml;road_class_overrides:data/parameters/road_class_overrides.csv,transfer_stress_moderate,goseong_combo_access_rail_capacity,access_road,capacity_reduction,capacity_reduction,multimodal,30,1.0,0.0,349.21,349.21,392.46,296.4,688.86,4626.23,0.036,232.64,288.07,316.96,335.35,"Engineering-only pilot output for quasi-real decision-support method review (non-publication, non-acceptance, non-operational); not publication evidence, not final-study evidence, not formal acceptance evidence, not calibrated real-world results, and not an operational route plan or forecast. Base profile scope: Pilot full scenario-policy-seed output for quasi-real decision-support evaluation; not calibrated real-world results or an operational forecast."
goseong_mobilization,cached_graphml:data/cache/goseong_nodelink_road.graphml;road_class_overrides:data/parameters/road_class_overrides.csv,transfer_stress_moderate,goseong_critical_link_blockage,critical_link,blocked,blocked,multimodal,30,1.0,0.0,344.18,344.18,383.25,296.4,679.65,4576.48,0.0365,230.59,284.87,312.74,330.87,"Engineering-only pilot output for quasi-real decision-support method review (non-publication, non-acceptance, non-operational); not publication evidence, not final-study evidence, not formal acceptance evidence, not calibrated real-world results, and not an operational route plan or forecast. Base profile scope: Pilot full scenario-policy-seed output for quasi-real decision-support evaluation; not calibrated real-world results or an operational forecast."
goseong_mobilization,cached_graphml:data/cache/goseong_nodelink_road.graphml;road_class_overrides:data/parameters/road_class_overrides.csv,transfer_stress_moderate,goseong_last_mile_damage_extreme,last_mile,capacity_reduction,capacity_reduction,multimodal,30,0.0,24.0,7680.0,inf,1095.67,296.4,1392.07,8501.99,0.0,inf,inf,inf,inf,"Engineering-only pilot output for quasi-real decision-support method review (non-publication, non-acceptance, non-operational); not publication evidence, not final-study evidence, not formal acceptance evidence, not calibrated real-world results, and not an operational route plan or forecast. Base profile scope: Pilot full scenario-policy-seed output for quasi-real decision-support evaluation; not calibrated real-world results or an operational forecast."
goseong_mobilization,cached_graphml:data/cache/goseong_nodelink_road.graphml;road_class_overrides:data/parameters/road_class_overrides.csv,transfer_stress_moderate,goseong_last_mile_damage_mild,last_mile,capacity_reduction,capacity_reduction,multimodal,30,1.0,0.0,419.11,419.11,519.78,296.4,816.18,5315.58,0.0303,261.39,332.6,375.76,397.59,"Engineering-only pilot output for quasi-real decision-support method review (non-publication, non-acceptance, non-operational); not publication evidence, not final-study evidence, not formal acceptance evidence, not calibrated real-world results, and not an operational route plan or forecast. Base profile scope: Pilot full scenario-policy-seed output for quasi-real decision-support evaluation; not calibrated real-world results or an operational forecast."
goseong_mobilization,cached_graphml:data/cache/goseong_nodelink_road.graphml;road_class_overrides:data/parameters/road_class_overrides.csv,transfer_stress_moderate,goseong_last_mile_damage_severe,last_mile,capacity_reduction,capacity_reduction,multimodal,30,0.46,13.03,4390.0,380.78,836.98,296.4,1133.38,7354.3,0.0099,353.78,377.78,379.81,380.53,"Engineering-only pilot output for quasi-real decision-support method review (non-publication, non-acceptance, non-operational); not publication evidence, not final-study evidence, not formal acceptance evidence, not calibrated real-world results, and not an operational route plan or forecast. Base profile scope: Pilot full scenario-policy-seed output for quasi-real decision-support evaluation; not calibrated real-world results or an operational forecast."
goseong_mobilization,cached_graphml:data/cache/goseong_nodelink_road.graphml;road_class_overrides:data/parameters/road_class_overrides.csv,transfer_stress_moderate,goseong_last_mile_station_to_destination,last_mile,capacity_reduction,capacity_reduction,multimodal,30,1.0,0.0,353.3,353.3,399.85,296.4,696.25,4666.39,0.0356,234.3,290.67,320.4,339.0,"Engineering-only pilot output for quasi-real decision-support method review (non-publication, non-acceptance, non-operational); not publication evidence, not final-study evidence, not formal acceptance evidence, not calibrated real-world results, and not an operational route plan or forecast. Base profile scope: Pilot full scenario-policy-seed output for quasi-real decision-support evaluation; not calibrated real-world results or an operational forecast."
goseong_mobilization,cached_graphml:data/cache/goseong_nodelink_road.graphml;road_class_overrides:data/parameters/road_class_overrides.csv,transfer_stress_moderate,goseong_long_haul_damage_severe,access_road,capacity_reduction,capacity_reduction,multimodal,30,1.0,0.0,344.18,344.18,383.25,296.4,679.65,4576.48,0.0365,230.59,284.87,312.74,330.87,"Engineering-only pilot output for quasi-real decision-support method review (non-publication, non-acceptance, non-operational); not publication evidence, not final-study evidence, not formal acceptance evidence, not calibrated real-world results, and not an operational route plan or forecast. Base profile scope: Pilot full scenario-policy-seed output for quasi-real decision-support evaluation; not calibrated real-world results or an operational forecast."
goseong_mobilization,cached_graphml:data/cache/goseong_nodelink_road.graphml;road_class_overrides:data/parameters/road_class_overrides.csv,transfer_stress_moderate,goseong_rail_capacity_reduction,rail_service,none,none,multimodal,30,1.0,0.0,344.18,344.18,383.25,296.4,679.65,4576.48,0.0365,230.59,284.87,312.74,330.87,"Engineering-only pilot output for quasi-real decision-support method review (non-publication, non-acceptance, non-operational); not publication evidence, not final-study evidence, not formal acceptance evidence, not calibrated real-world results, and not an operational route plan or forecast. Base profile scope: Pilot full scenario-policy-seed output for quasi-real decision-support evaluation; not calibrated real-world results or an operational forecast."
goseong_mobilization,cached_graphml:data/cache/goseong_nodelink_road.graphml;road_class_overrides:data/parameters/road_class_overrides.csv,transfer_stress_moderate,goseong_rail_combined_stress,rail_service,none,none,multimodal,30,1.0,0.0,407.72,407.72,364.77,364.8,729.57,5944.48,0.0361,296.59,344.66,387.19,398.4,"Engineering-only pilot output for quasi-real decision-support method review (non-publication, non-acceptance, non-operational); not publication evidence, not final-study evidence, not formal acceptance evidence, not calibrated real-world results, and not an operational route plan or forecast. Base profile scope: Pilot full scenario-policy-seed output for quasi-real decision-support evaluation; not calibrated real-world results or an operational forecast."
goseong_mobilization,cached_graphml:data/cache/goseong_nodelink_road.graphml;road_class_overrides:data/parameters/road_class_overrides.csv,transfer_stress_moderate,goseong_rail_combined_stress_mild,rail_service,none,none,multimodal,30,1.0,0.0,363.75,363.75,379.14,355.68,734.82,5123.67,0.0339,259.92,302.88,343.2,349.21,"Engineering-only pilot output for quasi-real decision-support method review (non-publication, non-acceptance, non-operational); not publication evidence, not final-study evidence, not formal acceptance evidence, not calibrated real-world results, and not an operational route plan or forecast. Base profile scope: Pilot full scenario-policy-seed output for quasi-real decision-support evaluation; not calibrated real-world results or an operational forecast."
goseong_mobilization,cached_graphml:data/cache/goseong_nodelink_road.graphml;road_class_overrides:data/parameters/road_class_overrides.csv,transfer_stress_moderate,goseong_rail_combined_stress_severe,rail_service,none,none,multimodal,30,0.89,2.73,1285.15,422.19,358.61,494.0,852.61,7312.47,0.0254,351.59,413.51,422.09,422.19,"Engineering-only pilot output for quasi-real decision-support method review (non-publication, non-acceptance, non-operational); not publication evidence, not final-study evidence, not formal acceptance evidence, not calibrated real-world results, and not an operational route plan or forecast. Base profile scope: Pilot full scenario-policy-seed output for quasi-real decision-support evaluation; not calibrated real-world results or an operational forecast."
goseong_mobilization,cached_graphml:data/cache/goseong_nodelink_road.graphml;road_class_overrides:data/parameters/road_class_overrides.csv,transfer_stress_moderate,goseong_rail_delay,rail_service,none,none,multimodal,30,1.0,0.0,404.18,404.18,383.25,444.6,827.85,5944.48,0.0301,290.59,344.87,372.74,390.87,"Engineering-only pilot output for quasi-real decision-support method review (non-publication, non-acceptance, non-operational); not publication evidence, not final-study evidence, not formal acceptance evidence, not calibrated real-world results, and not an operational route plan or forecast. Base profile scope: Pilot full scenario-policy-seed output for quasi-real decision-support evaluation; not calibrated real-world results or an operational forecast."
goseong_mobilization,cached_graphml:data/cache/goseong_nodelink_road.graphml;road_class_overrides:data/parameters/road_class_overrides.csv,transfer_stress_moderate,goseong_rail_delay_mild,rail_service,none,none,multimodal,30,1.0,0.0,369.18,369.18,383.25,355.68,738.93,5123.68,0.0337,255.59,309.87,337.74,355.87,"Engineering-only pilot output for quasi-real decision-support method review (non-publication, non-acceptance, non-operational); not publication evidence, not final-study evidence, not formal acceptance evidence, not calibrated real-world results, and not an operational route plan or forecast. Base profile scope: Pilot full scenario-policy-seed output for quasi-real decision-support evaluation; not calibrated real-world results or an operational forecast."
goseong_mobilization,cached_graphml:data/cache/goseong_nodelink_road.graphml;road_class_overrides:data/parameters/road_class_overrides.csv,transfer_stress_moderate,goseong_rail_delay_severe,rail_service,none,none,multimodal,30,0.99,0.37,565.78,445.79,383.25,592.8,976.05,7312.48,0.0253,345.59,399.21,427.17,441.69,"Engineering-only pilot output for quasi-real decision-support method review (non-publication, non-acceptance, non-operational); not publication evidence, not final-study evidence, not formal acceptance evidence, not calibrated real-world results, and not an operational route plan or forecast. Base profile scope: Pilot full scenario-policy-seed output for quasi-real decision-support evaluation; not calibrated real-world results or an operational forecast."
goseong_mobilization,cached_graphml:data/cache/goseong_nodelink_road.graphml;road_class_overrides:data/parameters/road_class_overrides.csv,transfer_stress_moderate,goseong_rail_station_access,rail_station_access,capacity_reduction,capacity_reduction,multimodal,30,1.0,0.0,344.18,344.18,384.05,296.4,680.45,4579.1,0.0365,230.59,284.87,312.74,330.87,"Engineering-only pilot output for quasi-real decision-support method review (non-publication, non-acceptance, non-operational); not publication evidence, not final-study evidence, not formal acceptance evidence, not calibrated real-world results, and not an operational route plan or forecast. Base profile scope: Pilot full scenario-policy-seed output for quasi-real decision-support evaluation; not calibrated real-world results or an operational forecast."
goseong_mobilization,cached_graphml:data/cache/goseong_nodelink_road.graphml;road_class_overrides:data/parameters/road_class_overrides.csv,transfer_stress_moderate,goseong_rail_unavailable,rail_service,none,none,multimodal,30,0.0,24.0,7680.0,inf,110.18,29640.0,29750.18,273962.24,0.0,inf,inf,inf,inf,"Engineering-only pilot output for quasi-real decision-support method review (non-publication, non-acceptance, non-operational); not publication evidence, not final-study evidence, not formal acceptance evidence, not calibrated real-world results, and not an operational route plan or forecast. Base profile scope: Pilot full scenario-policy-seed output for quasi-real decision-support evaluation; not calibrated real-world results or an operational forecast."
goseong_mobilization,cached_graphml:data/cache/goseong_nodelink_road.graphml;road_class_overrides:data/parameters/road_class_overrides.csv,transfer_stress_moderate,goseong_random_blockage,random,blocked,blocked,multimodal,30,0.0,24.0,7680.0,inf,110.18,296.4,406.58,3098.24,0.0,inf,inf,inf,inf,"Engineering-only pilot output for quasi-real decision-support method review (non-publication, non-acceptance, non-operational); not publication evidence, not final-study evidence, not formal acceptance evidence, not calibrated real-world results, and not an operational route plan or forecast. Base profile scope: Pilot full scenario-policy-seed output for quasi-real decision-support evaluation; not calibrated real-world results or an operational forecast."
goseong_mobilization,cached_graphml:data/cache/goseong_nodelink_road.graphml;road_class_overrides:data/parameters/road_class_overrides.csv,transfer_stress_moderate,goseong_random_capacity_reduction,random,capacity_reduction,capacity_reduction,multimodal,30,1.0,0.0,344.18,344.18,383.25,296.4,679.65,4576.48,0.0365,230.59,284.87,312.74,330.87,"Engineering-only pilot output for quasi-real decision-support method review (non-publication, non-acceptance, non-operational); not publication evidence, not final-study evidence, not formal acceptance evidence, not calibrated real-world results, and not an operational route plan or forecast. Base profile scope: Pilot full scenario-policy-seed output for quasi-real decision-support evaluation; not calibrated real-world results or an operational forecast."
goseong_mobilization,cached_graphml:data/cache/goseong_nodelink_road.graphml;road_class_overrides:data/parameters/road_class_overrides.csv,transfer_stress_moderate,goseong_spatial_assembly_egress,spatial_hazard_overlay,capacity_reduction,capacity_reduction,multimodal,30,1.0,0.0,344.18,344.18,383.29,296.4,679.69,4576.62,0.0365,230.59,284.87,312.74,330.87,"Engineering-only pilot output for quasi-real decision-support method review (non-publication, non-acceptance, non-operational); not publication evidence, not final-study evidence, not formal acceptance evidence, not calibrated real-world results, and not an operational route plan or forecast. Base profile scope: Pilot full scenario-policy-seed output for quasi-real decision-support evaluation; not calibrated real-world results or an operational forecast."
goseong_mobilization,cached_graphml:data/cache/goseong_nodelink_road.graphml;road_class_overrides:data/parameters/road_class_overrides.csv,transfer_stress_moderate,no_disruption,no_disruption,none,none,multimodal,30,1.0,0.0,344.18,344.18,383.25,296.4,679.65,4576.48,0.0365,230.59,284.87,312.74,330.87,"Engineering-only pilot output for quasi-real decision-support method review (non-publication, non-acceptance, non-operational); not publication evidence, not final-study evidence, not formal acceptance evidence, not calibrated real-world results, and not an operational route plan or forecast. Base profile scope: Pilot full scenario-policy-seed output for quasi-real decision-support evaluation; not calibrated real-world results or an operational forecast."
goseong_mobilization,cached_graphml:data/cache/goseong_nodelink_road.graphml;road_class_overrides:data/parameters/road_class_overrides.csv,transfer_stress_severe,goseong_access_origin_to_destination,access_road,capacity_reduction,capacity_reduction,multimodal,30,1.0,0.0,361.16,361.16,381.85,342.0,723.85,4626.3,0.0343,249.64,308.57,344.36,351.22,"Engineering-only pilot output for quasi-real decision-support method review (non-publication, non-acceptance, non-operational); not publication evidence, not final-study evidence, not formal acceptance evidence, not calibrated real-world results, and not an operational route plan or forecast. Base profile scope: Pilot full scenario-policy-seed output for quasi-real decision-support evaluation; not calibrated real-world results or an operational forecast."
goseong_mobilization,cached_graphml:data/cache/goseong_nodelink_road.graphml;road_class_overrides:data/parameters/road_class_overrides.csv,transfer_stress_severe,goseong_access_origin_to_station,access_road,capacity_reduction,capacity_reduction,multimodal,30,1.0,0.0,360.86,360.86,388.12,334.4,722.52,4599.01,0.0342,249.59,305.72,339.22,351.47,"Engineering-only pilot output for quasi-real decision-support method review (non-publication, non-acceptance, non-operational); not publication evidence, not final-study evidence, not formal acceptance evidence, not calibrated real-world results, and not an operational route plan or forecast. Base profile scope: Pilot full scenario-policy-seed output for quasi-real decision-support evaluation; not calibrated real-world results or an operational forecast."
goseong_mobilization,cached_graphml:data/cache/goseong_nodelink_road.graphml;road_class_overrides:data/parameters/road_class_overrides.csv,transfer_stress_severe,goseong_access_road_damage_extreme,access_road,capacity_reduction,capacity_reduction,multimodal,30,0.65,8.27,2960.0,421.28,1135.99,516.8,1652.79,6994.17,0.0099,351.59,397.56,416.48,418.13,"Engineering-only pilot output for quasi-real decision-support method review (non-publication, non-acceptance, non-operational); not publication evidence, not final-study evidence, not formal acceptance evidence, not calibrated real-world results, and not an operational route plan or forecast. Base profile scope: Pilot full scenario-policy-seed output for quasi-real decision-support evaluation; not calibrated real-world results or an operational forecast."
goseong_mobilization,cached_graphml:data/cache/goseong_nodelink_road.graphml;road_class_overrides:data/parameters/road_class_overrides.csv,transfer_stress_severe,goseong_access_road_damage_mild,access_road,capacity_reduction,capacity_reduction,multimodal,30,1.0,0.0,371.47,371.47,452.37,349.6,801.97,4757.16,0.0311,251.59,309.28,344.58,358.77,"Engineering-only pilot output for quasi-real decision-support method review (non-publication, non-acceptance, non-operational); not publication evidence, not final-study evidence, not formal acceptance evidence, not calibrated real-world results, and not an operational route plan or forecast. Base profile scope: Pilot full scenario-policy-seed output for quasi-real decision-support evaluation; not calibrated real-world results or an operational forecast."
goseong_mobilization,cached_graphml:data/cache/goseong_nodelink_road.graphml;road_class_overrides:data/parameters/road_class_overrides.csv,transfer_stress_severe,goseong_access_road_damage_severe,access_road,capacity_reduction,capacity_reduction,multimodal,30,1.0,0.03,428.89,417.58,632.35,391.4,1023.75,5300.95,0.0245,280.59,345.63,380.1,408.4,"Engineering-only pilot output for quasi-real decision-support method review (non-publication, non-acceptance, non-operational); not publication evidence, not final-study evidence, not formal acceptance evidence, not calibrated real-world results, and not an operational route plan or forecast. Base profile scope: Pilot full scenario-policy-seed output for quasi-real decision-support evaluation; not calibrated real-world results or an operational forecast."
goseong_mobilization,cached_graphml:data/cache/goseong_nodelink_road.graphml;road_class_overrides:data/parameters/road_class_overrides.csv,transfer_stress_severe,goseong_combo_access_rail_capacity,access_road,capacity_reduction,capacity_reduction,multimodal,30,1.0,0.0,361.16,361.16,381.85,342.0,723.85,4626.3,0.0343,249.64,308.57,344.36,351.22,"Engineering-only pilot output for quasi-real decision-support method review (non-publication, non-acceptance, non-operational); not publication evidence, not final-study evidence, not formal acceptance evidence, not calibrated real-world results, and not an operational route plan or forecast. Base profile scope: Pilot full scenario-policy-seed output for quasi-real decision-support evaluation; not calibrated real-world results or an operational forecast."
goseong_mobilization,cached_graphml:data/cache/goseong_nodelink_road.graphml;road_class_overrides:data/parameters/road_class_overrides.csv,transfer_stress_severe,goseong_critical_link_blockage,critical_link,blocked,blocked,multimodal,30,1.0,0.0,356.4,356.4,372.98,342.0,714.98,4576.48,0.0347,247.59,304.96,340.22,346.8,"Engineering-only pilot output for quasi-real decision-support method review (non-publication, non-acceptance, non-operational); not publication evidence, not final-study evidence, not formal acceptance evidence, not calibrated real-world results, and not an operational route plan or forecast. Base profile scope: Pilot full scenario-policy-seed output for quasi-real decision-support evaluation; not calibrated real-world results or an operational forecast."
goseong_mobilization,cached_graphml:data/cache/goseong_nodelink_road.graphml;road_class_overrides:data/parameters/road_class_overrides.csv,transfer_stress_severe,goseong_last_mile_damage_extreme,last_mile,capacity_reduction,capacity_reduction,multimodal,30,0.0,24.0,7680.0,inf,1095.67,342.0,1437.67,8288.49,0.0,inf,inf,inf,inf,"Engineering-only pilot output for quasi-real decision-support method review (non-publication, non-acceptance, non-operational); not publication evidence, not final-study evidence, not formal acceptance evidence, not calibrated real-world results, and not an operational route plan or forecast. Base profile scope: Pilot full scenario-policy-seed output for quasi-real decision-support evaluation; not calibrated real-world results or an operational forecast."
goseong_mobilization,cached_graphml:data/cache/goseong_nodelink_road.graphml;road_class_overrides:data/parameters/road_class_overrides.csv,transfer_stress_severe,goseong_last_mile_damage_mild,last_mile,capacity_reduction,capacity_reduction,multimodal,30,1.0,0.1,454.91,424.23,504.38,342.0,846.38,5315.59,0.0292,278.39,357.85,401.41,412.26,"Engineering-only pilot output for quasi-real decision-support method review (non-publication, non-acceptance, non-operational); not publication evidence, not final-study evidence, not formal acceptance evidence, not calibrated real-world results, and not an operational route plan or forecast. Base profile scope: Pilot full scenario-policy-seed output for quasi-real decision-support evaluation; not calibrated real-world results or an operational forecast."
goseong_mobilization,cached_graphml:data/cache/goseong_nodelink_road.graphml;road_class_overrides:data/parameters/road_class_overrides.csv,transfer_stress_severe,goseong_last_mile_damage_severe,last_mile,capacity_reduction,capacity_reduction,multimodal,30,0.44,13.47,4520.0,396.61,824.66,342.0,1166.66,7415.91,0.0094,370.78,394.11,396.61,396.61,"Engineering-only pilot output for quasi-real decision-support method review (non-publication, non-acceptance, non-operational); not publication evidence, not final-study evidence, not formal acceptance evidence, not calibrated real-world results, and not an operational route plan or forecast. Base profile scope: Pilot full scenario-policy-seed output for quasi-real decision-support evaluation; not calibrated real-world results or an operational forecast."
goseong_mobilization,cached_graphml:data/cache/goseong_nodelink_road.graphml;road_class_overrides:data/parameters/road_class_overrides.csv,transfer_stress_severe,goseong_last_mile_station_to_destination,last_mile,capacity_reduction,capacity_reduction,multimodal,30,1.0,0.0,365.03,365.03,388.97,342.0,730.97,4666.5,0.0339,251.3,311.5,347.73,354.81,"Engineering-only pilot output for quasi-real decision-support method review (non-publication, non-acceptance, non-operational); not publication evidence, not final-study evidence, not formal acceptance evidence, not calibrated real-world results, and not an operational route plan or forecast. Base profile scope: Pilot full scenario-policy-seed output for quasi-real decision-support evaluation; not calibrated real-world results or an operational forecast."
goseong_mobilization,cached_graphml:data/cache/goseong_nodelink_road.graphml;road_class_overrides:data/parameters/road_class_overrides.csv,transfer_stress_severe,goseong_long_haul_damage_severe,access_road,capacity_reduction,capacity_reduction,multimodal,30,1.0,0.0,356.4,356.4,372.98,342.0,714.98,4576.48,0.0347,247.59,304.96,340.22,346.8,"Engineering-only pilot output for quasi-real decision-support method review (non-publication, non-acceptance, non-operational); not publication evidence, not final-study evidence, not formal acceptance evidence, not calibrated real-world results, and not an operational route plan or forecast. Base profile scope: Pilot full scenario-policy-seed output for quasi-real decision-support evaluation; not calibrated real-world results or an operational forecast."
goseong_mobilization,cached_graphml:data/cache/goseong_nodelink_road.graphml;road_class_overrides:data/parameters/road_class_overrides.csv,transfer_stress_severe,goseong_rail_capacity_reduction,rail_service,none,none,multimodal,30,1.0,0.0,356.4,356.4,372.98,342.0,714.98,4576.48,0.0347,247.59,304.96,340.22,346.8,"Engineering-only pilot output for quasi-real decision-support method review (non-publication, non-acceptance, non-operational); not publication evidence, not final-study evidence, not formal acceptance evidence, not calibrated real-world results, and not an operational route plan or forecast. Base profile scope: Pilot full scenario-policy-seed output for quasi-real decision-support evaluation; not calibrated real-world results or an operational forecast."
goseong_mobilization,cached_graphml:data/cache/goseong_nodelink_road.graphml;road_class_overrides:data/parameters/road_class_overrides.csv,transfer_stress_severe,goseong_rail_combined_stress,rail_service,none,none,multimodal,30,1.0,0.0,407.48,407.48,348.34,421.8,770.14,5944.48,0.0322,311.59,357.17,397.09,401.17,"Engineering-only pilot output for quasi-real decision-support method review (non-publication, non-acceptance, non-operational); not publication evidence, not final-study evidence, not formal acceptance evidence, not calibrated real-world results, and not an operational route plan or forecast. Base profile scope: Pilot full scenario-policy-seed output for quasi-real decision-support evaluation; not calibrated real-world results or an operational forecast."
goseong_mobilization,cached_graphml:data/cache/goseong_nodelink_road.graphml;road_class_overrides:data/parameters/road_class_overrides.csv,transfer_stress_severe,goseong_rail_combined_stress_mild,rail_service,none,none,multimodal,30,1.0,0.0,374.54,374.54,370.93,369.36,740.29,5123.68,0.0334,268.59,325.26,358.1,367.68,"Engineering-only pilot output for quasi-real decision-support method review (non-publication, non-acceptance, non-operational); not publication evidence, not final-study evidence, not formal acceptance evidence, not calibrated real-world results, and not an operational route plan or forecast. Base profile scope: Pilot full scenario-policy-seed output for quasi-real decision-support evaluation; not calibrated real-world results or an operational forecast."
goseong_mobilization,cached_graphml:data/cache/goseong_nodelink_road.graphml;road_class_overrides:data/parameters/road_class_overrides.csv,transfer_stress_severe,goseong_rail_combined_stress_severe,rail_service,none,none,multimodal,30,0.76,5.77,2210.0,420.27,356.56,456.0,812.56,7312.47,0.0235,363.59,412.09,420.27,420.27,"Engineering-only pilot output for quasi-real decision-support method review (non-publication, non-acceptance, non-operational); not publication evidence, not final-study evidence, not formal acceptance evidence, not calibrated real-world results, and not an operational route plan or forecast. Base profile scope: Pilot full scenario-policy-seed output for quasi-real decision-support evaluation; not calibrated real-world results or an operational forecast."
goseong_mobilization,cached_graphml:data/cache/goseong_nodelink_road.graphml;road_class_overrides:data/parameters/road_class_overrides.csv,transfer_stress_severe,goseong_rail_delay,rail_service,none,none,multimodal,30,1.0,0.0,411.4,411.4,372.98,513.0,885.98,5944.48,0.028,302.59,359.96,395.22,401.8,"Engineering-only pilot output for quasi-real decision-support method review (non-publication, non-acceptance, non-operational); not publication evidence, not final-study evidence, not formal acceptance evidence, not calibrated real-world results, and not an operational route plan or forecast. Base profile scope: Pilot full scenario-policy-seed output for quasi-real decision-support evaluation; not calibrated real-world results or an operational forecast."
goseong_mobilization,cached_graphml:data/cache/goseong_nodelink_road.graphml;road_class_overrides:data/parameters/road_class_overrides.csv,transfer_stress_severe,goseong_rail_delay_mild,rail_service,none,none,multimodal,30,1.0,0.0,376.4,376.4,372.98,410.4,783.38,5123.68,0.0317,267.59,324.96,360.22,366.8,"Engineering-only pilot output for quasi-real decision-support method review (non-publication, non-acceptance, non-operational); not publication evidence, not final-study evidence, not formal acceptance evidence, not calibrated real-world results, and not an operational route plan or forecast. Base profile scope: Pilot full scenario-policy-seed output for quasi-real decision-support evaluation; not calibrated real-world results or an operational forecast."
goseong_mobilization,cached_graphml:data/cache/goseong_nodelink_road.graphml;road_class_overrides:data/parameters/road_class_overrides.csv,transfer_stress_severe,goseong_rail_delay_severe,rail_service,none,none,multimodal,30,0.97,0.63,650.17,451.52,372.98,684.0,1056.98,7312.48,0.0231,357.59,411.32,449.42,451.52,"Engineering-only pilot output for quasi-real decision-support method review (non-publication, non-acceptance, non-operational); not publication evidence, not final-study evidence, not formal acceptance evidence, not calibrated real-world results, and not an operational route plan or forecast. Base profile scope: Pilot full scenario-policy-seed output for quasi-real decision-support evaluation; not calibrated real-world results or an operational forecast."
goseong_mobilization,cached_graphml:data/cache/goseong_nodelink_road.graphml;road_class_overrides:data/parameters/road_class_overrides.csv,transfer_stress_severe,goseong_rail_station_access,rail_station_access,capacity_reduction,capacity_reduction,multimodal,30,1.0,0.0,356.4,356.4,373.79,342.0,715.79,4579.11,0.0346,247.59,304.96,340.22,346.8,"Engineering-only pilot output for quasi-real decision-support method review (non-publication, non-acceptance, non-operational); not publication evidence, not final-study evidence, not formal acceptance evidence, not calibrated real-world results, and not an operational route plan or forecast. Base profile scope: Pilot full scenario-policy-seed output for quasi-real decision-support evaluation; not calibrated real-world results or an operational forecast."
goseong_mobilization,cached_graphml:data/cache/goseong_nodelink_road.graphml;road_class_overrides:data/parameters/road_class_overrides.csv,transfer_stress_severe,goseong_rail_unavailable,rail_service,none,none,multimodal,30,0.0,24.0,7680.0,inf,110.18,34200.0,34310.18,273962.24,0.0,inf,inf,inf,inf,"Engineering-only pilot output for quasi-real decision-support method review (non-publication, non-acceptance, non-operational); not publication evidence, not final-study evidence, not formal acceptance evidence, not calibrated real-world results, and not an operational route plan or forecast. Base profile scope: Pilot full scenario-policy-seed output for quasi-real decision-support evaluation; not calibrated real-world results or an operational forecast."
goseong_mobilization,cached_graphml:data/cache/goseong_nodelink_road.graphml;road_class_overrides:data/parameters/road_class_overrides.csv,transfer_stress_severe,goseong_random_blockage,random,blocked,blocked,multimodal,30,0.0,24.0,7680.0,inf,110.18,342.0,452.18,3098.24,0.0,inf,inf,inf,inf,"Engineering-only pilot output for quasi-real decision-support method review (non-publication, non-acceptance, non-operational); not publication evidence, not final-study evidence, not formal acceptance evidence, not calibrated real-world results, and not an operational route plan or forecast. Base profile scope: Pilot full scenario-policy-seed output for quasi-real decision-support evaluation; not calibrated real-world results or an operational forecast."
goseong_mobilization,cached_graphml:data/cache/goseong_nodelink_road.graphml;road_class_overrides:data/parameters/road_class_overrides.csv,transfer_stress_severe,goseong_random_capacity_reduction,random,capacity_reduction,capacity_reduction,multimodal,30,1.0,0.0,356.4,356.4,372.98,342.0,714.98,4576.48,0.0347,247.59,304.96,340.22,346.8,"Engineering-only pilot output for quasi-real decision-support method review (non-publication, non-acceptance, non-operational); not publication evidence, not final-study evidence, not formal acceptance evidence, not calibrated real-world results, and not an operational route plan or forecast. Base profile scope: Pilot full scenario-policy-seed output for quasi-real decision-support evaluation; not calibrated real-world results or an operational forecast."
goseong_mobilization,cached_graphml:data/cache/goseong_nodelink_road.graphml;road_class_overrides:data/parameters/road_class_overrides.csv,transfer_stress_severe,goseong_spatial_assembly_egress,spatial_hazard_overlay,capacity_reduction,capacity_reduction,multimodal,30,1.0,0.0,356.4,356.4,373.03,342.0,715.03,4576.63,0.0347,247.59,304.96,340.22,346.8,"Engineering-only pilot output for quasi-real decision-support method review (non-publication, non-acceptance, non-operational); not publication evidence, not final-study evidence, not formal acceptance evidence, not calibrated real-world results, and not an operational route plan or forecast. Base profile scope: Pilot full scenario-policy-seed output for quasi-real decision-support evaluation; not calibrated real-world results or an operational forecast."
goseong_mobilization,cached_graphml:data/cache/goseong_nodelink_road.graphml;road_class_overrides:data/parameters/road_class_overrides.csv,transfer_stress_severe,no_disruption,no_disruption,none,none,multimodal,30,1.0,0.0,356.4,356.4,372.98,342.0,714.98,4576.48,0.0347,247.59,304.96,340.22,346.8,"Engineering-only pilot output for quasi-real decision-support method review (non-publication, non-acceptance, non-operational); not publication evidence, not final-study evidence, not formal acceptance evidence, not calibrated real-world results, and not an operational route plan or forecast. Base profile scope: Pilot full scenario-policy-seed output for quasi-real decision-support evaluation; not calibrated real-world results or an operational forecast."
