region_id,scenario_id,scenario_family,scenario_type,policy_id,mode,bottleneck_class,completion_loss,censored_increase,penalized_makespan_increase_min,p95_arrival_increase_min,performance_loss_score,evidence_label,claim_scope
songpa_public_demo,songpa_critical_link_blockage,critical_link,blocked,baseline_multimodal,multimodal,critical road link,0.0,0.0,0.0,0.0,0.0,scaffold-only,"Engineering-only pilot output for quasi-real decision-support method review (non-publication, non-acceptance, non-operational); not publication evidence, not final-study evidence, not formal acceptance evidence, not calibrated real-world results, and not an operational route plan or forecast. Base profile scope: Pilot full scenario-policy-seed output for quasi-real decision-support evaluation; not calibrated real-world results or an operational forecast."
songpa_public_demo,songpa_critical_link_blockage,critical_link,blocked,bus_only,bus_only,critical road link,0.0,0.0,0.0,0.0,0.0,scaffold-only,"Engineering-only pilot output for quasi-real decision-support method review (non-publication, non-acceptance, non-operational); not publication evidence, not final-study evidence, not formal acceptance evidence, not calibrated real-world results, and not an operational route plan or forecast. Base profile scope: Pilot full scenario-policy-seed output for quasi-real decision-support evaluation; not calibrated real-world results or an operational forecast."
songpa_public_demo,songpa_critical_link_blockage,critical_link,blocked,fleet_shortage_severe,multimodal,critical road link,0.0,0.0,0.0,0.0,0.0,scaffold-only,"Engineering-only pilot output for quasi-real decision-support method review (non-publication, non-acceptance, non-operational); not publication evidence, not final-study evidence, not formal acceptance evidence, not calibrated real-world results, and not an operational route plan or forecast. Base profile scope: Pilot full scenario-policy-seed output for quasi-real decision-support evaluation; not calibrated real-world results or an operational forecast."
songpa_public_demo,songpa_critical_link_blockage,critical_link,blocked,fleet_shortage_stress,multimodal,critical road link,0.0,0.0,0.0,0.0,0.0,scaffold-only,"Engineering-only pilot output for quasi-real decision-support method review (non-publication, non-acceptance, non-operational); not publication evidence, not final-study evidence, not formal acceptance evidence, not calibrated real-world results, and not an operational route plan or forecast. Base profile scope: Pilot full scenario-policy-seed output for quasi-real decision-support evaluation; not calibrated real-world results or an operational forecast."
songpa_public_demo,songpa_critical_link_blockage,critical_link,blocked,heavy_congestion_bus,bus_only,critical road link,0.0,0.0,0.0,0.0,0.0,scaffold-only,"Engineering-only pilot output for quasi-real decision-support method review (non-publication, non-acceptance, non-operational); not publication evidence, not final-study evidence, not formal acceptance evidence, not calibrated real-world results, and not an operational route plan or forecast. Base profile scope: Pilot full scenario-policy-seed output for quasi-real decision-support evaluation; not calibrated real-world results or an operational forecast."
songpa_public_demo,songpa_critical_link_blockage,critical_link,blocked,heavy_congestion_multimodal,multimodal,critical road link,0.0,0.0,0.0,0.0,0.0,scaffold-only,"Engineering-only pilot output for quasi-real decision-support method review (non-publication, non-acceptance, non-operational); not publication evidence, not final-study evidence, not formal acceptance evidence, not calibrated real-world results, and not an operational route plan or forecast. Base profile scope: Pilot full scenario-policy-seed output for quasi-real decision-support evaluation; not calibrated real-world results or an operational forecast."
songpa_public_demo,songpa_critical_link_blockage,critical_link,blocked,lastmile_capacity_mild,multimodal,critical road link,0.0,0.0,0.0,0.0,0.0,scaffold-only,"Engineering-only pilot output for quasi-real decision-support method review (non-publication, non-acceptance, non-operational); not publication evidence, not final-study evidence, not formal acceptance evidence, not calibrated real-world results, and not an operational route plan or forecast. Base profile scope: Pilot full scenario-policy-seed output for quasi-real decision-support evaluation; not calibrated real-world results or an operational forecast."
songpa_public_demo,songpa_critical_link_blockage,critical_link,blocked,lastmile_capacity_moderate,multimodal,critical road link,0.0,0.0,0.0,0.0,0.0,scaffold-only,"Engineering-only pilot output for quasi-real decision-support method review (non-publication, non-acceptance, non-operational); not publication evidence, not final-study evidence, not formal acceptance evidence, not calibrated real-world results, and not an operational route plan or forecast. Base profile scope: Pilot full scenario-policy-seed output for quasi-real decision-support evaluation; not calibrated real-world results or an operational forecast."
songpa_public_demo,songpa_critical_link_blockage,critical_link,blocked,lastmile_capacity_severe,multimodal,critical road link,0.0,0.0,0.0,0.0,0.0,scaffold-only,"Engineering-only pilot output for quasi-real decision-support method review (non-publication, non-acceptance, non-operational); not publication evidence, not final-study evidence, not formal acceptance evidence, not calibrated real-world results, and not an operational route plan or forecast. Base profile scope: Pilot full scenario-policy-seed output for quasi-real decision-support evaluation; not calibrated real-world results or an operational forecast."
songpa_public_demo,songpa_critical_link_blockage,critical_link,blocked,moderate_congestion_bus,bus_only,critical road link,0.0,0.0,0.0,0.0,0.0,scaffold-only,"Engineering-only pilot output for quasi-real decision-support method review (non-publication, non-acceptance, non-operational); not publication evidence, not final-study evidence, not formal acceptance evidence, not calibrated real-world results, and not an operational route plan or forecast. Base profile scope: Pilot full scenario-policy-seed output for quasi-real decision-support evaluation; not calibrated real-world results or an operational forecast."
songpa_public_demo,songpa_critical_link_blockage,critical_link,blocked,moderate_congestion_multimodal,multimodal,critical road link,0.0,0.0,0.0,0.0,0.0,scaffold-only,"Engineering-only pilot output for quasi-real decision-support method review (non-publication, non-acceptance, non-operational); not publication evidence, not final-study evidence, not formal acceptance evidence, not calibrated real-world results, and not an operational route plan or forecast. Base profile scope: Pilot full scenario-policy-seed output for quasi-real decision-support evaluation; not calibrated real-world results or an operational forecast."
songpa_public_demo,songpa_critical_link_blockage,critical_link,blocked,multimodal_increased_feeder_capacity,multimodal,critical road link,0.0,0.0,0.0,0.0,0.0,scaffold-only,"Engineering-only pilot output for quasi-real decision-support method review (non-publication, non-acceptance, non-operational); not publication evidence, not final-study evidence, not formal acceptance evidence, not calibrated real-world results, and not an operational route plan or forecast. Base profile scope: Pilot full scenario-policy-seed output for quasi-real decision-support evaluation; not calibrated real-world results or an operational forecast."
songpa_public_demo,songpa_critical_link_blockage,critical_link,blocked,multimodal_lastmile_redundancy,multimodal,critical road link,0.0,0.0,0.0,0.0,0.0,scaffold-only,"Engineering-only pilot output for quasi-real decision-support method review (non-publication, non-acceptance, non-operational); not publication evidence, not final-study evidence, not formal acceptance evidence, not calibrated real-world results, and not an operational route plan or forecast. Base profile scope: Pilot full scenario-policy-seed output for quasi-real decision-support evaluation; not calibrated real-world results or an operational forecast."
songpa_public_demo,songpa_critical_link_blockage,critical_link,blocked,peak_congestion_bus,bus_only,critical road link,0.0,0.0,0.0,0.0,0.0,scaffold-only,"Engineering-only pilot output for quasi-real decision-support method review (non-publication, non-acceptance, non-operational); not publication evidence, not final-study evidence, not formal acceptance evidence, not calibrated real-world results, and not an operational route plan or forecast. Base profile scope: Pilot full scenario-policy-seed output for quasi-real decision-support evaluation; not calibrated real-world results or an operational forecast."
songpa_public_demo,songpa_critical_link_blockage,critical_link,blocked,peak_congestion_multimodal,multimodal,critical road link,0.0,0.0,0.0,0.0,0.0,scaffold-only,"Engineering-only pilot output for quasi-real decision-support method review (non-publication, non-acceptance, non-operational); not publication evidence, not final-study evidence, not formal acceptance evidence, not calibrated real-world results, and not an operational route plan or forecast. Base profile scope: Pilot full scenario-policy-seed output for quasi-real decision-support evaluation; not calibrated real-world results or an operational forecast."
songpa_public_demo,songpa_critical_link_blockage,critical_link,blocked,rail_delay_or_partial_unavailability,multimodal,critical road link,0.0,0.0,0.0,0.0,0.0,scaffold-only,"Engineering-only pilot output for quasi-real decision-support method review (non-publication, non-acceptance, non-operational); not publication evidence, not final-study evidence, not formal acceptance evidence, not calibrated real-world results, and not an operational route plan or forecast. Base profile scope: Pilot full scenario-policy-seed output for quasi-real decision-support evaluation; not calibrated real-world results or an operational forecast."
songpa_public_demo,songpa_critical_link_blockage,critical_link,blocked,severe_congestion_bus,bus_only,critical road link,0.0,0.0,0.0,0.0,0.0,scaffold-only,"Engineering-only pilot output for quasi-real decision-support method review (non-publication, non-acceptance, non-operational); not publication evidence, not final-study evidence, not formal acceptance evidence, not calibrated real-world results, and not an operational route plan or forecast. Base profile scope: Pilot full scenario-policy-seed output for quasi-real decision-support evaluation; not calibrated real-world results or an operational forecast."
songpa_public_demo,songpa_critical_link_blockage,critical_link,blocked,severe_congestion_multimodal,multimodal,critical road link,0.0,0.0,0.0,0.0,0.0,scaffold-only,"Engineering-only pilot output for quasi-real decision-support method review (non-publication, non-acceptance, non-operational); not publication evidence, not final-study evidence, not formal acceptance evidence, not calibrated real-world results, and not an operational route plan or forecast. Base profile scope: Pilot full scenario-policy-seed output for quasi-real decision-support evaluation; not calibrated real-world results or an operational forecast."
songpa_public_demo,songpa_critical_link_blockage,critical_link,blocked,staggered_or_adaptive_dispatch,multimodal,critical road link,0.0,0.0,0.0,0.0,0.0,scaffold-only,"Engineering-only pilot output for quasi-real decision-support method review (non-publication, non-acceptance, non-operational); not publication evidence, not final-study evidence, not formal acceptance evidence, not calibrated real-world results, and not an operational route plan or forecast. Base profile scope: Pilot full scenario-policy-seed output for quasi-real decision-support evaluation; not calibrated real-world results or an operational forecast."
songpa_public_demo,songpa_critical_link_blockage,critical_link,blocked,transfer_stress_extreme,multimodal,critical road link,0.0,0.0,0.0,0.0,0.0,scaffold-only,"Engineering-only pilot output for quasi-real decision-support method review (non-publication, non-acceptance, non-operational); not publication evidence, not final-study evidence, not formal acceptance evidence, not calibrated real-world results, and not an operational route plan or forecast. Base profile scope: Pilot full scenario-policy-seed output for quasi-real decision-support evaluation; not calibrated real-world results or an operational forecast."
songpa_public_demo,songpa_critical_link_blockage,critical_link,blocked,transfer_stress_mild,multimodal,critical road link,0.0,0.0,0.0,0.0,0.0,scaffold-only,"Engineering-only pilot output for quasi-real decision-support method review (non-publication, non-acceptance, non-operational); not publication evidence, not final-study evidence, not formal acceptance evidence, not calibrated real-world results, and not an operational route plan or forecast. Base profile scope: Pilot full scenario-policy-seed output for quasi-real decision-support evaluation; not calibrated real-world results or an operational forecast."
songpa_public_demo,songpa_critical_link_blockage,critical_link,blocked,transfer_stress_moderate,multimodal,critical road link,0.0,0.0,0.0,0.0,0.0,scaffold-only,"Engineering-only pilot output for quasi-real decision-support method review (non-publication, non-acceptance, non-operational); not publication evidence, not final-study evidence, not formal acceptance evidence, not calibrated real-world results, and not an operational route plan or forecast. Base profile scope: Pilot full scenario-policy-seed output for quasi-real decision-support evaluation; not calibrated real-world results or an operational forecast."
songpa_public_demo,songpa_critical_link_blockage,critical_link,blocked,transfer_stress_severe,multimodal,critical road link,0.0,0.0,0.0,0.0,0.0,scaffold-only,"Engineering-only pilot output for quasi-real decision-support method review (non-publication, non-acceptance, non-operational); not publication evidence, not final-study evidence, not formal acceptance evidence, not calibrated real-world results, and not an operational route plan or forecast. Base profile scope: Pilot full scenario-policy-seed output for quasi-real decision-support evaluation; not calibrated real-world results or an operational forecast."
songpa_public_demo,songpa_access_origin_to_destination,access_road,capacity_reduction,baseline_multimodal,multimodal,direct road access,0.0,0.0,0.65,0.65,1.3,scaffold-only,"Engineering-only pilot output for quasi-real decision-support method review (non-publication, non-acceptance, non-operational); not publication evidence, not final-study evidence, not formal acceptance evidence, not calibrated real-world results, and not an operational route plan or forecast. Base profile scope: Pilot full scenario-policy-seed output for quasi-real decision-support evaluation; not calibrated real-world results or an operational forecast."
songpa_public_demo,songpa_access_origin_to_destination,access_road,capacity_reduction,bus_only,bus_only,direct road access,0.0,0.0,1.84,1.84,3.68,scaffold-only,"Engineering-only pilot output for quasi-real decision-support method review (non-publication, non-acceptance, non-operational); not publication evidence, not final-study evidence, not formal acceptance evidence, not calibrated real-world results, and not an operational route plan or forecast. Base profile scope: Pilot full scenario-policy-seed output for quasi-real decision-support evaluation; not calibrated real-world results or an operational forecast."
songpa_public_demo,songpa_access_origin_to_destination,access_road,capacity_reduction,fleet_shortage_severe,multimodal,direct road access,0.0,0.0,1.74,1.74,3.48,scaffold-only,"Engineering-only pilot output for quasi-real decision-support method review (non-publication, non-acceptance, non-operational); not publication evidence, not final-study evidence, not formal acceptance evidence, not calibrated real-world results, and not an operational route plan or forecast. Base profile scope: Pilot full scenario-policy-seed output for quasi-real decision-support evaluation; not calibrated real-world results or an operational forecast."
songpa_public_demo,songpa_access_origin_to_destination,access_road,capacity_reduction,fleet_shortage_stress,multimodal,direct road access,0.0,0.0,0.65,0.65,1.3,scaffold-only,"Engineering-only pilot output for quasi-real decision-support method review (non-publication, non-acceptance, non-operational); not publication evidence, not final-study evidence, not formal acceptance evidence, not calibrated real-world results, and not an operational route plan or forecast. Base profile scope: Pilot full scenario-policy-seed output for quasi-real decision-support evaluation; not calibrated real-world results or an operational forecast."
songpa_public_demo,songpa_access_origin_to_destination,access_road,capacity_reduction,heavy_congestion_bus,bus_only,direct road access,1.0,24.0,7368.2,inf,inf,scaffold-only,"Engineering-only pilot output for quasi-real decision-support method review (non-publication, non-acceptance, non-operational); not publication evidence, not final-study evidence, not formal acceptance evidence, not calibrated real-world results, and not an operational route plan or forecast. Base profile scope: Pilot full scenario-policy-seed output for quasi-real decision-support evaluation; not calibrated real-world results or an operational forecast."
songpa_public_demo,songpa_access_origin_to_destination,access_road,capacity_reduction,heavy_congestion_multimodal,multimodal,direct road access,0.9,21.6,6623.55,inf,inf,scaffold-only,"Engineering-only pilot output for quasi-real decision-support method review (non-publication, non-acceptance, non-operational); not publication evidence, not final-study evidence, not formal acceptance evidence, not calibrated real-world results, and not an operational route plan or forecast. Base profile scope: Pilot full scenario-policy-seed output for quasi-real decision-support evaluation; not calibrated real-world results or an operational forecast."
songpa_public_demo,songpa_access_origin_to_destination,access_road,capacity_reduction,lastmile_capacity_mild,multimodal,direct road access,0.0,0.0,0.59,0.59,1.18,scaffold-only,"Engineering-only pilot output for quasi-real decision-support method review (non-publication, non-acceptance, non-operational); not publication evidence, not final-study evidence, not formal acceptance evidence, not calibrated real-world results, and not an operational route plan or forecast. Base profile scope: Pilot full scenario-policy-seed output for quasi-real decision-support evaluation; not calibrated real-world results or an operational forecast."
songpa_public_demo,songpa_access_origin_to_destination,access_road,capacity_reduction,lastmile_capacity_moderate,multimodal,direct road access,0.0,0.0,0.59,0.59,1.18,scaffold-only,"Engineering-only pilot output for quasi-real decision-support method review (non-publication, non-acceptance, non-operational); not publication evidence, not final-study evidence, not formal acceptance evidence, not calibrated real-world results, and not an operational route plan or forecast. Base profile scope: Pilot full scenario-policy-seed output for quasi-real decision-support evaluation; not calibrated real-world results or an operational forecast."
songpa_public_demo,songpa_access_origin_to_destination,access_road,capacity_reduction,lastmile_capacity_severe,multimodal,direct road access,0.0,0.0,0.65,0.59,1.24,scaffold-only,"Engineering-only pilot output for quasi-real decision-support method review (non-publication, non-acceptance, non-operational); not publication evidence, not final-study evidence, not formal acceptance evidence, not calibrated real-world results, and not an operational route plan or forecast. Base profile scope: Pilot full scenario-policy-seed output for quasi-real decision-support evaluation; not calibrated real-world results or an operational forecast."
songpa_public_demo,songpa_access_origin_to_destination,access_road,capacity_reduction,moderate_congestion_bus,bus_only,direct road access,0.0,0.0,28.16,28.16,56.32,scaffold-only,"Engineering-only pilot output for quasi-real decision-support method review (non-publication, non-acceptance, non-operational); not publication evidence, not final-study evidence, not formal acceptance evidence, not calibrated real-world results, and not an operational route plan or forecast. Base profile scope: Pilot full scenario-policy-seed output for quasi-real decision-support evaluation; not calibrated real-world results or an operational forecast."
songpa_public_demo,songpa_access_origin_to_destination,access_road,capacity_reduction,moderate_congestion_multimodal,multimodal,direct road access,0.0,0.0,15.18,15.18,30.36,scaffold-only,"Engineering-only pilot output for quasi-real decision-support method review (non-publication, non-acceptance, non-operational); not publication evidence, not final-study evidence, not formal acceptance evidence, not calibrated real-world results, and not an operational route plan or forecast. Base profile scope: Pilot full scenario-policy-seed output for quasi-real decision-support evaluation; not calibrated real-world results or an operational forecast."
songpa_public_demo,songpa_access_origin_to_destination,access_road,capacity_reduction,multimodal_increased_feeder_capacity,multimodal,direct road access,0.0,0.0,0.65,0.65,1.3,scaffold-only,"Engineering-only pilot output for quasi-real decision-support method review (non-publication, non-acceptance, non-operational); not publication evidence, not final-study evidence, not formal acceptance evidence, not calibrated real-world results, and not an operational route plan or forecast. Base profile scope: Pilot full scenario-policy-seed output for quasi-real decision-support evaluation; not calibrated real-world results or an operational forecast."
songpa_public_demo,songpa_access_origin_to_destination,access_road,capacity_reduction,multimodal_lastmile_redundancy,multimodal,direct road access,0.0,0.0,0.6,0.6,1.2,scaffold-only,"Engineering-only pilot output for quasi-real decision-support method review (non-publication, non-acceptance, non-operational); not publication evidence, not final-study evidence, not formal acceptance evidence, not calibrated real-world results, and not an operational route plan or forecast. Base profile scope: Pilot full scenario-policy-seed output for quasi-real decision-support evaluation; not calibrated real-world results or an operational forecast."
songpa_public_demo,songpa_access_origin_to_destination,access_road,capacity_reduction,peak_congestion_bus,bus_only,direct road access,0.2,4.8,1440.0,0.0,1644.8,scaffold-only,"Engineering-only pilot output for quasi-real decision-support method review (non-publication, non-acceptance, non-operational); not publication evidence, not final-study evidence, not formal acceptance evidence, not calibrated real-world results, and not an operational route plan or forecast. Base profile scope: Pilot full scenario-policy-seed output for quasi-real decision-support evaluation; not calibrated real-world results or an operational forecast."
songpa_public_demo,songpa_access_origin_to_destination,access_road,capacity_reduction,peak_congestion_multimodal,multimodal,direct road access,0.67,16.0,4800.0,inf,inf,scaffold-only,"Engineering-only pilot output for quasi-real decision-support method review (non-publication, non-acceptance, non-operational); not publication evidence, not final-study evidence, not formal acceptance evidence, not calibrated real-world results, and not an operational route plan or forecast. Base profile scope: Pilot full scenario-policy-seed output for quasi-real decision-support evaluation; not calibrated real-world results or an operational forecast."
songpa_public_demo,songpa_access_origin_to_destination,access_road,capacity_reduction,rail_delay_or_partial_unavailability,multimodal,direct road access,0.0,0.0,1.14,1.14,2.28,scaffold-only,"Engineering-only pilot output for quasi-real decision-support method review (non-publication, non-acceptance, non-operational); not publication evidence, not final-study evidence, not formal acceptance evidence, not calibrated real-world results, and not an operational route plan or forecast. Base profile scope: Pilot full scenario-policy-seed output for quasi-real decision-support evaluation; not calibrated real-world results or an operational forecast."
songpa_public_demo,songpa_access_origin_to_destination,access_road,capacity_reduction,severe_congestion_bus,bus_only,direct road access,1.0,24.0,7319.59,inf,inf,scaffold-only,"Engineering-only pilot output for quasi-real decision-support method review (non-publication, non-acceptance, non-operational); not publication evidence, not final-study evidence, not formal acceptance evidence, not calibrated real-world results, and not an operational route plan or forecast. Base profile scope: Pilot full scenario-policy-seed output for quasi-real decision-support evaluation; not calibrated real-world results or an operational forecast."
songpa_public_demo,songpa_access_origin_to_destination,access_road,capacity_reduction,severe_congestion_multimodal,multimodal,direct road access,1.0,24.0,7276.95,inf,inf,scaffold-only,"Engineering-only pilot output for quasi-real decision-support method review (non-publication, non-acceptance, non-operational); not publication evidence, not final-study evidence, not formal acceptance evidence, not calibrated real-world results, and not an operational route plan or forecast. Base profile scope: Pilot full scenario-policy-seed output for quasi-real decision-support evaluation; not calibrated real-world results or an operational forecast."
songpa_public_demo,songpa_access_origin_to_destination,access_road,capacity_reduction,staggered_or_adaptive_dispatch,multimodal,direct road access,0.0,0.0,0.64,0.64,1.28,scaffold-only,"Engineering-only pilot output for quasi-real decision-support method review (non-publication, non-acceptance, non-operational); not publication evidence, not final-study evidence, not formal acceptance evidence, not calibrated real-world results, and not an operational route plan or forecast. Base profile scope: Pilot full scenario-policy-seed output for quasi-real decision-support evaluation; not calibrated real-world results or an operational forecast."
songpa_public_demo,songpa_access_origin_to_destination,access_road,capacity_reduction,transfer_stress_extreme,multimodal,direct road access,0.0,0.0,1.14,1.14,2.28,scaffold-only,"Engineering-only pilot output for quasi-real decision-support method review (non-publication, non-acceptance, non-operational); not publication evidence, not final-study evidence, not formal acceptance evidence, not calibrated real-world results, and not an operational route plan or forecast. Base profile scope: Pilot full scenario-policy-seed output for quasi-real decision-support evaluation; not calibrated real-world results or an operational forecast."
songpa_public_demo,songpa_access_origin_to_destination,access_road,capacity_reduction,transfer_stress_mild,multimodal,direct road access,0.0,0.0,0.65,0.65,1.3,scaffold-only,"Engineering-only pilot output for quasi-real decision-support method review (non-publication, non-acceptance, non-operational); not publication evidence, not final-study evidence, not formal acceptance evidence, not calibrated real-world results, and not an operational route plan or forecast. Base profile scope: Pilot full scenario-policy-seed output for quasi-real decision-support evaluation; not calibrated real-world results or an operational forecast."
songpa_public_demo,songpa_access_origin_to_destination,access_road,capacity_reduction,transfer_stress_moderate,multimodal,direct road access,0.0,0.0,0.65,0.65,1.3,scaffold-only,"Engineering-only pilot output for quasi-real decision-support method review (non-publication, non-acceptance, non-operational); not publication evidence, not final-study evidence, not formal acceptance evidence, not calibrated real-world results, and not an operational route plan or forecast. Base profile scope: Pilot full scenario-policy-seed output for quasi-real decision-support evaluation; not calibrated real-world results or an operational forecast."
songpa_public_demo,songpa_access_origin_to_destination,access_road,capacity_reduction,transfer_stress_severe,multimodal,direct road access,0.0,0.0,1.14,1.14,2.28,scaffold-only,"Engineering-only pilot output for quasi-real decision-support method review (non-publication, non-acceptance, non-operational); not publication evidence, not final-study evidence, not formal acceptance evidence, not calibrated real-world results, and not an operational route plan or forecast. Base profile scope: Pilot full scenario-policy-seed output for quasi-real decision-support evaluation; not calibrated real-world results or an operational forecast."
songpa_public_demo,songpa_last_mile_station_to_destination,last_mile,capacity_reduction,baseline_multimodal,multimodal,last-mile road,0.0,0.0,1.14,1.14,2.28,scaffold-only,"Engineering-only pilot output for quasi-real decision-support method review (non-publication, non-acceptance, non-operational); not publication evidence, not final-study evidence, not formal acceptance evidence, not calibrated real-world results, and not an operational route plan or forecast. Base profile scope: Pilot full scenario-policy-seed output for quasi-real decision-support evaluation; not calibrated real-world results or an operational forecast."
songpa_public_demo,songpa_last_mile_station_to_destination,last_mile,capacity_reduction,bus_only,bus_only,last-mile road,0.0,0.0,0.6,0.6,1.2,scaffold-only,"Engineering-only pilot output for quasi-real decision-support method review (non-publication, non-acceptance, non-operational); not publication evidence, not final-study evidence, not formal acceptance evidence, not calibrated real-world results, and not an operational route plan or forecast. Base profile scope: Pilot full scenario-policy-seed output for quasi-real decision-support evaluation; not calibrated real-world results or an operational forecast."
songpa_public_demo,songpa_last_mile_station_to_destination,last_mile,capacity_reduction,fleet_shortage_severe,multimodal,last-mile road,0.0,0.0,3.1,3.1,6.2,scaffold-only,"Engineering-only pilot output for quasi-real decision-support method review (non-publication, non-acceptance, non-operational); not publication evidence, not final-study evidence, not formal acceptance evidence, not calibrated real-world results, and not an operational route plan or forecast. Base profile scope: Pilot full scenario-policy-seed output for quasi-real decision-support evaluation; not calibrated real-world results or an operational forecast."
songpa_public_demo,songpa_last_mile_station_to_destination,last_mile,capacity_reduction,fleet_shortage_stress,multimodal,last-mile road,0.0,0.0,1.14,1.14,2.28,scaffold-only,"Engineering-only pilot output for quasi-real decision-support method review (non-publication, non-acceptance, non-operational); not publication evidence, not final-study evidence, not formal acceptance evidence, not calibrated real-world results, and not an operational route plan or forecast. Base profile scope: Pilot full scenario-policy-seed output for quasi-real decision-support evaluation; not calibrated real-world results or an operational forecast."
songpa_public_demo,songpa_last_mile_station_to_destination,last_mile,capacity_reduction,heavy_congestion_bus,bus_only,last-mile road,0.0,0.0,152.95,152.95,305.9,scaffold-only,"Engineering-only pilot output for quasi-real decision-support method review (non-publication, non-acceptance, non-operational); not publication evidence, not final-study evidence, not formal acceptance evidence, not calibrated real-world results, and not an operational route plan or forecast. Base profile scope: Pilot full scenario-policy-seed output for quasi-real decision-support evaluation; not calibrated real-world results or an operational forecast."
songpa_public_demo,songpa_last_mile_station_to_destination,last_mile,capacity_reduction,heavy_congestion_multimodal,multimodal,last-mile road,0.48,11.47,3583.55,inf,inf,scaffold-only,"Engineering-only pilot output for quasi-real decision-support method review (non-publication, non-acceptance, non-operational); not publication evidence, not final-study evidence, not formal acceptance evidence, not calibrated real-world results, and not an operational route plan or forecast. Base profile scope: Pilot full scenario-policy-seed output for quasi-real decision-support evaluation; not calibrated real-world results or an operational forecast."
songpa_public_demo,songpa_last_mile_station_to_destination,last_mile,capacity_reduction,lastmile_capacity_mild,multimodal,last-mile road,0.0,0.0,1.05,1.05,2.1,scaffold-only,"Engineering-only pilot output for quasi-real decision-support method review (non-publication, non-acceptance, non-operational); not publication evidence, not final-study evidence, not formal acceptance evidence, not calibrated real-world results, and not an operational route plan or forecast. Base profile scope: Pilot full scenario-policy-seed output for quasi-real decision-support evaluation; not calibrated real-world results or an operational forecast."
songpa_public_demo,songpa_last_mile_station_to_destination,last_mile,capacity_reduction,lastmile_capacity_moderate,multimodal,last-mile road,0.0,0.0,1.05,1.05,2.1,scaffold-only,"Engineering-only pilot output for quasi-real decision-support method review (non-publication, non-acceptance, non-operational); not publication evidence, not final-study evidence, not formal acceptance evidence, not calibrated real-world results, and not an operational route plan or forecast. Base profile scope: Pilot full scenario-policy-seed output for quasi-real decision-support evaluation; not calibrated real-world results or an operational forecast."
songpa_public_demo,songpa_last_mile_station_to_destination,last_mile,capacity_reduction,lastmile_capacity_severe,multimodal,last-mile road,0.0,0.0,1.14,1.05,2.19,scaffold-only,"Engineering-only pilot output for quasi-real decision-support method review (non-publication, non-acceptance, non-operational); not publication evidence, not final-study evidence, not formal acceptance evidence, not calibrated real-world results, and not an operational route plan or forecast. Base profile scope: Pilot full scenario-policy-seed output for quasi-real decision-support evaluation; not calibrated real-world results or an operational forecast."
songpa_public_demo,songpa_last_mile_station_to_destination,last_mile,capacity_reduction,moderate_congestion_bus,bus_only,last-mile road,0.0,0.0,9.43,9.43,18.86,scaffold-only,"Engineering-only pilot output for quasi-real decision-support method review (non-publication, non-acceptance, non-operational); not publication evidence, not final-study evidence, not formal acceptance evidence, not calibrated real-world results, and not an operational route plan or forecast. Base profile scope: Pilot full scenario-policy-seed output for quasi-real decision-support evaluation; not calibrated real-world results or an operational forecast."
songpa_public_demo,songpa_last_mile_station_to_destination,last_mile,capacity_reduction,moderate_congestion_multimodal,multimodal,last-mile road,0.0,0.0,16.71,16.71,33.42,scaffold-only,"Engineering-only pilot output for quasi-real decision-support method review (non-publication, non-acceptance, non-operational); not publication evidence, not final-study evidence, not formal acceptance evidence, not calibrated real-world results, and not an operational route plan or forecast. Base profile scope: Pilot full scenario-policy-seed output for quasi-real decision-support evaluation; not calibrated real-world results or an operational forecast."
songpa_public_demo,songpa_last_mile_station_to_destination,last_mile,capacity_reduction,multimodal_increased_feeder_capacity,multimodal,last-mile road,0.0,0.0,1.14,1.14,2.28,scaffold-only,"Engineering-only pilot output for quasi-real decision-support method review (non-publication, non-acceptance, non-operational); not publication evidence, not final-study evidence, not formal acceptance evidence, not calibrated real-world results, and not an operational route plan or forecast. Base profile scope: Pilot full scenario-policy-seed output for quasi-real decision-support evaluation; not calibrated real-world results or an operational forecast."
songpa_public_demo,songpa_last_mile_station_to_destination,last_mile,capacity_reduction,multimodal_lastmile_redundancy,multimodal,last-mile road,0.0,0.0,1.07,1.07,2.14,scaffold-only,"Engineering-only pilot output for quasi-real decision-support method review (non-publication, non-acceptance, non-operational); not publication evidence, not final-study evidence, not formal acceptance evidence, not calibrated real-world results, and not an operational route plan or forecast. Base profile scope: Pilot full scenario-policy-seed output for quasi-real decision-support evaluation; not calibrated real-world results or an operational forecast."
songpa_public_demo,songpa_last_mile_station_to_destination,last_mile,capacity_reduction,peak_congestion_bus,bus_only,last-mile road,0.2,4.8,1440.0,0.0,1644.8,scaffold-only,"Engineering-only pilot output for quasi-real decision-support method review (non-publication, non-acceptance, non-operational); not publication evidence, not final-study evidence, not formal acceptance evidence, not calibrated real-world results, and not an operational route plan or forecast. Base profile scope: Pilot full scenario-policy-seed output for quasi-real decision-support evaluation; not calibrated real-world results or an operational forecast."
songpa_public_demo,songpa_last_mile_station_to_destination,last_mile,capacity_reduction,peak_congestion_multimodal,multimodal,last-mile road,0.67,16.0,4800.0,inf,inf,scaffold-only,"Engineering-only pilot output for quasi-real decision-support method review (non-publication, non-acceptance, non-operational); not publication evidence, not final-study evidence, not formal acceptance evidence, not calibrated real-world results, and not an operational route plan or forecast. Base profile scope: Pilot full scenario-policy-seed output for quasi-real decision-support evaluation; not calibrated real-world results or an operational forecast."
songpa_public_demo,songpa_last_mile_station_to_destination,last_mile,capacity_reduction,rail_delay_or_partial_unavailability,multimodal,last-mile road,0.0,0.0,2.05,2.05,4.1,scaffold-only,"Engineering-only pilot output for quasi-real decision-support method review (non-publication, non-acceptance, non-operational); not publication evidence, not final-study evidence, not formal acceptance evidence, not calibrated real-world results, and not an operational route plan or forecast. Base profile scope: Pilot full scenario-policy-seed output for quasi-real decision-support evaluation; not calibrated real-world results or an operational forecast."
songpa_public_demo,songpa_last_mile_station_to_destination,last_mile,capacity_reduction,severe_congestion_bus,bus_only,last-mile road,1.0,24.0,7319.59,inf,inf,scaffold-only,"Engineering-only pilot output for quasi-real decision-support method review (non-publication, non-acceptance, non-operational); not publication evidence, not final-study evidence, not formal acceptance evidence, not calibrated real-world results, and not an operational route plan or forecast. Base profile scope: Pilot full scenario-policy-seed output for quasi-real decision-support evaluation; not calibrated real-world results or an operational forecast."
songpa_public_demo,songpa_last_mile_station_to_destination,last_mile,capacity_reduction,severe_congestion_multimodal,multimodal,last-mile road,1.0,24.0,7276.95,inf,inf,scaffold-only,"Engineering-only pilot output for quasi-real decision-support method review (non-publication, non-acceptance, non-operational); not publication evidence, not final-study evidence, not formal acceptance evidence, not calibrated real-world results, and not an operational route plan or forecast. Base profile scope: Pilot full scenario-policy-seed output for quasi-real decision-support evaluation; not calibrated real-world results or an operational forecast."
songpa_public_demo,songpa_last_mile_station_to_destination,last_mile,capacity_reduction,staggered_or_adaptive_dispatch,multimodal,last-mile road,0.0,0.0,1.14,1.14,2.28,scaffold-only,"Engineering-only pilot output for quasi-real decision-support method review (non-publication, non-acceptance, non-operational); not publication evidence, not final-study evidence, not formal acceptance evidence, not calibrated real-world results, and not an operational route plan or forecast. Base profile scope: Pilot full scenario-policy-seed output for quasi-real decision-support evaluation; not calibrated real-world results or an operational forecast."
songpa_public_demo,songpa_last_mile_station_to_destination,last_mile,capacity_reduction,transfer_stress_extreme,multimodal,last-mile road,0.0,0.0,2.05,2.05,4.1,scaffold-only,"Engineering-only pilot output for quasi-real decision-support method review (non-publication, non-acceptance, non-operational); not publication evidence, not final-study evidence, not formal acceptance evidence, not calibrated real-world results, and not an operational route plan or forecast. Base profile scope: Pilot full scenario-policy-seed output for quasi-real decision-support evaluation; not calibrated real-world results or an operational forecast."
songpa_public_demo,songpa_last_mile_station_to_destination,last_mile,capacity_reduction,transfer_stress_mild,multimodal,last-mile road,0.0,0.0,1.14,1.14,2.28,scaffold-only,"Engineering-only pilot output for quasi-real decision-support method review (non-publication, non-acceptance, non-operational); not publication evidence, not final-study evidence, not formal acceptance evidence, not calibrated real-world results, and not an operational route plan or forecast. Base profile scope: Pilot full scenario-policy-seed output for quasi-real decision-support evaluation; not calibrated real-world results or an operational forecast."
songpa_public_demo,songpa_last_mile_station_to_destination,last_mile,capacity_reduction,transfer_stress_moderate,multimodal,last-mile road,0.0,0.0,1.14,1.14,2.28,scaffold-only,"Engineering-only pilot output for quasi-real decision-support method review (non-publication, non-acceptance, non-operational); not publication evidence, not final-study evidence, not formal acceptance evidence, not calibrated real-world results, and not an operational route plan or forecast. Base profile scope: Pilot full scenario-policy-seed output for quasi-real decision-support evaluation; not calibrated real-world results or an operational forecast."
songpa_public_demo,songpa_last_mile_station_to_destination,last_mile,capacity_reduction,transfer_stress_severe,multimodal,last-mile road,0.0,0.0,2.05,2.05,4.1,scaffold-only,"Engineering-only pilot output for quasi-real decision-support method review (non-publication, non-acceptance, non-operational); not publication evidence, not final-study evidence, not formal acceptance evidence, not calibrated real-world results, and not an operational route plan or forecast. Base profile scope: Pilot full scenario-policy-seed output for quasi-real decision-support evaluation; not calibrated real-world results or an operational forecast."
songpa_public_demo,no_disruption,no_disruption,none,baseline_multimodal,multimodal,none,0.0,0.0,0.0,0.0,0.0,scaffold-only,"Engineering-only pilot output for quasi-real decision-support method review (non-publication, non-acceptance, non-operational); not publication evidence, not final-study evidence, not formal acceptance evidence, not calibrated real-world results, and not an operational route plan or forecast. Base profile scope: Pilot full scenario-policy-seed output for quasi-real decision-support evaluation; not calibrated real-world results or an operational forecast."
songpa_public_demo,no_disruption,no_disruption,none,bus_only,bus_only,none,0.0,0.0,0.0,0.0,0.0,scaffold-only,"Engineering-only pilot output for quasi-real decision-support method review (non-publication, non-acceptance, non-operational); not publication evidence, not final-study evidence, not formal acceptance evidence, not calibrated real-world results, and not an operational route plan or forecast. Base profile scope: Pilot full scenario-policy-seed output for quasi-real decision-support evaluation; not calibrated real-world results or an operational forecast."
songpa_public_demo,no_disruption,no_disruption,none,fleet_shortage_severe,multimodal,none,0.0,0.0,0.0,0.0,0.0,scaffold-only,"Engineering-only pilot output for quasi-real decision-support method review (non-publication, non-acceptance, non-operational); not publication evidence, not final-study evidence, not formal acceptance evidence, not calibrated real-world results, and not an operational route plan or forecast. Base profile scope: Pilot full scenario-policy-seed output for quasi-real decision-support evaluation; not calibrated real-world results or an operational forecast."
songpa_public_demo,no_disruption,no_disruption,none,fleet_shortage_stress,multimodal,none,0.0,0.0,0.0,0.0,0.0,scaffold-only,"Engineering-only pilot output for quasi-real decision-support method review (non-publication, non-acceptance, non-operational); not publication evidence, not final-study evidence, not formal acceptance evidence, not calibrated real-world results, and not an operational route plan or forecast. Base profile scope: Pilot full scenario-policy-seed output for quasi-real decision-support evaluation; not calibrated real-world results or an operational forecast."
songpa_public_demo,no_disruption,no_disruption,none,heavy_congestion_bus,bus_only,none,0.0,0.0,0.0,0.0,0.0,scaffold-only,"Engineering-only pilot output for quasi-real decision-support method review (non-publication, non-acceptance, non-operational); not publication evidence, not final-study evidence, not formal acceptance evidence, not calibrated real-world results, and not an operational route plan or forecast. Base profile scope: Pilot full scenario-policy-seed output for quasi-real decision-support evaluation; not calibrated real-world results or an operational forecast."
songpa_public_demo,no_disruption,no_disruption,none,heavy_congestion_multimodal,multimodal,none,0.0,0.0,0.0,0.0,0.0,scaffold-only,"Engineering-only pilot output for quasi-real decision-support method review (non-publication, non-acceptance, non-operational); not publication evidence, not final-study evidence, not formal acceptance evidence, not calibrated real-world results, and not an operational route plan or forecast. Base profile scope: Pilot full scenario-policy-seed output for quasi-real decision-support evaluation; not calibrated real-world results or an operational forecast."
songpa_public_demo,no_disruption,no_disruption,none,lastmile_capacity_mild,multimodal,none,0.0,0.0,0.0,0.0,0.0,scaffold-only,"Engineering-only pilot output for quasi-real decision-support method review (non-publication, non-acceptance, non-operational); not publication evidence, not final-study evidence, not formal acceptance evidence, not calibrated real-world results, and not an operational route plan or forecast. Base profile scope: Pilot full scenario-policy-seed output for quasi-real decision-support evaluation; not calibrated real-world results or an operational forecast."
songpa_public_demo,no_disruption,no_disruption,none,lastmile_capacity_moderate,multimodal,none,0.0,0.0,0.0,0.0,0.0,scaffold-only,"Engineering-only pilot output for quasi-real decision-support method review (non-publication, non-acceptance, non-operational); not publication evidence, not final-study evidence, not formal acceptance evidence, not calibrated real-world results, and not an operational route plan or forecast. Base profile scope: Pilot full scenario-policy-seed output for quasi-real decision-support evaluation; not calibrated real-world results or an operational forecast."
songpa_public_demo,no_disruption,no_disruption,none,lastmile_capacity_severe,multimodal,none,0.0,0.0,0.0,0.0,0.0,scaffold-only,"Engineering-only pilot output for quasi-real decision-support method review (non-publication, non-acceptance, non-operational); not publication evidence, not final-study evidence, not formal acceptance evidence, not calibrated real-world results, and not an operational route plan or forecast. Base profile scope: Pilot full scenario-policy-seed output for quasi-real decision-support evaluation; not calibrated real-world results or an operational forecast."
songpa_public_demo,no_disruption,no_disruption,none,moderate_congestion_bus,bus_only,none,0.0,0.0,0.0,0.0,0.0,scaffold-only,"Engineering-only pilot output for quasi-real decision-support method review (non-publication, non-acceptance, non-operational); not publication evidence, not final-study evidence, not formal acceptance evidence, not calibrated real-world results, and not an operational route plan or forecast. Base profile scope: Pilot full scenario-policy-seed output for quasi-real decision-support evaluation; not calibrated real-world results or an operational forecast."
songpa_public_demo,no_disruption,no_disruption,none,moderate_congestion_multimodal,multimodal,none,0.0,0.0,0.0,0.0,0.0,scaffold-only,"Engineering-only pilot output for quasi-real decision-support method review (non-publication, non-acceptance, non-operational); not publication evidence, not final-study evidence, not formal acceptance evidence, not calibrated real-world results, and not an operational route plan or forecast. Base profile scope: Pilot full scenario-policy-seed output for quasi-real decision-support evaluation; not calibrated real-world results or an operational forecast."
songpa_public_demo,no_disruption,no_disruption,none,multimodal_increased_feeder_capacity,multimodal,none,0.0,0.0,0.0,0.0,0.0,scaffold-only,"Engineering-only pilot output for quasi-real decision-support method review (non-publication, non-acceptance, non-operational); not publication evidence, not final-study evidence, not formal acceptance evidence, not calibrated real-world results, and not an operational route plan or forecast. Base profile scope: Pilot full scenario-policy-seed output for quasi-real decision-support evaluation; not calibrated real-world results or an operational forecast."
songpa_public_demo,no_disruption,no_disruption,none,multimodal_lastmile_redundancy,multimodal,none,0.0,0.0,0.0,0.0,0.0,scaffold-only,"Engineering-only pilot output for quasi-real decision-support method review (non-publication, non-acceptance, non-operational); not publication evidence, not final-study evidence, not formal acceptance evidence, not calibrated real-world results, and not an operational route plan or forecast. Base profile scope: Pilot full scenario-policy-seed output for quasi-real decision-support evaluation; not calibrated real-world results or an operational forecast."
songpa_public_demo,no_disruption,no_disruption,none,peak_congestion_bus,bus_only,none,0.0,0.0,0.0,0.0,0.0,scaffold-only,"Engineering-only pilot output for quasi-real decision-support method review (non-publication, non-acceptance, non-operational); not publication evidence, not final-study evidence, not formal acceptance evidence, not calibrated real-world results, and not an operational route plan or forecast. Base profile scope: Pilot full scenario-policy-seed output for quasi-real decision-support evaluation; not calibrated real-world results or an operational forecast."
songpa_public_demo,no_disruption,no_disruption,none,peak_congestion_multimodal,multimodal,none,0.0,0.0,0.0,0.0,0.0,scaffold-only,"Engineering-only pilot output for quasi-real decision-support method review (non-publication, non-acceptance, non-operational); not publication evidence, not final-study evidence, not formal acceptance evidence, not calibrated real-world results, and not an operational route plan or forecast. Base profile scope: Pilot full scenario-policy-seed output for quasi-real decision-support evaluation; not calibrated real-world results or an operational forecast."
songpa_public_demo,no_disruption,no_disruption,none,rail_delay_or_partial_unavailability,multimodal,none,0.0,0.0,0.0,0.0,0.0,scaffold-only,"Engineering-only pilot output for quasi-real decision-support method review (non-publication, non-acceptance, non-operational); not publication evidence, not final-study evidence, not formal acceptance evidence, not calibrated real-world results, and not an operational route plan or forecast. Base profile scope: Pilot full scenario-policy-seed output for quasi-real decision-support evaluation; not calibrated real-world results or an operational forecast."
songpa_public_demo,no_disruption,no_disruption,none,severe_congestion_bus,bus_only,none,0.0,0.0,0.0,0.0,0.0,scaffold-only,"Engineering-only pilot output for quasi-real decision-support method review (non-publication, non-acceptance, non-operational); not publication evidence, not final-study evidence, not formal acceptance evidence, not calibrated real-world results, and not an operational route plan or forecast. Base profile scope: Pilot full scenario-policy-seed output for quasi-real decision-support evaluation; not calibrated real-world results or an operational forecast."
songpa_public_demo,no_disruption,no_disruption,none,severe_congestion_multimodal,multimodal,none,0.0,0.0,0.0,0.0,0.0,scaffold-only,"Engineering-only pilot output for quasi-real decision-support method review (non-publication, non-acceptance, non-operational); not publication evidence, not final-study evidence, not formal acceptance evidence, not calibrated real-world results, and not an operational route plan or forecast. Base profile scope: Pilot full scenario-policy-seed output for quasi-real decision-support evaluation; not calibrated real-world results or an operational forecast."
songpa_public_demo,no_disruption,no_disruption,none,staggered_or_adaptive_dispatch,multimodal,none,0.0,0.0,0.0,0.0,0.0,scaffold-only,"Engineering-only pilot output for quasi-real decision-support method review (non-publication, non-acceptance, non-operational); not publication evidence, not final-study evidence, not formal acceptance evidence, not calibrated real-world results, and not an operational route plan or forecast. Base profile scope: Pilot full scenario-policy-seed output for quasi-real decision-support evaluation; not calibrated real-world results or an operational forecast."
songpa_public_demo,no_disruption,no_disruption,none,transfer_stress_extreme,multimodal,none,0.0,0.0,0.0,0.0,0.0,scaffold-only,"Engineering-only pilot output for quasi-real decision-support method review (non-publication, non-acceptance, non-operational); not publication evidence, not final-study evidence, not formal acceptance evidence, not calibrated real-world results, and not an operational route plan or forecast. Base profile scope: Pilot full scenario-policy-seed output for quasi-real decision-support evaluation; not calibrated real-world results or an operational forecast."
songpa_public_demo,no_disruption,no_disruption,none,transfer_stress_mild,multimodal,none,0.0,0.0,0.0,0.0,0.0,scaffold-only,"Engineering-only pilot output for quasi-real decision-support method review (non-publication, non-acceptance, non-operational); not publication evidence, not final-study evidence, not formal acceptance evidence, not calibrated real-world results, and not an operational route plan or forecast. Base profile scope: Pilot full scenario-policy-seed output for quasi-real decision-support evaluation; not calibrated real-world results or an operational forecast."
songpa_public_demo,no_disruption,no_disruption,none,transfer_stress_moderate,multimodal,none,0.0,0.0,0.0,0.0,0.0,scaffold-only,"Engineering-only pilot output for quasi-real decision-support method review (non-publication, non-acceptance, non-operational); not publication evidence, not final-study evidence, not formal acceptance evidence, not calibrated real-world results, and not an operational route plan or forecast. Base profile scope: Pilot full scenario-policy-seed output for quasi-real decision-support evaluation; not calibrated real-world results or an operational forecast."
songpa_public_demo,no_disruption,no_disruption,none,transfer_stress_severe,multimodal,none,0.0,0.0,0.0,0.0,0.0,scaffold-only,"Engineering-only pilot output for quasi-real decision-support method review (non-publication, non-acceptance, non-operational); not publication evidence, not final-study evidence, not formal acceptance evidence, not calibrated real-world results, and not an operational route plan or forecast. Base profile scope: Pilot full scenario-policy-seed output for quasi-real decision-support evaluation; not calibrated real-world results or an operational forecast."
songpa_public_demo,songpa_access_origin_to_station,access_road,capacity_reduction,baseline_multimodal,multimodal,rail access road,0.0,0.0,0.01,0.01,0.02,scaffold-only,"Engineering-only pilot output for quasi-real decision-support method review (non-publication, non-acceptance, non-operational); not publication evidence, not final-study evidence, not formal acceptance evidence, not calibrated real-world results, and not an operational route plan or forecast. Base profile scope: Pilot full scenario-policy-seed output for quasi-real decision-support evaluation; not calibrated real-world results or an operational forecast."
songpa_public_demo,songpa_access_origin_to_station,access_road,capacity_reduction,bus_only,bus_only,rail access road,0.0,0.0,0.05,0.05,0.1,scaffold-only,"Engineering-only pilot output for quasi-real decision-support method review (non-publication, non-acceptance, non-operational); not publication evidence, not final-study evidence, not formal acceptance evidence, not calibrated real-world results, and not an operational route plan or forecast. Base profile scope: Pilot full scenario-policy-seed output for quasi-real decision-support evaluation; not calibrated real-world results or an operational forecast."
songpa_public_demo,songpa_access_origin_to_station,access_road,capacity_reduction,fleet_shortage_severe,multimodal,rail access road,0.0,0.0,0.01,0.01,0.02,scaffold-only,"Engineering-only pilot output for quasi-real decision-support method review (non-publication, non-acceptance, non-operational); not publication evidence, not final-study evidence, not formal acceptance evidence, not calibrated real-world results, and not an operational route plan or forecast. Base profile scope: Pilot full scenario-policy-seed output for quasi-real decision-support evaluation; not calibrated real-world results or an operational forecast."
songpa_public_demo,songpa_access_origin_to_station,access_road,capacity_reduction,fleet_shortage_stress,multimodal,rail access road,0.0,0.0,0.01,0.01,0.02,scaffold-only,"Engineering-only pilot output for quasi-real decision-support method review (non-publication, non-acceptance, non-operational); not publication evidence, not final-study evidence, not formal acceptance evidence, not calibrated real-world results, and not an operational route plan or forecast. Base profile scope: Pilot full scenario-policy-seed output for quasi-real decision-support evaluation; not calibrated real-world results or an operational forecast."
songpa_public_demo,songpa_access_origin_to_station,access_road,capacity_reduction,heavy_congestion_bus,bus_only,rail access road,0.0,0.0,13.91,13.91,27.82,scaffold-only,"Engineering-only pilot output for quasi-real decision-support method review (non-publication, non-acceptance, non-operational); not publication evidence, not final-study evidence, not formal acceptance evidence, not calibrated real-world results, and not an operational route plan or forecast. Base profile scope: Pilot full scenario-policy-seed output for quasi-real decision-support evaluation; not calibrated real-world results or an operational forecast."
songpa_public_demo,songpa_access_origin_to_station,access_road,capacity_reduction,heavy_congestion_multimodal,multimodal,rail access road,0.0,0.0,54.96,54.96,109.92,scaffold-only,"Engineering-only pilot output for quasi-real decision-support method review (non-publication, non-acceptance, non-operational); not publication evidence, not final-study evidence, not formal acceptance evidence, not calibrated real-world results, and not an operational route plan or forecast. Base profile scope: Pilot full scenario-policy-seed output for quasi-real decision-support evaluation; not calibrated real-world results or an operational forecast."
songpa_public_demo,songpa_access_origin_to_station,access_road,capacity_reduction,lastmile_capacity_mild,multimodal,rail access road,0.0,0.0,0.0,0.0,0.0,scaffold-only,"Engineering-only pilot output for quasi-real decision-support method review (non-publication, non-acceptance, non-operational); not publication evidence, not final-study evidence, not formal acceptance evidence, not calibrated real-world results, and not an operational route plan or forecast. Base profile scope: Pilot full scenario-policy-seed output for quasi-real decision-support evaluation; not calibrated real-world results or an operational forecast."
songpa_public_demo,songpa_access_origin_to_station,access_road,capacity_reduction,lastmile_capacity_moderate,multimodal,rail access road,0.0,0.0,0.0,0.0,0.0,scaffold-only,"Engineering-only pilot output for quasi-real decision-support method review (non-publication, non-acceptance, non-operational); not publication evidence, not final-study evidence, not formal acceptance evidence, not calibrated real-world results, and not an operational route plan or forecast. Base profile scope: Pilot full scenario-policy-seed output for quasi-real decision-support evaluation; not calibrated real-world results or an operational forecast."
songpa_public_demo,songpa_access_origin_to_station,access_road,capacity_reduction,lastmile_capacity_severe,multimodal,rail access road,0.0,0.0,0.01,0.0,0.01,scaffold-only,"Engineering-only pilot output for quasi-real decision-support method review (non-publication, non-acceptance, non-operational); not publication evidence, not final-study evidence, not formal acceptance evidence, not calibrated real-world results, and not an operational route plan or forecast. Base profile scope: Pilot full scenario-policy-seed output for quasi-real decision-support evaluation; not calibrated real-world results or an operational forecast."
songpa_public_demo,songpa_access_origin_to_station,access_road,capacity_reduction,moderate_congestion_bus,bus_only,rail access road,0.0,0.0,0.88,0.88,1.76,scaffold-only,"Engineering-only pilot output for quasi-real decision-support method review (non-publication, non-acceptance, non-operational); not publication evidence, not final-study evidence, not formal acceptance evidence, not calibrated real-world results, and not an operational route plan or forecast. Base profile scope: Pilot full scenario-policy-seed output for quasi-real decision-support evaluation; not calibrated real-world results or an operational forecast."
songpa_public_demo,songpa_access_origin_to_station,access_road,capacity_reduction,moderate_congestion_multimodal,multimodal,rail access road,0.0,0.0,6.29,6.29,12.58,scaffold-only,"Engineering-only pilot output for quasi-real decision-support method review (non-publication, non-acceptance, non-operational); not publication evidence, not final-study evidence, not formal acceptance evidence, not calibrated real-world results, and not an operational route plan or forecast. Base profile scope: Pilot full scenario-policy-seed output for quasi-real decision-support evaluation; not calibrated real-world results or an operational forecast."
songpa_public_demo,songpa_access_origin_to_station,access_road,capacity_reduction,multimodal_increased_feeder_capacity,multimodal,rail access road,0.0,0.0,0.01,0.01,0.02,scaffold-only,"Engineering-only pilot output for quasi-real decision-support method review (non-publication, non-acceptance, non-operational); not publication evidence, not final-study evidence, not formal acceptance evidence, not calibrated real-world results, and not an operational route plan or forecast. Base profile scope: Pilot full scenario-policy-seed output for quasi-real decision-support evaluation; not calibrated real-world results or an operational forecast."
songpa_public_demo,songpa_access_origin_to_station,access_road,capacity_reduction,multimodal_lastmile_redundancy,multimodal,rail access road,0.0,0.0,0.0,0.0,0.0,scaffold-only,"Engineering-only pilot output for quasi-real decision-support method review (non-publication, non-acceptance, non-operational); not publication evidence, not final-study evidence, not formal acceptance evidence, not calibrated real-world results, and not an operational route plan or forecast. Base profile scope: Pilot full scenario-policy-seed output for quasi-real decision-support evaluation; not calibrated real-world results or an operational forecast."
songpa_public_demo,songpa_access_origin_to_station,access_road,capacity_reduction,peak_congestion_bus,bus_only,rail access road,0.2,4.8,1440.0,0.0,1644.8,scaffold-only,"Engineering-only pilot output for quasi-real decision-support method review (non-publication, non-acceptance, non-operational); not publication evidence, not final-study evidence, not formal acceptance evidence, not calibrated real-world results, and not an operational route plan or forecast. Base profile scope: Pilot full scenario-policy-seed output for quasi-real decision-support evaluation; not calibrated real-world results or an operational forecast."
songpa_public_demo,songpa_access_origin_to_station,access_road,capacity_reduction,peak_congestion_multimodal,multimodal,rail access road,0.67,16.0,4800.0,inf,inf,scaffold-only,"Engineering-only pilot output for quasi-real decision-support method review (non-publication, non-acceptance, non-operational); not publication evidence, not final-study evidence, not formal acceptance evidence, not calibrated real-world results, and not an operational route plan or forecast. Base profile scope: Pilot full scenario-policy-seed output for quasi-real decision-support evaluation; not calibrated real-world results or an operational forecast."
songpa_public_demo,songpa_access_origin_to_station,access_road,capacity_reduction,rail_delay_or_partial_unavailability,multimodal,rail access road,0.0,0.0,0.0,0.0,0.0,scaffold-only,"Engineering-only pilot output for quasi-real decision-support method review (non-publication, non-acceptance, non-operational); not publication evidence, not final-study evidence, not formal acceptance evidence, not calibrated real-world results, and not an operational route plan or forecast. Base profile scope: Pilot full scenario-policy-seed output for quasi-real decision-support evaluation; not calibrated real-world results or an operational forecast."
songpa_public_demo,songpa_access_origin_to_station,access_road,capacity_reduction,severe_congestion_bus,bus_only,rail access road,0.0,0.0,70.27,70.27,140.54,scaffold-only,"Engineering-only pilot output for quasi-real decision-support method review (non-publication, non-acceptance, non-operational); not publication evidence, not final-study evidence, not formal acceptance evidence, not calibrated real-world results, and not an operational route plan or forecast. Base profile scope: Pilot full scenario-policy-seed output for quasi-real decision-support evaluation; not calibrated real-world results or an operational forecast."
songpa_public_demo,songpa_access_origin_to_station,access_road,capacity_reduction,severe_congestion_multimodal,multimodal,rail access road,1.0,24.0,7276.95,inf,inf,scaffold-only,"Engineering-only pilot output for quasi-real decision-support method review (non-publication, non-acceptance, non-operational); not publication evidence, not final-study evidence, not formal acceptance evidence, not calibrated real-world results, and not an operational route plan or forecast. Base profile scope: Pilot full scenario-policy-seed output for quasi-real decision-support evaluation; not calibrated real-world results or an operational forecast."
songpa_public_demo,songpa_access_origin_to_station,access_road,capacity_reduction,staggered_or_adaptive_dispatch,multimodal,rail access road,0.0,0.0,0.0,0.0,0.0,scaffold-only,"Engineering-only pilot output for quasi-real decision-support method review (non-publication, non-acceptance, non-operational); not publication evidence, not final-study evidence, not formal acceptance evidence, not calibrated real-world results, and not an operational route plan or forecast. Base profile scope: Pilot full scenario-policy-seed output for quasi-real decision-support evaluation; not calibrated real-world results or an operational forecast."
songpa_public_demo,songpa_access_origin_to_station,access_road,capacity_reduction,transfer_stress_extreme,multimodal,rail access road,0.0,0.0,0.0,0.0,0.0,scaffold-only,"Engineering-only pilot output for quasi-real decision-support method review (non-publication, non-acceptance, non-operational); not publication evidence, not final-study evidence, not formal acceptance evidence, not calibrated real-world results, and not an operational route plan or forecast. Base profile scope: Pilot full scenario-policy-seed output for quasi-real decision-support evaluation; not calibrated real-world results or an operational forecast."
songpa_public_demo,songpa_access_origin_to_station,access_road,capacity_reduction,transfer_stress_mild,multimodal,rail access road,0.0,0.0,0.01,0.01,0.02,scaffold-only,"Engineering-only pilot output for quasi-real decision-support method review (non-publication, non-acceptance, non-operational); not publication evidence, not final-study evidence, not formal acceptance evidence, not calibrated real-world results, and not an operational route plan or forecast. Base profile scope: Pilot full scenario-policy-seed output for quasi-real decision-support evaluation; not calibrated real-world results or an operational forecast."
songpa_public_demo,songpa_access_origin_to_station,access_road,capacity_reduction,transfer_stress_moderate,multimodal,rail access road,0.0,0.0,0.01,0.01,0.02,scaffold-only,"Engineering-only pilot output for quasi-real decision-support method review (non-publication, non-acceptance, non-operational); not publication evidence, not final-study evidence, not formal acceptance evidence, not calibrated real-world results, and not an operational route plan or forecast. Base profile scope: Pilot full scenario-policy-seed output for quasi-real decision-support evaluation; not calibrated real-world results or an operational forecast."
songpa_public_demo,songpa_access_origin_to_station,access_road,capacity_reduction,transfer_stress_severe,multimodal,rail access road,0.0,0.0,0.0,0.0,0.0,scaffold-only,"Engineering-only pilot output for quasi-real decision-support method review (non-publication, non-acceptance, non-operational); not publication evidence, not final-study evidence, not formal acceptance evidence, not calibrated real-world results, and not an operational route plan or forecast. Base profile scope: Pilot full scenario-policy-seed output for quasi-real decision-support evaluation; not calibrated real-world results or an operational forecast."
songpa_public_demo,songpa_random_blockage,random,blocked,baseline_multimodal,multimodal,random road degradation,1.0,24.0,7353.49,inf,inf,scaffold-only,"Engineering-only pilot output for quasi-real decision-support method review (non-publication, non-acceptance, non-operational); not publication evidence, not final-study evidence, not formal acceptance evidence, not calibrated real-world results, and not an operational route plan or forecast. Base profile scope: Pilot full scenario-policy-seed output for quasi-real decision-support evaluation; not calibrated real-world results or an operational forecast."
songpa_public_demo,songpa_random_blockage,random,blocked,bus_only,bus_only,random road degradation,1.0,24.0,7380.16,inf,inf,scaffold-only,"Engineering-only pilot output for quasi-real decision-support method review (non-publication, non-acceptance, non-operational); not publication evidence, not final-study evidence, not formal acceptance evidence, not calibrated real-world results, and not an operational route plan or forecast. Base profile scope: Pilot full scenario-policy-seed output for quasi-real decision-support evaluation; not calibrated real-world results or an operational forecast."
songpa_public_demo,songpa_random_blockage,random,blocked,fleet_shortage_severe,multimodal,random road degradation,1.0,24.0,7347.21,inf,inf,scaffold-only,"Engineering-only pilot output for quasi-real decision-support method review (non-publication, non-acceptance, non-operational); not publication evidence, not final-study evidence, not formal acceptance evidence, not calibrated real-world results, and not an operational route plan or forecast. Base profile scope: Pilot full scenario-policy-seed output for quasi-real decision-support evaluation; not calibrated real-world results or an operational forecast."
songpa_public_demo,songpa_random_blockage,random,blocked,fleet_shortage_stress,multimodal,random road degradation,1.0,24.0,7353.49,inf,inf,scaffold-only,"Engineering-only pilot output for quasi-real decision-support method review (non-publication, non-acceptance, non-operational); not publication evidence, not final-study evidence, not formal acceptance evidence, not calibrated real-world results, and not an operational route plan or forecast. Base profile scope: Pilot full scenario-policy-seed output for quasi-real decision-support evaluation; not calibrated real-world results or an operational forecast."
songpa_public_demo,songpa_random_blockage,random,blocked,heavy_congestion_bus,bus_only,random road degradation,1.0,24.0,7368.2,inf,inf,scaffold-only,"Engineering-only pilot output for quasi-real decision-support method review (non-publication, non-acceptance, non-operational); not publication evidence, not final-study evidence, not formal acceptance evidence, not calibrated real-world results, and not an operational route plan or forecast. Base profile scope: Pilot full scenario-policy-seed output for quasi-real decision-support evaluation; not calibrated real-world results or an operational forecast."
songpa_public_demo,songpa_random_blockage,random,blocked,heavy_congestion_multimodal,multimodal,random road degradation,1.0,24.0,7343.55,inf,inf,scaffold-only,"Engineering-only pilot output for quasi-real decision-support method review (non-publication, non-acceptance, non-operational); not publication evidence, not final-study evidence, not formal acceptance evidence, not calibrated real-world results, and not an operational route plan or forecast. Base profile scope: Pilot full scenario-policy-seed output for quasi-real decision-support evaluation; not calibrated real-world results or an operational forecast."
songpa_public_demo,songpa_random_blockage,random,blocked,lastmile_capacity_mild,multimodal,random road degradation,1.0,24.0,7358.58,inf,inf,scaffold-only,"Engineering-only pilot output for quasi-real decision-support method review (non-publication, non-acceptance, non-operational); not publication evidence, not final-study evidence, not formal acceptance evidence, not calibrated real-world results, and not an operational route plan or forecast. Base profile scope: Pilot full scenario-policy-seed output for quasi-real decision-support evaluation; not calibrated real-world results or an operational forecast."
songpa_public_demo,songpa_random_blockage,random,blocked,lastmile_capacity_moderate,multimodal,random road degradation,1.0,24.0,7358.58,inf,inf,scaffold-only,"Engineering-only pilot output for quasi-real decision-support method review (non-publication, non-acceptance, non-operational); not publication evidence, not final-study evidence, not formal acceptance evidence, not calibrated real-world results, and not an operational route plan or forecast. Base profile scope: Pilot full scenario-policy-seed output for quasi-real decision-support evaluation; not calibrated real-world results or an operational forecast."
songpa_public_demo,songpa_random_blockage,random,blocked,lastmile_capacity_severe,multimodal,random road degradation,1.0,24.0,7353.49,inf,inf,scaffold-only,"Engineering-only pilot output for quasi-real decision-support method review (non-publication, non-acceptance, non-operational); not publication evidence, not final-study evidence, not formal acceptance evidence, not calibrated real-world results, and not an operational route plan or forecast. Base profile scope: Pilot full scenario-policy-seed output for quasi-real decision-support evaluation; not calibrated real-world results or an operational forecast."
songpa_public_demo,songpa_random_blockage,random,blocked,moderate_congestion_bus,bus_only,random road degradation,1.0,24.0,7379.45,inf,inf,scaffold-only,"Engineering-only pilot output for quasi-real decision-support method review (non-publication, non-acceptance, non-operational); not publication evidence, not final-study evidence, not formal acceptance evidence, not calibrated real-world results, and not an operational route plan or forecast. Base profile scope: Pilot full scenario-policy-seed output for quasi-real decision-support evaluation; not calibrated real-world results or an operational forecast."
songpa_public_demo,songpa_random_blockage,random,blocked,moderate_congestion_multimodal,multimodal,random road degradation,1.0,24.0,7353.04,inf,inf,scaffold-only,"Engineering-only pilot output for quasi-real decision-support method review (non-publication, non-acceptance, non-operational); not publication evidence, not final-study evidence, not formal acceptance evidence, not calibrated real-world results, and not an operational route plan or forecast. Base profile scope: Pilot full scenario-policy-seed output for quasi-real decision-support evaluation; not calibrated real-world results or an operational forecast."
songpa_public_demo,songpa_random_blockage,random,blocked,multimodal_increased_feeder_capacity,multimodal,random road degradation,1.0,24.0,7353.49,inf,inf,scaffold-only,"Engineering-only pilot output for quasi-real decision-support method review (non-publication, non-acceptance, non-operational); not publication evidence, not final-study evidence, not formal acceptance evidence, not calibrated real-world results, and not an operational route plan or forecast. Base profile scope: Pilot full scenario-policy-seed output for quasi-real decision-support evaluation; not calibrated real-world results or an operational forecast."
songpa_public_demo,songpa_random_blockage,random,blocked,multimodal_lastmile_redundancy,multimodal,random road degradation,1.0,24.0,7353.58,inf,inf,scaffold-only,"Engineering-only pilot output for quasi-real decision-support method review (non-publication, non-acceptance, non-operational); not publication evidence, not final-study evidence, not formal acceptance evidence, not calibrated real-world results, and not an operational route plan or forecast. Base profile scope: Pilot full scenario-policy-seed output for quasi-real decision-support evaluation; not calibrated real-world results or an operational forecast."
songpa_public_demo,songpa_random_blockage,random,blocked,peak_congestion_bus,bus_only,random road degradation,0.2,4.8,1440.0,0.0,1644.8,scaffold-only,"Engineering-only pilot output for quasi-real decision-support method review (non-publication, non-acceptance, non-operational); not publication evidence, not final-study evidence, not formal acceptance evidence, not calibrated real-world results, and not an operational route plan or forecast. Base profile scope: Pilot full scenario-policy-seed output for quasi-real decision-support evaluation; not calibrated real-world results or an operational forecast."
songpa_public_demo,songpa_random_blockage,random,blocked,peak_congestion_multimodal,multimodal,random road degradation,0.67,16.0,4800.0,inf,inf,scaffold-only,"Engineering-only pilot output for quasi-real decision-support method review (non-publication, non-acceptance, non-operational); not publication evidence, not final-study evidence, not formal acceptance evidence, not calibrated real-world results, and not an operational route plan or forecast. Base profile scope: Pilot full scenario-policy-seed output for quasi-real decision-support evaluation; not calibrated real-world results or an operational forecast."
songpa_public_demo,songpa_random_blockage,random,blocked,rail_delay_or_partial_unavailability,multimodal,random road degradation,1.0,24.0,7342.53,inf,inf,scaffold-only,"Engineering-only pilot output for quasi-real decision-support method review (non-publication, non-acceptance, non-operational); not publication evidence, not final-study evidence, not formal acceptance evidence, not calibrated real-world results, and not an operational route plan or forecast. Base profile scope: Pilot full scenario-policy-seed output for quasi-real decision-support evaluation; not calibrated real-world results or an operational forecast."
songpa_public_demo,songpa_random_blockage,random,blocked,severe_congestion_bus,bus_only,random road degradation,1.0,24.0,7319.59,inf,inf,scaffold-only,"Engineering-only pilot output for quasi-real decision-support method review (non-publication, non-acceptance, non-operational); not publication evidence, not final-study evidence, not formal acceptance evidence, not calibrated real-world results, and not an operational route plan or forecast. Base profile scope: Pilot full scenario-policy-seed output for quasi-real decision-support evaluation; not calibrated real-world results or an operational forecast."
songpa_public_demo,songpa_random_blockage,random,blocked,severe_congestion_multimodal,multimodal,random road degradation,1.0,24.0,7276.95,inf,inf,scaffold-only,"Engineering-only pilot output for quasi-real decision-support method review (non-publication, non-acceptance, non-operational); not publication evidence, not final-study evidence, not formal acceptance evidence, not calibrated real-world results, and not an operational route plan or forecast. Base profile scope: Pilot full scenario-policy-seed output for quasi-real decision-support evaluation; not calibrated real-world results or an operational forecast."
songpa_public_demo,songpa_random_blockage,random,blocked,staggered_or_adaptive_dispatch,multimodal,random road degradation,1.0,24.0,7345.55,inf,inf,scaffold-only,"Engineering-only pilot output for quasi-real decision-support method review (non-publication, non-acceptance, non-operational); not publication evidence, not final-study evidence, not formal acceptance evidence, not calibrated real-world results, and not an operational route plan or forecast. Base profile scope: Pilot full scenario-policy-seed output for quasi-real decision-support evaluation; not calibrated real-world results or an operational forecast."
songpa_public_demo,songpa_random_blockage,random,blocked,transfer_stress_extreme,multimodal,random road degradation,1.0,24.0,7232.53,inf,inf,scaffold-only,"Engineering-only pilot output for quasi-real decision-support method review (non-publication, non-acceptance, non-operational); not publication evidence, not final-study evidence, not formal acceptance evidence, not calibrated real-world results, and not an operational route plan or forecast. Base profile scope: Pilot full scenario-policy-seed output for quasi-real decision-support evaluation; not calibrated real-world results or an operational forecast."
songpa_public_demo,songpa_random_blockage,random,blocked,transfer_stress_mild,multimodal,random road degradation,1.0,24.0,7328.49,inf,inf,scaffold-only,"Engineering-only pilot output for quasi-real decision-support method review (non-publication, non-acceptance, non-operational); not publication evidence, not final-study evidence, not formal acceptance evidence, not calibrated real-world results, and not an operational route plan or forecast. Base profile scope: Pilot full scenario-policy-seed output for quasi-real decision-support evaluation; not calibrated real-world results or an operational forecast."
songpa_public_demo,songpa_random_blockage,random,blocked,transfer_stress_moderate,multimodal,random road degradation,1.0,24.0,7303.49,inf,inf,scaffold-only,"Engineering-only pilot output for quasi-real decision-support method review (non-publication, non-acceptance, non-operational); not publication evidence, not final-study evidence, not formal acceptance evidence, not calibrated real-world results, and not an operational route plan or forecast. Base profile scope: Pilot full scenario-policy-seed output for quasi-real decision-support evaluation; not calibrated real-world results or an operational forecast."
songpa_public_demo,songpa_random_blockage,random,blocked,transfer_stress_severe,multimodal,random road degradation,1.0,24.0,7272.53,inf,inf,scaffold-only,"Engineering-only pilot output for quasi-real decision-support method review (non-publication, non-acceptance, non-operational); not publication evidence, not final-study evidence, not formal acceptance evidence, not calibrated real-world results, and not an operational route plan or forecast. Base profile scope: Pilot full scenario-policy-seed output for quasi-real decision-support evaluation; not calibrated real-world results or an operational forecast."
songpa_public_demo,songpa_random_capacity_reduction,random,capacity_reduction,baseline_multimodal,multimodal,random road degradation,0.0,0.0,0.35,0.35,0.7,scaffold-only,"Engineering-only pilot output for quasi-real decision-support method review (non-publication, non-acceptance, non-operational); not publication evidence, not final-study evidence, not formal acceptance evidence, not calibrated real-world results, and not an operational route plan or forecast. Base profile scope: Pilot full scenario-policy-seed output for quasi-real decision-support evaluation; not calibrated real-world results or an operational forecast."
songpa_public_demo,songpa_random_capacity_reduction,random,capacity_reduction,bus_only,bus_only,random road degradation,0.0,0.0,0.28,0.28,0.56,scaffold-only,"Engineering-only pilot output for quasi-real decision-support method review (non-publication, non-acceptance, non-operational); not publication evidence, not final-study evidence, not formal acceptance evidence, not calibrated real-world results, and not an operational route plan or forecast. Base profile scope: Pilot full scenario-policy-seed output for quasi-real decision-support evaluation; not calibrated real-world results or an operational forecast."
songpa_public_demo,songpa_random_capacity_reduction,random,capacity_reduction,fleet_shortage_severe,multimodal,random road degradation,0.0,0.0,0.9,0.9,1.8,scaffold-only,"Engineering-only pilot output for quasi-real decision-support method review (non-publication, non-acceptance, non-operational); not publication evidence, not final-study evidence, not formal acceptance evidence, not calibrated real-world results, and not an operational route plan or forecast. Base profile scope: Pilot full scenario-policy-seed output for quasi-real decision-support evaluation; not calibrated real-world results or an operational forecast."
songpa_public_demo,songpa_random_capacity_reduction,random,capacity_reduction,fleet_shortage_stress,multimodal,random road degradation,0.0,0.0,0.35,0.35,0.7,scaffold-only,"Engineering-only pilot output for quasi-real decision-support method review (non-publication, non-acceptance, non-operational); not publication evidence, not final-study evidence, not formal acceptance evidence, not calibrated real-world results, and not an operational route plan or forecast. Base profile scope: Pilot full scenario-policy-seed output for quasi-real decision-support evaluation; not calibrated real-world results or an operational forecast."
songpa_public_demo,songpa_random_capacity_reduction,random,capacity_reduction,heavy_congestion_bus,bus_only,random road degradation,0.0,0.0,70.09,70.09,140.18,scaffold-only,"Engineering-only pilot output for quasi-real decision-support method review (non-publication, non-acceptance, non-operational); not publication evidence, not final-study evidence, not formal acceptance evidence, not calibrated real-world results, and not an operational route plan or forecast. Base profile scope: Pilot full scenario-policy-seed output for quasi-real decision-support evaluation; not calibrated real-world results or an operational forecast."
songpa_public_demo,songpa_random_capacity_reduction,random,capacity_reduction,heavy_congestion_multimodal,multimodal,random road degradation,0.31,7.47,2383.25,73.21,2773.93,scaffold-only,"Engineering-only pilot output for quasi-real decision-support method review (non-publication, non-acceptance, non-operational); not publication evidence, not final-study evidence, not formal acceptance evidence, not calibrated real-world results, and not an operational route plan or forecast. Base profile scope: Pilot full scenario-policy-seed output for quasi-real decision-support evaluation; not calibrated real-world results or an operational forecast."
songpa_public_demo,songpa_random_capacity_reduction,random,capacity_reduction,lastmile_capacity_mild,multimodal,random road degradation,0.0,0.0,0.31,0.31,0.62,scaffold-only,"Engineering-only pilot output for quasi-real decision-support method review (non-publication, non-acceptance, non-operational); not publication evidence, not final-study evidence, not formal acceptance evidence, not calibrated real-world results, and not an operational route plan or forecast. Base profile scope: Pilot full scenario-policy-seed output for quasi-real decision-support evaluation; not calibrated real-world results or an operational forecast."
songpa_public_demo,songpa_random_capacity_reduction,random,capacity_reduction,lastmile_capacity_moderate,multimodal,random road degradation,0.0,0.0,0.31,0.31,0.62,scaffold-only,"Engineering-only pilot output for quasi-real decision-support method review (non-publication, non-acceptance, non-operational); not publication evidence, not final-study evidence, not formal acceptance evidence, not calibrated real-world results, and not an operational route plan or forecast. Base profile scope: Pilot full scenario-policy-seed output for quasi-real decision-support evaluation; not calibrated real-world results or an operational forecast."
songpa_public_demo,songpa_random_capacity_reduction,random,capacity_reduction,lastmile_capacity_severe,multimodal,random road degradation,0.0,0.0,0.35,0.31,0.66,scaffold-only,"Engineering-only pilot output for quasi-real decision-support method review (non-publication, non-acceptance, non-operational); not publication evidence, not final-study evidence, not formal acceptance evidence, not calibrated real-world results, and not an operational route plan or forecast. Base profile scope: Pilot full scenario-policy-seed output for quasi-real decision-support evaluation; not calibrated real-world results or an operational forecast."
songpa_public_demo,songpa_random_capacity_reduction,random,capacity_reduction,moderate_congestion_bus,bus_only,random road degradation,0.0,0.0,4.37,4.37,8.74,scaffold-only,"Engineering-only pilot output for quasi-real decision-support method review (non-publication, non-acceptance, non-operational); not publication evidence, not final-study evidence, not formal acceptance evidence, not calibrated real-world results, and not an operational route plan or forecast. Base profile scope: Pilot full scenario-policy-seed output for quasi-real decision-support evaluation; not calibrated real-world results or an operational forecast."
songpa_public_demo,songpa_random_capacity_reduction,random,capacity_reduction,moderate_congestion_multimodal,multimodal,random road degradation,0.0,0.0,6.25,6.25,12.5,scaffold-only,"Engineering-only pilot output for quasi-real decision-support method review (non-publication, non-acceptance, non-operational); not publication evidence, not final-study evidence, not formal acceptance evidence, not calibrated real-world results, and not an operational route plan or forecast. Base profile scope: Pilot full scenario-policy-seed output for quasi-real decision-support evaluation; not calibrated real-world results or an operational forecast."
songpa_public_demo,songpa_random_capacity_reduction,random,capacity_reduction,multimodal_increased_feeder_capacity,multimodal,random road degradation,0.0,0.0,0.35,0.35,0.7,scaffold-only,"Engineering-only pilot output for quasi-real decision-support method review (non-publication, non-acceptance, non-operational); not publication evidence, not final-study evidence, not formal acceptance evidence, not calibrated real-world results, and not an operational route plan or forecast. Base profile scope: Pilot full scenario-policy-seed output for quasi-real decision-support evaluation; not calibrated real-world results or an operational forecast."
songpa_public_demo,songpa_random_capacity_reduction,random,capacity_reduction,multimodal_lastmile_redundancy,multimodal,random road degradation,0.0,0.0,0.32,0.32,0.64,scaffold-only,"Engineering-only pilot output for quasi-real decision-support method review (non-publication, non-acceptance, non-operational); not publication evidence, not final-study evidence, not formal acceptance evidence, not calibrated real-world results, and not an operational route plan or forecast. Base profile scope: Pilot full scenario-policy-seed output for quasi-real decision-support evaluation; not calibrated real-world results or an operational forecast."
songpa_public_demo,songpa_random_capacity_reduction,random,capacity_reduction,peak_congestion_bus,bus_only,random road degradation,0.2,4.8,1440.0,0.0,1644.8,scaffold-only,"Engineering-only pilot output for quasi-real decision-support method review (non-publication, non-acceptance, non-operational); not publication evidence, not final-study evidence, not formal acceptance evidence, not calibrated real-world results, and not an operational route plan or forecast. Base profile scope: Pilot full scenario-policy-seed output for quasi-real decision-support evaluation; not calibrated real-world results or an operational forecast."
songpa_public_demo,songpa_random_capacity_reduction,random,capacity_reduction,peak_congestion_multimodal,multimodal,random road degradation,0.67,16.0,4800.0,inf,inf,scaffold-only,"Engineering-only pilot output for quasi-real decision-support method review (non-publication, non-acceptance, non-operational); not publication evidence, not final-study evidence, not formal acceptance evidence, not calibrated real-world results, and not an operational route plan or forecast. Base profile scope: Pilot full scenario-policy-seed output for quasi-real decision-support evaluation; not calibrated real-world results or an operational forecast."
songpa_public_demo,songpa_random_capacity_reduction,random,capacity_reduction,rail_delay_or_partial_unavailability,multimodal,random road degradation,0.0,0.0,0.58,0.58,1.16,scaffold-only,"Engineering-only pilot output for quasi-real decision-support method review (non-publication, non-acceptance, non-operational); not publication evidence, not final-study evidence, not formal acceptance evidence, not calibrated real-world results, and not an operational route plan or forecast. Base profile scope: Pilot full scenario-policy-seed output for quasi-real decision-support evaluation; not calibrated real-world results or an operational forecast."
songpa_public_demo,songpa_random_capacity_reduction,random,capacity_reduction,severe_congestion_bus,bus_only,random road degradation,1.0,24.0,7319.59,inf,inf,scaffold-only,"Engineering-only pilot output for quasi-real decision-support method review (non-publication, non-acceptance, non-operational); not publication evidence, not final-study evidence, not formal acceptance evidence, not calibrated real-world results, and not an operational route plan or forecast. Base profile scope: Pilot full scenario-policy-seed output for quasi-real decision-support evaluation; not calibrated real-world results or an operational forecast."
songpa_public_demo,songpa_random_capacity_reduction,random,capacity_reduction,severe_congestion_multimodal,multimodal,random road degradation,1.0,24.0,7276.95,inf,inf,scaffold-only,"Engineering-only pilot output for quasi-real decision-support method review (non-publication, non-acceptance, non-operational); not publication evidence, not final-study evidence, not formal acceptance evidence, not calibrated real-world results, and not an operational route plan or forecast. Base profile scope: Pilot full scenario-policy-seed output for quasi-real decision-support evaluation; not calibrated real-world results or an operational forecast."
songpa_public_demo,songpa_random_capacity_reduction,random,capacity_reduction,staggered_or_adaptive_dispatch,multimodal,random road degradation,0.0,0.0,0.34,0.34,0.68,scaffold-only,"Engineering-only pilot output for quasi-real decision-support method review (non-publication, non-acceptance, non-operational); not publication evidence, not final-study evidence, not formal acceptance evidence, not calibrated real-world results, and not an operational route plan or forecast. Base profile scope: Pilot full scenario-policy-seed output for quasi-real decision-support evaluation; not calibrated real-world results or an operational forecast."
songpa_public_demo,songpa_random_capacity_reduction,random,capacity_reduction,transfer_stress_extreme,multimodal,random road degradation,0.0,0.0,0.58,0.58,1.16,scaffold-only,"Engineering-only pilot output for quasi-real decision-support method review (non-publication, non-acceptance, non-operational); not publication evidence, not final-study evidence, not formal acceptance evidence, not calibrated real-world results, and not an operational route plan or forecast. Base profile scope: Pilot full scenario-policy-seed output for quasi-real decision-support evaluation; not calibrated real-world results or an operational forecast."
songpa_public_demo,songpa_random_capacity_reduction,random,capacity_reduction,transfer_stress_mild,multimodal,random road degradation,0.0,0.0,0.35,0.35,0.7,scaffold-only,"Engineering-only pilot output for quasi-real decision-support method review (non-publication, non-acceptance, non-operational); not publication evidence, not final-study evidence, not formal acceptance evidence, not calibrated real-world results, and not an operational route plan or forecast. Base profile scope: Pilot full scenario-policy-seed output for quasi-real decision-support evaluation; not calibrated real-world results or an operational forecast."
songpa_public_demo,songpa_random_capacity_reduction,random,capacity_reduction,transfer_stress_moderate,multimodal,random road degradation,0.0,0.0,0.35,0.35,0.7,scaffold-only,"Engineering-only pilot output for quasi-real decision-support method review (non-publication, non-acceptance, non-operational); not publication evidence, not final-study evidence, not formal acceptance evidence, not calibrated real-world results, and not an operational route plan or forecast. Base profile scope: Pilot full scenario-policy-seed output for quasi-real decision-support evaluation; not calibrated real-world results or an operational forecast."
songpa_public_demo,songpa_random_capacity_reduction,random,capacity_reduction,transfer_stress_severe,multimodal,random road degradation,0.0,0.0,0.58,0.58,1.16,scaffold-only,"Engineering-only pilot output for quasi-real decision-support method review (non-publication, non-acceptance, non-operational); not publication evidence, not final-study evidence, not formal acceptance evidence, not calibrated real-world results, and not an operational route plan or forecast. Base profile scope: Pilot full scenario-policy-seed output for quasi-real decision-support evaluation; not calibrated real-world results or an operational forecast."
songpa_public_demo,songpa_combo_access_rail_capacity,access_road,capacity_reduction,baseline_multimodal,multimodal,scenario-defined bottleneck,0.0,0.0,0.65,0.65,1.3,scaffold-only,"Engineering-only pilot output for quasi-real decision-support method review (non-publication, non-acceptance, non-operational); not publication evidence, not final-study evidence, not formal acceptance evidence, not calibrated real-world results, and not an operational route plan or forecast. Base profile scope: Pilot full scenario-policy-seed output for quasi-real decision-support evaluation; not calibrated real-world results or an operational forecast."
songpa_public_demo,songpa_combo_access_rail_capacity,access_road,capacity_reduction,bus_only,bus_only,scenario-defined bottleneck,0.0,0.0,1.84,1.84,3.68,scaffold-only,"Engineering-only pilot output for quasi-real decision-support method review (non-publication, non-acceptance, non-operational); not publication evidence, not final-study evidence, not formal acceptance evidence, not calibrated real-world results, and not an operational route plan or forecast. Base profile scope: Pilot full scenario-policy-seed output for quasi-real decision-support evaluation; not calibrated real-world results or an operational forecast."
songpa_public_demo,songpa_combo_access_rail_capacity,access_road,capacity_reduction,fleet_shortage_severe,multimodal,scenario-defined bottleneck,0.0,0.0,1.74,1.74,3.48,scaffold-only,"Engineering-only pilot output for quasi-real decision-support method review (non-publication, non-acceptance, non-operational); not publication evidence, not final-study evidence, not formal acceptance evidence, not calibrated real-world results, and not an operational route plan or forecast. Base profile scope: Pilot full scenario-policy-seed output for quasi-real decision-support evaluation; not calibrated real-world results or an operational forecast."
songpa_public_demo,songpa_combo_access_rail_capacity,access_road,capacity_reduction,fleet_shortage_stress,multimodal,scenario-defined bottleneck,0.0,0.0,0.65,0.65,1.3,scaffold-only,"Engineering-only pilot output for quasi-real decision-support method review (non-publication, non-acceptance, non-operational); not publication evidence, not final-study evidence, not formal acceptance evidence, not calibrated real-world results, and not an operational route plan or forecast. Base profile scope: Pilot full scenario-policy-seed output for quasi-real decision-support evaluation; not calibrated real-world results or an operational forecast."
songpa_public_demo,songpa_combo_access_rail_capacity,access_road,capacity_reduction,heavy_congestion_bus,bus_only,scenario-defined bottleneck,1.0,24.0,7368.2,inf,inf,scaffold-only,"Engineering-only pilot output for quasi-real decision-support method review (non-publication, non-acceptance, non-operational); not publication evidence, not final-study evidence, not formal acceptance evidence, not calibrated real-world results, and not an operational route plan or forecast. Base profile scope: Pilot full scenario-policy-seed output for quasi-real decision-support evaluation; not calibrated real-world results or an operational forecast."
songpa_public_demo,songpa_combo_access_rail_capacity,access_road,capacity_reduction,heavy_congestion_multimodal,multimodal,scenario-defined bottleneck,0.9,21.6,6623.55,inf,inf,scaffold-only,"Engineering-only pilot output for quasi-real decision-support method review (non-publication, non-acceptance, non-operational); not publication evidence, not final-study evidence, not formal acceptance evidence, not calibrated real-world results, and not an operational route plan or forecast. Base profile scope: Pilot full scenario-policy-seed output for quasi-real decision-support evaluation; not calibrated real-world results or an operational forecast."
songpa_public_demo,songpa_combo_access_rail_capacity,access_road,capacity_reduction,lastmile_capacity_mild,multimodal,scenario-defined bottleneck,0.0,0.0,0.59,0.59,1.18,scaffold-only,"Engineering-only pilot output for quasi-real decision-support method review (non-publication, non-acceptance, non-operational); not publication evidence, not final-study evidence, not formal acceptance evidence, not calibrated real-world results, and not an operational route plan or forecast. Base profile scope: Pilot full scenario-policy-seed output for quasi-real decision-support evaluation; not calibrated real-world results or an operational forecast."
songpa_public_demo,songpa_combo_access_rail_capacity,access_road,capacity_reduction,lastmile_capacity_moderate,multimodal,scenario-defined bottleneck,0.0,0.0,0.59,0.59,1.18,scaffold-only,"Engineering-only pilot output for quasi-real decision-support method review (non-publication, non-acceptance, non-operational); not publication evidence, not final-study evidence, not formal acceptance evidence, not calibrated real-world results, and not an operational route plan or forecast. Base profile scope: Pilot full scenario-policy-seed output for quasi-real decision-support evaluation; not calibrated real-world results or an operational forecast."
songpa_public_demo,songpa_combo_access_rail_capacity,access_road,capacity_reduction,lastmile_capacity_severe,multimodal,scenario-defined bottleneck,0.0,0.0,0.65,0.59,1.24,scaffold-only,"Engineering-only pilot output for quasi-real decision-support method review (non-publication, non-acceptance, non-operational); not publication evidence, not final-study evidence, not formal acceptance evidence, not calibrated real-world results, and not an operational route plan or forecast. Base profile scope: Pilot full scenario-policy-seed output for quasi-real decision-support evaluation; not calibrated real-world results or an operational forecast."
songpa_public_demo,songpa_combo_access_rail_capacity,access_road,capacity_reduction,moderate_congestion_bus,bus_only,scenario-defined bottleneck,0.0,0.0,28.16,28.16,56.32,scaffold-only,"Engineering-only pilot output for quasi-real decision-support method review (non-publication, non-acceptance, non-operational); not publication evidence, not final-study evidence, not formal acceptance evidence, not calibrated real-world results, and not an operational route plan or forecast. Base profile scope: Pilot full scenario-policy-seed output for quasi-real decision-support evaluation; not calibrated real-world results or an operational forecast."
songpa_public_demo,songpa_combo_access_rail_capacity,access_road,capacity_reduction,moderate_congestion_multimodal,multimodal,scenario-defined bottleneck,0.0,0.0,15.18,15.18,30.36,scaffold-only,"Engineering-only pilot output for quasi-real decision-support method review (non-publication, non-acceptance, non-operational); not publication evidence, not final-study evidence, not formal acceptance evidence, not calibrated real-world results, and not an operational route plan or forecast. Base profile scope: Pilot full scenario-policy-seed output for quasi-real decision-support evaluation; not calibrated real-world results or an operational forecast."
songpa_public_demo,songpa_combo_access_rail_capacity,access_road,capacity_reduction,multimodal_increased_feeder_capacity,multimodal,scenario-defined bottleneck,0.0,0.0,0.65,0.65,1.3,scaffold-only,"Engineering-only pilot output for quasi-real decision-support method review (non-publication, non-acceptance, non-operational); not publication evidence, not final-study evidence, not formal acceptance evidence, not calibrated real-world results, and not an operational route plan or forecast. Base profile scope: Pilot full scenario-policy-seed output for quasi-real decision-support evaluation; not calibrated real-world results or an operational forecast."
songpa_public_demo,songpa_combo_access_rail_capacity,access_road,capacity_reduction,multimodal_lastmile_redundancy,multimodal,scenario-defined bottleneck,0.0,0.0,0.6,0.6,1.2,scaffold-only,"Engineering-only pilot output for quasi-real decision-support method review (non-publication, non-acceptance, non-operational); not publication evidence, not final-study evidence, not formal acceptance evidence, not calibrated real-world results, and not an operational route plan or forecast. Base profile scope: Pilot full scenario-policy-seed output for quasi-real decision-support evaluation; not calibrated real-world results or an operational forecast."
songpa_public_demo,songpa_combo_access_rail_capacity,access_road,capacity_reduction,peak_congestion_bus,bus_only,scenario-defined bottleneck,0.2,4.8,1440.0,0.0,1644.8,scaffold-only,"Engineering-only pilot output for quasi-real decision-support method review (non-publication, non-acceptance, non-operational); not publication evidence, not final-study evidence, not formal acceptance evidence, not calibrated real-world results, and not an operational route plan or forecast. Base profile scope: Pilot full scenario-policy-seed output for quasi-real decision-support evaluation; not calibrated real-world results or an operational forecast."
songpa_public_demo,songpa_combo_access_rail_capacity,access_road,capacity_reduction,peak_congestion_multimodal,multimodal,scenario-defined bottleneck,0.67,16.0,4800.0,inf,inf,scaffold-only,"Engineering-only pilot output for quasi-real decision-support method review (non-publication, non-acceptance, non-operational); not publication evidence, not final-study evidence, not formal acceptance evidence, not calibrated real-world results, and not an operational route plan or forecast. Base profile scope: Pilot full scenario-policy-seed output for quasi-real decision-support evaluation; not calibrated real-world results or an operational forecast."
songpa_public_demo,songpa_combo_access_rail_capacity,access_road,capacity_reduction,rail_delay_or_partial_unavailability,multimodal,scenario-defined bottleneck,0.0,0.0,1.14,1.14,2.28,scaffold-only,"Engineering-only pilot output for quasi-real decision-support method review (non-publication, non-acceptance, non-operational); not publication evidence, not final-study evidence, not formal acceptance evidence, not calibrated real-world results, and not an operational route plan or forecast. Base profile scope: Pilot full scenario-policy-seed output for quasi-real decision-support evaluation; not calibrated real-world results or an operational forecast."
songpa_public_demo,songpa_combo_access_rail_capacity,access_road,capacity_reduction,severe_congestion_bus,bus_only,scenario-defined bottleneck,1.0,24.0,7319.59,inf,inf,scaffold-only,"Engineering-only pilot output for quasi-real decision-support method review (non-publication, non-acceptance, non-operational); not publication evidence, not final-study evidence, not formal acceptance evidence, not calibrated real-world results, and not an operational route plan or forecast. Base profile scope: Pilot full scenario-policy-seed output for quasi-real decision-support evaluation; not calibrated real-world results or an operational forecast."
songpa_public_demo,songpa_combo_access_rail_capacity,access_road,capacity_reduction,severe_congestion_multimodal,multimodal,scenario-defined bottleneck,1.0,24.0,7276.95,inf,inf,scaffold-only,"Engineering-only pilot output for quasi-real decision-support method review (non-publication, non-acceptance, non-operational); not publication evidence, not final-study evidence, not formal acceptance evidence, not calibrated real-world results, and not an operational route plan or forecast. Base profile scope: Pilot full scenario-policy-seed output for quasi-real decision-support evaluation; not calibrated real-world results or an operational forecast."
songpa_public_demo,songpa_combo_access_rail_capacity,access_road,capacity_reduction,staggered_or_adaptive_dispatch,multimodal,scenario-defined bottleneck,0.0,0.0,0.64,0.64,1.28,scaffold-only,"Engineering-only pilot output for quasi-real decision-support method review (non-publication, non-acceptance, non-operational); not publication evidence, not final-study evidence, not formal acceptance evidence, not calibrated real-world results, and not an operational route plan or forecast. Base profile scope: Pilot full scenario-policy-seed output for quasi-real decision-support evaluation; not calibrated real-world results or an operational forecast."
songpa_public_demo,songpa_combo_access_rail_capacity,access_road,capacity_reduction,transfer_stress_extreme,multimodal,scenario-defined bottleneck,0.0,0.0,1.14,1.14,2.28,scaffold-only,"Engineering-only pilot output for quasi-real decision-support method review (non-publication, non-acceptance, non-operational); not publication evidence, not final-study evidence, not formal acceptance evidence, not calibrated real-world results, and not an operational route plan or forecast. Base profile scope: Pilot full scenario-policy-seed output for quasi-real decision-support evaluation; not calibrated real-world results or an operational forecast."
songpa_public_demo,songpa_combo_access_rail_capacity,access_road,capacity_reduction,transfer_stress_mild,multimodal,scenario-defined bottleneck,0.0,0.0,0.65,0.65,1.3,scaffold-only,"Engineering-only pilot output for quasi-real decision-support method review (non-publication, non-acceptance, non-operational); not publication evidence, not final-study evidence, not formal acceptance evidence, not calibrated real-world results, and not an operational route plan or forecast. Base profile scope: Pilot full scenario-policy-seed output for quasi-real decision-support evaluation; not calibrated real-world results or an operational forecast."
songpa_public_demo,songpa_combo_access_rail_capacity,access_road,capacity_reduction,transfer_stress_moderate,multimodal,scenario-defined bottleneck,0.0,0.0,0.65,0.65,1.3,scaffold-only,"Engineering-only pilot output for quasi-real decision-support method review (non-publication, non-acceptance, non-operational); not publication evidence, not final-study evidence, not formal acceptance evidence, not calibrated real-world results, and not an operational route plan or forecast. Base profile scope: Pilot full scenario-policy-seed output for quasi-real decision-support evaluation; not calibrated real-world results or an operational forecast."
songpa_public_demo,songpa_combo_access_rail_capacity,access_road,capacity_reduction,transfer_stress_severe,multimodal,scenario-defined bottleneck,0.0,0.0,1.14,1.14,2.28,scaffold-only,"Engineering-only pilot output for quasi-real decision-support method review (non-publication, non-acceptance, non-operational); not publication evidence, not final-study evidence, not formal acceptance evidence, not calibrated real-world results, and not an operational route plan or forecast. Base profile scope: Pilot full scenario-policy-seed output for quasi-real decision-support evaluation; not calibrated real-world results or an operational forecast."
songpa_public_demo,songpa_combo_tancheon_rail_delay,spatial_hazard_overlay,capacity_reduction,baseline_multimodal,multimodal,scenario-defined bottleneck,0.0,0.0,5.96,5.96,11.92,scaffold-only,"Engineering-only pilot output for quasi-real decision-support method review (non-publication, non-acceptance, non-operational); not publication evidence, not final-study evidence, not formal acceptance evidence, not calibrated real-world results, and not an operational route plan or forecast. Base profile scope: Pilot full scenario-policy-seed output for quasi-real decision-support evaluation; not calibrated real-world results or an operational forecast."
songpa_public_demo,songpa_combo_tancheon_rail_delay,spatial_hazard_overlay,capacity_reduction,bus_only,bus_only,scenario-defined bottleneck,0.0,0.0,0.26,0.26,0.52,scaffold-only,"Engineering-only pilot output for quasi-real decision-support method review (non-publication, non-acceptance, non-operational); not publication evidence, not final-study evidence, not formal acceptance evidence, not calibrated real-world results, and not an operational route plan or forecast. Base profile scope: Pilot full scenario-policy-seed output for quasi-real decision-support evaluation; not calibrated real-world results or an operational forecast."
songpa_public_demo,songpa_combo_tancheon_rail_delay,spatial_hazard_overlay,capacity_reduction,fleet_shortage_severe,multimodal,scenario-defined bottleneck,0.0,0.0,9.94,9.94,19.88,scaffold-only,"Engineering-only pilot output for quasi-real decision-support method review (non-publication, non-acceptance, non-operational); not publication evidence, not final-study evidence, not formal acceptance evidence, not calibrated real-world results, and not an operational route plan or forecast. Base profile scope: Pilot full scenario-policy-seed output for quasi-real decision-support evaluation; not calibrated real-world results or an operational forecast."
songpa_public_demo,songpa_combo_tancheon_rail_delay,spatial_hazard_overlay,capacity_reduction,fleet_shortage_stress,multimodal,scenario-defined bottleneck,0.0,0.0,5.96,5.96,11.92,scaffold-only,"Engineering-only pilot output for quasi-real decision-support method review (non-publication, non-acceptance, non-operational); not publication evidence, not final-study evidence, not formal acceptance evidence, not calibrated real-world results, and not an operational route plan or forecast. Base profile scope: Pilot full scenario-policy-seed output for quasi-real decision-support evaluation; not calibrated real-world results or an operational forecast."
songpa_public_demo,songpa_combo_tancheon_rail_delay,spatial_hazard_overlay,capacity_reduction,heavy_congestion_bus,bus_only,scenario-defined bottleneck,0.0,0.0,64.6,64.6,129.2,scaffold-only,"Engineering-only pilot output for quasi-real decision-support method review (non-publication, non-acceptance, non-operational); not publication evidence, not final-study evidence, not formal acceptance evidence, not calibrated real-world results, and not an operational route plan or forecast. Base profile scope: Pilot full scenario-policy-seed output for quasi-real decision-support evaluation; not calibrated real-world results or an operational forecast."
songpa_public_demo,songpa_combo_tancheon_rail_delay,spatial_hazard_overlay,capacity_reduction,heavy_congestion_multimodal,multimodal,scenario-defined bottleneck,0.0,0.0,9.94,9.94,19.88,scaffold-only,"Engineering-only pilot output for quasi-real decision-support method review (non-publication, non-acceptance, non-operational); not publication evidence, not final-study evidence, not formal acceptance evidence, not calibrated real-world results, and not an operational route plan or forecast. Base profile scope: Pilot full scenario-policy-seed output for quasi-real decision-support evaluation; not calibrated real-world results or an operational forecast."
songpa_public_demo,songpa_combo_tancheon_rail_delay,spatial_hazard_overlay,capacity_reduction,lastmile_capacity_mild,multimodal,scenario-defined bottleneck,0.0,0.0,5.0,5.0,10.0,scaffold-only,"Engineering-only pilot output for quasi-real decision-support method review (non-publication, non-acceptance, non-operational); not publication evidence, not final-study evidence, not formal acceptance evidence, not calibrated real-world results, and not an operational route plan or forecast. Base profile scope: Pilot full scenario-policy-seed output for quasi-real decision-support evaluation; not calibrated real-world results or an operational forecast."
songpa_public_demo,songpa_combo_tancheon_rail_delay,spatial_hazard_overlay,capacity_reduction,lastmile_capacity_moderate,multimodal,scenario-defined bottleneck,0.0,0.0,5.0,5.0,10.0,scaffold-only,"Engineering-only pilot output for quasi-real decision-support method review (non-publication, non-acceptance, non-operational); not publication evidence, not final-study evidence, not formal acceptance evidence, not calibrated real-world results, and not an operational route plan or forecast. Base profile scope: Pilot full scenario-policy-seed output for quasi-real decision-support evaluation; not calibrated real-world results or an operational forecast."
songpa_public_demo,songpa_combo_tancheon_rail_delay,spatial_hazard_overlay,capacity_reduction,lastmile_capacity_severe,multimodal,scenario-defined bottleneck,0.0,0.0,5.96,5.0,10.96,scaffold-only,"Engineering-only pilot output for quasi-real decision-support method review (non-publication, non-acceptance, non-operational); not publication evidence, not final-study evidence, not formal acceptance evidence, not calibrated real-world results, and not an operational route plan or forecast. Base profile scope: Pilot full scenario-policy-seed output for quasi-real decision-support evaluation; not calibrated real-world results or an operational forecast."
songpa_public_demo,songpa_combo_tancheon_rail_delay,spatial_hazard_overlay,capacity_reduction,moderate_congestion_bus,bus_only,scenario-defined bottleneck,0.0,0.0,4.07,4.07,8.14,scaffold-only,"Engineering-only pilot output for quasi-real decision-support method review (non-publication, non-acceptance, non-operational); not publication evidence, not final-study evidence, not formal acceptance evidence, not calibrated real-world results, and not an operational route plan or forecast. Base profile scope: Pilot full scenario-policy-seed output for quasi-real decision-support evaluation; not calibrated real-world results or an operational forecast."
songpa_public_demo,songpa_combo_tancheon_rail_delay,spatial_hazard_overlay,capacity_reduction,moderate_congestion_multimodal,multimodal,scenario-defined bottleneck,0.0,0.0,6.29,6.29,12.58,scaffold-only,"Engineering-only pilot output for quasi-real decision-support method review (non-publication, non-acceptance, non-operational); not publication evidence, not final-study evidence, not formal acceptance evidence, not calibrated real-world results, and not an operational route plan or forecast. Base profile scope: Pilot full scenario-policy-seed output for quasi-real decision-support evaluation; not calibrated real-world results or an operational forecast."
songpa_public_demo,songpa_combo_tancheon_rail_delay,spatial_hazard_overlay,capacity_reduction,multimodal_increased_feeder_capacity,multimodal,scenario-defined bottleneck,0.0,0.0,5.96,5.96,11.92,scaffold-only,"Engineering-only pilot output for quasi-real decision-support method review (non-publication, non-acceptance, non-operational); not publication evidence, not final-study evidence, not formal acceptance evidence, not calibrated real-world results, and not an operational route plan or forecast. Base profile scope: Pilot full scenario-policy-seed output for quasi-real decision-support evaluation; not calibrated real-world results or an operational forecast."
songpa_public_demo,songpa_combo_tancheon_rail_delay,spatial_hazard_overlay,capacity_reduction,multimodal_lastmile_redundancy,multimodal,scenario-defined bottleneck,0.0,0.0,5.0,5.0,10.0,scaffold-only,"Engineering-only pilot output for quasi-real decision-support method review (non-publication, non-acceptance, non-operational); not publication evidence, not final-study evidence, not formal acceptance evidence, not calibrated real-world results, and not an operational route plan or forecast. Base profile scope: Pilot full scenario-policy-seed output for quasi-real decision-support evaluation; not calibrated real-world results or an operational forecast."
songpa_public_demo,songpa_combo_tancheon_rail_delay,spatial_hazard_overlay,capacity_reduction,peak_congestion_bus,bus_only,scenario-defined bottleneck,0.2,4.8,1440.0,0.0,1644.8,scaffold-only,"Engineering-only pilot output for quasi-real decision-support method review (non-publication, non-acceptance, non-operational); not publication evidence, not final-study evidence, not formal acceptance evidence, not calibrated real-world results, and not an operational route plan or forecast. Base profile scope: Pilot full scenario-policy-seed output for quasi-real decision-support evaluation; not calibrated real-world results or an operational forecast."
songpa_public_demo,songpa_combo_tancheon_rail_delay,spatial_hazard_overlay,capacity_reduction,peak_congestion_multimodal,multimodal,scenario-defined bottleneck,0.0,0.0,0.0,5.0,5.0,scaffold-only,"Engineering-only pilot output for quasi-real decision-support method review (non-publication, non-acceptance, non-operational); not publication evidence, not final-study evidence, not formal acceptance evidence, not calibrated real-world results, and not an operational route plan or forecast. Base profile scope: Pilot full scenario-policy-seed output for quasi-real decision-support evaluation; not calibrated real-world results or an operational forecast."
songpa_public_demo,songpa_combo_tancheon_rail_delay,spatial_hazard_overlay,capacity_reduction,rail_delay_or_partial_unavailability,multimodal,scenario-defined bottleneck,0.0,0.0,5.0,5.0,10.0,scaffold-only,"Engineering-only pilot output for quasi-real decision-support method review (non-publication, non-acceptance, non-operational); not publication evidence, not final-study evidence, not formal acceptance evidence, not calibrated real-world results, and not an operational route plan or forecast. Base profile scope: Pilot full scenario-policy-seed output for quasi-real decision-support evaluation; not calibrated real-world results or an operational forecast."
songpa_public_demo,songpa_combo_tancheon_rail_delay,spatial_hazard_overlay,capacity_reduction,severe_congestion_bus,bus_only,scenario-defined bottleneck,1.0,24.0,7319.59,inf,inf,scaffold-only,"Engineering-only pilot output for quasi-real decision-support method review (non-publication, non-acceptance, non-operational); not publication evidence, not final-study evidence, not formal acceptance evidence, not calibrated real-world results, and not an operational route plan or forecast. Base profile scope: Pilot full scenario-policy-seed output for quasi-real decision-support evaluation; not calibrated real-world results or an operational forecast."
songpa_public_demo,songpa_combo_tancheon_rail_delay,spatial_hazard_overlay,capacity_reduction,severe_congestion_multimodal,multimodal,scenario-defined bottleneck,0.0,0.0,5.1,5.1,10.2,scaffold-only,"Engineering-only pilot output for quasi-real decision-support method review (non-publication, non-acceptance, non-operational); not publication evidence, not final-study evidence, not formal acceptance evidence, not calibrated real-world results, and not an operational route plan or forecast. Base profile scope: Pilot full scenario-policy-seed output for quasi-real decision-support evaluation; not calibrated real-world results or an operational forecast."
songpa_public_demo,songpa_combo_tancheon_rail_delay,spatial_hazard_overlay,capacity_reduction,staggered_or_adaptive_dispatch,multimodal,scenario-defined bottleneck,0.0,0.0,6.5,6.5,13.0,scaffold-only,"Engineering-only pilot output for quasi-real decision-support method review (non-publication, non-acceptance, non-operational); not publication evidence, not final-study evidence, not formal acceptance evidence, not calibrated real-world results, and not an operational route plan or forecast. Base profile scope: Pilot full scenario-policy-seed output for quasi-real decision-support evaluation; not calibrated real-world results or an operational forecast."
songpa_public_demo,songpa_combo_tancheon_rail_delay,spatial_hazard_overlay,capacity_reduction,transfer_stress_extreme,multimodal,scenario-defined bottleneck,0.0,0.0,5.0,5.0,10.0,scaffold-only,"Engineering-only pilot output for quasi-real decision-support method review (non-publication, non-acceptance, non-operational); not publication evidence, not final-study evidence, not formal acceptance evidence, not calibrated real-world results, and not an operational route plan or forecast. Base profile scope: Pilot full scenario-policy-seed output for quasi-real decision-support evaluation; not calibrated real-world results or an operational forecast."
songpa_public_demo,songpa_combo_tancheon_rail_delay,spatial_hazard_overlay,capacity_reduction,transfer_stress_mild,multimodal,scenario-defined bottleneck,0.0,0.0,5.0,5.0,10.0,scaffold-only,"Engineering-only pilot output for quasi-real decision-support method review (non-publication, non-acceptance, non-operational); not publication evidence, not final-study evidence, not formal acceptance evidence, not calibrated real-world results, and not an operational route plan or forecast. Base profile scope: Pilot full scenario-policy-seed output for quasi-real decision-support evaluation; not calibrated real-world results or an operational forecast."
songpa_public_demo,songpa_combo_tancheon_rail_delay,spatial_hazard_overlay,capacity_reduction,transfer_stress_moderate,multimodal,scenario-defined bottleneck,0.0,0.0,5.0,5.0,10.0,scaffold-only,"Engineering-only pilot output for quasi-real decision-support method review (non-publication, non-acceptance, non-operational); not publication evidence, not final-study evidence, not formal acceptance evidence, not calibrated real-world results, and not an operational route plan or forecast. Base profile scope: Pilot full scenario-policy-seed output for quasi-real decision-support evaluation; not calibrated real-world results or an operational forecast."
songpa_public_demo,songpa_combo_tancheon_rail_delay,spatial_hazard_overlay,capacity_reduction,transfer_stress_severe,multimodal,scenario-defined bottleneck,0.0,0.0,6.11,6.11,12.22,scaffold-only,"Engineering-only pilot output for quasi-real decision-support method review (non-publication, non-acceptance, non-operational); not publication evidence, not final-study evidence, not formal acceptance evidence, not calibrated real-world results, and not an operational route plan or forecast. Base profile scope: Pilot full scenario-policy-seed output for quasi-real decision-support evaluation; not calibrated real-world results or an operational forecast."
songpa_public_demo,songpa_rail_capacity_reduction,rail_service,none,baseline_multimodal,multimodal,scenario-defined bottleneck,0.0,0.0,0.0,0.0,0.0,scaffold-only,"Engineering-only pilot output for quasi-real decision-support method review (non-publication, non-acceptance, non-operational); not publication evidence, not final-study evidence, not formal acceptance evidence, not calibrated real-world results, and not an operational route plan or forecast. Base profile scope: Pilot full scenario-policy-seed output for quasi-real decision-support evaluation; not calibrated real-world results or an operational forecast."
songpa_public_demo,songpa_rail_capacity_reduction,rail_service,none,bus_only,bus_only,scenario-defined bottleneck,0.0,0.0,0.0,0.0,0.0,scaffold-only,"Engineering-only pilot output for quasi-real decision-support method review (non-publication, non-acceptance, non-operational); not publication evidence, not final-study evidence, not formal acceptance evidence, not calibrated real-world results, and not an operational route plan or forecast. Base profile scope: Pilot full scenario-policy-seed output for quasi-real decision-support evaluation; not calibrated real-world results or an operational forecast."
songpa_public_demo,songpa_rail_capacity_reduction,rail_service,none,fleet_shortage_severe,multimodal,scenario-defined bottleneck,0.0,0.0,0.0,0.0,0.0,scaffold-only,"Engineering-only pilot output for quasi-real decision-support method review (non-publication, non-acceptance, non-operational); not publication evidence, not final-study evidence, not formal acceptance evidence, not calibrated real-world results, and not an operational route plan or forecast. Base profile scope: Pilot full scenario-policy-seed output for quasi-real decision-support evaluation; not calibrated real-world results or an operational forecast."
songpa_public_demo,songpa_rail_capacity_reduction,rail_service,none,fleet_shortage_stress,multimodal,scenario-defined bottleneck,0.0,0.0,0.0,0.0,0.0,scaffold-only,"Engineering-only pilot output for quasi-real decision-support method review (non-publication, non-acceptance, non-operational); not publication evidence, not final-study evidence, not formal acceptance evidence, not calibrated real-world results, and not an operational route plan or forecast. Base profile scope: Pilot full scenario-policy-seed output for quasi-real decision-support evaluation; not calibrated real-world results or an operational forecast."
songpa_public_demo,songpa_rail_capacity_reduction,rail_service,none,heavy_congestion_bus,bus_only,scenario-defined bottleneck,0.0,0.0,0.0,0.0,0.0,scaffold-only,"Engineering-only pilot output for quasi-real decision-support method review (non-publication, non-acceptance, non-operational); not publication evidence, not final-study evidence, not formal acceptance evidence, not calibrated real-world results, and not an operational route plan or forecast. Base profile scope: Pilot full scenario-policy-seed output for quasi-real decision-support evaluation; not calibrated real-world results or an operational forecast."
songpa_public_demo,songpa_rail_capacity_reduction,rail_service,none,heavy_congestion_multimodal,multimodal,scenario-defined bottleneck,0.0,0.0,0.0,0.0,0.0,scaffold-only,"Engineering-only pilot output for quasi-real decision-support method review (non-publication, non-acceptance, non-operational); not publication evidence, not final-study evidence, not formal acceptance evidence, not calibrated real-world results, and not an operational route plan or forecast. Base profile scope: Pilot full scenario-policy-seed output for quasi-real decision-support evaluation; not calibrated real-world results or an operational forecast."
songpa_public_demo,songpa_rail_capacity_reduction,rail_service,none,lastmile_capacity_mild,multimodal,scenario-defined bottleneck,0.0,0.0,0.0,0.0,0.0,scaffold-only,"Engineering-only pilot output for quasi-real decision-support method review (non-publication, non-acceptance, non-operational); not publication evidence, not final-study evidence, not formal acceptance evidence, not calibrated real-world results, and not an operational route plan or forecast. Base profile scope: Pilot full scenario-policy-seed output for quasi-real decision-support evaluation; not calibrated real-world results or an operational forecast."
songpa_public_demo,songpa_rail_capacity_reduction,rail_service,none,lastmile_capacity_moderate,multimodal,scenario-defined bottleneck,0.0,0.0,0.0,0.0,0.0,scaffold-only,"Engineering-only pilot output for quasi-real decision-support method review (non-publication, non-acceptance, non-operational); not publication evidence, not final-study evidence, not formal acceptance evidence, not calibrated real-world results, and not an operational route plan or forecast. Base profile scope: Pilot full scenario-policy-seed output for quasi-real decision-support evaluation; not calibrated real-world results or an operational forecast."
songpa_public_demo,songpa_rail_capacity_reduction,rail_service,none,lastmile_capacity_severe,multimodal,scenario-defined bottleneck,0.0,0.0,0.0,0.0,0.0,scaffold-only,"Engineering-only pilot output for quasi-real decision-support method review (non-publication, non-acceptance, non-operational); not publication evidence, not final-study evidence, not formal acceptance evidence, not calibrated real-world results, and not an operational route plan or forecast. Base profile scope: Pilot full scenario-policy-seed output for quasi-real decision-support evaluation; not calibrated real-world results or an operational forecast."
songpa_public_demo,songpa_rail_capacity_reduction,rail_service,none,moderate_congestion_bus,bus_only,scenario-defined bottleneck,0.0,0.0,0.0,0.0,0.0,scaffold-only,"Engineering-only pilot output for quasi-real decision-support method review (non-publication, non-acceptance, non-operational); not publication evidence, not final-study evidence, not formal acceptance evidence, not calibrated real-world results, and not an operational route plan or forecast. Base profile scope: Pilot full scenario-policy-seed output for quasi-real decision-support evaluation; not calibrated real-world results or an operational forecast."
songpa_public_demo,songpa_rail_capacity_reduction,rail_service,none,moderate_congestion_multimodal,multimodal,scenario-defined bottleneck,0.0,0.0,0.0,0.0,0.0,scaffold-only,"Engineering-only pilot output for quasi-real decision-support method review (non-publication, non-acceptance, non-operational); not publication evidence, not final-study evidence, not formal acceptance evidence, not calibrated real-world results, and not an operational route plan or forecast. Base profile scope: Pilot full scenario-policy-seed output for quasi-real decision-support evaluation; not calibrated real-world results or an operational forecast."
songpa_public_demo,songpa_rail_capacity_reduction,rail_service,none,multimodal_increased_feeder_capacity,multimodal,scenario-defined bottleneck,0.0,0.0,0.0,0.0,0.0,scaffold-only,"Engineering-only pilot output for quasi-real decision-support method review (non-publication, non-acceptance, non-operational); not publication evidence, not final-study evidence, not formal acceptance evidence, not calibrated real-world results, and not an operational route plan or forecast. Base profile scope: Pilot full scenario-policy-seed output for quasi-real decision-support evaluation; not calibrated real-world results or an operational forecast."
songpa_public_demo,songpa_rail_capacity_reduction,rail_service,none,multimodal_lastmile_redundancy,multimodal,scenario-defined bottleneck,0.0,0.0,0.0,0.0,0.0,scaffold-only,"Engineering-only pilot output for quasi-real decision-support method review (non-publication, non-acceptance, non-operational); not publication evidence, not final-study evidence, not formal acceptance evidence, not calibrated real-world results, and not an operational route plan or forecast. Base profile scope: Pilot full scenario-policy-seed output for quasi-real decision-support evaluation; not calibrated real-world results or an operational forecast."
songpa_public_demo,songpa_rail_capacity_reduction,rail_service,none,peak_congestion_bus,bus_only,scenario-defined bottleneck,0.0,0.0,0.0,0.0,0.0,scaffold-only,"Engineering-only pilot output for quasi-real decision-support method review (non-publication, non-acceptance, non-operational); not publication evidence, not final-study evidence, not formal acceptance evidence, not calibrated real-world results, and not an operational route plan or forecast. Base profile scope: Pilot full scenario-policy-seed output for quasi-real decision-support evaluation; not calibrated real-world results or an operational forecast."
songpa_public_demo,songpa_rail_capacity_reduction,rail_service,none,peak_congestion_multimodal,multimodal,scenario-defined bottleneck,0.0,0.0,0.0,0.0,0.0,scaffold-only,"Engineering-only pilot output for quasi-real decision-support method review (non-publication, non-acceptance, non-operational); not publication evidence, not final-study evidence, not formal acceptance evidence, not calibrated real-world results, and not an operational route plan or forecast. Base profile scope: Pilot full scenario-policy-seed output for quasi-real decision-support evaluation; not calibrated real-world results or an operational forecast."
songpa_public_demo,songpa_rail_capacity_reduction,rail_service,none,rail_delay_or_partial_unavailability,multimodal,scenario-defined bottleneck,0.0,0.0,0.0,0.0,0.0,scaffold-only,"Engineering-only pilot output for quasi-real decision-support method review (non-publication, non-acceptance, non-operational); not publication evidence, not final-study evidence, not formal acceptance evidence, not calibrated real-world results, and not an operational route plan or forecast. Base profile scope: Pilot full scenario-policy-seed output for quasi-real decision-support evaluation; not calibrated real-world results or an operational forecast."
songpa_public_demo,songpa_rail_capacity_reduction,rail_service,none,severe_congestion_bus,bus_only,scenario-defined bottleneck,0.0,0.0,0.0,0.0,0.0,scaffold-only,"Engineering-only pilot output for quasi-real decision-support method review (non-publication, non-acceptance, non-operational); not publication evidence, not final-study evidence, not formal acceptance evidence, not calibrated real-world results, and not an operational route plan or forecast. Base profile scope: Pilot full scenario-policy-seed output for quasi-real decision-support evaluation; not calibrated real-world results or an operational forecast."
songpa_public_demo,songpa_rail_capacity_reduction,rail_service,none,severe_congestion_multimodal,multimodal,scenario-defined bottleneck,0.0,0.0,0.0,0.0,0.0,scaffold-only,"Engineering-only pilot output for quasi-real decision-support method review (non-publication, non-acceptance, non-operational); not publication evidence, not final-study evidence, not formal acceptance evidence, not calibrated real-world results, and not an operational route plan or forecast. Base profile scope: Pilot full scenario-policy-seed output for quasi-real decision-support evaluation; not calibrated real-world results or an operational forecast."
songpa_public_demo,songpa_rail_capacity_reduction,rail_service,none,staggered_or_adaptive_dispatch,multimodal,scenario-defined bottleneck,0.0,0.0,0.0,0.0,0.0,scaffold-only,"Engineering-only pilot output for quasi-real decision-support method review (non-publication, non-acceptance, non-operational); not publication evidence, not final-study evidence, not formal acceptance evidence, not calibrated real-world results, and not an operational route plan or forecast. Base profile scope: Pilot full scenario-policy-seed output for quasi-real decision-support evaluation; not calibrated real-world results or an operational forecast."
songpa_public_demo,songpa_rail_capacity_reduction,rail_service,none,transfer_stress_extreme,multimodal,scenario-defined bottleneck,0.0,0.0,0.0,0.0,0.0,scaffold-only,"Engineering-only pilot output for quasi-real decision-support method review (non-publication, non-acceptance, non-operational); not publication evidence, not final-study evidence, not formal acceptance evidence, not calibrated real-world results, and not an operational route plan or forecast. Base profile scope: Pilot full scenario-policy-seed output for quasi-real decision-support evaluation; not calibrated real-world results or an operational forecast."
songpa_public_demo,songpa_rail_capacity_reduction,rail_service,none,transfer_stress_mild,multimodal,scenario-defined bottleneck,0.0,0.0,0.0,0.0,0.0,scaffold-only,"Engineering-only pilot output for quasi-real decision-support method review (non-publication, non-acceptance, non-operational); not publication evidence, not final-study evidence, not formal acceptance evidence, not calibrated real-world results, and not an operational route plan or forecast. Base profile scope: Pilot full scenario-policy-seed output for quasi-real decision-support evaluation; not calibrated real-world results or an operational forecast."
songpa_public_demo,songpa_rail_capacity_reduction,rail_service,none,transfer_stress_moderate,multimodal,scenario-defined bottleneck,0.0,0.0,0.0,0.0,0.0,scaffold-only,"Engineering-only pilot output for quasi-real decision-support method review (non-publication, non-acceptance, non-operational); not publication evidence, not final-study evidence, not formal acceptance evidence, not calibrated real-world results, and not an operational route plan or forecast. Base profile scope: Pilot full scenario-policy-seed output for quasi-real decision-support evaluation; not calibrated real-world results or an operational forecast."
songpa_public_demo,songpa_rail_capacity_reduction,rail_service,none,transfer_stress_severe,multimodal,scenario-defined bottleneck,0.0,0.0,0.0,0.0,0.0,scaffold-only,"Engineering-only pilot output for quasi-real decision-support method review (non-publication, non-acceptance, non-operational); not publication evidence, not final-study evidence, not formal acceptance evidence, not calibrated real-world results, and not an operational route plan or forecast. Base profile scope: Pilot full scenario-policy-seed output for quasi-real decision-support evaluation; not calibrated real-world results or an operational forecast."
songpa_public_demo,songpa_rail_combined_stress,rail_service,none,baseline_multimodal,multimodal,scenario-defined bottleneck,0.0,0.0,10.96,10.96,21.92,scaffold-only,"Engineering-only pilot output for quasi-real decision-support method review (non-publication, non-acceptance, non-operational); not publication evidence, not final-study evidence, not formal acceptance evidence, not calibrated real-world results, and not an operational route plan or forecast. Base profile scope: Pilot full scenario-policy-seed output for quasi-real decision-support evaluation; not calibrated real-world results or an operational forecast."
songpa_public_demo,songpa_rail_combined_stress,rail_service,none,bus_only,bus_only,scenario-defined bottleneck,0.0,0.0,0.0,0.0,0.0,scaffold-only,"Engineering-only pilot output for quasi-real decision-support method review (non-publication, non-acceptance, non-operational); not publication evidence, not final-study evidence, not formal acceptance evidence, not calibrated real-world results, and not an operational route plan or forecast. Base profile scope: Pilot full scenario-policy-seed output for quasi-real decision-support evaluation; not calibrated real-world results or an operational forecast."
songpa_public_demo,songpa_rail_combined_stress,rail_service,none,fleet_shortage_severe,multimodal,scenario-defined bottleneck,0.0,0.0,14.94,14.94,29.88,scaffold-only,"Engineering-only pilot output for quasi-real decision-support method review (non-publication, non-acceptance, non-operational); not publication evidence, not final-study evidence, not formal acceptance evidence, not calibrated real-world results, and not an operational route plan or forecast. Base profile scope: Pilot full scenario-policy-seed output for quasi-real decision-support evaluation; not calibrated real-world results or an operational forecast."
songpa_public_demo,songpa_rail_combined_stress,rail_service,none,fleet_shortage_stress,multimodal,scenario-defined bottleneck,0.0,0.0,10.96,10.96,21.92,scaffold-only,"Engineering-only pilot output for quasi-real decision-support method review (non-publication, non-acceptance, non-operational); not publication evidence, not final-study evidence, not formal acceptance evidence, not calibrated real-world results, and not an operational route plan or forecast. Base profile scope: Pilot full scenario-policy-seed output for quasi-real decision-support evaluation; not calibrated real-world results or an operational forecast."
songpa_public_demo,songpa_rail_combined_stress,rail_service,none,heavy_congestion_bus,bus_only,scenario-defined bottleneck,0.0,0.0,0.0,0.0,0.0,scaffold-only,"Engineering-only pilot output for quasi-real decision-support method review (non-publication, non-acceptance, non-operational); not publication evidence, not final-study evidence, not formal acceptance evidence, not calibrated real-world results, and not an operational route plan or forecast. Base profile scope: Pilot full scenario-policy-seed output for quasi-real decision-support evaluation; not calibrated real-world results or an operational forecast."
songpa_public_demo,songpa_rail_combined_stress,rail_service,none,heavy_congestion_multimodal,multimodal,scenario-defined bottleneck,0.0,0.0,14.94,14.94,29.88,scaffold-only,"Engineering-only pilot output for quasi-real decision-support method review (non-publication, non-acceptance, non-operational); not publication evidence, not final-study evidence, not formal acceptance evidence, not calibrated real-world results, and not an operational route plan or forecast. Base profile scope: Pilot full scenario-policy-seed output for quasi-real decision-support evaluation; not calibrated real-world results or an operational forecast."
songpa_public_demo,songpa_rail_combined_stress,rail_service,none,lastmile_capacity_mild,multimodal,scenario-defined bottleneck,0.0,0.0,5.0,5.0,10.0,scaffold-only,"Engineering-only pilot output for quasi-real decision-support method review (non-publication, non-acceptance, non-operational); not publication evidence, not final-study evidence, not formal acceptance evidence, not calibrated real-world results, and not an operational route plan or forecast. Base profile scope: Pilot full scenario-policy-seed output for quasi-real decision-support evaluation; not calibrated real-world results or an operational forecast."
songpa_public_demo,songpa_rail_combined_stress,rail_service,none,lastmile_capacity_moderate,multimodal,scenario-defined bottleneck,0.0,0.0,5.0,5.0,10.0,scaffold-only,"Engineering-only pilot output for quasi-real decision-support method review (non-publication, non-acceptance, non-operational); not publication evidence, not final-study evidence, not formal acceptance evidence, not calibrated real-world results, and not an operational route plan or forecast. Base profile scope: Pilot full scenario-policy-seed output for quasi-real decision-support evaluation; not calibrated real-world results or an operational forecast."
songpa_public_demo,songpa_rail_combined_stress,rail_service,none,lastmile_capacity_severe,multimodal,scenario-defined bottleneck,0.0,0.0,4.91,10.0,14.91,scaffold-only,"Engineering-only pilot output for quasi-real decision-support method review (non-publication, non-acceptance, non-operational); not publication evidence, not final-study evidence, not formal acceptance evidence, not calibrated real-world results, and not an operational route plan or forecast. Base profile scope: Pilot full scenario-policy-seed output for quasi-real decision-support evaluation; not calibrated real-world results or an operational forecast."
songpa_public_demo,songpa_rail_combined_stress,rail_service,none,moderate_congestion_bus,bus_only,scenario-defined bottleneck,0.0,0.0,0.0,0.0,0.0,scaffold-only,"Engineering-only pilot output for quasi-real decision-support method review (non-publication, non-acceptance, non-operational); not publication evidence, not final-study evidence, not formal acceptance evidence, not calibrated real-world results, and not an operational route plan or forecast. Base profile scope: Pilot full scenario-policy-seed output for quasi-real decision-support evaluation; not calibrated real-world results or an operational forecast."
songpa_public_demo,songpa_rail_combined_stress,rail_service,none,moderate_congestion_multimodal,multimodal,scenario-defined bottleneck,0.0,0.0,11.29,11.29,22.58,scaffold-only,"Engineering-only pilot output for quasi-real decision-support method review (non-publication, non-acceptance, non-operational); not publication evidence, not final-study evidence, not formal acceptance evidence, not calibrated real-world results, and not an operational route plan or forecast. Base profile scope: Pilot full scenario-policy-seed output for quasi-real decision-support evaluation; not calibrated real-world results or an operational forecast."
songpa_public_demo,songpa_rail_combined_stress,rail_service,none,multimodal_increased_feeder_capacity,multimodal,scenario-defined bottleneck,0.0,0.0,10.96,10.96,21.92,scaffold-only,"Engineering-only pilot output for quasi-real decision-support method review (non-publication, non-acceptance, non-operational); not publication evidence, not final-study evidence, not formal acceptance evidence, not calibrated real-world results, and not an operational route plan or forecast. Base profile scope: Pilot full scenario-policy-seed output for quasi-real decision-support evaluation; not calibrated real-world results or an operational forecast."
songpa_public_demo,songpa_rail_combined_stress,rail_service,none,multimodal_lastmile_redundancy,multimodal,scenario-defined bottleneck,0.0,0.0,10.0,10.0,20.0,scaffold-only,"Engineering-only pilot output for quasi-real decision-support method review (non-publication, non-acceptance, non-operational); not publication evidence, not final-study evidence, not formal acceptance evidence, not calibrated real-world results, and not an operational route plan or forecast. Base profile scope: Pilot full scenario-policy-seed output for quasi-real decision-support evaluation; not calibrated real-world results or an operational forecast."
songpa_public_demo,songpa_rail_combined_stress,rail_service,none,peak_congestion_bus,bus_only,scenario-defined bottleneck,0.0,0.0,0.0,0.0,0.0,scaffold-only,"Engineering-only pilot output for quasi-real decision-support method review (non-publication, non-acceptance, non-operational); not publication evidence, not final-study evidence, not formal acceptance evidence, not calibrated real-world results, and not an operational route plan or forecast. Base profile scope: Pilot full scenario-policy-seed output for quasi-real decision-support evaluation; not calibrated real-world results or an operational forecast."
songpa_public_demo,songpa_rail_combined_stress,rail_service,none,peak_congestion_multimodal,multimodal,scenario-defined bottleneck,0.0,0.0,0.0,10.23,10.23,scaffold-only,"Engineering-only pilot output for quasi-real decision-support method review (non-publication, non-acceptance, non-operational); not publication evidence, not final-study evidence, not formal acceptance evidence, not calibrated real-world results, and not an operational route plan or forecast. Base profile scope: Pilot full scenario-policy-seed output for quasi-real decision-support evaluation; not calibrated real-world results or an operational forecast."
songpa_public_demo,songpa_rail_combined_stress,rail_service,none,rail_delay_or_partial_unavailability,multimodal,scenario-defined bottleneck,0.0,0.0,13.45,13.45,26.9,scaffold-only,"Engineering-only pilot output for quasi-real decision-support method review (non-publication, non-acceptance, non-operational); not publication evidence, not final-study evidence, not formal acceptance evidence, not calibrated real-world results, and not an operational route plan or forecast. Base profile scope: Pilot full scenario-policy-seed output for quasi-real decision-support evaluation; not calibrated real-world results or an operational forecast."
songpa_public_demo,songpa_rail_combined_stress,rail_service,none,severe_congestion_bus,bus_only,scenario-defined bottleneck,0.0,0.0,0.0,0.0,0.0,scaffold-only,"Engineering-only pilot output for quasi-real decision-support method review (non-publication, non-acceptance, non-operational); not publication evidence, not final-study evidence, not formal acceptance evidence, not calibrated real-world results, and not an operational route plan or forecast. Base profile scope: Pilot full scenario-policy-seed output for quasi-real decision-support evaluation; not calibrated real-world results or an operational forecast."
songpa_public_demo,songpa_rail_combined_stress,rail_service,none,severe_congestion_multimodal,multimodal,scenario-defined bottleneck,0.0,0.0,5.1,5.1,10.2,scaffold-only,"Engineering-only pilot output for quasi-real decision-support method review (non-publication, non-acceptance, non-operational); not publication evidence, not final-study evidence, not formal acceptance evidence, not calibrated real-world results, and not an operational route plan or forecast. Base profile scope: Pilot full scenario-policy-seed output for quasi-real decision-support evaluation; not calibrated real-world results or an operational forecast."
songpa_public_demo,songpa_rail_combined_stress,rail_service,none,staggered_or_adaptive_dispatch,multimodal,scenario-defined bottleneck,0.0,0.0,14.47,14.47,28.94,scaffold-only,"Engineering-only pilot output for quasi-real decision-support method review (non-publication, non-acceptance, non-operational); not publication evidence, not final-study evidence, not formal acceptance evidence, not calibrated real-world results, and not an operational route plan or forecast. Base profile scope: Pilot full scenario-policy-seed output for quasi-real decision-support evaluation; not calibrated real-world results or an operational forecast."
songpa_public_demo,songpa_rail_combined_stress,rail_service,none,transfer_stress_extreme,multimodal,scenario-defined bottleneck,0.0,0.0,8.95,8.95,17.9,scaffold-only,"Engineering-only pilot output for quasi-real decision-support method review (non-publication, non-acceptance, non-operational); not publication evidence, not final-study evidence, not formal acceptance evidence, not calibrated real-world results, and not an operational route plan or forecast. Base profile scope: Pilot full scenario-policy-seed output for quasi-real decision-support evaluation; not calibrated real-world results or an operational forecast."
songpa_public_demo,songpa_rail_combined_stress,rail_service,none,transfer_stress_mild,multimodal,scenario-defined bottleneck,0.0,0.0,10.96,10.96,21.92,scaffold-only,"Engineering-only pilot output for quasi-real decision-support method review (non-publication, non-acceptance, non-operational); not publication evidence, not final-study evidence, not formal acceptance evidence, not calibrated real-world results, and not an operational route plan or forecast. Base profile scope: Pilot full scenario-policy-seed output for quasi-real decision-support evaluation; not calibrated real-world results or an operational forecast."
songpa_public_demo,songpa_rail_combined_stress,rail_service,none,transfer_stress_moderate,multimodal,scenario-defined bottleneck,0.0,0.0,7.28,7.28,14.56,scaffold-only,"Engineering-only pilot output for quasi-real decision-support method review (non-publication, non-acceptance, non-operational); not publication evidence, not final-study evidence, not formal acceptance evidence, not calibrated real-world results, and not an operational route plan or forecast. Base profile scope: Pilot full scenario-policy-seed output for quasi-real decision-support evaluation; not calibrated real-world results or an operational forecast."
songpa_public_demo,songpa_rail_combined_stress,rail_service,none,transfer_stress_severe,multimodal,scenario-defined bottleneck,0.0,0.0,6.11,6.11,12.22,scaffold-only,"Engineering-only pilot output for quasi-real decision-support method review (non-publication, non-acceptance, non-operational); not publication evidence, not final-study evidence, not formal acceptance evidence, not calibrated real-world results, and not an operational route plan or forecast. Base profile scope: Pilot full scenario-policy-seed output for quasi-real decision-support evaluation; not calibrated real-world results or an operational forecast."
songpa_public_demo,songpa_rail_combined_stress_mild,rail_service,none,baseline_multimodal,multimodal,scenario-defined bottleneck,0.0,0.0,0.96,0.96,1.92,scaffold-only,"Engineering-only pilot output for quasi-real decision-support method review (non-publication, non-acceptance, non-operational); not publication evidence, not final-study evidence, not formal acceptance evidence, not calibrated real-world results, and not an operational route plan or forecast. Base profile scope: Pilot full scenario-policy-seed output for quasi-real decision-support evaluation; not calibrated real-world results or an operational forecast."
songpa_public_demo,songpa_rail_combined_stress_mild,rail_service,none,bus_only,bus_only,scenario-defined bottleneck,0.0,0.0,0.0,0.0,0.0,scaffold-only,"Engineering-only pilot output for quasi-real decision-support method review (non-publication, non-acceptance, non-operational); not publication evidence, not final-study evidence, not formal acceptance evidence, not calibrated real-world results, and not an operational route plan or forecast. Base profile scope: Pilot full scenario-policy-seed output for quasi-real decision-support evaluation; not calibrated real-world results or an operational forecast."
songpa_public_demo,songpa_rail_combined_stress_mild,rail_service,none,fleet_shortage_severe,multimodal,scenario-defined bottleneck,0.0,0.0,4.95,4.95,9.9,scaffold-only,"Engineering-only pilot output for quasi-real decision-support method review (non-publication, non-acceptance, non-operational); not publication evidence, not final-study evidence, not formal acceptance evidence, not calibrated real-world results, and not an operational route plan or forecast. Base profile scope: Pilot full scenario-policy-seed output for quasi-real decision-support evaluation; not calibrated real-world results or an operational forecast."
songpa_public_demo,songpa_rail_combined_stress_mild,rail_service,none,fleet_shortage_stress,multimodal,scenario-defined bottleneck,0.0,0.0,0.96,0.96,1.92,scaffold-only,"Engineering-only pilot output for quasi-real decision-support method review (non-publication, non-acceptance, non-operational); not publication evidence, not final-study evidence, not formal acceptance evidence, not calibrated real-world results, and not an operational route plan or forecast. Base profile scope: Pilot full scenario-policy-seed output for quasi-real decision-support evaluation; not calibrated real-world results or an operational forecast."
songpa_public_demo,songpa_rail_combined_stress_mild,rail_service,none,heavy_congestion_bus,bus_only,scenario-defined bottleneck,0.0,0.0,0.0,0.0,0.0,scaffold-only,"Engineering-only pilot output for quasi-real decision-support method review (non-publication, non-acceptance, non-operational); not publication evidence, not final-study evidence, not formal acceptance evidence, not calibrated real-world results, and not an operational route plan or forecast. Base profile scope: Pilot full scenario-policy-seed output for quasi-real decision-support evaluation; not calibrated real-world results or an operational forecast."
songpa_public_demo,songpa_rail_combined_stress_mild,rail_service,none,heavy_congestion_multimodal,multimodal,scenario-defined bottleneck,0.0,0.0,5.0,5.0,10.0,scaffold-only,"Engineering-only pilot output for quasi-real decision-support method review (non-publication, non-acceptance, non-operational); not publication evidence, not final-study evidence, not formal acceptance evidence, not calibrated real-world results, and not an operational route plan or forecast. Base profile scope: Pilot full scenario-policy-seed output for quasi-real decision-support evaluation; not calibrated real-world results or an operational forecast."
songpa_public_demo,songpa_rail_combined_stress_mild,rail_service,none,lastmile_capacity_mild,multimodal,scenario-defined bottleneck,0.0,0.0,5.0,5.0,10.0,scaffold-only,"Engineering-only pilot output for quasi-real decision-support method review (non-publication, non-acceptance, non-operational); not publication evidence, not final-study evidence, not formal acceptance evidence, not calibrated real-world results, and not an operational route plan or forecast. Base profile scope: Pilot full scenario-policy-seed output for quasi-real decision-support evaluation; not calibrated real-world results or an operational forecast."
songpa_public_demo,songpa_rail_combined_stress_mild,rail_service,none,lastmile_capacity_moderate,multimodal,scenario-defined bottleneck,0.0,0.0,5.0,5.0,10.0,scaffold-only,"Engineering-only pilot output for quasi-real decision-support method review (non-publication, non-acceptance, non-operational); not publication evidence, not final-study evidence, not formal acceptance evidence, not calibrated real-world results, and not an operational route plan or forecast. Base profile scope: Pilot full scenario-policy-seed output for quasi-real decision-support evaluation; not calibrated real-world results or an operational forecast."
songpa_public_demo,songpa_rail_combined_stress_mild,rail_service,none,lastmile_capacity_severe,multimodal,scenario-defined bottleneck,0.0,0.0,0.96,6.05,7.01,scaffold-only,"Engineering-only pilot output for quasi-real decision-support method review (non-publication, non-acceptance, non-operational); not publication evidence, not final-study evidence, not formal acceptance evidence, not calibrated real-world results, and not an operational route plan or forecast. Base profile scope: Pilot full scenario-policy-seed output for quasi-real decision-support evaluation; not calibrated real-world results or an operational forecast."
songpa_public_demo,songpa_rail_combined_stress_mild,rail_service,none,moderate_congestion_bus,bus_only,scenario-defined bottleneck,0.0,0.0,0.0,0.0,0.0,scaffold-only,"Engineering-only pilot output for quasi-real decision-support method review (non-publication, non-acceptance, non-operational); not publication evidence, not final-study evidence, not formal acceptance evidence, not calibrated real-world results, and not an operational route plan or forecast. Base profile scope: Pilot full scenario-policy-seed output for quasi-real decision-support evaluation; not calibrated real-world results or an operational forecast."
songpa_public_demo,songpa_rail_combined_stress_mild,rail_service,none,moderate_congestion_multimodal,multimodal,scenario-defined bottleneck,0.0,0.0,1.29,1.29,2.58,scaffold-only,"Engineering-only pilot output for quasi-real decision-support method review (non-publication, non-acceptance, non-operational); not publication evidence, not final-study evidence, not formal acceptance evidence, not calibrated real-world results, and not an operational route plan or forecast. Base profile scope: Pilot full scenario-policy-seed output for quasi-real decision-support evaluation; not calibrated real-world results or an operational forecast."
songpa_public_demo,songpa_rail_combined_stress_mild,rail_service,none,multimodal_increased_feeder_capacity,multimodal,scenario-defined bottleneck,0.0,0.0,0.96,0.96,1.92,scaffold-only,"Engineering-only pilot output for quasi-real decision-support method review (non-publication, non-acceptance, non-operational); not publication evidence, not final-study evidence, not formal acceptance evidence, not calibrated real-world results, and not an operational route plan or forecast. Base profile scope: Pilot full scenario-policy-seed output for quasi-real decision-support evaluation; not calibrated real-world results or an operational forecast."
songpa_public_demo,songpa_rail_combined_stress_mild,rail_service,none,multimodal_lastmile_redundancy,multimodal,scenario-defined bottleneck,0.0,0.0,0.0,0.0,0.0,scaffold-only,"Engineering-only pilot output for quasi-real decision-support method review (non-publication, non-acceptance, non-operational); not publication evidence, not final-study evidence, not formal acceptance evidence, not calibrated real-world results, and not an operational route plan or forecast. Base profile scope: Pilot full scenario-policy-seed output for quasi-real decision-support evaluation; not calibrated real-world results or an operational forecast."
songpa_public_demo,songpa_rail_combined_stress_mild,rail_service,none,peak_congestion_bus,bus_only,scenario-defined bottleneck,0.0,0.0,0.0,0.0,0.0,scaffold-only,"Engineering-only pilot output for quasi-real decision-support method review (non-publication, non-acceptance, non-operational); not publication evidence, not final-study evidence, not formal acceptance evidence, not calibrated real-world results, and not an operational route plan or forecast. Base profile scope: Pilot full scenario-policy-seed output for quasi-real decision-support evaluation; not calibrated real-world results or an operational forecast."
songpa_public_demo,songpa_rail_combined_stress_mild,rail_service,none,peak_congestion_multimodal,multimodal,scenario-defined bottleneck,0.0,0.0,0.0,0.0,0.0,scaffold-only,"Engineering-only pilot output for quasi-real decision-support method review (non-publication, non-acceptance, non-operational); not publication evidence, not final-study evidence, not formal acceptance evidence, not calibrated real-world results, and not an operational route plan or forecast. Base profile scope: Pilot full scenario-policy-seed output for quasi-real decision-support evaluation; not calibrated real-world results or an operational forecast."
songpa_public_demo,songpa_rail_combined_stress_mild,rail_service,none,rail_delay_or_partial_unavailability,multimodal,scenario-defined bottleneck,0.0,0.0,0.0,0.0,0.0,scaffold-only,"Engineering-only pilot output for quasi-real decision-support method review (non-publication, non-acceptance, non-operational); not publication evidence, not final-study evidence, not formal acceptance evidence, not calibrated real-world results, and not an operational route plan or forecast. Base profile scope: Pilot full scenario-policy-seed output for quasi-real decision-support evaluation; not calibrated real-world results or an operational forecast."
songpa_public_demo,songpa_rail_combined_stress_mild,rail_service,none,severe_congestion_bus,bus_only,scenario-defined bottleneck,0.0,0.0,0.0,0.0,0.0,scaffold-only,"Engineering-only pilot output for quasi-real decision-support method review (non-publication, non-acceptance, non-operational); not publication evidence, not final-study evidence, not formal acceptance evidence, not calibrated real-world results, and not an operational route plan or forecast. Base profile scope: Pilot full scenario-policy-seed output for quasi-real decision-support evaluation; not calibrated real-world results or an operational forecast."
songpa_public_demo,songpa_rail_combined_stress_mild,rail_service,none,severe_congestion_multimodal,multimodal,scenario-defined bottleneck,0.0,0.0,5.0,5.0,10.0,scaffold-only,"Engineering-only pilot output for quasi-real decision-support method review (non-publication, non-acceptance, non-operational); not publication evidence, not final-study evidence, not formal acceptance evidence, not calibrated real-world results, and not an operational route plan or forecast. Base profile scope: Pilot full scenario-policy-seed output for quasi-real decision-support evaluation; not calibrated real-world results or an operational forecast."
songpa_public_demo,songpa_rail_combined_stress_mild,rail_service,none,staggered_or_adaptive_dispatch,multimodal,scenario-defined bottleneck,0.0,0.0,0.97,0.97,1.94,scaffold-only,"Engineering-only pilot output for quasi-real decision-support method review (non-publication, non-acceptance, non-operational); not publication evidence, not final-study evidence, not formal acceptance evidence, not calibrated real-world results, and not an operational route plan or forecast. Base profile scope: Pilot full scenario-policy-seed output for quasi-real decision-support evaluation; not calibrated real-world results or an operational forecast."
songpa_public_demo,songpa_rail_combined_stress_mild,rail_service,none,transfer_stress_extreme,multimodal,scenario-defined bottleneck,0.0,0.0,4.04,4.04,8.08,scaffold-only,"Engineering-only pilot output for quasi-real decision-support method review (non-publication, non-acceptance, non-operational); not publication evidence, not final-study evidence, not formal acceptance evidence, not calibrated real-world results, and not an operational route plan or forecast. Base profile scope: Pilot full scenario-policy-seed output for quasi-real decision-support evaluation; not calibrated real-world results or an operational forecast."
songpa_public_demo,songpa_rail_combined_stress_mild,rail_service,none,transfer_stress_mild,multimodal,scenario-defined bottleneck,0.0,0.0,0.0,0.0,0.0,scaffold-only,"Engineering-only pilot output for quasi-real decision-support method review (non-publication, non-acceptance, non-operational); not publication evidence, not final-study evidence, not formal acceptance evidence, not calibrated real-world results, and not an operational route plan or forecast. Base profile scope: Pilot full scenario-policy-seed output for quasi-real decision-support evaluation; not calibrated real-world results or an operational forecast."
songpa_public_demo,songpa_rail_combined_stress_mild,rail_service,none,transfer_stress_moderate,multimodal,scenario-defined bottleneck,0.0,0.0,0.96,0.96,1.92,scaffold-only,"Engineering-only pilot output for quasi-real decision-support method review (non-publication, non-acceptance, non-operational); not publication evidence, not final-study evidence, not formal acceptance evidence, not calibrated real-world results, and not an operational route plan or forecast. Base profile scope: Pilot full scenario-policy-seed output for quasi-real decision-support evaluation; not calibrated real-world results or an operational forecast."
songpa_public_demo,songpa_rail_combined_stress_mild,rail_service,none,transfer_stress_severe,multimodal,scenario-defined bottleneck,0.0,0.0,1.11,1.11,2.22,scaffold-only,"Engineering-only pilot output for quasi-real decision-support method review (non-publication, non-acceptance, non-operational); not publication evidence, not final-study evidence, not formal acceptance evidence, not calibrated real-world results, and not an operational route plan or forecast. Base profile scope: Pilot full scenario-policy-seed output for quasi-real decision-support evaluation; not calibrated real-world results or an operational forecast."
songpa_public_demo,songpa_rail_combined_stress_severe,rail_service,none,baseline_multimodal,multimodal,scenario-defined bottleneck,0.0,0.0,19.91,19.91,39.82,scaffold-only,"Engineering-only pilot output for quasi-real decision-support method review (non-publication, non-acceptance, non-operational); not publication evidence, not final-study evidence, not formal acceptance evidence, not calibrated real-world results, and not an operational route plan or forecast. Base profile scope: Pilot full scenario-policy-seed output for quasi-real decision-support evaluation; not calibrated real-world results or an operational forecast."
songpa_public_demo,songpa_rail_combined_stress_severe,rail_service,none,bus_only,bus_only,scenario-defined bottleneck,0.0,0.0,0.0,0.0,0.0,scaffold-only,"Engineering-only pilot output for quasi-real decision-support method review (non-publication, non-acceptance, non-operational); not publication evidence, not final-study evidence, not formal acceptance evidence, not calibrated real-world results, and not an operational route plan or forecast. Base profile scope: Pilot full scenario-policy-seed output for quasi-real decision-support evaluation; not calibrated real-world results or an operational forecast."
songpa_public_demo,songpa_rail_combined_stress_severe,rail_service,none,fleet_shortage_severe,multimodal,scenario-defined bottleneck,0.0,0.0,19.0,19.0,38.0,scaffold-only,"Engineering-only pilot output for quasi-real decision-support method review (non-publication, non-acceptance, non-operational); not publication evidence, not final-study evidence, not formal acceptance evidence, not calibrated real-world results, and not an operational route plan or forecast. Base profile scope: Pilot full scenario-policy-seed output for quasi-real decision-support evaluation; not calibrated real-world results or an operational forecast."
songpa_public_demo,songpa_rail_combined_stress_severe,rail_service,none,fleet_shortage_stress,multimodal,scenario-defined bottleneck,0.0,0.0,19.91,19.91,39.82,scaffold-only,"Engineering-only pilot output for quasi-real decision-support method review (non-publication, non-acceptance, non-operational); not publication evidence, not final-study evidence, not formal acceptance evidence, not calibrated real-world results, and not an operational route plan or forecast. Base profile scope: Pilot full scenario-policy-seed output for quasi-real decision-support evaluation; not calibrated real-world results or an operational forecast."
songpa_public_demo,songpa_rail_combined_stress_severe,rail_service,none,heavy_congestion_bus,bus_only,scenario-defined bottleneck,0.0,0.0,0.0,0.0,0.0,scaffold-only,"Engineering-only pilot output for quasi-real decision-support method review (non-publication, non-acceptance, non-operational); not publication evidence, not final-study evidence, not formal acceptance evidence, not calibrated real-world results, and not an operational route plan or forecast. Base profile scope: Pilot full scenario-policy-seed output for quasi-real decision-support evaluation; not calibrated real-world results or an operational forecast."
songpa_public_demo,songpa_rail_combined_stress_severe,rail_service,none,heavy_congestion_multimodal,multimodal,scenario-defined bottleneck,0.0,0.0,17.21,17.21,34.42,scaffold-only,"Engineering-only pilot output for quasi-real decision-support method review (non-publication, non-acceptance, non-operational); not publication evidence, not final-study evidence, not formal acceptance evidence, not calibrated real-world results, and not an operational route plan or forecast. Base profile scope: Pilot full scenario-policy-seed output for quasi-real decision-support evaluation; not calibrated real-world results or an operational forecast."
songpa_public_demo,songpa_rail_combined_stress_severe,rail_service,none,lastmile_capacity_mild,multimodal,scenario-defined bottleneck,0.0,0.0,20.0,20.0,40.0,scaffold-only,"Engineering-only pilot output for quasi-real decision-support method review (non-publication, non-acceptance, non-operational); not publication evidence, not final-study evidence, not formal acceptance evidence, not calibrated real-world results, and not an operational route plan or forecast. Base profile scope: Pilot full scenario-policy-seed output for quasi-real decision-support evaluation; not calibrated real-world results or an operational forecast."
songpa_public_demo,songpa_rail_combined_stress_severe,rail_service,none,lastmile_capacity_moderate,multimodal,scenario-defined bottleneck,0.0,0.0,20.0,20.0,40.0,scaffold-only,"Engineering-only pilot output for quasi-real decision-support method review (non-publication, non-acceptance, non-operational); not publication evidence, not final-study evidence, not formal acceptance evidence, not calibrated real-world results, and not an operational route plan or forecast. Base profile scope: Pilot full scenario-policy-seed output for quasi-real decision-support evaluation; not calibrated real-world results or an operational forecast."
songpa_public_demo,songpa_rail_combined_stress_severe,rail_service,none,lastmile_capacity_severe,multimodal,scenario-defined bottleneck,0.0,0.0,19.91,20.0,39.91,scaffold-only,"Engineering-only pilot output for quasi-real decision-support method review (non-publication, non-acceptance, non-operational); not publication evidence, not final-study evidence, not formal acceptance evidence, not calibrated real-world results, and not an operational route plan or forecast. Base profile scope: Pilot full scenario-policy-seed output for quasi-real decision-support evaluation; not calibrated real-world results or an operational forecast."
songpa_public_demo,songpa_rail_combined_stress_severe,rail_service,none,moderate_congestion_bus,bus_only,scenario-defined bottleneck,0.0,0.0,0.0,0.0,0.0,scaffold-only,"Engineering-only pilot output for quasi-real decision-support method review (non-publication, non-acceptance, non-operational); not publication evidence, not final-study evidence, not formal acceptance evidence, not calibrated real-world results, and not an operational route plan or forecast. Base profile scope: Pilot full scenario-policy-seed output for quasi-real decision-support evaluation; not calibrated real-world results or an operational forecast."
songpa_public_demo,songpa_rail_combined_stress_severe,rail_service,none,moderate_congestion_multimodal,multimodal,scenario-defined bottleneck,0.0,0.0,19.88,19.88,39.76,scaffold-only,"Engineering-only pilot output for quasi-real decision-support method review (non-publication, non-acceptance, non-operational); not publication evidence, not final-study evidence, not formal acceptance evidence, not calibrated real-world results, and not an operational route plan or forecast. Base profile scope: Pilot full scenario-policy-seed output for quasi-real decision-support evaluation; not calibrated real-world results or an operational forecast."
songpa_public_demo,songpa_rail_combined_stress_severe,rail_service,none,multimodal_increased_feeder_capacity,multimodal,scenario-defined bottleneck,0.0,0.0,19.91,19.91,39.82,scaffold-only,"Engineering-only pilot output for quasi-real decision-support method review (non-publication, non-acceptance, non-operational); not publication evidence, not final-study evidence, not formal acceptance evidence, not calibrated real-world results, and not an operational route plan or forecast. Base profile scope: Pilot full scenario-policy-seed output for quasi-real decision-support evaluation; not calibrated real-world results or an operational forecast."
songpa_public_demo,songpa_rail_combined_stress_severe,rail_service,none,multimodal_lastmile_redundancy,multimodal,scenario-defined bottleneck,0.0,0.0,20.0,20.0,40.0,scaffold-only,"Engineering-only pilot output for quasi-real decision-support method review (non-publication, non-acceptance, non-operational); not publication evidence, not final-study evidence, not formal acceptance evidence, not calibrated real-world results, and not an operational route plan or forecast. Base profile scope: Pilot full scenario-policy-seed output for quasi-real decision-support evaluation; not calibrated real-world results or an operational forecast."
songpa_public_demo,songpa_rail_combined_stress_severe,rail_service,none,peak_congestion_bus,bus_only,scenario-defined bottleneck,0.0,0.0,0.0,0.0,0.0,scaffold-only,"Engineering-only pilot output for quasi-real decision-support method review (non-publication, non-acceptance, non-operational); not publication evidence, not final-study evidence, not formal acceptance evidence, not calibrated real-world results, and not an operational route plan or forecast. Base profile scope: Pilot full scenario-policy-seed output for quasi-real decision-support evaluation; not calibrated real-world results or an operational forecast."
songpa_public_demo,songpa_rail_combined_stress_severe,rail_service,none,peak_congestion_multimodal,multimodal,scenario-defined bottleneck,0.0,0.0,0.0,15.23,15.23,scaffold-only,"Engineering-only pilot output for quasi-real decision-support method review (non-publication, non-acceptance, non-operational); not publication evidence, not final-study evidence, not formal acceptance evidence, not calibrated real-world results, and not an operational route plan or forecast. Base profile scope: Pilot full scenario-policy-seed output for quasi-real decision-support evaluation; not calibrated real-world results or an operational forecast."
songpa_public_demo,songpa_rail_combined_stress_severe,rail_service,none,rail_delay_or_partial_unavailability,multimodal,scenario-defined bottleneck,0.0,0.0,15.0,15.0,30.0,scaffold-only,"Engineering-only pilot output for quasi-real decision-support method review (non-publication, non-acceptance, non-operational); not publication evidence, not final-study evidence, not formal acceptance evidence, not calibrated real-world results, and not an operational route plan or forecast. Base profile scope: Pilot full scenario-policy-seed output for quasi-real decision-support evaluation; not calibrated real-world results or an operational forecast."
songpa_public_demo,songpa_rail_combined_stress_severe,rail_service,none,severe_congestion_bus,bus_only,scenario-defined bottleneck,0.0,0.0,0.0,0.0,0.0,scaffold-only,"Engineering-only pilot output for quasi-real decision-support method review (non-publication, non-acceptance, non-operational); not publication evidence, not final-study evidence, not formal acceptance evidence, not calibrated real-world results, and not an operational route plan or forecast. Base profile scope: Pilot full scenario-policy-seed output for quasi-real decision-support evaluation; not calibrated real-world results or an operational forecast."
songpa_public_demo,songpa_rail_combined_stress_severe,rail_service,none,severe_congestion_multimodal,multimodal,scenario-defined bottleneck,0.0,0.0,20.0,20.0,40.0,scaffold-only,"Engineering-only pilot output for quasi-real decision-support method review (non-publication, non-acceptance, non-operational); not publication evidence, not final-study evidence, not formal acceptance evidence, not calibrated real-world results, and not an operational route plan or forecast. Base profile scope: Pilot full scenario-policy-seed output for quasi-real decision-support evaluation; not calibrated real-world results or an operational forecast."
songpa_public_demo,songpa_rail_combined_stress_severe,rail_service,none,staggered_or_adaptive_dispatch,multimodal,scenario-defined bottleneck,0.0,0.0,20.97,20.97,41.94,scaffold-only,"Engineering-only pilot output for quasi-real decision-support method review (non-publication, non-acceptance, non-operational); not publication evidence, not final-study evidence, not formal acceptance evidence, not calibrated real-world results, and not an operational route plan or forecast. Base profile scope: Pilot full scenario-policy-seed output for quasi-real decision-support evaluation; not calibrated real-world results or an operational forecast."
songpa_public_demo,songpa_rail_combined_stress_severe,rail_service,none,transfer_stress_extreme,multimodal,scenario-defined bottleneck,0.0,0.0,20.0,20.0,40.0,scaffold-only,"Engineering-only pilot output for quasi-real decision-support method review (non-publication, non-acceptance, non-operational); not publication evidence, not final-study evidence, not formal acceptance evidence, not calibrated real-world results, and not an operational route plan or forecast. Base profile scope: Pilot full scenario-policy-seed output for quasi-real decision-support evaluation; not calibrated real-world results or an operational forecast."
songpa_public_demo,songpa_rail_combined_stress_severe,rail_service,none,transfer_stress_mild,multimodal,scenario-defined bottleneck,0.0,0.0,15.96,15.96,31.92,scaffold-only,"Engineering-only pilot output for quasi-real decision-support method review (non-publication, non-acceptance, non-operational); not publication evidence, not final-study evidence, not formal acceptance evidence, not calibrated real-world results, and not an operational route plan or forecast. Base profile scope: Pilot full scenario-policy-seed output for quasi-real decision-support evaluation; not calibrated real-world results or an operational forecast."
songpa_public_demo,songpa_rail_combined_stress_severe,rail_service,none,transfer_stress_moderate,multimodal,scenario-defined bottleneck,0.0,0.0,19.91,19.91,39.82,scaffold-only,"Engineering-only pilot output for quasi-real decision-support method review (non-publication, non-acceptance, non-operational); not publication evidence, not final-study evidence, not formal acceptance evidence, not calibrated real-world results, and not an operational route plan or forecast. Base profile scope: Pilot full scenario-policy-seed output for quasi-real decision-support evaluation; not calibrated real-world results or an operational forecast."
songpa_public_demo,songpa_rail_combined_stress_severe,rail_service,none,transfer_stress_severe,multimodal,scenario-defined bottleneck,0.0,0.0,15.33,15.33,30.66,scaffold-only,"Engineering-only pilot output for quasi-real decision-support method review (non-publication, non-acceptance, non-operational); not publication evidence, not final-study evidence, not formal acceptance evidence, not calibrated real-world results, and not an operational route plan or forecast. Base profile scope: Pilot full scenario-policy-seed output for quasi-real decision-support evaluation; not calibrated real-world results or an operational forecast."
songpa_public_demo,songpa_rail_delay,rail_service,none,baseline_multimodal,multimodal,scenario-defined bottleneck,0.0,0.0,5.96,5.96,11.92,scaffold-only,"Engineering-only pilot output for quasi-real decision-support method review (non-publication, non-acceptance, non-operational); not publication evidence, not final-study evidence, not formal acceptance evidence, not calibrated real-world results, and not an operational route plan or forecast. Base profile scope: Pilot full scenario-policy-seed output for quasi-real decision-support evaluation; not calibrated real-world results or an operational forecast."
songpa_public_demo,songpa_rail_delay,rail_service,none,bus_only,bus_only,scenario-defined bottleneck,0.0,0.0,0.0,0.0,0.0,scaffold-only,"Engineering-only pilot output for quasi-real decision-support method review (non-publication, non-acceptance, non-operational); not publication evidence, not final-study evidence, not formal acceptance evidence, not calibrated real-world results, and not an operational route plan or forecast. Base profile scope: Pilot full scenario-policy-seed output for quasi-real decision-support evaluation; not calibrated real-world results or an operational forecast."
songpa_public_demo,songpa_rail_delay,rail_service,none,fleet_shortage_severe,multimodal,scenario-defined bottleneck,0.0,0.0,9.94,9.94,19.88,scaffold-only,"Engineering-only pilot output for quasi-real decision-support method review (non-publication, non-acceptance, non-operational); not publication evidence, not final-study evidence, not formal acceptance evidence, not calibrated real-world results, and not an operational route plan or forecast. Base profile scope: Pilot full scenario-policy-seed output for quasi-real decision-support evaluation; not calibrated real-world results or an operational forecast."
songpa_public_demo,songpa_rail_delay,rail_service,none,fleet_shortage_stress,multimodal,scenario-defined bottleneck,0.0,0.0,5.96,5.96,11.92,scaffold-only,"Engineering-only pilot output for quasi-real decision-support method review (non-publication, non-acceptance, non-operational); not publication evidence, not final-study evidence, not formal acceptance evidence, not calibrated real-world results, and not an operational route plan or forecast. Base profile scope: Pilot full scenario-policy-seed output for quasi-real decision-support evaluation; not calibrated real-world results or an operational forecast."
songpa_public_demo,songpa_rail_delay,rail_service,none,heavy_congestion_bus,bus_only,scenario-defined bottleneck,0.0,0.0,0.0,0.0,0.0,scaffold-only,"Engineering-only pilot output for quasi-real decision-support method review (non-publication, non-acceptance, non-operational); not publication evidence, not final-study evidence, not formal acceptance evidence, not calibrated real-world results, and not an operational route plan or forecast. Base profile scope: Pilot full scenario-policy-seed output for quasi-real decision-support evaluation; not calibrated real-world results or an operational forecast."
songpa_public_demo,songpa_rail_delay,rail_service,none,heavy_congestion_multimodal,multimodal,scenario-defined bottleneck,0.0,0.0,9.94,9.94,19.88,scaffold-only,"Engineering-only pilot output for quasi-real decision-support method review (non-publication, non-acceptance, non-operational); not publication evidence, not final-study evidence, not formal acceptance evidence, not calibrated real-world results, and not an operational route plan or forecast. Base profile scope: Pilot full scenario-policy-seed output for quasi-real decision-support evaluation; not calibrated real-world results or an operational forecast."
songpa_public_demo,songpa_rail_delay,rail_service,none,lastmile_capacity_mild,multimodal,scenario-defined bottleneck,0.0,0.0,5.0,5.0,10.0,scaffold-only,"Engineering-only pilot output for quasi-real decision-support method review (non-publication, non-acceptance, non-operational); not publication evidence, not final-study evidence, not formal acceptance evidence, not calibrated real-world results, and not an operational route plan or forecast. Base profile scope: Pilot full scenario-policy-seed output for quasi-real decision-support evaluation; not calibrated real-world results or an operational forecast."
songpa_public_demo,songpa_rail_delay,rail_service,none,lastmile_capacity_moderate,multimodal,scenario-defined bottleneck,0.0,0.0,5.0,5.0,10.0,scaffold-only,"Engineering-only pilot output for quasi-real decision-support method review (non-publication, non-acceptance, non-operational); not publication evidence, not final-study evidence, not formal acceptance evidence, not calibrated real-world results, and not an operational route plan or forecast. Base profile scope: Pilot full scenario-policy-seed output for quasi-real decision-support evaluation; not calibrated real-world results or an operational forecast."
songpa_public_demo,songpa_rail_delay,rail_service,none,lastmile_capacity_severe,multimodal,scenario-defined bottleneck,0.0,0.0,5.96,5.0,10.96,scaffold-only,"Engineering-only pilot output for quasi-real decision-support method review (non-publication, non-acceptance, non-operational); not publication evidence, not final-study evidence, not formal acceptance evidence, not calibrated real-world results, and not an operational route plan or forecast. Base profile scope: Pilot full scenario-policy-seed output for quasi-real decision-support evaluation; not calibrated real-world results or an operational forecast."
songpa_public_demo,songpa_rail_delay,rail_service,none,moderate_congestion_bus,bus_only,scenario-defined bottleneck,0.0,0.0,0.0,0.0,0.0,scaffold-only,"Engineering-only pilot output for quasi-real decision-support method review (non-publication, non-acceptance, non-operational); not publication evidence, not final-study evidence, not formal acceptance evidence, not calibrated real-world results, and not an operational route plan or forecast. Base profile scope: Pilot full scenario-policy-seed output for quasi-real decision-support evaluation; not calibrated real-world results or an operational forecast."
songpa_public_demo,songpa_rail_delay,rail_service,none,moderate_congestion_multimodal,multimodal,scenario-defined bottleneck,0.0,0.0,6.29,6.29,12.58,scaffold-only,"Engineering-only pilot output for quasi-real decision-support method review (non-publication, non-acceptance, non-operational); not publication evidence, not final-study evidence, not formal acceptance evidence, not calibrated real-world results, and not an operational route plan or forecast. Base profile scope: Pilot full scenario-policy-seed output for quasi-real decision-support evaluation; not calibrated real-world results or an operational forecast."
songpa_public_demo,songpa_rail_delay,rail_service,none,multimodal_increased_feeder_capacity,multimodal,scenario-defined bottleneck,0.0,0.0,5.96,5.96,11.92,scaffold-only,"Engineering-only pilot output for quasi-real decision-support method review (non-publication, non-acceptance, non-operational); not publication evidence, not final-study evidence, not formal acceptance evidence, not calibrated real-world results, and not an operational route plan or forecast. Base profile scope: Pilot full scenario-policy-seed output for quasi-real decision-support evaluation; not calibrated real-world results or an operational forecast."
songpa_public_demo,songpa_rail_delay,rail_service,none,multimodal_lastmile_redundancy,multimodal,scenario-defined bottleneck,0.0,0.0,5.0,5.0,10.0,scaffold-only,"Engineering-only pilot output for quasi-real decision-support method review (non-publication, non-acceptance, non-operational); not publication evidence, not final-study evidence, not formal acceptance evidence, not calibrated real-world results, and not an operational route plan or forecast. Base profile scope: Pilot full scenario-policy-seed output for quasi-real decision-support evaluation; not calibrated real-world results or an operational forecast."
songpa_public_demo,songpa_rail_delay,rail_service,none,peak_congestion_bus,bus_only,scenario-defined bottleneck,0.0,0.0,0.0,0.0,0.0,scaffold-only,"Engineering-only pilot output for quasi-real decision-support method review (non-publication, non-acceptance, non-operational); not publication evidence, not final-study evidence, not formal acceptance evidence, not calibrated real-world results, and not an operational route plan or forecast. Base profile scope: Pilot full scenario-policy-seed output for quasi-real decision-support evaluation; not calibrated real-world results or an operational forecast."
songpa_public_demo,songpa_rail_delay,rail_service,none,peak_congestion_multimodal,multimodal,scenario-defined bottleneck,0.0,0.0,0.0,5.0,5.0,scaffold-only,"Engineering-only pilot output for quasi-real decision-support method review (non-publication, non-acceptance, non-operational); not publication evidence, not final-study evidence, not formal acceptance evidence, not calibrated real-world results, and not an operational route plan or forecast. Base profile scope: Pilot full scenario-policy-seed output for quasi-real decision-support evaluation; not calibrated real-world results or an operational forecast."
songpa_public_demo,songpa_rail_delay,rail_service,none,rail_delay_or_partial_unavailability,multimodal,scenario-defined bottleneck,0.0,0.0,5.0,5.0,10.0,scaffold-only,"Engineering-only pilot output for quasi-real decision-support method review (non-publication, non-acceptance, non-operational); not publication evidence, not final-study evidence, not formal acceptance evidence, not calibrated real-world results, and not an operational route plan or forecast. Base profile scope: Pilot full scenario-policy-seed output for quasi-real decision-support evaluation; not calibrated real-world results or an operational forecast."
songpa_public_demo,songpa_rail_delay,rail_service,none,severe_congestion_bus,bus_only,scenario-defined bottleneck,0.0,0.0,0.0,0.0,0.0,scaffold-only,"Engineering-only pilot output for quasi-real decision-support method review (non-publication, non-acceptance, non-operational); not publication evidence, not final-study evidence, not formal acceptance evidence, not calibrated real-world results, and not an operational route plan or forecast. Base profile scope: Pilot full scenario-policy-seed output for quasi-real decision-support evaluation; not calibrated real-world results or an operational forecast."
songpa_public_demo,songpa_rail_delay,rail_service,none,severe_congestion_multimodal,multimodal,scenario-defined bottleneck,0.0,0.0,5.1,5.1,10.2,scaffold-only,"Engineering-only pilot output for quasi-real decision-support method review (non-publication, non-acceptance, non-operational); not publication evidence, not final-study evidence, not formal acceptance evidence, not calibrated real-world results, and not an operational route plan or forecast. Base profile scope: Pilot full scenario-policy-seed output for quasi-real decision-support evaluation; not calibrated real-world results or an operational forecast."
songpa_public_demo,songpa_rail_delay,rail_service,none,staggered_or_adaptive_dispatch,multimodal,scenario-defined bottleneck,0.0,0.0,6.5,6.5,13.0,scaffold-only,"Engineering-only pilot output for quasi-real decision-support method review (non-publication, non-acceptance, non-operational); not publication evidence, not final-study evidence, not formal acceptance evidence, not calibrated real-world results, and not an operational route plan or forecast. Base profile scope: Pilot full scenario-policy-seed output for quasi-real decision-support evaluation; not calibrated real-world results or an operational forecast."
songpa_public_demo,songpa_rail_delay,rail_service,none,transfer_stress_extreme,multimodal,scenario-defined bottleneck,0.0,0.0,5.0,5.0,10.0,scaffold-only,"Engineering-only pilot output for quasi-real decision-support method review (non-publication, non-acceptance, non-operational); not publication evidence, not final-study evidence, not formal acceptance evidence, not calibrated real-world results, and not an operational route plan or forecast. Base profile scope: Pilot full scenario-policy-seed output for quasi-real decision-support evaluation; not calibrated real-world results or an operational forecast."
songpa_public_demo,songpa_rail_delay,rail_service,none,transfer_stress_mild,multimodal,scenario-defined bottleneck,0.0,0.0,5.0,5.0,10.0,scaffold-only,"Engineering-only pilot output for quasi-real decision-support method review (non-publication, non-acceptance, non-operational); not publication evidence, not final-study evidence, not formal acceptance evidence, not calibrated real-world results, and not an operational route plan or forecast. Base profile scope: Pilot full scenario-policy-seed output for quasi-real decision-support evaluation; not calibrated real-world results or an operational forecast."
songpa_public_demo,songpa_rail_delay,rail_service,none,transfer_stress_moderate,multimodal,scenario-defined bottleneck,0.0,0.0,5.0,5.0,10.0,scaffold-only,"Engineering-only pilot output for quasi-real decision-support method review (non-publication, non-acceptance, non-operational); not publication evidence, not final-study evidence, not formal acceptance evidence, not calibrated real-world results, and not an operational route plan or forecast. Base profile scope: Pilot full scenario-policy-seed output for quasi-real decision-support evaluation; not calibrated real-world results or an operational forecast."
songpa_public_demo,songpa_rail_delay,rail_service,none,transfer_stress_severe,multimodal,scenario-defined bottleneck,0.0,0.0,6.11,6.11,12.22,scaffold-only,"Engineering-only pilot output for quasi-real decision-support method review (non-publication, non-acceptance, non-operational); not publication evidence, not final-study evidence, not formal acceptance evidence, not calibrated real-world results, and not an operational route plan or forecast. Base profile scope: Pilot full scenario-policy-seed output for quasi-real decision-support evaluation; not calibrated real-world results or an operational forecast."
songpa_public_demo,songpa_rail_delay_mild,rail_service,none,baseline_multimodal,multimodal,scenario-defined bottleneck,0.0,0.0,0.96,0.96,1.92,scaffold-only,"Engineering-only pilot output for quasi-real decision-support method review (non-publication, non-acceptance, non-operational); not publication evidence, not final-study evidence, not formal acceptance evidence, not calibrated real-world results, and not an operational route plan or forecast. Base profile scope: Pilot full scenario-policy-seed output for quasi-real decision-support evaluation; not calibrated real-world results or an operational forecast."
songpa_public_demo,songpa_rail_delay_mild,rail_service,none,bus_only,bus_only,scenario-defined bottleneck,0.0,0.0,0.0,0.0,0.0,scaffold-only,"Engineering-only pilot output for quasi-real decision-support method review (non-publication, non-acceptance, non-operational); not publication evidence, not final-study evidence, not formal acceptance evidence, not calibrated real-world results, and not an operational route plan or forecast. Base profile scope: Pilot full scenario-policy-seed output for quasi-real decision-support evaluation; not calibrated real-world results or an operational forecast."
songpa_public_demo,songpa_rail_delay_mild,rail_service,none,fleet_shortage_severe,multimodal,scenario-defined bottleneck,0.0,0.0,4.94,4.94,9.88,scaffold-only,"Engineering-only pilot output for quasi-real decision-support method review (non-publication, non-acceptance, non-operational); not publication evidence, not final-study evidence, not formal acceptance evidence, not calibrated real-world results, and not an operational route plan or forecast. Base profile scope: Pilot full scenario-policy-seed output for quasi-real decision-support evaluation; not calibrated real-world results or an operational forecast."
songpa_public_demo,songpa_rail_delay_mild,rail_service,none,fleet_shortage_stress,multimodal,scenario-defined bottleneck,0.0,0.0,0.96,0.96,1.92,scaffold-only,"Engineering-only pilot output for quasi-real decision-support method review (non-publication, non-acceptance, non-operational); not publication evidence, not final-study evidence, not formal acceptance evidence, not calibrated real-world results, and not an operational route plan or forecast. Base profile scope: Pilot full scenario-policy-seed output for quasi-real decision-support evaluation; not calibrated real-world results or an operational forecast."
songpa_public_demo,songpa_rail_delay_mild,rail_service,none,heavy_congestion_bus,bus_only,scenario-defined bottleneck,0.0,0.0,0.0,0.0,0.0,scaffold-only,"Engineering-only pilot output for quasi-real decision-support method review (non-publication, non-acceptance, non-operational); not publication evidence, not final-study evidence, not formal acceptance evidence, not calibrated real-world results, and not an operational route plan or forecast. Base profile scope: Pilot full scenario-policy-seed output for quasi-real decision-support evaluation; not calibrated real-world results or an operational forecast."
songpa_public_demo,songpa_rail_delay_mild,rail_service,none,heavy_congestion_multimodal,multimodal,scenario-defined bottleneck,0.0,0.0,4.94,4.94,9.88,scaffold-only,"Engineering-only pilot output for quasi-real decision-support method review (non-publication, non-acceptance, non-operational); not publication evidence, not final-study evidence, not formal acceptance evidence, not calibrated real-world results, and not an operational route plan or forecast. Base profile scope: Pilot full scenario-policy-seed output for quasi-real decision-support evaluation; not calibrated real-world results or an operational forecast."
songpa_public_demo,songpa_rail_delay_mild,rail_service,none,lastmile_capacity_mild,multimodal,scenario-defined bottleneck,0.0,0.0,0.0,0.0,0.0,scaffold-only,"Engineering-only pilot output for quasi-real decision-support method review (non-publication, non-acceptance, non-operational); not publication evidence, not final-study evidence, not formal acceptance evidence, not calibrated real-world results, and not an operational route plan or forecast. Base profile scope: Pilot full scenario-policy-seed output for quasi-real decision-support evaluation; not calibrated real-world results or an operational forecast."
songpa_public_demo,songpa_rail_delay_mild,rail_service,none,lastmile_capacity_moderate,multimodal,scenario-defined bottleneck,0.0,0.0,0.0,0.0,0.0,scaffold-only,"Engineering-only pilot output for quasi-real decision-support method review (non-publication, non-acceptance, non-operational); not publication evidence, not final-study evidence, not formal acceptance evidence, not calibrated real-world results, and not an operational route plan or forecast. Base profile scope: Pilot full scenario-policy-seed output for quasi-real decision-support evaluation; not calibrated real-world results or an operational forecast."
songpa_public_demo,songpa_rail_delay_mild,rail_service,none,lastmile_capacity_severe,multimodal,scenario-defined bottleneck,0.0,0.0,0.96,0.0,0.96,scaffold-only,"Engineering-only pilot output for quasi-real decision-support method review (non-publication, non-acceptance, non-operational); not publication evidence, not final-study evidence, not formal acceptance evidence, not calibrated real-world results, and not an operational route plan or forecast. Base profile scope: Pilot full scenario-policy-seed output for quasi-real decision-support evaluation; not calibrated real-world results or an operational forecast."
songpa_public_demo,songpa_rail_delay_mild,rail_service,none,moderate_congestion_bus,bus_only,scenario-defined bottleneck,0.0,0.0,0.0,0.0,0.0,scaffold-only,"Engineering-only pilot output for quasi-real decision-support method review (non-publication, non-acceptance, non-operational); not publication evidence, not final-study evidence, not formal acceptance evidence, not calibrated real-world results, and not an operational route plan or forecast. Base profile scope: Pilot full scenario-policy-seed output for quasi-real decision-support evaluation; not calibrated real-world results or an operational forecast."
songpa_public_demo,songpa_rail_delay_mild,rail_service,none,moderate_congestion_multimodal,multimodal,scenario-defined bottleneck,0.0,0.0,1.29,1.29,2.58,scaffold-only,"Engineering-only pilot output for quasi-real decision-support method review (non-publication, non-acceptance, non-operational); not publication evidence, not final-study evidence, not formal acceptance evidence, not calibrated real-world results, and not an operational route plan or forecast. Base profile scope: Pilot full scenario-policy-seed output for quasi-real decision-support evaluation; not calibrated real-world results or an operational forecast."
songpa_public_demo,songpa_rail_delay_mild,rail_service,none,multimodal_increased_feeder_capacity,multimodal,scenario-defined bottleneck,0.0,0.0,0.96,0.96,1.92,scaffold-only,"Engineering-only pilot output for quasi-real decision-support method review (non-publication, non-acceptance, non-operational); not publication evidence, not final-study evidence, not formal acceptance evidence, not calibrated real-world results, and not an operational route plan or forecast. Base profile scope: Pilot full scenario-policy-seed output for quasi-real decision-support evaluation; not calibrated real-world results or an operational forecast."
songpa_public_demo,songpa_rail_delay_mild,rail_service,none,multimodal_lastmile_redundancy,multimodal,scenario-defined bottleneck,0.0,0.0,0.0,0.0,0.0,scaffold-only,"Engineering-only pilot output for quasi-real decision-support method review (non-publication, non-acceptance, non-operational); not publication evidence, not final-study evidence, not formal acceptance evidence, not calibrated real-world results, and not an operational route plan or forecast. Base profile scope: Pilot full scenario-policy-seed output for quasi-real decision-support evaluation; not calibrated real-world results or an operational forecast."
songpa_public_demo,songpa_rail_delay_mild,rail_service,none,peak_congestion_bus,bus_only,scenario-defined bottleneck,0.0,0.0,0.0,0.0,0.0,scaffold-only,"Engineering-only pilot output for quasi-real decision-support method review (non-publication, non-acceptance, non-operational); not publication evidence, not final-study evidence, not formal acceptance evidence, not calibrated real-world results, and not an operational route plan or forecast. Base profile scope: Pilot full scenario-policy-seed output for quasi-real decision-support evaluation; not calibrated real-world results or an operational forecast."
songpa_public_demo,songpa_rail_delay_mild,rail_service,none,peak_congestion_multimodal,multimodal,scenario-defined bottleneck,0.0,0.0,0.0,0.23,0.23,scaffold-only,"Engineering-only pilot output for quasi-real decision-support method review (non-publication, non-acceptance, non-operational); not publication evidence, not final-study evidence, not formal acceptance evidence, not calibrated real-world results, and not an operational route plan or forecast. Base profile scope: Pilot full scenario-policy-seed output for quasi-real decision-support evaluation; not calibrated real-world results or an operational forecast."
songpa_public_demo,songpa_rail_delay_mild,rail_service,none,rail_delay_or_partial_unavailability,multimodal,scenario-defined bottleneck,0.0,0.0,0.0,0.0,0.0,scaffold-only,"Engineering-only pilot output for quasi-real decision-support method review (non-publication, non-acceptance, non-operational); not publication evidence, not final-study evidence, not formal acceptance evidence, not calibrated real-world results, and not an operational route plan or forecast. Base profile scope: Pilot full scenario-policy-seed output for quasi-real decision-support evaluation; not calibrated real-world results or an operational forecast."
songpa_public_demo,songpa_rail_delay_mild,rail_service,none,severe_congestion_bus,bus_only,scenario-defined bottleneck,0.0,0.0,0.0,0.0,0.0,scaffold-only,"Engineering-only pilot output for quasi-real decision-support method review (non-publication, non-acceptance, non-operational); not publication evidence, not final-study evidence, not formal acceptance evidence, not calibrated real-world results, and not an operational route plan or forecast. Base profile scope: Pilot full scenario-policy-seed output for quasi-real decision-support evaluation; not calibrated real-world results or an operational forecast."
songpa_public_demo,songpa_rail_delay_mild,rail_service,none,severe_congestion_multimodal,multimodal,scenario-defined bottleneck,0.0,0.0,0.09,0.09,0.18,scaffold-only,"Engineering-only pilot output for quasi-real decision-support method review (non-publication, non-acceptance, non-operational); not publication evidence, not final-study evidence, not formal acceptance evidence, not calibrated real-world results, and not an operational route plan or forecast. Base profile scope: Pilot full scenario-policy-seed output for quasi-real decision-support evaluation; not calibrated real-world results or an operational forecast."
songpa_public_demo,songpa_rail_delay_mild,rail_service,none,staggered_or_adaptive_dispatch,multimodal,scenario-defined bottleneck,0.0,0.0,2.6,2.6,5.2,scaffold-only,"Engineering-only pilot output for quasi-real decision-support method review (non-publication, non-acceptance, non-operational); not publication evidence, not final-study evidence, not formal acceptance evidence, not calibrated real-world results, and not an operational route plan or forecast. Base profile scope: Pilot full scenario-policy-seed output for quasi-real decision-support evaluation; not calibrated real-world results or an operational forecast."
songpa_public_demo,songpa_rail_delay_mild,rail_service,none,transfer_stress_extreme,multimodal,scenario-defined bottleneck,0.0,0.0,0.0,0.0,0.0,scaffold-only,"Engineering-only pilot output for quasi-real decision-support method review (non-publication, non-acceptance, non-operational); not publication evidence, not final-study evidence, not formal acceptance evidence, not calibrated real-world results, and not an operational route plan or forecast. Base profile scope: Pilot full scenario-policy-seed output for quasi-real decision-support evaluation; not calibrated real-world results or an operational forecast."
songpa_public_demo,songpa_rail_delay_mild,rail_service,none,transfer_stress_mild,multimodal,scenario-defined bottleneck,0.0,0.0,0.96,0.96,1.92,scaffold-only,"Engineering-only pilot output for quasi-real decision-support method review (non-publication, non-acceptance, non-operational); not publication evidence, not final-study evidence, not formal acceptance evidence, not calibrated real-world results, and not an operational route plan or forecast. Base profile scope: Pilot full scenario-policy-seed output for quasi-real decision-support evaluation; not calibrated real-world results or an operational forecast."
songpa_public_demo,songpa_rail_delay_mild,rail_service,none,transfer_stress_moderate,multimodal,scenario-defined bottleneck,0.0,0.0,0.96,0.96,1.92,scaffold-only,"Engineering-only pilot output for quasi-real decision-support method review (non-publication, non-acceptance, non-operational); not publication evidence, not final-study evidence, not formal acceptance evidence, not calibrated real-world results, and not an operational route plan or forecast. Base profile scope: Pilot full scenario-policy-seed output for quasi-real decision-support evaluation; not calibrated real-world results or an operational forecast."
songpa_public_demo,songpa_rail_delay_mild,rail_service,none,transfer_stress_severe,multimodal,scenario-defined bottleneck,0.0,0.0,1.11,1.11,2.22,scaffold-only,"Engineering-only pilot output for quasi-real decision-support method review (non-publication, non-acceptance, non-operational); not publication evidence, not final-study evidence, not formal acceptance evidence, not calibrated real-world results, and not an operational route plan or forecast. Base profile scope: Pilot full scenario-policy-seed output for quasi-real decision-support evaluation; not calibrated real-world results or an operational forecast."
songpa_public_demo,songpa_rail_delay_severe,rail_service,none,baseline_multimodal,multimodal,scenario-defined bottleneck,0.0,0.0,10.96,10.96,21.92,scaffold-only,"Engineering-only pilot output for quasi-real decision-support method review (non-publication, non-acceptance, non-operational); not publication evidence, not final-study evidence, not formal acceptance evidence, not calibrated real-world results, and not an operational route plan or forecast. Base profile scope: Pilot full scenario-policy-seed output for quasi-real decision-support evaluation; not calibrated real-world results or an operational forecast."
songpa_public_demo,songpa_rail_delay_severe,rail_service,none,bus_only,bus_only,scenario-defined bottleneck,0.0,0.0,0.0,0.0,0.0,scaffold-only,"Engineering-only pilot output for quasi-real decision-support method review (non-publication, non-acceptance, non-operational); not publication evidence, not final-study evidence, not formal acceptance evidence, not calibrated real-world results, and not an operational route plan or forecast. Base profile scope: Pilot full scenario-policy-seed output for quasi-real decision-support evaluation; not calibrated real-world results or an operational forecast."
songpa_public_demo,songpa_rail_delay_severe,rail_service,none,fleet_shortage_severe,multimodal,scenario-defined bottleneck,0.0,0.0,14.94,14.94,29.88,scaffold-only,"Engineering-only pilot output for quasi-real decision-support method review (non-publication, non-acceptance, non-operational); not publication evidence, not final-study evidence, not formal acceptance evidence, not calibrated real-world results, and not an operational route plan or forecast. Base profile scope: Pilot full scenario-policy-seed output for quasi-real decision-support evaluation; not calibrated real-world results or an operational forecast."
songpa_public_demo,songpa_rail_delay_severe,rail_service,none,fleet_shortage_stress,multimodal,scenario-defined bottleneck,0.0,0.0,10.96,10.96,21.92,scaffold-only,"Engineering-only pilot output for quasi-real decision-support method review (non-publication, non-acceptance, non-operational); not publication evidence, not final-study evidence, not formal acceptance evidence, not calibrated real-world results, and not an operational route plan or forecast. Base profile scope: Pilot full scenario-policy-seed output for quasi-real decision-support evaluation; not calibrated real-world results or an operational forecast."
songpa_public_demo,songpa_rail_delay_severe,rail_service,none,heavy_congestion_bus,bus_only,scenario-defined bottleneck,0.0,0.0,0.0,0.0,0.0,scaffold-only,"Engineering-only pilot output for quasi-real decision-support method review (non-publication, non-acceptance, non-operational); not publication evidence, not final-study evidence, not formal acceptance evidence, not calibrated real-world results, and not an operational route plan or forecast. Base profile scope: Pilot full scenario-policy-seed output for quasi-real decision-support evaluation; not calibrated real-world results or an operational forecast."
songpa_public_demo,songpa_rail_delay_severe,rail_service,none,heavy_congestion_multimodal,multimodal,scenario-defined bottleneck,0.0,0.0,14.94,14.94,29.88,scaffold-only,"Engineering-only pilot output for quasi-real decision-support method review (non-publication, non-acceptance, non-operational); not publication evidence, not final-study evidence, not formal acceptance evidence, not calibrated real-world results, and not an operational route plan or forecast. Base profile scope: Pilot full scenario-policy-seed output for quasi-real decision-support evaluation; not calibrated real-world results or an operational forecast."
songpa_public_demo,songpa_rail_delay_severe,rail_service,none,lastmile_capacity_mild,multimodal,scenario-defined bottleneck,0.0,0.0,10.0,10.0,20.0,scaffold-only,"Engineering-only pilot output for quasi-real decision-support method review (non-publication, non-acceptance, non-operational); not publication evidence, not final-study evidence, not formal acceptance evidence, not calibrated real-world results, and not an operational route plan or forecast. Base profile scope: Pilot full scenario-policy-seed output for quasi-real decision-support evaluation; not calibrated real-world results or an operational forecast."
songpa_public_demo,songpa_rail_delay_severe,rail_service,none,lastmile_capacity_moderate,multimodal,scenario-defined bottleneck,0.0,0.0,10.0,10.0,20.0,scaffold-only,"Engineering-only pilot output for quasi-real decision-support method review (non-publication, non-acceptance, non-operational); not publication evidence, not final-study evidence, not formal acceptance evidence, not calibrated real-world results, and not an operational route plan or forecast. Base profile scope: Pilot full scenario-policy-seed output for quasi-real decision-support evaluation; not calibrated real-world results or an operational forecast."
songpa_public_demo,songpa_rail_delay_severe,rail_service,none,lastmile_capacity_severe,multimodal,scenario-defined bottleneck,0.0,0.0,10.96,10.0,20.96,scaffold-only,"Engineering-only pilot output for quasi-real decision-support method review (non-publication, non-acceptance, non-operational); not publication evidence, not final-study evidence, not formal acceptance evidence, not calibrated real-world results, and not an operational route plan or forecast. Base profile scope: Pilot full scenario-policy-seed output for quasi-real decision-support evaluation; not calibrated real-world results or an operational forecast."
songpa_public_demo,songpa_rail_delay_severe,rail_service,none,moderate_congestion_bus,bus_only,scenario-defined bottleneck,0.0,0.0,0.0,0.0,0.0,scaffold-only,"Engineering-only pilot output for quasi-real decision-support method review (non-publication, non-acceptance, non-operational); not publication evidence, not final-study evidence, not formal acceptance evidence, not calibrated real-world results, and not an operational route plan or forecast. Base profile scope: Pilot full scenario-policy-seed output for quasi-real decision-support evaluation; not calibrated real-world results or an operational forecast."
songpa_public_demo,songpa_rail_delay_severe,rail_service,none,moderate_congestion_multimodal,multimodal,scenario-defined bottleneck,0.0,0.0,11.29,11.29,22.58,scaffold-only,"Engineering-only pilot output for quasi-real decision-support method review (non-publication, non-acceptance, non-operational); not publication evidence, not final-study evidence, not formal acceptance evidence, not calibrated real-world results, and not an operational route plan or forecast. Base profile scope: Pilot full scenario-policy-seed output for quasi-real decision-support evaluation; not calibrated real-world results or an operational forecast."
songpa_public_demo,songpa_rail_delay_severe,rail_service,none,multimodal_increased_feeder_capacity,multimodal,scenario-defined bottleneck,0.0,0.0,10.96,10.96,21.92,scaffold-only,"Engineering-only pilot output for quasi-real decision-support method review (non-publication, non-acceptance, non-operational); not publication evidence, not final-study evidence, not formal acceptance evidence, not calibrated real-world results, and not an operational route plan or forecast. Base profile scope: Pilot full scenario-policy-seed output for quasi-real decision-support evaluation; not calibrated real-world results or an operational forecast."
songpa_public_demo,songpa_rail_delay_severe,rail_service,none,multimodal_lastmile_redundancy,multimodal,scenario-defined bottleneck,0.0,0.0,10.0,10.0,20.0,scaffold-only,"Engineering-only pilot output for quasi-real decision-support method review (non-publication, non-acceptance, non-operational); not publication evidence, not final-study evidence, not formal acceptance evidence, not calibrated real-world results, and not an operational route plan or forecast. Base profile scope: Pilot full scenario-policy-seed output for quasi-real decision-support evaluation; not calibrated real-world results or an operational forecast."
songpa_public_demo,songpa_rail_delay_severe,rail_service,none,peak_congestion_bus,bus_only,scenario-defined bottleneck,0.0,0.0,0.0,0.0,0.0,scaffold-only,"Engineering-only pilot output for quasi-real decision-support method review (non-publication, non-acceptance, non-operational); not publication evidence, not final-study evidence, not formal acceptance evidence, not calibrated real-world results, and not an operational route plan or forecast. Base profile scope: Pilot full scenario-policy-seed output for quasi-real decision-support evaluation; not calibrated real-world results or an operational forecast."
songpa_public_demo,songpa_rail_delay_severe,rail_service,none,peak_congestion_multimodal,multimodal,scenario-defined bottleneck,0.0,0.0,0.0,10.23,10.23,scaffold-only,"Engineering-only pilot output for quasi-real decision-support method review (non-publication, non-acceptance, non-operational); not publication evidence, not final-study evidence, not formal acceptance evidence, not calibrated real-world results, and not an operational route plan or forecast. Base profile scope: Pilot full scenario-policy-seed output for quasi-real decision-support evaluation; not calibrated real-world results or an operational forecast."
songpa_public_demo,songpa_rail_delay_severe,rail_service,none,rail_delay_or_partial_unavailability,multimodal,scenario-defined bottleneck,0.0,0.0,15.0,15.0,30.0,scaffold-only,"Engineering-only pilot output for quasi-real decision-support method review (non-publication, non-acceptance, non-operational); not publication evidence, not final-study evidence, not formal acceptance evidence, not calibrated real-world results, and not an operational route plan or forecast. Base profile scope: Pilot full scenario-policy-seed output for quasi-real decision-support evaluation; not calibrated real-world results or an operational forecast."
songpa_public_demo,songpa_rail_delay_severe,rail_service,none,severe_congestion_bus,bus_only,scenario-defined bottleneck,0.0,0.0,0.0,0.0,0.0,scaffold-only,"Engineering-only pilot output for quasi-real decision-support method review (non-publication, non-acceptance, non-operational); not publication evidence, not final-study evidence, not formal acceptance evidence, not calibrated real-world results, and not an operational route plan or forecast. Base profile scope: Pilot full scenario-policy-seed output for quasi-real decision-support evaluation; not calibrated real-world results or an operational forecast."
songpa_public_demo,songpa_rail_delay_severe,rail_service,none,severe_congestion_multimodal,multimodal,scenario-defined bottleneck,0.0,0.0,10.1,10.1,20.2,scaffold-only,"Engineering-only pilot output for quasi-real decision-support method review (non-publication, non-acceptance, non-operational); not publication evidence, not final-study evidence, not formal acceptance evidence, not calibrated real-world results, and not an operational route plan or forecast. Base profile scope: Pilot full scenario-policy-seed output for quasi-real decision-support evaluation; not calibrated real-world results or an operational forecast."
songpa_public_demo,songpa_rail_delay_severe,rail_service,none,staggered_or_adaptive_dispatch,multimodal,scenario-defined bottleneck,0.0,0.0,13.0,13.0,26.0,scaffold-only,"Engineering-only pilot output for quasi-real decision-support method review (non-publication, non-acceptance, non-operational); not publication evidence, not final-study evidence, not formal acceptance evidence, not calibrated real-world results, and not an operational route plan or forecast. Base profile scope: Pilot full scenario-policy-seed output for quasi-real decision-support evaluation; not calibrated real-world results or an operational forecast."
songpa_public_demo,songpa_rail_delay_severe,rail_service,none,transfer_stress_extreme,multimodal,scenario-defined bottleneck,0.0,0.0,10.0,10.0,20.0,scaffold-only,"Engineering-only pilot output for quasi-real decision-support method review (non-publication, non-acceptance, non-operational); not publication evidence, not final-study evidence, not formal acceptance evidence, not calibrated real-world results, and not an operational route plan or forecast. Base profile scope: Pilot full scenario-policy-seed output for quasi-real decision-support evaluation; not calibrated real-world results or an operational forecast."
songpa_public_demo,songpa_rail_delay_severe,rail_service,none,transfer_stress_mild,multimodal,scenario-defined bottleneck,0.0,0.0,10.96,10.96,21.92,scaffold-only,"Engineering-only pilot output for quasi-real decision-support method review (non-publication, non-acceptance, non-operational); not publication evidence, not final-study evidence, not formal acceptance evidence, not calibrated real-world results, and not an operational route plan or forecast. Base profile scope: Pilot full scenario-policy-seed output for quasi-real decision-support evaluation; not calibrated real-world results or an operational forecast."
songpa_public_demo,songpa_rail_delay_severe,rail_service,none,transfer_stress_moderate,multimodal,scenario-defined bottleneck,0.0,0.0,10.96,10.96,21.92,scaffold-only,"Engineering-only pilot output for quasi-real decision-support method review (non-publication, non-acceptance, non-operational); not publication evidence, not final-study evidence, not formal acceptance evidence, not calibrated real-world results, and not an operational route plan or forecast. Base profile scope: Pilot full scenario-policy-seed output for quasi-real decision-support evaluation; not calibrated real-world results or an operational forecast."
songpa_public_demo,songpa_rail_delay_severe,rail_service,none,transfer_stress_severe,multimodal,scenario-defined bottleneck,0.0,0.0,11.11,11.11,22.22,scaffold-only,"Engineering-only pilot output for quasi-real decision-support method review (non-publication, non-acceptance, non-operational); not publication evidence, not final-study evidence, not formal acceptance evidence, not calibrated real-world results, and not an operational route plan or forecast. Base profile scope: Pilot full scenario-policy-seed output for quasi-real decision-support evaluation; not calibrated real-world results or an operational forecast."
songpa_public_demo,songpa_rail_unavailable,rail_service,none,baseline_multimodal,multimodal,scenario-defined bottleneck,1.0,24.0,7353.49,inf,inf,scaffold-only,"Engineering-only pilot output for quasi-real decision-support method review (non-publication, non-acceptance, non-operational); not publication evidence, not final-study evidence, not formal acceptance evidence, not calibrated real-world results, and not an operational route plan or forecast. Base profile scope: Pilot full scenario-policy-seed output for quasi-real decision-support evaluation; not calibrated real-world results or an operational forecast."
songpa_public_demo,songpa_rail_unavailable,rail_service,none,bus_only,bus_only,scenario-defined bottleneck,0.0,0.0,0.0,0.0,0.0,scaffold-only,"Engineering-only pilot output for quasi-real decision-support method review (non-publication, non-acceptance, non-operational); not publication evidence, not final-study evidence, not formal acceptance evidence, not calibrated real-world results, and not an operational route plan or forecast. Base profile scope: Pilot full scenario-policy-seed output for quasi-real decision-support evaluation; not calibrated real-world results or an operational forecast."
songpa_public_demo,songpa_rail_unavailable,rail_service,none,fleet_shortage_severe,multimodal,scenario-defined bottleneck,1.0,24.0,7347.21,inf,inf,scaffold-only,"Engineering-only pilot output for quasi-real decision-support method review (non-publication, non-acceptance, non-operational); not publication evidence, not final-study evidence, not formal acceptance evidence, not calibrated real-world results, and not an operational route plan or forecast. Base profile scope: Pilot full scenario-policy-seed output for quasi-real decision-support evaluation; not calibrated real-world results or an operational forecast."
songpa_public_demo,songpa_rail_unavailable,rail_service,none,fleet_shortage_stress,multimodal,scenario-defined bottleneck,1.0,24.0,7353.49,inf,inf,scaffold-only,"Engineering-only pilot output for quasi-real decision-support method review (non-publication, non-acceptance, non-operational); not publication evidence, not final-study evidence, not formal acceptance evidence, not calibrated real-world results, and not an operational route plan or forecast. Base profile scope: Pilot full scenario-policy-seed output for quasi-real decision-support evaluation; not calibrated real-world results or an operational forecast."
songpa_public_demo,songpa_rail_unavailable,rail_service,none,heavy_congestion_bus,bus_only,scenario-defined bottleneck,0.0,0.0,0.0,0.0,0.0,scaffold-only,"Engineering-only pilot output for quasi-real decision-support method review (non-publication, non-acceptance, non-operational); not publication evidence, not final-study evidence, not formal acceptance evidence, not calibrated real-world results, and not an operational route plan or forecast. Base profile scope: Pilot full scenario-policy-seed output for quasi-real decision-support evaluation; not calibrated real-world results or an operational forecast."
songpa_public_demo,songpa_rail_unavailable,rail_service,none,heavy_congestion_multimodal,multimodal,scenario-defined bottleneck,1.0,24.0,7343.55,inf,inf,scaffold-only,"Engineering-only pilot output for quasi-real decision-support method review (non-publication, non-acceptance, non-operational); not publication evidence, not final-study evidence, not formal acceptance evidence, not calibrated real-world results, and not an operational route plan or forecast. Base profile scope: Pilot full scenario-policy-seed output for quasi-real decision-support evaluation; not calibrated real-world results or an operational forecast."
songpa_public_demo,songpa_rail_unavailable,rail_service,none,lastmile_capacity_mild,multimodal,scenario-defined bottleneck,1.0,24.0,7358.58,inf,inf,scaffold-only,"Engineering-only pilot output for quasi-real decision-support method review (non-publication, non-acceptance, non-operational); not publication evidence, not final-study evidence, not formal acceptance evidence, not calibrated real-world results, and not an operational route plan or forecast. Base profile scope: Pilot full scenario-policy-seed output for quasi-real decision-support evaluation; not calibrated real-world results or an operational forecast."
songpa_public_demo,songpa_rail_unavailable,rail_service,none,lastmile_capacity_moderate,multimodal,scenario-defined bottleneck,1.0,24.0,7358.58,inf,inf,scaffold-only,"Engineering-only pilot output for quasi-real decision-support method review (non-publication, non-acceptance, non-operational); not publication evidence, not final-study evidence, not formal acceptance evidence, not calibrated real-world results, and not an operational route plan or forecast. Base profile scope: Pilot full scenario-policy-seed output for quasi-real decision-support evaluation; not calibrated real-world results or an operational forecast."
songpa_public_demo,songpa_rail_unavailable,rail_service,none,lastmile_capacity_severe,multimodal,scenario-defined bottleneck,1.0,24.0,7353.49,inf,inf,scaffold-only,"Engineering-only pilot output for quasi-real decision-support method review (non-publication, non-acceptance, non-operational); not publication evidence, not final-study evidence, not formal acceptance evidence, not calibrated real-world results, and not an operational route plan or forecast. Base profile scope: Pilot full scenario-policy-seed output for quasi-real decision-support evaluation; not calibrated real-world results or an operational forecast."
songpa_public_demo,songpa_rail_unavailable,rail_service,none,moderate_congestion_bus,bus_only,scenario-defined bottleneck,0.0,0.0,0.0,0.0,0.0,scaffold-only,"Engineering-only pilot output for quasi-real decision-support method review (non-publication, non-acceptance, non-operational); not publication evidence, not final-study evidence, not formal acceptance evidence, not calibrated real-world results, and not an operational route plan or forecast. Base profile scope: Pilot full scenario-policy-seed output for quasi-real decision-support evaluation; not calibrated real-world results or an operational forecast."
songpa_public_demo,songpa_rail_unavailable,rail_service,none,moderate_congestion_multimodal,multimodal,scenario-defined bottleneck,1.0,24.0,7353.04,inf,inf,scaffold-only,"Engineering-only pilot output for quasi-real decision-support method review (non-publication, non-acceptance, non-operational); not publication evidence, not final-study evidence, not formal acceptance evidence, not calibrated real-world results, and not an operational route plan or forecast. Base profile scope: Pilot full scenario-policy-seed output for quasi-real decision-support evaluation; not calibrated real-world results or an operational forecast."
songpa_public_demo,songpa_rail_unavailable,rail_service,none,multimodal_increased_feeder_capacity,multimodal,scenario-defined bottleneck,1.0,24.0,7353.49,inf,inf,scaffold-only,"Engineering-only pilot output for quasi-real decision-support method review (non-publication, non-acceptance, non-operational); not publication evidence, not final-study evidence, not formal acceptance evidence, not calibrated real-world results, and not an operational route plan or forecast. Base profile scope: Pilot full scenario-policy-seed output for quasi-real decision-support evaluation; not calibrated real-world results or an operational forecast."
songpa_public_demo,songpa_rail_unavailable,rail_service,none,multimodal_lastmile_redundancy,multimodal,scenario-defined bottleneck,1.0,24.0,7353.58,inf,inf,scaffold-only,"Engineering-only pilot output for quasi-real decision-support method review (non-publication, non-acceptance, non-operational); not publication evidence, not final-study evidence, not formal acceptance evidence, not calibrated real-world results, and not an operational route plan or forecast. Base profile scope: Pilot full scenario-policy-seed output for quasi-real decision-support evaluation; not calibrated real-world results or an operational forecast."
songpa_public_demo,songpa_rail_unavailable,rail_service,none,peak_congestion_bus,bus_only,scenario-defined bottleneck,0.0,0.0,0.0,0.0,0.0,scaffold-only,"Engineering-only pilot output for quasi-real decision-support method review (non-publication, non-acceptance, non-operational); not publication evidence, not final-study evidence, not formal acceptance evidence, not calibrated real-world results, and not an operational route plan or forecast. Base profile scope: Pilot full scenario-policy-seed output for quasi-real decision-support evaluation; not calibrated real-world results or an operational forecast."
songpa_public_demo,songpa_rail_unavailable,rail_service,none,peak_congestion_multimodal,multimodal,scenario-defined bottleneck,0.67,16.0,4800.0,inf,inf,scaffold-only,"Engineering-only pilot output for quasi-real decision-support method review (non-publication, non-acceptance, non-operational); not publication evidence, not final-study evidence, not formal acceptance evidence, not calibrated real-world results, and not an operational route plan or forecast. Base profile scope: Pilot full scenario-policy-seed output for quasi-real decision-support evaluation; not calibrated real-world results or an operational forecast."
songpa_public_demo,songpa_rail_unavailable,rail_service,none,rail_delay_or_partial_unavailability,multimodal,scenario-defined bottleneck,1.0,24.0,7342.53,inf,inf,scaffold-only,"Engineering-only pilot output for quasi-real decision-support method review (non-publication, non-acceptance, non-operational); not publication evidence, not final-study evidence, not formal acceptance evidence, not calibrated real-world results, and not an operational route plan or forecast. Base profile scope: Pilot full scenario-policy-seed output for quasi-real decision-support evaluation; not calibrated real-world results or an operational forecast."
songpa_public_demo,songpa_rail_unavailable,rail_service,none,severe_congestion_bus,bus_only,scenario-defined bottleneck,0.0,0.0,0.0,0.0,0.0,scaffold-only,"Engineering-only pilot output for quasi-real decision-support method review (non-publication, non-acceptance, non-operational); not publication evidence, not final-study evidence, not formal acceptance evidence, not calibrated real-world results, and not an operational route plan or forecast. Base profile scope: Pilot full scenario-policy-seed output for quasi-real decision-support evaluation; not calibrated real-world results or an operational forecast."
songpa_public_demo,songpa_rail_unavailable,rail_service,none,severe_congestion_multimodal,multimodal,scenario-defined bottleneck,1.0,24.0,7276.95,inf,inf,scaffold-only,"Engineering-only pilot output for quasi-real decision-support method review (non-publication, non-acceptance, non-operational); not publication evidence, not final-study evidence, not formal acceptance evidence, not calibrated real-world results, and not an operational route plan or forecast. Base profile scope: Pilot full scenario-policy-seed output for quasi-real decision-support evaluation; not calibrated real-world results or an operational forecast."
songpa_public_demo,songpa_rail_unavailable,rail_service,none,staggered_or_adaptive_dispatch,multimodal,scenario-defined bottleneck,1.0,24.0,7345.55,inf,inf,scaffold-only,"Engineering-only pilot output for quasi-real decision-support method review (non-publication, non-acceptance, non-operational); not publication evidence, not final-study evidence, not formal acceptance evidence, not calibrated real-world results, and not an operational route plan or forecast. Base profile scope: Pilot full scenario-policy-seed output for quasi-real decision-support evaluation; not calibrated real-world results or an operational forecast."
songpa_public_demo,songpa_rail_unavailable,rail_service,none,transfer_stress_extreme,multimodal,scenario-defined bottleneck,1.0,24.0,7232.53,inf,inf,scaffold-only,"Engineering-only pilot output for quasi-real decision-support method review (non-publication, non-acceptance, non-operational); not publication evidence, not final-study evidence, not formal acceptance evidence, not calibrated real-world results, and not an operational route plan or forecast. Base profile scope: Pilot full scenario-policy-seed output for quasi-real decision-support evaluation; not calibrated real-world results or an operational forecast."
songpa_public_demo,songpa_rail_unavailable,rail_service,none,transfer_stress_mild,multimodal,scenario-defined bottleneck,1.0,24.0,7328.49,inf,inf,scaffold-only,"Engineering-only pilot output for quasi-real decision-support method review (non-publication, non-acceptance, non-operational); not publication evidence, not final-study evidence, not formal acceptance evidence, not calibrated real-world results, and not an operational route plan or forecast. Base profile scope: Pilot full scenario-policy-seed output for quasi-real decision-support evaluation; not calibrated real-world results or an operational forecast."
songpa_public_demo,songpa_rail_unavailable,rail_service,none,transfer_stress_moderate,multimodal,scenario-defined bottleneck,1.0,24.0,7303.49,inf,inf,scaffold-only,"Engineering-only pilot output for quasi-real decision-support method review (non-publication, non-acceptance, non-operational); not publication evidence, not final-study evidence, not formal acceptance evidence, not calibrated real-world results, and not an operational route plan or forecast. Base profile scope: Pilot full scenario-policy-seed output for quasi-real decision-support evaluation; not calibrated real-world results or an operational forecast."
songpa_public_demo,songpa_rail_unavailable,rail_service,none,transfer_stress_severe,multimodal,scenario-defined bottleneck,1.0,24.0,7272.53,inf,inf,scaffold-only,"Engineering-only pilot output for quasi-real decision-support method review (non-publication, non-acceptance, non-operational); not publication evidence, not final-study evidence, not formal acceptance evidence, not calibrated real-world results, and not an operational route plan or forecast. Base profile scope: Pilot full scenario-policy-seed output for quasi-real decision-support evaluation; not calibrated real-world results or an operational forecast."
songpa_public_demo,songpa_transfer_point_blockage,spatial_hazard_overlay,capacity_reduction,baseline_multimodal,multimodal,scenario-defined bottleneck,0.0,0.0,0.0,0.0,0.0,scaffold-only,"Engineering-only pilot output for quasi-real decision-support method review (non-publication, non-acceptance, non-operational); not publication evidence, not final-study evidence, not formal acceptance evidence, not calibrated real-world results, and not an operational route plan or forecast. Base profile scope: Pilot full scenario-policy-seed output for quasi-real decision-support evaluation; not calibrated real-world results or an operational forecast."
songpa_public_demo,songpa_transfer_point_blockage,spatial_hazard_overlay,capacity_reduction,bus_only,bus_only,scenario-defined bottleneck,0.0,0.0,0.0,0.0,0.0,scaffold-only,"Engineering-only pilot output for quasi-real decision-support method review (non-publication, non-acceptance, non-operational); not publication evidence, not final-study evidence, not formal acceptance evidence, not calibrated real-world results, and not an operational route plan or forecast. Base profile scope: Pilot full scenario-policy-seed output for quasi-real decision-support evaluation; not calibrated real-world results or an operational forecast."
songpa_public_demo,songpa_transfer_point_blockage,spatial_hazard_overlay,capacity_reduction,fleet_shortage_severe,multimodal,scenario-defined bottleneck,0.0,0.0,0.0,0.0,0.0,scaffold-only,"Engineering-only pilot output for quasi-real decision-support method review (non-publication, non-acceptance, non-operational); not publication evidence, not final-study evidence, not formal acceptance evidence, not calibrated real-world results, and not an operational route plan or forecast. Base profile scope: Pilot full scenario-policy-seed output for quasi-real decision-support evaluation; not calibrated real-world results or an operational forecast."
songpa_public_demo,songpa_transfer_point_blockage,spatial_hazard_overlay,capacity_reduction,fleet_shortage_stress,multimodal,scenario-defined bottleneck,0.0,0.0,0.0,0.0,0.0,scaffold-only,"Engineering-only pilot output for quasi-real decision-support method review (non-publication, non-acceptance, non-operational); not publication evidence, not final-study evidence, not formal acceptance evidence, not calibrated real-world results, and not an operational route plan or forecast. Base profile scope: Pilot full scenario-policy-seed output for quasi-real decision-support evaluation; not calibrated real-world results or an operational forecast."
songpa_public_demo,songpa_transfer_point_blockage,spatial_hazard_overlay,capacity_reduction,heavy_congestion_bus,bus_only,scenario-defined bottleneck,0.0,0.0,0.0,0.0,0.0,scaffold-only,"Engineering-only pilot output for quasi-real decision-support method review (non-publication, non-acceptance, non-operational); not publication evidence, not final-study evidence, not formal acceptance evidence, not calibrated real-world results, and not an operational route plan or forecast. Base profile scope: Pilot full scenario-policy-seed output for quasi-real decision-support evaluation; not calibrated real-world results or an operational forecast."
songpa_public_demo,songpa_transfer_point_blockage,spatial_hazard_overlay,capacity_reduction,heavy_congestion_multimodal,multimodal,scenario-defined bottleneck,0.0,0.0,9.94,9.94,19.88,scaffold-only,"Engineering-only pilot output for quasi-real decision-support method review (non-publication, non-acceptance, non-operational); not publication evidence, not final-study evidence, not formal acceptance evidence, not calibrated real-world results, and not an operational route plan or forecast. Base profile scope: Pilot full scenario-policy-seed output for quasi-real decision-support evaluation; not calibrated real-world results or an operational forecast."
songpa_public_demo,songpa_transfer_point_blockage,spatial_hazard_overlay,capacity_reduction,lastmile_capacity_mild,multimodal,scenario-defined bottleneck,0.0,0.0,0.0,0.0,0.0,scaffold-only,"Engineering-only pilot output for quasi-real decision-support method review (non-publication, non-acceptance, non-operational); not publication evidence, not final-study evidence, not formal acceptance evidence, not calibrated real-world results, and not an operational route plan or forecast. Base profile scope: Pilot full scenario-policy-seed output for quasi-real decision-support evaluation; not calibrated real-world results or an operational forecast."
songpa_public_demo,songpa_transfer_point_blockage,spatial_hazard_overlay,capacity_reduction,lastmile_capacity_moderate,multimodal,scenario-defined bottleneck,0.0,0.0,0.0,0.0,0.0,scaffold-only,"Engineering-only pilot output for quasi-real decision-support method review (non-publication, non-acceptance, non-operational); not publication evidence, not final-study evidence, not formal acceptance evidence, not calibrated real-world results, and not an operational route plan or forecast. Base profile scope: Pilot full scenario-policy-seed output for quasi-real decision-support evaluation; not calibrated real-world results or an operational forecast."
songpa_public_demo,songpa_transfer_point_blockage,spatial_hazard_overlay,capacity_reduction,lastmile_capacity_severe,multimodal,scenario-defined bottleneck,0.0,0.0,0.0,0.0,0.0,scaffold-only,"Engineering-only pilot output for quasi-real decision-support method review (non-publication, non-acceptance, non-operational); not publication evidence, not final-study evidence, not formal acceptance evidence, not calibrated real-world results, and not an operational route plan or forecast. Base profile scope: Pilot full scenario-policy-seed output for quasi-real decision-support evaluation; not calibrated real-world results or an operational forecast."
songpa_public_demo,songpa_transfer_point_blockage,spatial_hazard_overlay,capacity_reduction,moderate_congestion_bus,bus_only,scenario-defined bottleneck,0.0,0.0,0.0,0.0,0.0,scaffold-only,"Engineering-only pilot output for quasi-real decision-support method review (non-publication, non-acceptance, non-operational); not publication evidence, not final-study evidence, not formal acceptance evidence, not calibrated real-world results, and not an operational route plan or forecast. Base profile scope: Pilot full scenario-policy-seed output for quasi-real decision-support evaluation; not calibrated real-world results or an operational forecast."
songpa_public_demo,songpa_transfer_point_blockage,spatial_hazard_overlay,capacity_reduction,moderate_congestion_multimodal,multimodal,scenario-defined bottleneck,0.0,0.0,0.0,0.0,0.0,scaffold-only,"Engineering-only pilot output for quasi-real decision-support method review (non-publication, non-acceptance, non-operational); not publication evidence, not final-study evidence, not formal acceptance evidence, not calibrated real-world results, and not an operational route plan or forecast. Base profile scope: Pilot full scenario-policy-seed output for quasi-real decision-support evaluation; not calibrated real-world results or an operational forecast."
songpa_public_demo,songpa_transfer_point_blockage,spatial_hazard_overlay,capacity_reduction,multimodal_increased_feeder_capacity,multimodal,scenario-defined bottleneck,0.0,0.0,0.0,0.0,0.0,scaffold-only,"Engineering-only pilot output for quasi-real decision-support method review (non-publication, non-acceptance, non-operational); not publication evidence, not final-study evidence, not formal acceptance evidence, not calibrated real-world results, and not an operational route plan or forecast. Base profile scope: Pilot full scenario-policy-seed output for quasi-real decision-support evaluation; not calibrated real-world results or an operational forecast."
songpa_public_demo,songpa_transfer_point_blockage,spatial_hazard_overlay,capacity_reduction,multimodal_lastmile_redundancy,multimodal,scenario-defined bottleneck,0.0,0.0,0.0,0.0,0.0,scaffold-only,"Engineering-only pilot output for quasi-real decision-support method review (non-publication, non-acceptance, non-operational); not publication evidence, not final-study evidence, not formal acceptance evidence, not calibrated real-world results, and not an operational route plan or forecast. Base profile scope: Pilot full scenario-policy-seed output for quasi-real decision-support evaluation; not calibrated real-world results or an operational forecast."
songpa_public_demo,songpa_transfer_point_blockage,spatial_hazard_overlay,capacity_reduction,peak_congestion_bus,bus_only,scenario-defined bottleneck,0.0,0.0,0.0,0.0,0.0,scaffold-only,"Engineering-only pilot output for quasi-real decision-support method review (non-publication, non-acceptance, non-operational); not publication evidence, not final-study evidence, not formal acceptance evidence, not calibrated real-world results, and not an operational route plan or forecast. Base profile scope: Pilot full scenario-policy-seed output for quasi-real decision-support evaluation; not calibrated real-world results or an operational forecast."
songpa_public_demo,songpa_transfer_point_blockage,spatial_hazard_overlay,capacity_reduction,peak_congestion_multimodal,multimodal,scenario-defined bottleneck,0.42,9.87,2960.0,inf,inf,scaffold-only,"Engineering-only pilot output for quasi-real decision-support method review (non-publication, non-acceptance, non-operational); not publication evidence, not final-study evidence, not formal acceptance evidence, not calibrated real-world results, and not an operational route plan or forecast. Base profile scope: Pilot full scenario-policy-seed output for quasi-real decision-support evaluation; not calibrated real-world results or an operational forecast."
songpa_public_demo,songpa_transfer_point_blockage,spatial_hazard_overlay,capacity_reduction,rail_delay_or_partial_unavailability,multimodal,scenario-defined bottleneck,0.0,0.0,0.0,0.0,0.0,scaffold-only,"Engineering-only pilot output for quasi-real decision-support method review (non-publication, non-acceptance, non-operational); not publication evidence, not final-study evidence, not formal acceptance evidence, not calibrated real-world results, and not an operational route plan or forecast. Base profile scope: Pilot full scenario-policy-seed output for quasi-real decision-support evaluation; not calibrated real-world results or an operational forecast."
songpa_public_demo,songpa_transfer_point_blockage,spatial_hazard_overlay,capacity_reduction,severe_congestion_bus,bus_only,scenario-defined bottleneck,0.0,0.0,0.0,0.0,0.0,scaffold-only,"Engineering-only pilot output for quasi-real decision-support method review (non-publication, non-acceptance, non-operational); not publication evidence, not final-study evidence, not formal acceptance evidence, not calibrated real-world results, and not an operational route plan or forecast. Base profile scope: Pilot full scenario-policy-seed output for quasi-real decision-support evaluation; not calibrated real-world results or an operational forecast."
songpa_public_demo,songpa_transfer_point_blockage,spatial_hazard_overlay,capacity_reduction,severe_congestion_multimodal,multimodal,scenario-defined bottleneck,0.0,0.0,6.05,6.05,12.1,scaffold-only,"Engineering-only pilot output for quasi-real decision-support method review (non-publication, non-acceptance, non-operational); not publication evidence, not final-study evidence, not formal acceptance evidence, not calibrated real-world results, and not an operational route plan or forecast. Base profile scope: Pilot full scenario-policy-seed output for quasi-real decision-support evaluation; not calibrated real-world results or an operational forecast."
songpa_public_demo,songpa_transfer_point_blockage,spatial_hazard_overlay,capacity_reduction,staggered_or_adaptive_dispatch,multimodal,scenario-defined bottleneck,0.0,0.0,0.0,0.0,0.0,scaffold-only,"Engineering-only pilot output for quasi-real decision-support method review (non-publication, non-acceptance, non-operational); not publication evidence, not final-study evidence, not formal acceptance evidence, not calibrated real-world results, and not an operational route plan or forecast. Base profile scope: Pilot full scenario-policy-seed output for quasi-real decision-support evaluation; not calibrated real-world results or an operational forecast."
songpa_public_demo,songpa_transfer_point_blockage,spatial_hazard_overlay,capacity_reduction,transfer_stress_extreme,multimodal,scenario-defined bottleneck,0.0,0.0,0.0,0.0,0.0,scaffold-only,"Engineering-only pilot output for quasi-real decision-support method review (non-publication, non-acceptance, non-operational); not publication evidence, not final-study evidence, not formal acceptance evidence, not calibrated real-world results, and not an operational route plan or forecast. Base profile scope: Pilot full scenario-policy-seed output for quasi-real decision-support evaluation; not calibrated real-world results or an operational forecast."
songpa_public_demo,songpa_transfer_point_blockage,spatial_hazard_overlay,capacity_reduction,transfer_stress_mild,multimodal,scenario-defined bottleneck,0.0,0.0,0.0,0.0,0.0,scaffold-only,"Engineering-only pilot output for quasi-real decision-support method review (non-publication, non-acceptance, non-operational); not publication evidence, not final-study evidence, not formal acceptance evidence, not calibrated real-world results, and not an operational route plan or forecast. Base profile scope: Pilot full scenario-policy-seed output for quasi-real decision-support evaluation; not calibrated real-world results or an operational forecast."
songpa_public_demo,songpa_transfer_point_blockage,spatial_hazard_overlay,capacity_reduction,transfer_stress_moderate,multimodal,scenario-defined bottleneck,0.0,0.0,0.0,0.0,0.0,scaffold-only,"Engineering-only pilot output for quasi-real decision-support method review (non-publication, non-acceptance, non-operational); not publication evidence, not final-study evidence, not formal acceptance evidence, not calibrated real-world results, and not an operational route plan or forecast. Base profile scope: Pilot full scenario-policy-seed output for quasi-real decision-support evaluation; not calibrated real-world results or an operational forecast."
songpa_public_demo,songpa_transfer_point_blockage,spatial_hazard_overlay,capacity_reduction,transfer_stress_severe,multimodal,scenario-defined bottleneck,0.0,0.0,0.0,0.0,0.0,scaffold-only,"Engineering-only pilot output for quasi-real decision-support method review (non-publication, non-acceptance, non-operational); not publication evidence, not final-study evidence, not formal acceptance evidence, not calibrated real-world results, and not an operational route plan or forecast. Base profile scope: Pilot full scenario-policy-seed output for quasi-real decision-support evaluation; not calibrated real-world results or an operational forecast."
songpa_public_demo,songpa_spatial_assembly_egress,spatial_hazard_overlay,capacity_reduction,baseline_multimodal,multimodal,spatial exposure corridor,0.0,0.0,0.0,0.0,0.0,scaffold-only,"Engineering-only pilot output for quasi-real decision-support method review (non-publication, non-acceptance, non-operational); not publication evidence, not final-study evidence, not formal acceptance evidence, not calibrated real-world results, and not an operational route plan or forecast. Base profile scope: Pilot full scenario-policy-seed output for quasi-real decision-support evaluation; not calibrated real-world results or an operational forecast."
songpa_public_demo,songpa_spatial_assembly_egress,spatial_hazard_overlay,capacity_reduction,bus_only,bus_only,spatial exposure corridor,0.0,0.0,0.16,0.16,0.32,scaffold-only,"Engineering-only pilot output for quasi-real decision-support method review (non-publication, non-acceptance, non-operational); not publication evidence, not final-study evidence, not formal acceptance evidence, not calibrated real-world results, and not an operational route plan or forecast. Base profile scope: Pilot full scenario-policy-seed output for quasi-real decision-support evaluation; not calibrated real-world results or an operational forecast."
songpa_public_demo,songpa_spatial_assembly_egress,spatial_hazard_overlay,capacity_reduction,fleet_shortage_severe,multimodal,spatial exposure corridor,0.0,0.0,0.0,0.0,0.0,scaffold-only,"Engineering-only pilot output for quasi-real decision-support method review (non-publication, non-acceptance, non-operational); not publication evidence, not final-study evidence, not formal acceptance evidence, not calibrated real-world results, and not an operational route plan or forecast. Base profile scope: Pilot full scenario-policy-seed output for quasi-real decision-support evaluation; not calibrated real-world results or an operational forecast."
songpa_public_demo,songpa_spatial_assembly_egress,spatial_hazard_overlay,capacity_reduction,fleet_shortage_stress,multimodal,spatial exposure corridor,0.0,0.0,0.0,0.0,0.0,scaffold-only,"Engineering-only pilot output for quasi-real decision-support method review (non-publication, non-acceptance, non-operational); not publication evidence, not final-study evidence, not formal acceptance evidence, not calibrated real-world results, and not an operational route plan or forecast. Base profile scope: Pilot full scenario-policy-seed output for quasi-real decision-support evaluation; not calibrated real-world results or an operational forecast."
songpa_public_demo,songpa_spatial_assembly_egress,spatial_hazard_overlay,capacity_reduction,heavy_congestion_bus,bus_only,spatial exposure corridor,0.0,0.0,39.43,39.43,78.86,scaffold-only,"Engineering-only pilot output for quasi-real decision-support method review (non-publication, non-acceptance, non-operational); not publication evidence, not final-study evidence, not formal acceptance evidence, not calibrated real-world results, and not an operational route plan or forecast. Base profile scope: Pilot full scenario-policy-seed output for quasi-real decision-support evaluation; not calibrated real-world results or an operational forecast."
songpa_public_demo,songpa_spatial_assembly_egress,spatial_hazard_overlay,capacity_reduction,heavy_congestion_multimodal,multimodal,spatial exposure corridor,0.0,0.0,25.0,25.0,50.0,scaffold-only,"Engineering-only pilot output for quasi-real decision-support method review (non-publication, non-acceptance, non-operational); not publication evidence, not final-study evidence, not formal acceptance evidence, not calibrated real-world results, and not an operational route plan or forecast. Base profile scope: Pilot full scenario-policy-seed output for quasi-real decision-support evaluation; not calibrated real-world results or an operational forecast."
songpa_public_demo,songpa_spatial_assembly_egress,spatial_hazard_overlay,capacity_reduction,lastmile_capacity_mild,multimodal,spatial exposure corridor,0.0,0.0,0.0,0.0,0.0,scaffold-only,"Engineering-only pilot output for quasi-real decision-support method review (non-publication, non-acceptance, non-operational); not publication evidence, not final-study evidence, not formal acceptance evidence, not calibrated real-world results, and not an operational route plan or forecast. Base profile scope: Pilot full scenario-policy-seed output for quasi-real decision-support evaluation; not calibrated real-world results or an operational forecast."
songpa_public_demo,songpa_spatial_assembly_egress,spatial_hazard_overlay,capacity_reduction,lastmile_capacity_moderate,multimodal,spatial exposure corridor,0.0,0.0,0.0,0.0,0.0,scaffold-only,"Engineering-only pilot output for quasi-real decision-support method review (non-publication, non-acceptance, non-operational); not publication evidence, not final-study evidence, not formal acceptance evidence, not calibrated real-world results, and not an operational route plan or forecast. Base profile scope: Pilot full scenario-policy-seed output for quasi-real decision-support evaluation; not calibrated real-world results or an operational forecast."
songpa_public_demo,songpa_spatial_assembly_egress,spatial_hazard_overlay,capacity_reduction,lastmile_capacity_severe,multimodal,spatial exposure corridor,0.0,0.0,0.0,0.0,0.0,scaffold-only,"Engineering-only pilot output for quasi-real decision-support method review (non-publication, non-acceptance, non-operational); not publication evidence, not final-study evidence, not formal acceptance evidence, not calibrated real-world results, and not an operational route plan or forecast. Base profile scope: Pilot full scenario-policy-seed output for quasi-real decision-support evaluation; not calibrated real-world results or an operational forecast."
songpa_public_demo,songpa_spatial_assembly_egress,spatial_hazard_overlay,capacity_reduction,moderate_congestion_bus,bus_only,spatial exposure corridor,0.0,0.0,2.49,2.49,4.98,scaffold-only,"Engineering-only pilot output for quasi-real decision-support method review (non-publication, non-acceptance, non-operational); not publication evidence, not final-study evidence, not formal acceptance evidence, not calibrated real-world results, and not an operational route plan or forecast. Base profile scope: Pilot full scenario-policy-seed output for quasi-real decision-support evaluation; not calibrated real-world results or an operational forecast."
songpa_public_demo,songpa_spatial_assembly_egress,spatial_hazard_overlay,capacity_reduction,moderate_congestion_multimodal,multimodal,spatial exposure corridor,0.0,0.0,0.0,0.0,0.0,scaffold-only,"Engineering-only pilot output for quasi-real decision-support method review (non-publication, non-acceptance, non-operational); not publication evidence, not final-study evidence, not formal acceptance evidence, not calibrated real-world results, and not an operational route plan or forecast. Base profile scope: Pilot full scenario-policy-seed output for quasi-real decision-support evaluation; not calibrated real-world results or an operational forecast."
songpa_public_demo,songpa_spatial_assembly_egress,spatial_hazard_overlay,capacity_reduction,multimodal_increased_feeder_capacity,multimodal,spatial exposure corridor,0.0,0.0,0.0,0.0,0.0,scaffold-only,"Engineering-only pilot output for quasi-real decision-support method review (non-publication, non-acceptance, non-operational); not publication evidence, not final-study evidence, not formal acceptance evidence, not calibrated real-world results, and not an operational route plan or forecast. Base profile scope: Pilot full scenario-policy-seed output for quasi-real decision-support evaluation; not calibrated real-world results or an operational forecast."
songpa_public_demo,songpa_spatial_assembly_egress,spatial_hazard_overlay,capacity_reduction,multimodal_lastmile_redundancy,multimodal,spatial exposure corridor,0.0,0.0,0.0,0.0,0.0,scaffold-only,"Engineering-only pilot output for quasi-real decision-support method review (non-publication, non-acceptance, non-operational); not publication evidence, not final-study evidence, not formal acceptance evidence, not calibrated real-world results, and not an operational route plan or forecast. Base profile scope: Pilot full scenario-policy-seed output for quasi-real decision-support evaluation; not calibrated real-world results or an operational forecast."
songpa_public_demo,songpa_spatial_assembly_egress,spatial_hazard_overlay,capacity_reduction,peak_congestion_bus,bus_only,spatial exposure corridor,0.2,4.8,1440.0,0.0,1644.8,scaffold-only,"Engineering-only pilot output for quasi-real decision-support method review (non-publication, non-acceptance, non-operational); not publication evidence, not final-study evidence, not formal acceptance evidence, not calibrated real-world results, and not an operational route plan or forecast. Base profile scope: Pilot full scenario-policy-seed output for quasi-real decision-support evaluation; not calibrated real-world results or an operational forecast."
songpa_public_demo,songpa_spatial_assembly_egress,spatial_hazard_overlay,capacity_reduction,peak_congestion_multimodal,multimodal,spatial exposure corridor,0.67,16.0,4800.0,inf,inf,scaffold-only,"Engineering-only pilot output for quasi-real decision-support method review (non-publication, non-acceptance, non-operational); not publication evidence, not final-study evidence, not formal acceptance evidence, not calibrated real-world results, and not an operational route plan or forecast. Base profile scope: Pilot full scenario-policy-seed output for quasi-real decision-support evaluation; not calibrated real-world results or an operational forecast."
songpa_public_demo,songpa_spatial_assembly_egress,spatial_hazard_overlay,capacity_reduction,rail_delay_or_partial_unavailability,multimodal,spatial exposure corridor,0.0,0.0,0.0,0.0,0.0,scaffold-only,"Engineering-only pilot output for quasi-real decision-support method review (non-publication, non-acceptance, non-operational); not publication evidence, not final-study evidence, not formal acceptance evidence, not calibrated real-world results, and not an operational route plan or forecast. Base profile scope: Pilot full scenario-policy-seed output for quasi-real decision-support evaluation; not calibrated real-world results or an operational forecast."
songpa_public_demo,songpa_spatial_assembly_egress,spatial_hazard_overlay,capacity_reduction,severe_congestion_bus,bus_only,spatial exposure corridor,1.0,24.0,7319.59,inf,inf,scaffold-only,"Engineering-only pilot output for quasi-real decision-support method review (non-publication, non-acceptance, non-operational); not publication evidence, not final-study evidence, not formal acceptance evidence, not calibrated real-world results, and not an operational route plan or forecast. Base profile scope: Pilot full scenario-policy-seed output for quasi-real decision-support evaluation; not calibrated real-world results or an operational forecast."
songpa_public_demo,songpa_spatial_assembly_egress,spatial_hazard_overlay,capacity_reduction,severe_congestion_multimodal,multimodal,spatial exposure corridor,0.33,8.0,2476.95,66.52,2881.47,scaffold-only,"Engineering-only pilot output for quasi-real decision-support method review (non-publication, non-acceptance, non-operational); not publication evidence, not final-study evidence, not formal acceptance evidence, not calibrated real-world results, and not an operational route plan or forecast. Base profile scope: Pilot full scenario-policy-seed output for quasi-real decision-support evaluation; not calibrated real-world results or an operational forecast."
songpa_public_demo,songpa_spatial_assembly_egress,spatial_hazard_overlay,capacity_reduction,staggered_or_adaptive_dispatch,multimodal,spatial exposure corridor,0.0,0.0,0.0,0.0,0.0,scaffold-only,"Engineering-only pilot output for quasi-real decision-support method review (non-publication, non-acceptance, non-operational); not publication evidence, not final-study evidence, not formal acceptance evidence, not calibrated real-world results, and not an operational route plan or forecast. Base profile scope: Pilot full scenario-policy-seed output for quasi-real decision-support evaluation; not calibrated real-world results or an operational forecast."
songpa_public_demo,songpa_spatial_assembly_egress,spatial_hazard_overlay,capacity_reduction,transfer_stress_extreme,multimodal,spatial exposure corridor,0.0,0.0,0.0,0.0,0.0,scaffold-only,"Engineering-only pilot output for quasi-real decision-support method review (non-publication, non-acceptance, non-operational); not publication evidence, not final-study evidence, not formal acceptance evidence, not calibrated real-world results, and not an operational route plan or forecast. Base profile scope: Pilot full scenario-policy-seed output for quasi-real decision-support evaluation; not calibrated real-world results or an operational forecast."
songpa_public_demo,songpa_spatial_assembly_egress,spatial_hazard_overlay,capacity_reduction,transfer_stress_mild,multimodal,spatial exposure corridor,0.0,0.0,0.0,0.0,0.0,scaffold-only,"Engineering-only pilot output for quasi-real decision-support method review (non-publication, non-acceptance, non-operational); not publication evidence, not final-study evidence, not formal acceptance evidence, not calibrated real-world results, and not an operational route plan or forecast. Base profile scope: Pilot full scenario-policy-seed output for quasi-real decision-support evaluation; not calibrated real-world results or an operational forecast."
songpa_public_demo,songpa_spatial_assembly_egress,spatial_hazard_overlay,capacity_reduction,transfer_stress_moderate,multimodal,spatial exposure corridor,0.0,0.0,0.0,0.0,0.0,scaffold-only,"Engineering-only pilot output for quasi-real decision-support method review (non-publication, non-acceptance, non-operational); not publication evidence, not final-study evidence, not formal acceptance evidence, not calibrated real-world results, and not an operational route plan or forecast. Base profile scope: Pilot full scenario-policy-seed output for quasi-real decision-support evaluation; not calibrated real-world results or an operational forecast."
songpa_public_demo,songpa_spatial_assembly_egress,spatial_hazard_overlay,capacity_reduction,transfer_stress_severe,multimodal,spatial exposure corridor,0.0,0.0,0.0,0.0,0.0,scaffold-only,"Engineering-only pilot output for quasi-real decision-support method review (non-publication, non-acceptance, non-operational); not publication evidence, not final-study evidence, not formal acceptance evidence, not calibrated real-world results, and not an operational route plan or forecast. Base profile scope: Pilot full scenario-policy-seed output for quasi-real decision-support evaluation; not calibrated real-world results or an operational forecast."
songpa_public_demo,songpa_spatial_feeder_east,spatial_hazard_overlay,capacity_reduction,baseline_multimodal,multimodal,spatial exposure corridor,0.0,0.0,0.0,0.0,0.0,scaffold-only,"Engineering-only pilot output for quasi-real decision-support method review (non-publication, non-acceptance, non-operational); not publication evidence, not final-study evidence, not formal acceptance evidence, not calibrated real-world results, and not an operational route plan or forecast. Base profile scope: Pilot full scenario-policy-seed output for quasi-real decision-support evaluation; not calibrated real-world results or an operational forecast."
songpa_public_demo,songpa_spatial_feeder_east,spatial_hazard_overlay,capacity_reduction,bus_only,bus_only,spatial exposure corridor,0.0,0.0,0.0,0.0,0.0,scaffold-only,"Engineering-only pilot output for quasi-real decision-support method review (non-publication, non-acceptance, non-operational); not publication evidence, not final-study evidence, not formal acceptance evidence, not calibrated real-world results, and not an operational route plan or forecast. Base profile scope: Pilot full scenario-policy-seed output for quasi-real decision-support evaluation; not calibrated real-world results or an operational forecast."
songpa_public_demo,songpa_spatial_feeder_east,spatial_hazard_overlay,capacity_reduction,fleet_shortage_severe,multimodal,spatial exposure corridor,0.0,0.0,0.0,0.0,0.0,scaffold-only,"Engineering-only pilot output for quasi-real decision-support method review (non-publication, non-acceptance, non-operational); not publication evidence, not final-study evidence, not formal acceptance evidence, not calibrated real-world results, and not an operational route plan or forecast. Base profile scope: Pilot full scenario-policy-seed output for quasi-real decision-support evaluation; not calibrated real-world results or an operational forecast."
songpa_public_demo,songpa_spatial_feeder_east,spatial_hazard_overlay,capacity_reduction,fleet_shortage_stress,multimodal,spatial exposure corridor,0.0,0.0,0.0,0.0,0.0,scaffold-only,"Engineering-only pilot output for quasi-real decision-support method review (non-publication, non-acceptance, non-operational); not publication evidence, not final-study evidence, not formal acceptance evidence, not calibrated real-world results, and not an operational route plan or forecast. Base profile scope: Pilot full scenario-policy-seed output for quasi-real decision-support evaluation; not calibrated real-world results or an operational forecast."
songpa_public_demo,songpa_spatial_feeder_east,spatial_hazard_overlay,capacity_reduction,heavy_congestion_bus,bus_only,spatial exposure corridor,0.0,0.0,0.0,0.0,0.0,scaffold-only,"Engineering-only pilot output for quasi-real decision-support method review (non-publication, non-acceptance, non-operational); not publication evidence, not final-study evidence, not formal acceptance evidence, not calibrated real-world results, and not an operational route plan or forecast. Base profile scope: Pilot full scenario-policy-seed output for quasi-real decision-support evaluation; not calibrated real-world results or an operational forecast."
songpa_public_demo,songpa_spatial_feeder_east,spatial_hazard_overlay,capacity_reduction,heavy_congestion_multimodal,multimodal,spatial exposure corridor,0.0,0.0,10.11,10.11,20.22,scaffold-only,"Engineering-only pilot output for quasi-real decision-support method review (non-publication, non-acceptance, non-operational); not publication evidence, not final-study evidence, not formal acceptance evidence, not calibrated real-world results, and not an operational route plan or forecast. Base profile scope: Pilot full scenario-policy-seed output for quasi-real decision-support evaluation; not calibrated real-world results or an operational forecast."
songpa_public_demo,songpa_spatial_feeder_east,spatial_hazard_overlay,capacity_reduction,lastmile_capacity_mild,multimodal,spatial exposure corridor,0.0,0.0,0.0,0.0,0.0,scaffold-only,"Engineering-only pilot output for quasi-real decision-support method review (non-publication, non-acceptance, non-operational); not publication evidence, not final-study evidence, not formal acceptance evidence, not calibrated real-world results, and not an operational route plan or forecast. Base profile scope: Pilot full scenario-policy-seed output for quasi-real decision-support evaluation; not calibrated real-world results or an operational forecast."
songpa_public_demo,songpa_spatial_feeder_east,spatial_hazard_overlay,capacity_reduction,lastmile_capacity_moderate,multimodal,spatial exposure corridor,0.0,0.0,0.0,0.0,0.0,scaffold-only,"Engineering-only pilot output for quasi-real decision-support method review (non-publication, non-acceptance, non-operational); not publication evidence, not final-study evidence, not formal acceptance evidence, not calibrated real-world results, and not an operational route plan or forecast. Base profile scope: Pilot full scenario-policy-seed output for quasi-real decision-support evaluation; not calibrated real-world results or an operational forecast."
songpa_public_demo,songpa_spatial_feeder_east,spatial_hazard_overlay,capacity_reduction,lastmile_capacity_severe,multimodal,spatial exposure corridor,0.0,0.0,0.0,0.0,0.0,scaffold-only,"Engineering-only pilot output for quasi-real decision-support method review (non-publication, non-acceptance, non-operational); not publication evidence, not final-study evidence, not formal acceptance evidence, not calibrated real-world results, and not an operational route plan or forecast. Base profile scope: Pilot full scenario-policy-seed output for quasi-real decision-support evaluation; not calibrated real-world results or an operational forecast."
songpa_public_demo,songpa_spatial_feeder_east,spatial_hazard_overlay,capacity_reduction,moderate_congestion_bus,bus_only,spatial exposure corridor,0.0,0.0,0.0,0.0,0.0,scaffold-only,"Engineering-only pilot output for quasi-real decision-support method review (non-publication, non-acceptance, non-operational); not publication evidence, not final-study evidence, not formal acceptance evidence, not calibrated real-world results, and not an operational route plan or forecast. Base profile scope: Pilot full scenario-policy-seed output for quasi-real decision-support evaluation; not calibrated real-world results or an operational forecast."
songpa_public_demo,songpa_spatial_feeder_east,spatial_hazard_overlay,capacity_reduction,moderate_congestion_multimodal,multimodal,spatial exposure corridor,0.0,0.0,0.0,0.0,0.0,scaffold-only,"Engineering-only pilot output for quasi-real decision-support method review (non-publication, non-acceptance, non-operational); not publication evidence, not final-study evidence, not formal acceptance evidence, not calibrated real-world results, and not an operational route plan or forecast. Base profile scope: Pilot full scenario-policy-seed output for quasi-real decision-support evaluation; not calibrated real-world results or an operational forecast."
songpa_public_demo,songpa_spatial_feeder_east,spatial_hazard_overlay,capacity_reduction,multimodal_increased_feeder_capacity,multimodal,spatial exposure corridor,0.0,0.0,0.0,0.0,0.0,scaffold-only,"Engineering-only pilot output for quasi-real decision-support method review (non-publication, non-acceptance, non-operational); not publication evidence, not final-study evidence, not formal acceptance evidence, not calibrated real-world results, and not an operational route plan or forecast. Base profile scope: Pilot full scenario-policy-seed output for quasi-real decision-support evaluation; not calibrated real-world results or an operational forecast."
songpa_public_demo,songpa_spatial_feeder_east,spatial_hazard_overlay,capacity_reduction,multimodal_lastmile_redundancy,multimodal,spatial exposure corridor,0.0,0.0,0.0,0.0,0.0,scaffold-only,"Engineering-only pilot output for quasi-real decision-support method review (non-publication, non-acceptance, non-operational); not publication evidence, not final-study evidence, not formal acceptance evidence, not calibrated real-world results, and not an operational route plan or forecast. Base profile scope: Pilot full scenario-policy-seed output for quasi-real decision-support evaluation; not calibrated real-world results or an operational forecast."
songpa_public_demo,songpa_spatial_feeder_east,spatial_hazard_overlay,capacity_reduction,peak_congestion_bus,bus_only,spatial exposure corridor,0.0,0.0,0.0,0.0,0.0,scaffold-only,"Engineering-only pilot output for quasi-real decision-support method review (non-publication, non-acceptance, non-operational); not publication evidence, not final-study evidence, not formal acceptance evidence, not calibrated real-world results, and not an operational route plan or forecast. Base profile scope: Pilot full scenario-policy-seed output for quasi-real decision-support evaluation; not calibrated real-world results or an operational forecast."
songpa_public_demo,songpa_spatial_feeder_east,spatial_hazard_overlay,capacity_reduction,peak_congestion_multimodal,multimodal,spatial exposure corridor,0.67,16.0,4800.0,inf,inf,scaffold-only,"Engineering-only pilot output for quasi-real decision-support method review (non-publication, non-acceptance, non-operational); not publication evidence, not final-study evidence, not formal acceptance evidence, not calibrated real-world results, and not an operational route plan or forecast. Base profile scope: Pilot full scenario-policy-seed output for quasi-real decision-support evaluation; not calibrated real-world results or an operational forecast."
songpa_public_demo,songpa_spatial_feeder_east,spatial_hazard_overlay,capacity_reduction,rail_delay_or_partial_unavailability,multimodal,spatial exposure corridor,0.0,0.0,0.0,0.0,0.0,scaffold-only,"Engineering-only pilot output for quasi-real decision-support method review (non-publication, non-acceptance, non-operational); not publication evidence, not final-study evidence, not formal acceptance evidence, not calibrated real-world results, and not an operational route plan or forecast. Base profile scope: Pilot full scenario-policy-seed output for quasi-real decision-support evaluation; not calibrated real-world results or an operational forecast."
songpa_public_demo,songpa_spatial_feeder_east,spatial_hazard_overlay,capacity_reduction,severe_congestion_bus,bus_only,spatial exposure corridor,0.0,0.0,0.0,0.0,0.0,scaffold-only,"Engineering-only pilot output for quasi-real decision-support method review (non-publication, non-acceptance, non-operational); not publication evidence, not final-study evidence, not formal acceptance evidence, not calibrated real-world results, and not an operational route plan or forecast. Base profile scope: Pilot full scenario-policy-seed output for quasi-real decision-support evaluation; not calibrated real-world results or an operational forecast."
songpa_public_demo,songpa_spatial_feeder_east,spatial_hazard_overlay,capacity_reduction,severe_congestion_multimodal,multimodal,spatial exposure corridor,0.0,0.0,42.5,42.5,85.0,scaffold-only,"Engineering-only pilot output for quasi-real decision-support method review (non-publication, non-acceptance, non-operational); not publication evidence, not final-study evidence, not formal acceptance evidence, not calibrated real-world results, and not an operational route plan or forecast. Base profile scope: Pilot full scenario-policy-seed output for quasi-real decision-support evaluation; not calibrated real-world results or an operational forecast."
songpa_public_demo,songpa_spatial_feeder_east,spatial_hazard_overlay,capacity_reduction,staggered_or_adaptive_dispatch,multimodal,spatial exposure corridor,0.0,0.0,0.0,0.0,0.0,scaffold-only,"Engineering-only pilot output for quasi-real decision-support method review (non-publication, non-acceptance, non-operational); not publication evidence, not final-study evidence, not formal acceptance evidence, not calibrated real-world results, and not an operational route plan or forecast. Base profile scope: Pilot full scenario-policy-seed output for quasi-real decision-support evaluation; not calibrated real-world results or an operational forecast."
songpa_public_demo,songpa_spatial_feeder_east,spatial_hazard_overlay,capacity_reduction,transfer_stress_extreme,multimodal,spatial exposure corridor,0.0,0.0,0.0,0.0,0.0,scaffold-only,"Engineering-only pilot output for quasi-real decision-support method review (non-publication, non-acceptance, non-operational); not publication evidence, not final-study evidence, not formal acceptance evidence, not calibrated real-world results, and not an operational route plan or forecast. Base profile scope: Pilot full scenario-policy-seed output for quasi-real decision-support evaluation; not calibrated real-world results or an operational forecast."
songpa_public_demo,songpa_spatial_feeder_east,spatial_hazard_overlay,capacity_reduction,transfer_stress_mild,multimodal,spatial exposure corridor,0.0,0.0,0.0,0.0,0.0,scaffold-only,"Engineering-only pilot output for quasi-real decision-support method review (non-publication, non-acceptance, non-operational); not publication evidence, not final-study evidence, not formal acceptance evidence, not calibrated real-world results, and not an operational route plan or forecast. Base profile scope: Pilot full scenario-policy-seed output for quasi-real decision-support evaluation; not calibrated real-world results or an operational forecast."
songpa_public_demo,songpa_spatial_feeder_east,spatial_hazard_overlay,capacity_reduction,transfer_stress_moderate,multimodal,spatial exposure corridor,0.0,0.0,0.0,0.0,0.0,scaffold-only,"Engineering-only pilot output for quasi-real decision-support method review (non-publication, non-acceptance, non-operational); not publication evidence, not final-study evidence, not formal acceptance evidence, not calibrated real-world results, and not an operational route plan or forecast. Base profile scope: Pilot full scenario-policy-seed output for quasi-real decision-support evaluation; not calibrated real-world results or an operational forecast."
songpa_public_demo,songpa_spatial_feeder_east,spatial_hazard_overlay,capacity_reduction,transfer_stress_severe,multimodal,spatial exposure corridor,0.0,0.0,0.0,0.0,0.0,scaffold-only,"Engineering-only pilot output for quasi-real decision-support method review (non-publication, non-acceptance, non-operational); not publication evidence, not final-study evidence, not formal acceptance evidence, not calibrated real-world results, and not an operational route plan or forecast. Base profile scope: Pilot full scenario-policy-seed output for quasi-real decision-support evaluation; not calibrated real-world results or an operational forecast."
songpa_public_demo,songpa_spatial_lastmile_west,spatial_hazard_overlay,capacity_reduction,baseline_multimodal,multimodal,spatial exposure corridor,0.0,0.0,0.0,0.0,0.0,scaffold-only,"Engineering-only pilot output for quasi-real decision-support method review (non-publication, non-acceptance, non-operational); not publication evidence, not final-study evidence, not formal acceptance evidence, not calibrated real-world results, and not an operational route plan or forecast. Base profile scope: Pilot full scenario-policy-seed output for quasi-real decision-support evaluation; not calibrated real-world results or an operational forecast."
songpa_public_demo,songpa_spatial_lastmile_west,spatial_hazard_overlay,capacity_reduction,bus_only,bus_only,spatial exposure corridor,0.0,0.0,0.0,0.0,0.0,scaffold-only,"Engineering-only pilot output for quasi-real decision-support method review (non-publication, non-acceptance, non-operational); not publication evidence, not final-study evidence, not formal acceptance evidence, not calibrated real-world results, and not an operational route plan or forecast. Base profile scope: Pilot full scenario-policy-seed output for quasi-real decision-support evaluation; not calibrated real-world results or an operational forecast."
songpa_public_demo,songpa_spatial_lastmile_west,spatial_hazard_overlay,capacity_reduction,fleet_shortage_severe,multimodal,spatial exposure corridor,0.0,0.0,0.01,0.01,0.02,scaffold-only,"Engineering-only pilot output for quasi-real decision-support method review (non-publication, non-acceptance, non-operational); not publication evidence, not final-study evidence, not formal acceptance evidence, not calibrated real-world results, and not an operational route plan or forecast. Base profile scope: Pilot full scenario-policy-seed output for quasi-real decision-support evaluation; not calibrated real-world results or an operational forecast."
songpa_public_demo,songpa_spatial_lastmile_west,spatial_hazard_overlay,capacity_reduction,fleet_shortage_stress,multimodal,spatial exposure corridor,0.0,0.0,0.0,0.0,0.0,scaffold-only,"Engineering-only pilot output for quasi-real decision-support method review (non-publication, non-acceptance, non-operational); not publication evidence, not final-study evidence, not formal acceptance evidence, not calibrated real-world results, and not an operational route plan or forecast. Base profile scope: Pilot full scenario-policy-seed output for quasi-real decision-support evaluation; not calibrated real-world results or an operational forecast."
songpa_public_demo,songpa_spatial_lastmile_west,spatial_hazard_overlay,capacity_reduction,heavy_congestion_bus,bus_only,spatial exposure corridor,0.0,0.0,0.0,0.0,0.0,scaffold-only,"Engineering-only pilot output for quasi-real decision-support method review (non-publication, non-acceptance, non-operational); not publication evidence, not final-study evidence, not formal acceptance evidence, not calibrated real-world results, and not an operational route plan or forecast. Base profile scope: Pilot full scenario-policy-seed output for quasi-real decision-support evaluation; not calibrated real-world results or an operational forecast."
songpa_public_demo,songpa_spatial_lastmile_west,spatial_hazard_overlay,capacity_reduction,heavy_congestion_multimodal,multimodal,spatial exposure corridor,0.0,0.0,1.43,1.43,2.86,scaffold-only,"Engineering-only pilot output for quasi-real decision-support method review (non-publication, non-acceptance, non-operational); not publication evidence, not final-study evidence, not formal acceptance evidence, not calibrated real-world results, and not an operational route plan or forecast. Base profile scope: Pilot full scenario-policy-seed output for quasi-real decision-support evaluation; not calibrated real-world results or an operational forecast."
songpa_public_demo,songpa_spatial_lastmile_west,spatial_hazard_overlay,capacity_reduction,lastmile_capacity_mild,multimodal,spatial exposure corridor,0.0,0.0,0.0,0.0,0.0,scaffold-only,"Engineering-only pilot output for quasi-real decision-support method review (non-publication, non-acceptance, non-operational); not publication evidence, not final-study evidence, not formal acceptance evidence, not calibrated real-world results, and not an operational route plan or forecast. Base profile scope: Pilot full scenario-policy-seed output for quasi-real decision-support evaluation; not calibrated real-world results or an operational forecast."
songpa_public_demo,songpa_spatial_lastmile_west,spatial_hazard_overlay,capacity_reduction,lastmile_capacity_moderate,multimodal,spatial exposure corridor,0.0,0.0,0.0,0.0,0.0,scaffold-only,"Engineering-only pilot output for quasi-real decision-support method review (non-publication, non-acceptance, non-operational); not publication evidence, not final-study evidence, not formal acceptance evidence, not calibrated real-world results, and not an operational route plan or forecast. Base profile scope: Pilot full scenario-policy-seed output for quasi-real decision-support evaluation; not calibrated real-world results or an operational forecast."
songpa_public_demo,songpa_spatial_lastmile_west,spatial_hazard_overlay,capacity_reduction,lastmile_capacity_severe,multimodal,spatial exposure corridor,0.0,0.0,0.0,0.0,0.0,scaffold-only,"Engineering-only pilot output for quasi-real decision-support method review (non-publication, non-acceptance, non-operational); not publication evidence, not final-study evidence, not formal acceptance evidence, not calibrated real-world results, and not an operational route plan or forecast. Base profile scope: Pilot full scenario-policy-seed output for quasi-real decision-support evaluation; not calibrated real-world results or an operational forecast."
songpa_public_demo,songpa_spatial_lastmile_west,spatial_hazard_overlay,capacity_reduction,moderate_congestion_bus,bus_only,spatial exposure corridor,0.0,0.0,0.0,0.0,0.0,scaffold-only,"Engineering-only pilot output for quasi-real decision-support method review (non-publication, non-acceptance, non-operational); not publication evidence, not final-study evidence, not formal acceptance evidence, not calibrated real-world results, and not an operational route plan or forecast. Base profile scope: Pilot full scenario-policy-seed output for quasi-real decision-support evaluation; not calibrated real-world results or an operational forecast."
songpa_public_demo,songpa_spatial_lastmile_west,spatial_hazard_overlay,capacity_reduction,moderate_congestion_multimodal,multimodal,spatial exposure corridor,0.0,0.0,0.05,0.05,0.1,scaffold-only,"Engineering-only pilot output for quasi-real decision-support method review (non-publication, non-acceptance, non-operational); not publication evidence, not final-study evidence, not formal acceptance evidence, not calibrated real-world results, and not an operational route plan or forecast. Base profile scope: Pilot full scenario-policy-seed output for quasi-real decision-support evaluation; not calibrated real-world results or an operational forecast."
songpa_public_demo,songpa_spatial_lastmile_west,spatial_hazard_overlay,capacity_reduction,multimodal_increased_feeder_capacity,multimodal,spatial exposure corridor,0.0,0.0,0.0,0.0,0.0,scaffold-only,"Engineering-only pilot output for quasi-real decision-support method review (non-publication, non-acceptance, non-operational); not publication evidence, not final-study evidence, not formal acceptance evidence, not calibrated real-world results, and not an operational route plan or forecast. Base profile scope: Pilot full scenario-policy-seed output for quasi-real decision-support evaluation; not calibrated real-world results or an operational forecast."
songpa_public_demo,songpa_spatial_lastmile_west,spatial_hazard_overlay,capacity_reduction,multimodal_lastmile_redundancy,multimodal,spatial exposure corridor,0.0,0.0,0.0,0.0,0.0,scaffold-only,"Engineering-only pilot output for quasi-real decision-support method review (non-publication, non-acceptance, non-operational); not publication evidence, not final-study evidence, not formal acceptance evidence, not calibrated real-world results, and not an operational route plan or forecast. Base profile scope: Pilot full scenario-policy-seed output for quasi-real decision-support evaluation; not calibrated real-world results or an operational forecast."
songpa_public_demo,songpa_spatial_lastmile_west,spatial_hazard_overlay,capacity_reduction,peak_congestion_bus,bus_only,spatial exposure corridor,0.0,0.0,0.0,0.0,0.0,scaffold-only,"Engineering-only pilot output for quasi-real decision-support method review (non-publication, non-acceptance, non-operational); not publication evidence, not final-study evidence, not formal acceptance evidence, not calibrated real-world results, and not an operational route plan or forecast. Base profile scope: Pilot full scenario-policy-seed output for quasi-real decision-support evaluation; not calibrated real-world results or an operational forecast."
songpa_public_demo,songpa_spatial_lastmile_west,spatial_hazard_overlay,capacity_reduction,peak_congestion_multimodal,multimodal,spatial exposure corridor,0.0,0.0,0.0,11.5,11.5,scaffold-only,"Engineering-only pilot output for quasi-real decision-support method review (non-publication, non-acceptance, non-operational); not publication evidence, not final-study evidence, not formal acceptance evidence, not calibrated real-world results, and not an operational route plan or forecast. Base profile scope: Pilot full scenario-policy-seed output for quasi-real decision-support evaluation; not calibrated real-world results or an operational forecast."
songpa_public_demo,songpa_spatial_lastmile_west,spatial_hazard_overlay,capacity_reduction,rail_delay_or_partial_unavailability,multimodal,spatial exposure corridor,0.0,0.0,0.01,0.01,0.02,scaffold-only,"Engineering-only pilot output for quasi-real decision-support method review (non-publication, non-acceptance, non-operational); not publication evidence, not final-study evidence, not formal acceptance evidence, not calibrated real-world results, and not an operational route plan or forecast. Base profile scope: Pilot full scenario-policy-seed output for quasi-real decision-support evaluation; not calibrated real-world results or an operational forecast."
songpa_public_demo,songpa_spatial_lastmile_west,spatial_hazard_overlay,capacity_reduction,severe_congestion_bus,bus_only,spatial exposure corridor,0.0,0.0,0.0,0.0,0.0,scaffold-only,"Engineering-only pilot output for quasi-real decision-support method review (non-publication, non-acceptance, non-operational); not publication evidence, not final-study evidence, not formal acceptance evidence, not calibrated real-world results, and not an operational route plan or forecast. Base profile scope: Pilot full scenario-policy-seed output for quasi-real decision-support evaluation; not calibrated real-world results or an operational forecast."
songpa_public_demo,songpa_spatial_lastmile_west,spatial_hazard_overlay,capacity_reduction,severe_congestion_multimodal,multimodal,spatial exposure corridor,0.0,0.0,7.23,7.23,14.46,scaffold-only,"Engineering-only pilot output for quasi-real decision-support method review (non-publication, non-acceptance, non-operational); not publication evidence, not final-study evidence, not formal acceptance evidence, not calibrated real-world results, and not an operational route plan or forecast. Base profile scope: Pilot full scenario-policy-seed output for quasi-real decision-support evaluation; not calibrated real-world results or an operational forecast."
songpa_public_demo,songpa_spatial_lastmile_west,spatial_hazard_overlay,capacity_reduction,staggered_or_adaptive_dispatch,multimodal,spatial exposure corridor,0.0,0.0,0.0,0.0,0.0,scaffold-only,"Engineering-only pilot output for quasi-real decision-support method review (non-publication, non-acceptance, non-operational); not publication evidence, not final-study evidence, not formal acceptance evidence, not calibrated real-world results, and not an operational route plan or forecast. Base profile scope: Pilot full scenario-policy-seed output for quasi-real decision-support evaluation; not calibrated real-world results or an operational forecast."
songpa_public_demo,songpa_spatial_lastmile_west,spatial_hazard_overlay,capacity_reduction,transfer_stress_extreme,multimodal,spatial exposure corridor,0.0,0.0,0.01,0.01,0.02,scaffold-only,"Engineering-only pilot output for quasi-real decision-support method review (non-publication, non-acceptance, non-operational); not publication evidence, not final-study evidence, not formal acceptance evidence, not calibrated real-world results, and not an operational route plan or forecast. Base profile scope: Pilot full scenario-policy-seed output for quasi-real decision-support evaluation; not calibrated real-world results or an operational forecast."
songpa_public_demo,songpa_spatial_lastmile_west,spatial_hazard_overlay,capacity_reduction,transfer_stress_mild,multimodal,spatial exposure corridor,0.0,0.0,0.0,0.0,0.0,scaffold-only,"Engineering-only pilot output for quasi-real decision-support method review (non-publication, non-acceptance, non-operational); not publication evidence, not final-study evidence, not formal acceptance evidence, not calibrated real-world results, and not an operational route plan or forecast. Base profile scope: Pilot full scenario-policy-seed output for quasi-real decision-support evaluation; not calibrated real-world results or an operational forecast."
songpa_public_demo,songpa_spatial_lastmile_west,spatial_hazard_overlay,capacity_reduction,transfer_stress_moderate,multimodal,spatial exposure corridor,0.0,0.0,0.0,0.0,0.0,scaffold-only,"Engineering-only pilot output for quasi-real decision-support method review (non-publication, non-acceptance, non-operational); not publication evidence, not final-study evidence, not formal acceptance evidence, not calibrated real-world results, and not an operational route plan or forecast. Base profile scope: Pilot full scenario-policy-seed output for quasi-real decision-support evaluation; not calibrated real-world results or an operational forecast."
songpa_public_demo,songpa_spatial_lastmile_west,spatial_hazard_overlay,capacity_reduction,transfer_stress_severe,multimodal,spatial exposure corridor,0.0,0.0,0.01,0.01,0.02,scaffold-only,"Engineering-only pilot output for quasi-real decision-support method review (non-publication, non-acceptance, non-operational); not publication evidence, not final-study evidence, not formal acceptance evidence, not calibrated real-world results, and not an operational route plan or forecast. Base profile scope: Pilot full scenario-policy-seed output for quasi-real decision-support evaluation; not calibrated real-world results or an operational forecast."
songpa_public_demo,songpa_spatial_tancheon_corridor,spatial_hazard_overlay,capacity_reduction,baseline_multimodal,multimodal,spatial exposure corridor,0.0,0.0,0.0,0.0,0.0,scaffold-only,"Engineering-only pilot output for quasi-real decision-support method review (non-publication, non-acceptance, non-operational); not publication evidence, not final-study evidence, not formal acceptance evidence, not calibrated real-world results, and not an operational route plan or forecast. Base profile scope: Pilot full scenario-policy-seed output for quasi-real decision-support evaluation; not calibrated real-world results or an operational forecast."
songpa_public_demo,songpa_spatial_tancheon_corridor,spatial_hazard_overlay,capacity_reduction,bus_only,bus_only,spatial exposure corridor,0.0,0.0,0.26,0.26,0.52,scaffold-only,"Engineering-only pilot output for quasi-real decision-support method review (non-publication, non-acceptance, non-operational); not publication evidence, not final-study evidence, not formal acceptance evidence, not calibrated real-world results, and not an operational route plan or forecast. Base profile scope: Pilot full scenario-policy-seed output for quasi-real decision-support evaluation; not calibrated real-world results or an operational forecast."
songpa_public_demo,songpa_spatial_tancheon_corridor,spatial_hazard_overlay,capacity_reduction,fleet_shortage_severe,multimodal,spatial exposure corridor,0.0,0.0,0.0,0.0,0.0,scaffold-only,"Engineering-only pilot output for quasi-real decision-support method review (non-publication, non-acceptance, non-operational); not publication evidence, not final-study evidence, not formal acceptance evidence, not calibrated real-world results, and not an operational route plan or forecast. Base profile scope: Pilot full scenario-policy-seed output for quasi-real decision-support evaluation; not calibrated real-world results or an operational forecast."
songpa_public_demo,songpa_spatial_tancheon_corridor,spatial_hazard_overlay,capacity_reduction,fleet_shortage_stress,multimodal,spatial exposure corridor,0.0,0.0,0.0,0.0,0.0,scaffold-only,"Engineering-only pilot output for quasi-real decision-support method review (non-publication, non-acceptance, non-operational); not publication evidence, not final-study evidence, not formal acceptance evidence, not calibrated real-world results, and not an operational route plan or forecast. Base profile scope: Pilot full scenario-policy-seed output for quasi-real decision-support evaluation; not calibrated real-world results or an operational forecast."
songpa_public_demo,songpa_spatial_tancheon_corridor,spatial_hazard_overlay,capacity_reduction,heavy_congestion_bus,bus_only,spatial exposure corridor,0.0,0.0,64.6,64.6,129.2,scaffold-only,"Engineering-only pilot output for quasi-real decision-support method review (non-publication, non-acceptance, non-operational); not publication evidence, not final-study evidence, not formal acceptance evidence, not calibrated real-world results, and not an operational route plan or forecast. Base profile scope: Pilot full scenario-policy-seed output for quasi-real decision-support evaluation; not calibrated real-world results or an operational forecast."
songpa_public_demo,songpa_spatial_tancheon_corridor,spatial_hazard_overlay,capacity_reduction,heavy_congestion_multimodal,multimodal,spatial exposure corridor,0.0,0.0,0.0,0.0,0.0,scaffold-only,"Engineering-only pilot output for quasi-real decision-support method review (non-publication, non-acceptance, non-operational); not publication evidence, not final-study evidence, not formal acceptance evidence, not calibrated real-world results, and not an operational route plan or forecast. Base profile scope: Pilot full scenario-policy-seed output for quasi-real decision-support evaluation; not calibrated real-world results or an operational forecast."
songpa_public_demo,songpa_spatial_tancheon_corridor,spatial_hazard_overlay,capacity_reduction,lastmile_capacity_mild,multimodal,spatial exposure corridor,0.0,0.0,0.0,0.0,0.0,scaffold-only,"Engineering-only pilot output for quasi-real decision-support method review (non-publication, non-acceptance, non-operational); not publication evidence, not final-study evidence, not formal acceptance evidence, not calibrated real-world results, and not an operational route plan or forecast. Base profile scope: Pilot full scenario-policy-seed output for quasi-real decision-support evaluation; not calibrated real-world results or an operational forecast."
songpa_public_demo,songpa_spatial_tancheon_corridor,spatial_hazard_overlay,capacity_reduction,lastmile_capacity_moderate,multimodal,spatial exposure corridor,0.0,0.0,0.0,0.0,0.0,scaffold-only,"Engineering-only pilot output for quasi-real decision-support method review (non-publication, non-acceptance, non-operational); not publication evidence, not final-study evidence, not formal acceptance evidence, not calibrated real-world results, and not an operational route plan or forecast. Base profile scope: Pilot full scenario-policy-seed output for quasi-real decision-support evaluation; not calibrated real-world results or an operational forecast."
songpa_public_demo,songpa_spatial_tancheon_corridor,spatial_hazard_overlay,capacity_reduction,lastmile_capacity_severe,multimodal,spatial exposure corridor,0.0,0.0,0.0,0.0,0.0,scaffold-only,"Engineering-only pilot output for quasi-real decision-support method review (non-publication, non-acceptance, non-operational); not publication evidence, not final-study evidence, not formal acceptance evidence, not calibrated real-world results, and not an operational route plan or forecast. Base profile scope: Pilot full scenario-policy-seed output for quasi-real decision-support evaluation; not calibrated real-world results or an operational forecast."
songpa_public_demo,songpa_spatial_tancheon_corridor,spatial_hazard_overlay,capacity_reduction,moderate_congestion_bus,bus_only,spatial exposure corridor,0.0,0.0,4.07,4.07,8.14,scaffold-only,"Engineering-only pilot output for quasi-real decision-support method review (non-publication, non-acceptance, non-operational); not publication evidence, not final-study evidence, not formal acceptance evidence, not calibrated real-world results, and not an operational route plan or forecast. Base profile scope: Pilot full scenario-policy-seed output for quasi-real decision-support evaluation; not calibrated real-world results or an operational forecast."
songpa_public_demo,songpa_spatial_tancheon_corridor,spatial_hazard_overlay,capacity_reduction,moderate_congestion_multimodal,multimodal,spatial exposure corridor,0.0,0.0,0.0,0.0,0.0,scaffold-only,"Engineering-only pilot output for quasi-real decision-support method review (non-publication, non-acceptance, non-operational); not publication evidence, not final-study evidence, not formal acceptance evidence, not calibrated real-world results, and not an operational route plan or forecast. Base profile scope: Pilot full scenario-policy-seed output for quasi-real decision-support evaluation; not calibrated real-world results or an operational forecast."
songpa_public_demo,songpa_spatial_tancheon_corridor,spatial_hazard_overlay,capacity_reduction,multimodal_increased_feeder_capacity,multimodal,spatial exposure corridor,0.0,0.0,0.0,0.0,0.0,scaffold-only,"Engineering-only pilot output for quasi-real decision-support method review (non-publication, non-acceptance, non-operational); not publication evidence, not final-study evidence, not formal acceptance evidence, not calibrated real-world results, and not an operational route plan or forecast. Base profile scope: Pilot full scenario-policy-seed output for quasi-real decision-support evaluation; not calibrated real-world results or an operational forecast."
songpa_public_demo,songpa_spatial_tancheon_corridor,spatial_hazard_overlay,capacity_reduction,multimodal_lastmile_redundancy,multimodal,spatial exposure corridor,0.0,0.0,0.0,0.0,0.0,scaffold-only,"Engineering-only pilot output for quasi-real decision-support method review (non-publication, non-acceptance, non-operational); not publication evidence, not final-study evidence, not formal acceptance evidence, not calibrated real-world results, and not an operational route plan or forecast. Base profile scope: Pilot full scenario-policy-seed output for quasi-real decision-support evaluation; not calibrated real-world results or an operational forecast."
songpa_public_demo,songpa_spatial_tancheon_corridor,spatial_hazard_overlay,capacity_reduction,peak_congestion_bus,bus_only,spatial exposure corridor,0.2,4.8,1440.0,0.0,1644.8,scaffold-only,"Engineering-only pilot output for quasi-real decision-support method review (non-publication, non-acceptance, non-operational); not publication evidence, not final-study evidence, not formal acceptance evidence, not calibrated real-world results, and not an operational route plan or forecast. Base profile scope: Pilot full scenario-policy-seed output for quasi-real decision-support evaluation; not calibrated real-world results or an operational forecast."
songpa_public_demo,songpa_spatial_tancheon_corridor,spatial_hazard_overlay,capacity_reduction,peak_congestion_multimodal,multimodal,spatial exposure corridor,0.0,0.0,0.0,0.0,0.0,scaffold-only,"Engineering-only pilot output for quasi-real decision-support method review (non-publication, non-acceptance, non-operational); not publication evidence, not final-study evidence, not formal acceptance evidence, not calibrated real-world results, and not an operational route plan or forecast. Base profile scope: Pilot full scenario-policy-seed output for quasi-real decision-support evaluation; not calibrated real-world results or an operational forecast."
songpa_public_demo,songpa_spatial_tancheon_corridor,spatial_hazard_overlay,capacity_reduction,rail_delay_or_partial_unavailability,multimodal,spatial exposure corridor,0.0,0.0,0.0,0.0,0.0,scaffold-only,"Engineering-only pilot output for quasi-real decision-support method review (non-publication, non-acceptance, non-operational); not publication evidence, not final-study evidence, not formal acceptance evidence, not calibrated real-world results, and not an operational route plan or forecast. Base profile scope: Pilot full scenario-policy-seed output for quasi-real decision-support evaluation; not calibrated real-world results or an operational forecast."
songpa_public_demo,songpa_spatial_tancheon_corridor,spatial_hazard_overlay,capacity_reduction,severe_congestion_bus,bus_only,spatial exposure corridor,1.0,24.0,7319.59,inf,inf,scaffold-only,"Engineering-only pilot output for quasi-real decision-support method review (non-publication, non-acceptance, non-operational); not publication evidence, not final-study evidence, not formal acceptance evidence, not calibrated real-world results, and not an operational route plan or forecast. Base profile scope: Pilot full scenario-policy-seed output for quasi-real decision-support evaluation; not calibrated real-world results or an operational forecast."
songpa_public_demo,songpa_spatial_tancheon_corridor,spatial_hazard_overlay,capacity_reduction,severe_congestion_multimodal,multimodal,spatial exposure corridor,0.0,0.0,0.0,0.0,0.0,scaffold-only,"Engineering-only pilot output for quasi-real decision-support method review (non-publication, non-acceptance, non-operational); not publication evidence, not final-study evidence, not formal acceptance evidence, not calibrated real-world results, and not an operational route plan or forecast. Base profile scope: Pilot full scenario-policy-seed output for quasi-real decision-support evaluation; not calibrated real-world results or an operational forecast."
songpa_public_demo,songpa_spatial_tancheon_corridor,spatial_hazard_overlay,capacity_reduction,staggered_or_adaptive_dispatch,multimodal,spatial exposure corridor,0.0,0.0,0.0,0.0,0.0,scaffold-only,"Engineering-only pilot output for quasi-real decision-support method review (non-publication, non-acceptance, non-operational); not publication evidence, not final-study evidence, not formal acceptance evidence, not calibrated real-world results, and not an operational route plan or forecast. Base profile scope: Pilot full scenario-policy-seed output for quasi-real decision-support evaluation; not calibrated real-world results or an operational forecast."
songpa_public_demo,songpa_spatial_tancheon_corridor,spatial_hazard_overlay,capacity_reduction,transfer_stress_extreme,multimodal,spatial exposure corridor,0.0,0.0,0.0,0.0,0.0,scaffold-only,"Engineering-only pilot output for quasi-real decision-support method review (non-publication, non-acceptance, non-operational); not publication evidence, not final-study evidence, not formal acceptance evidence, not calibrated real-world results, and not an operational route plan or forecast. Base profile scope: Pilot full scenario-policy-seed output for quasi-real decision-support evaluation; not calibrated real-world results or an operational forecast."
songpa_public_demo,songpa_spatial_tancheon_corridor,spatial_hazard_overlay,capacity_reduction,transfer_stress_mild,multimodal,spatial exposure corridor,0.0,0.0,0.0,0.0,0.0,scaffold-only,"Engineering-only pilot output for quasi-real decision-support method review (non-publication, non-acceptance, non-operational); not publication evidence, not final-study evidence, not formal acceptance evidence, not calibrated real-world results, and not an operational route plan or forecast. Base profile scope: Pilot full scenario-policy-seed output for quasi-real decision-support evaluation; not calibrated real-world results or an operational forecast."
songpa_public_demo,songpa_spatial_tancheon_corridor,spatial_hazard_overlay,capacity_reduction,transfer_stress_moderate,multimodal,spatial exposure corridor,0.0,0.0,0.0,0.0,0.0,scaffold-only,"Engineering-only pilot output for quasi-real decision-support method review (non-publication, non-acceptance, non-operational); not publication evidence, not final-study evidence, not formal acceptance evidence, not calibrated real-world results, and not an operational route plan or forecast. Base profile scope: Pilot full scenario-policy-seed output for quasi-real decision-support evaluation; not calibrated real-world results or an operational forecast."
songpa_public_demo,songpa_spatial_tancheon_corridor,spatial_hazard_overlay,capacity_reduction,transfer_stress_severe,multimodal,spatial exposure corridor,0.0,0.0,0.0,0.0,0.0,scaffold-only,"Engineering-only pilot output for quasi-real decision-support method review (non-publication, non-acceptance, non-operational); not publication evidence, not final-study evidence, not formal acceptance evidence, not calibrated real-world results, and not an operational route plan or forecast. Base profile scope: Pilot full scenario-policy-seed output for quasi-real decision-support evaluation; not calibrated real-world results or an operational forecast."
songpa_public_demo,songpa_rail_station_access,rail_station_access,capacity_reduction,baseline_multimodal,multimodal,station access road,0.0,0.0,0.0,0.0,0.0,scaffold-only,"Engineering-only pilot output for quasi-real decision-support method review (non-publication, non-acceptance, non-operational); not publication evidence, not final-study evidence, not formal acceptance evidence, not calibrated real-world results, and not an operational route plan or forecast. Base profile scope: Pilot full scenario-policy-seed output for quasi-real decision-support evaluation; not calibrated real-world results or an operational forecast."
songpa_public_demo,songpa_rail_station_access,rail_station_access,capacity_reduction,bus_only,bus_only,station access road,0.0,0.0,0.0,0.0,0.0,scaffold-only,"Engineering-only pilot output for quasi-real decision-support method review (non-publication, non-acceptance, non-operational); not publication evidence, not final-study evidence, not formal acceptance evidence, not calibrated real-world results, and not an operational route plan or forecast. Base profile scope: Pilot full scenario-policy-seed output for quasi-real decision-support evaluation; not calibrated real-world results or an operational forecast."
songpa_public_demo,songpa_rail_station_access,rail_station_access,capacity_reduction,fleet_shortage_severe,multimodal,station access road,0.0,0.0,0.0,0.0,0.0,scaffold-only,"Engineering-only pilot output for quasi-real decision-support method review (non-publication, non-acceptance, non-operational); not publication evidence, not final-study evidence, not formal acceptance evidence, not calibrated real-world results, and not an operational route plan or forecast. Base profile scope: Pilot full scenario-policy-seed output for quasi-real decision-support evaluation; not calibrated real-world results or an operational forecast."
songpa_public_demo,songpa_rail_station_access,rail_station_access,capacity_reduction,fleet_shortage_stress,multimodal,station access road,0.0,0.0,0.0,0.0,0.0,scaffold-only,"Engineering-only pilot output for quasi-real decision-support method review (non-publication, non-acceptance, non-operational); not publication evidence, not final-study evidence, not formal acceptance evidence, not calibrated real-world results, and not an operational route plan or forecast. Base profile scope: Pilot full scenario-policy-seed output for quasi-real decision-support evaluation; not calibrated real-world results or an operational forecast."
songpa_public_demo,songpa_rail_station_access,rail_station_access,capacity_reduction,heavy_congestion_bus,bus_only,station access road,0.0,0.0,0.0,0.0,0.0,scaffold-only,"Engineering-only pilot output for quasi-real decision-support method review (non-publication, non-acceptance, non-operational); not publication evidence, not final-study evidence, not formal acceptance evidence, not calibrated real-world results, and not an operational route plan or forecast. Base profile scope: Pilot full scenario-policy-seed output for quasi-real decision-support evaluation; not calibrated real-world results or an operational forecast."
songpa_public_demo,songpa_rail_station_access,rail_station_access,capacity_reduction,heavy_congestion_multimodal,multimodal,station access road,0.0,0.0,0.18,0.18,0.36,scaffold-only,"Engineering-only pilot output for quasi-real decision-support method review (non-publication, non-acceptance, non-operational); not publication evidence, not final-study evidence, not formal acceptance evidence, not calibrated real-world results, and not an operational route plan or forecast. Base profile scope: Pilot full scenario-policy-seed output for quasi-real decision-support evaluation; not calibrated real-world results or an operational forecast."
songpa_public_demo,songpa_rail_station_access,rail_station_access,capacity_reduction,lastmile_capacity_mild,multimodal,station access road,0.0,0.0,0.0,0.0,0.0,scaffold-only,"Engineering-only pilot output for quasi-real decision-support method review (non-publication, non-acceptance, non-operational); not publication evidence, not final-study evidence, not formal acceptance evidence, not calibrated real-world results, and not an operational route plan or forecast. Base profile scope: Pilot full scenario-policy-seed output for quasi-real decision-support evaluation; not calibrated real-world results or an operational forecast."
songpa_public_demo,songpa_rail_station_access,rail_station_access,capacity_reduction,lastmile_capacity_moderate,multimodal,station access road,0.0,0.0,0.0,0.0,0.0,scaffold-only,"Engineering-only pilot output for quasi-real decision-support method review (non-publication, non-acceptance, non-operational); not publication evidence, not final-study evidence, not formal acceptance evidence, not calibrated real-world results, and not an operational route plan or forecast. Base profile scope: Pilot full scenario-policy-seed output for quasi-real decision-support evaluation; not calibrated real-world results or an operational forecast."
songpa_public_demo,songpa_rail_station_access,rail_station_access,capacity_reduction,lastmile_capacity_severe,multimodal,station access road,0.0,0.0,0.0,0.0,0.0,scaffold-only,"Engineering-only pilot output for quasi-real decision-support method review (non-publication, non-acceptance, non-operational); not publication evidence, not final-study evidence, not formal acceptance evidence, not calibrated real-world results, and not an operational route plan or forecast. Base profile scope: Pilot full scenario-policy-seed output for quasi-real decision-support evaluation; not calibrated real-world results or an operational forecast."
songpa_public_demo,songpa_rail_station_access,rail_station_access,capacity_reduction,moderate_congestion_bus,bus_only,station access road,0.0,0.0,0.0,0.0,0.0,scaffold-only,"Engineering-only pilot output for quasi-real decision-support method review (non-publication, non-acceptance, non-operational); not publication evidence, not final-study evidence, not formal acceptance evidence, not calibrated real-world results, and not an operational route plan or forecast. Base profile scope: Pilot full scenario-policy-seed output for quasi-real decision-support evaluation; not calibrated real-world results or an operational forecast."
songpa_public_demo,songpa_rail_station_access,rail_station_access,capacity_reduction,moderate_congestion_multimodal,multimodal,station access road,0.0,0.0,0.01,0.01,0.02,scaffold-only,"Engineering-only pilot output for quasi-real decision-support method review (non-publication, non-acceptance, non-operational); not publication evidence, not final-study evidence, not formal acceptance evidence, not calibrated real-world results, and not an operational route plan or forecast. Base profile scope: Pilot full scenario-policy-seed output for quasi-real decision-support evaluation; not calibrated real-world results or an operational forecast."
songpa_public_demo,songpa_rail_station_access,rail_station_access,capacity_reduction,multimodal_increased_feeder_capacity,multimodal,station access road,0.0,0.0,0.0,0.0,0.0,scaffold-only,"Engineering-only pilot output for quasi-real decision-support method review (non-publication, non-acceptance, non-operational); not publication evidence, not final-study evidence, not formal acceptance evidence, not calibrated real-world results, and not an operational route plan or forecast. Base profile scope: Pilot full scenario-policy-seed output for quasi-real decision-support evaluation; not calibrated real-world results or an operational forecast."
songpa_public_demo,songpa_rail_station_access,rail_station_access,capacity_reduction,multimodal_lastmile_redundancy,multimodal,station access road,0.0,0.0,0.0,0.0,0.0,scaffold-only,"Engineering-only pilot output for quasi-real decision-support method review (non-publication, non-acceptance, non-operational); not publication evidence, not final-study evidence, not formal acceptance evidence, not calibrated real-world results, and not an operational route plan or forecast. Base profile scope: Pilot full scenario-policy-seed output for quasi-real decision-support evaluation; not calibrated real-world results or an operational forecast."
songpa_public_demo,songpa_rail_station_access,rail_station_access,capacity_reduction,peak_congestion_bus,bus_only,station access road,0.0,0.0,0.0,0.0,0.0,scaffold-only,"Engineering-only pilot output for quasi-real decision-support method review (non-publication, non-acceptance, non-operational); not publication evidence, not final-study evidence, not formal acceptance evidence, not calibrated real-world results, and not an operational route plan or forecast. Base profile scope: Pilot full scenario-policy-seed output for quasi-real decision-support evaluation; not calibrated real-world results or an operational forecast."
songpa_public_demo,songpa_rail_station_access,rail_station_access,capacity_reduction,peak_congestion_multimodal,multimodal,station access road,0.0,0.0,0.0,1.41,1.41,scaffold-only,"Engineering-only pilot output for quasi-real decision-support method review (non-publication, non-acceptance, non-operational); not publication evidence, not final-study evidence, not formal acceptance evidence, not calibrated real-world results, and not an operational route plan or forecast. Base profile scope: Pilot full scenario-policy-seed output for quasi-real decision-support evaluation; not calibrated real-world results or an operational forecast."
songpa_public_demo,songpa_rail_station_access,rail_station_access,capacity_reduction,rail_delay_or_partial_unavailability,multimodal,station access road,0.0,0.0,0.0,0.0,0.0,scaffold-only,"Engineering-only pilot output for quasi-real decision-support method review (non-publication, non-acceptance, non-operational); not publication evidence, not final-study evidence, not formal acceptance evidence, not calibrated real-world results, and not an operational route plan or forecast. Base profile scope: Pilot full scenario-policy-seed output for quasi-real decision-support evaluation; not calibrated real-world results or an operational forecast."
songpa_public_demo,songpa_rail_station_access,rail_station_access,capacity_reduction,severe_congestion_bus,bus_only,station access road,0.0,0.0,0.0,0.0,0.0,scaffold-only,"Engineering-only pilot output for quasi-real decision-support method review (non-publication, non-acceptance, non-operational); not publication evidence, not final-study evidence, not formal acceptance evidence, not calibrated real-world results, and not an operational route plan or forecast. Base profile scope: Pilot full scenario-policy-seed output for quasi-real decision-support evaluation; not calibrated real-world results or an operational forecast."
songpa_public_demo,songpa_rail_station_access,rail_station_access,capacity_reduction,severe_congestion_multimodal,multimodal,station access road,0.0,0.0,0.9,0.9,1.8,scaffold-only,"Engineering-only pilot output for quasi-real decision-support method review (non-publication, non-acceptance, non-operational); not publication evidence, not final-study evidence, not formal acceptance evidence, not calibrated real-world results, and not an operational route plan or forecast. Base profile scope: Pilot full scenario-policy-seed output for quasi-real decision-support evaluation; not calibrated real-world results or an operational forecast."
songpa_public_demo,songpa_rail_station_access,rail_station_access,capacity_reduction,staggered_or_adaptive_dispatch,multimodal,station access road,0.0,0.0,0.0,0.0,0.0,scaffold-only,"Engineering-only pilot output for quasi-real decision-support method review (non-publication, non-acceptance, non-operational); not publication evidence, not final-study evidence, not formal acceptance evidence, not calibrated real-world results, and not an operational route plan or forecast. Base profile scope: Pilot full scenario-policy-seed output for quasi-real decision-support evaluation; not calibrated real-world results or an operational forecast."
songpa_public_demo,songpa_rail_station_access,rail_station_access,capacity_reduction,transfer_stress_extreme,multimodal,station access road,0.0,0.0,0.0,0.0,0.0,scaffold-only,"Engineering-only pilot output for quasi-real decision-support method review (non-publication, non-acceptance, non-operational); not publication evidence, not final-study evidence, not formal acceptance evidence, not calibrated real-world results, and not an operational route plan or forecast. Base profile scope: Pilot full scenario-policy-seed output for quasi-real decision-support evaluation; not calibrated real-world results or an operational forecast."
songpa_public_demo,songpa_rail_station_access,rail_station_access,capacity_reduction,transfer_stress_mild,multimodal,station access road,0.0,0.0,0.0,0.0,0.0,scaffold-only,"Engineering-only pilot output for quasi-real decision-support method review (non-publication, non-acceptance, non-operational); not publication evidence, not final-study evidence, not formal acceptance evidence, not calibrated real-world results, and not an operational route plan or forecast. Base profile scope: Pilot full scenario-policy-seed output for quasi-real decision-support evaluation; not calibrated real-world results or an operational forecast."
songpa_public_demo,songpa_rail_station_access,rail_station_access,capacity_reduction,transfer_stress_moderate,multimodal,station access road,0.0,0.0,0.0,0.0,0.0,scaffold-only,"Engineering-only pilot output for quasi-real decision-support method review (non-publication, non-acceptance, non-operational); not publication evidence, not final-study evidence, not formal acceptance evidence, not calibrated real-world results, and not an operational route plan or forecast. Base profile scope: Pilot full scenario-policy-seed output for quasi-real decision-support evaluation; not calibrated real-world results or an operational forecast."
songpa_public_demo,songpa_rail_station_access,rail_station_access,capacity_reduction,transfer_stress_severe,multimodal,station access road,0.0,0.0,0.0,0.0,0.0,scaffold-only,"Engineering-only pilot output for quasi-real decision-support method review (non-publication, non-acceptance, non-operational); not publication evidence, not final-study evidence, not formal acceptance evidence, not calibrated real-world results, and not an operational route plan or forecast. Base profile scope: Pilot full scenario-policy-seed output for quasi-real decision-support evaluation; not calibrated real-world results or an operational forecast."
