region_id,graph_source,policy_id,mode,scenario_id,scenario_family,scenario_type,run_count,completion_rate,censored_count,penalized_makespan_min,total_service_minutes,passengers_per_total_service_minute,first_arrival_time,median_arrival_time,p80_arrival_time,p95_arrival_time,evidence_label,claim_scope
songpa_public_demo,cached_graphml:data/cache/pilot_region_road.graphml,bus_only,bus_only,songpa_access_origin_to_destination,access_road,capacity_reduction,30,1.0,0.0,21.01,18.01,1.3325,10.99,16.01,21.01,21.01,scaffold-only,"Engineering-only pilot output for quasi-real decision-support method review (non-publication, non-acceptance, non-operational); not publication evidence, not final-study evidence, not formal acceptance evidence, not calibrated real-world results, and not an operational route plan or forecast. Base profile scope: Pilot full bus-practical graph output for graph-scale feasibility review; not calibrated real-world results or an operational forecast."
songpa_public_demo,cached_graphml:data/cache/pilot_region_road.graphml,heavy_congestion_bus,bus_only,songpa_access_origin_to_destination,access_road,capacity_reduction,30,0.66,8.27,2679.17,558.73,0.0283,188.82,191.29,193.73,193.73,scaffold-only,"Engineering-only pilot output for quasi-real decision-support method review (non-publication, non-acceptance, non-operational); not publication evidence, not final-study evidence, not formal acceptance evidence, not calibrated real-world results, and not an operational route plan or forecast. Base profile scope: Pilot full bus-practical graph output for graph-scale feasibility review; not calibrated real-world results or an operational forecast."
songpa_public_demo,cached_graphml:data/cache/pilot_region_road.graphml,moderate_congestion_bus,bus_only,songpa_access_origin_to_destination,access_road,capacity_reduction,30,1.0,0.0,33.77,56.17,0.4274,23.64,28.77,33.77,33.77,scaffold-only,"Engineering-only pilot output for quasi-real decision-support method review (non-publication, non-acceptance, non-operational); not publication evidence, not final-study evidence, not formal acceptance evidence, not calibrated real-world results, and not an operational route plan or forecast. Base profile scope: Pilot full bus-practical graph output for graph-scale feasibility review; not calibrated real-world results or an operational forecast."
songpa_public_demo,cached_graphml:data/cache/pilot_region_road.graphml,peak_congestion_bus,bus_only,songpa_access_origin_to_destination,access_road,capacity_reduction,30,0.0,24.0,7400.0,8444.93,0.0,inf,inf,inf,inf,scaffold-only,"Engineering-only pilot output for quasi-real decision-support method review (non-publication, non-acceptance, non-operational); not publication evidence, not final-study evidence, not formal acceptance evidence, not calibrated real-world results, and not an operational route plan or forecast. Base profile scope: Pilot full bus-practical graph output for graph-scale feasibility review; not calibrated real-world results or an operational forecast."
songpa_public_demo,cached_graphml:data/cache/pilot_region_road.graphml,severe_congestion_bus,bus_only,songpa_access_origin_to_destination,access_road,capacity_reduction,30,0.0,24.0,7400.0,2696.25,0.0,inf,inf,inf,inf,scaffold-only,"Engineering-only pilot output for quasi-real decision-support method review (non-publication, non-acceptance, non-operational); not publication evidence, not final-study evidence, not formal acceptance evidence, not calibrated real-world results, and not an operational route plan or forecast. Base profile scope: Pilot full bus-practical graph output for graph-scale feasibility review; not calibrated real-world results or an operational forecast."
songpa_public_demo,cached_graphml:data/cache/pilot_region_road.graphml,baseline_multimodal,multimodal,songpa_access_origin_to_destination,access_road,capacity_reduction,30,1.0,0.0,47.16,47.05,0.5101,32.01,42.01,47.16,47.16,scaffold-only,"Engineering-only pilot output for quasi-real decision-support method review (non-publication, non-acceptance, non-operational); not publication evidence, not final-study evidence, not formal acceptance evidence, not calibrated real-world results, and not an operational route plan or forecast. Base profile scope: Pilot full bus-practical graph output for graph-scale feasibility review; not calibrated real-world results or an operational forecast."
songpa_public_demo,cached_graphml:data/cache/pilot_region_road.graphml,fleet_shortage_severe,multimodal,songpa_access_origin_to_destination,access_road,capacity_reduction,30,1.0,0.0,54.53,60.05,0.3997,32.01,43.65,54.53,54.53,scaffold-only,"Engineering-only pilot output for quasi-real decision-support method review (non-publication, non-acceptance, non-operational); not publication evidence, not final-study evidence, not formal acceptance evidence, not calibrated real-world results, and not an operational route plan or forecast. Base profile scope: Pilot full bus-practical graph output for graph-scale feasibility review; not calibrated real-world results or an operational forecast."
songpa_public_demo,cached_graphml:data/cache/pilot_region_road.graphml,fleet_shortage_stress,multimodal,songpa_access_origin_to_destination,access_road,capacity_reduction,30,1.0,0.0,47.16,47.05,0.5101,32.01,42.01,47.16,47.16,scaffold-only,"Engineering-only pilot output for quasi-real decision-support method review (non-publication, non-acceptance, non-operational); not publication evidence, not final-study evidence, not formal acceptance evidence, not calibrated real-world results, and not an operational route plan or forecast. Base profile scope: Pilot full bus-practical graph output for graph-scale feasibility review; not calibrated real-world results or an operational forecast."
songpa_public_demo,cached_graphml:data/cache/pilot_region_road.graphml,heavy_congestion_multimodal,multimodal,songpa_access_origin_to_destination,access_road,capacity_reduction,30,0.1,21.6,6680.0,408.25,0.0059,inf,inf,inf,inf,scaffold-only,"Engineering-only pilot output for quasi-real decision-support method review (non-publication, non-acceptance, non-operational); not publication evidence, not final-study evidence, not formal acceptance evidence, not calibrated real-world results, and not an operational route plan or forecast. Base profile scope: Pilot full bus-practical graph output for graph-scale feasibility review; not calibrated real-world results or an operational forecast."
songpa_public_demo,cached_graphml:data/cache/pilot_region_road.graphml,lastmile_capacity_mild,multimodal,songpa_access_origin_to_destination,access_road,capacity_reduction,30,1.0,0.0,42.01,45.02,0.5331,32.01,42.01,42.01,42.01,scaffold-only,"Engineering-only pilot output for quasi-real decision-support method review (non-publication, non-acceptance, non-operational); not publication evidence, not final-study evidence, not formal acceptance evidence, not calibrated real-world results, and not an operational route plan or forecast. Base profile scope: Pilot full bus-practical graph output for graph-scale feasibility review; not calibrated real-world results or an operational forecast."
songpa_public_demo,cached_graphml:data/cache/pilot_region_road.graphml,lastmile_capacity_moderate,multimodal,songpa_access_origin_to_destination,access_road,capacity_reduction,30,1.0,0.0,42.01,45.02,0.5331,32.01,42.01,42.01,42.01,scaffold-only,"Engineering-only pilot output for quasi-real decision-support method review (non-publication, non-acceptance, non-operational); not publication evidence, not final-study evidence, not formal acceptance evidence, not calibrated real-world results, and not an operational route plan or forecast. Base profile scope: Pilot full bus-practical graph output for graph-scale feasibility review; not calibrated real-world results or an operational forecast."
songpa_public_demo,cached_graphml:data/cache/pilot_region_road.graphml,lastmile_capacity_severe,multimodal,songpa_access_origin_to_destination,access_road,capacity_reduction,30,1.0,0.0,47.16,47.05,0.5101,32.01,42.01,42.01,42.01,scaffold-only,"Engineering-only pilot output for quasi-real decision-support method review (non-publication, non-acceptance, non-operational); not publication evidence, not final-study evidence, not formal acceptance evidence, not calibrated real-world results, and not an operational route plan or forecast. Base profile scope: Pilot full bus-practical graph output for graph-scale feasibility review; not calibrated real-world results or an operational forecast."
songpa_public_demo,cached_graphml:data/cache/pilot_region_road.graphml,moderate_congestion_multimodal,multimodal,songpa_access_origin_to_destination,access_road,capacity_reduction,30,1.0,0.0,62.14,86.15,0.2801,41.31,51.28,62.14,62.14,scaffold-only,"Engineering-only pilot output for quasi-real decision-support method review (non-publication, non-acceptance, non-operational); not publication evidence, not final-study evidence, not formal acceptance evidence, not calibrated real-world results, and not an operational route plan or forecast. Base profile scope: Pilot full bus-practical graph output for graph-scale feasibility review; not calibrated real-world results or an operational forecast."
songpa_public_demo,cached_graphml:data/cache/pilot_region_road.graphml,multimodal_increased_feeder_capacity,multimodal,songpa_access_origin_to_destination,access_road,capacity_reduction,30,1.0,0.0,47.16,47.05,0.5101,32.01,42.01,47.16,47.16,scaffold-only,"Engineering-only pilot output for quasi-real decision-support method review (non-publication, non-acceptance, non-operational); not publication evidence, not final-study evidence, not formal acceptance evidence, not calibrated real-world results, and not an operational route plan or forecast. Base profile scope: Pilot full bus-practical graph output for graph-scale feasibility review; not calibrated real-world results or an operational forecast."
songpa_public_demo,cached_graphml:data/cache/pilot_region_road.graphml,multimodal_lastmile_redundancy,multimodal,songpa_access_origin_to_destination,access_road,capacity_reduction,30,1.0,0.0,47.02,47.05,0.5101,32.01,42.01,47.02,47.02,scaffold-only,"Engineering-only pilot output for quasi-real decision-support method review (non-publication, non-acceptance, non-operational); not publication evidence, not final-study evidence, not formal acceptance evidence, not calibrated real-world results, and not an operational route plan or forecast. Base profile scope: Pilot full bus-practical graph output for graph-scale feasibility review; not calibrated real-world results or an operational forecast."
songpa_public_demo,cached_graphml:data/cache/pilot_region_road.graphml,peak_congestion_multimodal,multimodal,songpa_access_origin_to_destination,access_road,capacity_reduction,30,0.0,24.0,7400.0,744.59,0.0,inf,inf,inf,inf,scaffold-only,"Engineering-only pilot output for quasi-real decision-support method review (non-publication, non-acceptance, non-operational); not publication evidence, not final-study evidence, not formal acceptance evidence, not calibrated real-world results, and not an operational route plan or forecast. Base profile scope: Pilot full bus-practical graph output for graph-scale feasibility review; not calibrated real-world results or an operational forecast."
songpa_public_demo,cached_graphml:data/cache/pilot_region_road.graphml,rail_delay_or_partial_unavailability,multimodal,songpa_access_origin_to_destination,access_road,capacity_reduction,30,1.0,0.0,58.61,37.3,0.6435,47.01,52.01,58.61,58.61,scaffold-only,"Engineering-only pilot output for quasi-real decision-support method review (non-publication, non-acceptance, non-operational); not publication evidence, not final-study evidence, not formal acceptance evidence, not calibrated real-world results, and not an operational route plan or forecast. Base profile scope: Pilot full bus-practical graph output for graph-scale feasibility review; not calibrated real-world results or an operational forecast."
songpa_public_demo,cached_graphml:data/cache/pilot_region_road.graphml,severe_congestion_multimodal,multimodal,songpa_access_origin_to_destination,access_road,capacity_reduction,30,0.0,24.0,7400.0,1862.57,0.0,inf,inf,inf,inf,scaffold-only,"Engineering-only pilot output for quasi-real decision-support method review (non-publication, non-acceptance, non-operational); not publication evidence, not final-study evidence, not formal acceptance evidence, not calibrated real-world results, and not an operational route plan or forecast. Base profile scope: Pilot full bus-practical graph output for graph-scale feasibility review; not calibrated real-world results or an operational forecast."
songpa_public_demo,cached_graphml:data/cache/pilot_region_road.graphml,staggered_or_adaptive_dispatch,multimodal,songpa_access_origin_to_destination,access_road,capacity_reduction,30,1.0,0.0,55.09,60.05,0.3997,39.01,47.01,55.09,55.09,scaffold-only,"Engineering-only pilot output for quasi-real decision-support method review (non-publication, non-acceptance, non-operational); not publication evidence, not final-study evidence, not formal acceptance evidence, not calibrated real-world results, and not an operational route plan or forecast. Base profile scope: Pilot full bus-practical graph output for graph-scale feasibility review; not calibrated real-world results or an operational forecast."
songpa_public_demo,cached_graphml:data/cache/pilot_region_road.graphml,transfer_stress_extreme,multimodal,songpa_access_origin_to_destination,access_road,capacity_reduction,30,1.0,0.0,168.61,47.05,0.5101,157.01,162.01,168.61,168.61,scaffold-only,"Engineering-only pilot output for quasi-real decision-support method review (non-publication, non-acceptance, non-operational); not publication evidence, not final-study evidence, not formal acceptance evidence, not calibrated real-world results, and not an operational route plan or forecast. Base profile scope: Pilot full bus-practical graph output for graph-scale feasibility review; not calibrated real-world results or an operational forecast."
songpa_public_demo,cached_graphml:data/cache/pilot_region_road.graphml,transfer_stress_mild,multimodal,songpa_access_origin_to_destination,access_road,capacity_reduction,30,1.0,0.0,72.16,47.05,0.5101,57.01,67.01,72.16,72.16,scaffold-only,"Engineering-only pilot output for quasi-real decision-support method review (non-publication, non-acceptance, non-operational); not publication evidence, not final-study evidence, not formal acceptance evidence, not calibrated real-world results, and not an operational route plan or forecast. Base profile scope: Pilot full bus-practical graph output for graph-scale feasibility review; not calibrated real-world results or an operational forecast."
songpa_public_demo,cached_graphml:data/cache/pilot_region_road.graphml,transfer_stress_moderate,multimodal,songpa_access_origin_to_destination,access_road,capacity_reduction,30,1.0,0.0,97.16,47.05,0.5101,82.01,92.01,97.16,97.16,scaffold-only,"Engineering-only pilot output for quasi-real decision-support method review (non-publication, non-acceptance, non-operational); not publication evidence, not final-study evidence, not formal acceptance evidence, not calibrated real-world results, and not an operational route plan or forecast. Base profile scope: Pilot full bus-practical graph output for graph-scale feasibility review; not calibrated real-world results or an operational forecast."
songpa_public_demo,cached_graphml:data/cache/pilot_region_road.graphml,transfer_stress_severe,multimodal,songpa_access_origin_to_destination,access_road,capacity_reduction,30,1.0,0.0,128.61,47.05,0.5101,117.01,122.01,128.61,128.61,scaffold-only,"Engineering-only pilot output for quasi-real decision-support method review (non-publication, non-acceptance, non-operational); not publication evidence, not final-study evidence, not formal acceptance evidence, not calibrated real-world results, and not an operational route plan or forecast. Base profile scope: Pilot full bus-practical graph output for graph-scale feasibility review; not calibrated real-world results or an operational forecast."
songpa_public_demo,cached_graphml:data/cache/pilot_region_road.graphml,bus_only,bus_only,songpa_access_origin_to_station,access_road,capacity_reduction,30,1.0,0.0,19.89,14.71,1.6321,9.91,14.9,19.89,19.89,scaffold-only,"Engineering-only pilot output for quasi-real decision-support method review (non-publication, non-acceptance, non-operational); not publication evidence, not final-study evidence, not formal acceptance evidence, not calibrated real-world results, and not an operational route plan or forecast. Base profile scope: Pilot full bus-practical graph output for graph-scale feasibility review; not calibrated real-world results or an operational forecast."
songpa_public_demo,cached_graphml:data/cache/pilot_region_road.graphml,heavy_congestion_bus,bus_only,songpa_access_origin_to_station,access_road,capacity_reduction,30,1.0,0.0,42.17,81.4,0.2949,32.1,37.14,42.17,42.17,scaffold-only,"Engineering-only pilot output for quasi-real decision-support method review (non-publication, non-acceptance, non-operational); not publication evidence, not final-study evidence, not formal acceptance evidence, not calibrated real-world results, and not an operational route plan or forecast. Base profile scope: Pilot full bus-practical graph output for graph-scale feasibility review; not calibrated real-world results or an operational forecast."
songpa_public_demo,cached_graphml:data/cache/pilot_region_road.graphml,moderate_congestion_bus,bus_only,songpa_access_origin_to_station,access_road,capacity_reduction,30,1.0,0.0,21.38,19.15,1.2536,11.38,16.39,21.38,21.38,scaffold-only,"Engineering-only pilot output for quasi-real decision-support method review (non-publication, non-acceptance, non-operational); not publication evidence, not final-study evidence, not formal acceptance evidence, not calibrated real-world results, and not an operational route plan or forecast. Base profile scope: Pilot full bus-practical graph output for graph-scale feasibility review; not calibrated real-world results or an operational forecast."
songpa_public_demo,cached_graphml:data/cache/pilot_region_road.graphml,peak_congestion_bus,bus_only,songpa_access_origin_to_station,access_road,capacity_reduction,30,0.0,24.0,7400.0,1074.39,0.0,inf,inf,inf,inf,scaffold-only,"Engineering-only pilot output for quasi-real decision-support method review (non-publication, non-acceptance, non-operational); not publication evidence, not final-study evidence, not formal acceptance evidence, not calibrated real-world results, and not an operational route plan or forecast. Base profile scope: Pilot full bus-practical graph output for graph-scale feasibility review; not calibrated real-world results or an operational forecast."
songpa_public_demo,cached_graphml:data/cache/pilot_region_road.graphml,severe_congestion_bus,bus_only,songpa_access_origin_to_station,access_road,capacity_reduction,30,1.0,0.0,132.05,350.55,0.0685,121.74,126.76,132.05,132.05,scaffold-only,"Engineering-only pilot output for quasi-real decision-support method review (non-publication, non-acceptance, non-operational); not publication evidence, not final-study evidence, not formal acceptance evidence, not calibrated real-world results, and not an operational route plan or forecast. Base profile scope: Pilot full bus-practical graph output for graph-scale feasibility review; not calibrated real-world results or an operational forecast."
songpa_public_demo,cached_graphml:data/cache/pilot_region_road.graphml,baseline_multimodal,multimodal,songpa_access_origin_to_station,access_road,capacity_reduction,30,1.0,0.0,46.52,45.73,0.5249,31.42,41.42,46.52,46.52,scaffold-only,"Engineering-only pilot output for quasi-real decision-support method review (non-publication, non-acceptance, non-operational); not publication evidence, not final-study evidence, not formal acceptance evidence, not calibrated real-world results, and not an operational route plan or forecast. Base profile scope: Pilot full bus-practical graph output for graph-scale feasibility review; not calibrated real-world results or an operational forecast."
songpa_public_demo,cached_graphml:data/cache/pilot_region_road.graphml,fleet_shortage_severe,multimodal,songpa_access_origin_to_station,access_road,capacity_reduction,30,1.0,0.0,52.8,58.73,0.4087,31.42,42.52,52.8,52.8,scaffold-only,"Engineering-only pilot output for quasi-real decision-support method review (non-publication, non-acceptance, non-operational); not publication evidence, not final-study evidence, not formal acceptance evidence, not calibrated real-world results, and not an operational route plan or forecast. Base profile scope: Pilot full bus-practical graph output for graph-scale feasibility review; not calibrated real-world results or an operational forecast."
songpa_public_demo,cached_graphml:data/cache/pilot_region_road.graphml,fleet_shortage_stress,multimodal,songpa_access_origin_to_station,access_road,capacity_reduction,30,1.0,0.0,46.52,45.73,0.5249,31.42,41.42,46.52,46.52,scaffold-only,"Engineering-only pilot output for quasi-real decision-support method review (non-publication, non-acceptance, non-operational); not publication evidence, not final-study evidence, not formal acceptance evidence, not calibrated real-world results, and not an operational route plan or forecast. Base profile scope: Pilot full bus-practical graph output for graph-scale feasibility review; not calibrated real-world results or an operational forecast."
songpa_public_demo,cached_graphml:data/cache/pilot_region_road.graphml,heavy_congestion_multimodal,multimodal,songpa_access_origin_to_station,access_road,capacity_reduction,30,1.0,0.0,72.4,122.53,0.1965,53.41,63.48,72.4,72.4,scaffold-only,"Engineering-only pilot output for quasi-real decision-support method review (non-publication, non-acceptance, non-operational); not publication evidence, not final-study evidence, not formal acceptance evidence, not calibrated real-world results, and not an operational route plan or forecast. Base profile scope: Pilot full bus-practical graph output for graph-scale feasibility review; not calibrated real-world results or an operational forecast."
songpa_public_demo,cached_graphml:data/cache/pilot_region_road.graphml,lastmile_capacity_mild,multimodal,songpa_access_origin_to_station,access_road,capacity_reduction,30,1.0,0.0,41.42,44.31,0.5417,31.42,41.42,41.42,41.42,scaffold-only,"Engineering-only pilot output for quasi-real decision-support method review (non-publication, non-acceptance, non-operational); not publication evidence, not final-study evidence, not formal acceptance evidence, not calibrated real-world results, and not an operational route plan or forecast. Base profile scope: Pilot full bus-practical graph output for graph-scale feasibility review; not calibrated real-world results or an operational forecast."
songpa_public_demo,cached_graphml:data/cache/pilot_region_road.graphml,lastmile_capacity_moderate,multimodal,songpa_access_origin_to_station,access_road,capacity_reduction,30,1.0,0.0,41.42,44.31,0.5417,31.42,41.42,41.42,41.42,scaffold-only,"Engineering-only pilot output for quasi-real decision-support method review (non-publication, non-acceptance, non-operational); not publication evidence, not final-study evidence, not formal acceptance evidence, not calibrated real-world results, and not an operational route plan or forecast. Base profile scope: Pilot full bus-practical graph output for graph-scale feasibility review; not calibrated real-world results or an operational forecast."
songpa_public_demo,cached_graphml:data/cache/pilot_region_road.graphml,lastmile_capacity_severe,multimodal,songpa_access_origin_to_station,access_road,capacity_reduction,30,1.0,0.0,46.52,45.73,0.5249,31.42,41.42,41.42,41.42,scaffold-only,"Engineering-only pilot output for quasi-real decision-support method review (non-publication, non-acceptance, non-operational); not publication evidence, not final-study evidence, not formal acceptance evidence, not calibrated real-world results, and not an operational route plan or forecast. Base profile scope: Pilot full bus-practical graph output for graph-scale feasibility review; not calibrated real-world results or an operational forecast."
songpa_public_demo,cached_graphml:data/cache/pilot_region_road.graphml,moderate_congestion_multimodal,multimodal,songpa_access_origin_to_station,access_road,capacity_reduction,30,1.0,0.0,46.96,64.75,0.3707,31.84,41.83,46.96,46.96,scaffold-only,"Engineering-only pilot output for quasi-real decision-support method review (non-publication, non-acceptance, non-operational); not publication evidence, not final-study evidence, not formal acceptance evidence, not calibrated real-world results, and not an operational route plan or forecast. Base profile scope: Pilot full bus-practical graph output for graph-scale feasibility review; not calibrated real-world results or an operational forecast."
songpa_public_demo,cached_graphml:data/cache/pilot_region_road.graphml,multimodal_increased_feeder_capacity,multimodal,songpa_access_origin_to_station,access_road,capacity_reduction,30,1.0,0.0,46.52,45.73,0.5249,31.42,41.42,46.52,46.52,scaffold-only,"Engineering-only pilot output for quasi-real decision-support method review (non-publication, non-acceptance, non-operational); not publication evidence, not final-study evidence, not formal acceptance evidence, not calibrated real-world results, and not an operational route plan or forecast. Base profile scope: Pilot full bus-practical graph output for graph-scale feasibility review; not calibrated real-world results or an operational forecast."
songpa_public_demo,cached_graphml:data/cache/pilot_region_road.graphml,multimodal_lastmile_redundancy,multimodal,songpa_access_origin_to_station,access_road,capacity_reduction,30,1.0,0.0,46.42,45.73,0.5249,31.42,41.42,46.42,46.42,scaffold-only,"Engineering-only pilot output for quasi-real decision-support method review (non-publication, non-acceptance, non-operational); not publication evidence, not final-study evidence, not formal acceptance evidence, not calibrated real-world results, and not an operational route plan or forecast. Base profile scope: Pilot full bus-practical graph output for graph-scale feasibility review; not calibrated real-world results or an operational forecast."
songpa_public_demo,cached_graphml:data/cache/pilot_region_road.graphml,peak_congestion_multimodal,multimodal,songpa_access_origin_to_station,access_road,capacity_reduction,30,0.0,24.0,7400.0,788.66,0.0,inf,inf,inf,inf,scaffold-only,"Engineering-only pilot output for quasi-real decision-support method review (non-publication, non-acceptance, non-operational); not publication evidence, not final-study evidence, not formal acceptance evidence, not calibrated real-world results, and not an operational route plan or forecast. Base profile scope: Pilot full bus-practical graph output for graph-scale feasibility review; not calibrated real-world results or an operational forecast."
songpa_public_demo,cached_graphml:data/cache/pilot_region_road.graphml,rail_delay_or_partial_unavailability,multimodal,songpa_access_origin_to_station,access_road,capacity_reduction,30,1.0,0.0,57.47,35.98,0.6671,46.42,51.42,57.47,57.47,scaffold-only,"Engineering-only pilot output for quasi-real decision-support method review (non-publication, non-acceptance, non-operational); not publication evidence, not final-study evidence, not formal acceptance evidence, not calibrated real-world results, and not an operational route plan or forecast. Base profile scope: Pilot full bus-practical graph output for graph-scale feasibility review; not calibrated real-world results or an operational forecast."
songpa_public_demo,cached_graphml:data/cache/pilot_region_road.graphml,severe_congestion_multimodal,multimodal,songpa_access_origin_to_station,access_road,capacity_reduction,30,0.89,2.67,995.18,403.44,0.0529,150.1,157.78,182.43,182.43,scaffold-only,"Engineering-only pilot output for quasi-real decision-support method review (non-publication, non-acceptance, non-operational); not publication evidence, not final-study evidence, not formal acceptance evidence, not calibrated real-world results, and not an operational route plan or forecast. Base profile scope: Pilot full bus-practical graph output for graph-scale feasibility review; not calibrated real-world results or an operational forecast."
songpa_public_demo,cached_graphml:data/cache/pilot_region_road.graphml,staggered_or_adaptive_dispatch,multimodal,songpa_access_origin_to_station,access_road,capacity_reduction,30,1.0,0.0,54.45,58.73,0.4087,38.42,46.42,54.45,54.45,scaffold-only,"Engineering-only pilot output for quasi-real decision-support method review (non-publication, non-acceptance, non-operational); not publication evidence, not final-study evidence, not formal acceptance evidence, not calibrated real-world results, and not an operational route plan or forecast. Base profile scope: Pilot full bus-practical graph output for graph-scale feasibility review; not calibrated real-world results or an operational forecast."
songpa_public_demo,cached_graphml:data/cache/pilot_region_road.graphml,transfer_stress_extreme,multimodal,songpa_access_origin_to_station,access_road,capacity_reduction,30,1.0,0.0,167.47,45.73,0.5249,156.42,161.42,167.47,167.47,scaffold-only,"Engineering-only pilot output for quasi-real decision-support method review (non-publication, non-acceptance, non-operational); not publication evidence, not final-study evidence, not formal acceptance evidence, not calibrated real-world results, and not an operational route plan or forecast. Base profile scope: Pilot full bus-practical graph output for graph-scale feasibility review; not calibrated real-world results or an operational forecast."
songpa_public_demo,cached_graphml:data/cache/pilot_region_road.graphml,transfer_stress_mild,multimodal,songpa_access_origin_to_station,access_road,capacity_reduction,30,1.0,0.0,71.52,45.73,0.5249,56.42,66.42,71.52,71.52,scaffold-only,"Engineering-only pilot output for quasi-real decision-support method review (non-publication, non-acceptance, non-operational); not publication evidence, not final-study evidence, not formal acceptance evidence, not calibrated real-world results, and not an operational route plan or forecast. Base profile scope: Pilot full bus-practical graph output for graph-scale feasibility review; not calibrated real-world results or an operational forecast."
songpa_public_demo,cached_graphml:data/cache/pilot_region_road.graphml,transfer_stress_moderate,multimodal,songpa_access_origin_to_station,access_road,capacity_reduction,30,1.0,0.0,96.52,45.73,0.5249,81.42,91.42,96.52,96.52,scaffold-only,"Engineering-only pilot output for quasi-real decision-support method review (non-publication, non-acceptance, non-operational); not publication evidence, not final-study evidence, not formal acceptance evidence, not calibrated real-world results, and not an operational route plan or forecast. Base profile scope: Pilot full bus-practical graph output for graph-scale feasibility review; not calibrated real-world results or an operational forecast."
songpa_public_demo,cached_graphml:data/cache/pilot_region_road.graphml,transfer_stress_severe,multimodal,songpa_access_origin_to_station,access_road,capacity_reduction,30,1.0,0.0,127.47,45.73,0.5249,116.42,121.42,127.47,127.47,scaffold-only,"Engineering-only pilot output for quasi-real decision-support method review (non-publication, non-acceptance, non-operational); not publication evidence, not final-study evidence, not formal acceptance evidence, not calibrated real-world results, and not an operational route plan or forecast. Base profile scope: Pilot full bus-practical graph output for graph-scale feasibility review; not calibrated real-world results or an operational forecast."
songpa_public_demo,cached_graphml:data/cache/pilot_region_road.graphml,bus_only,bus_only,songpa_combo_access_rail_capacity,access_road,capacity_reduction,30,1.0,0.0,21.01,18.01,1.3325,10.99,16.01,21.01,21.01,scaffold-only,"Engineering-only pilot output for quasi-real decision-support method review (non-publication, non-acceptance, non-operational); not publication evidence, not final-study evidence, not formal acceptance evidence, not calibrated real-world results, and not an operational route plan or forecast. Base profile scope: Pilot full bus-practical graph output for graph-scale feasibility review; not calibrated real-world results or an operational forecast."
songpa_public_demo,cached_graphml:data/cache/pilot_region_road.graphml,heavy_congestion_bus,bus_only,songpa_combo_access_rail_capacity,access_road,capacity_reduction,30,0.66,8.27,2679.17,558.73,0.0283,188.82,191.29,193.73,193.73,scaffold-only,"Engineering-only pilot output for quasi-real decision-support method review (non-publication, non-acceptance, non-operational); not publication evidence, not final-study evidence, not formal acceptance evidence, not calibrated real-world results, and not an operational route plan or forecast. Base profile scope: Pilot full bus-practical graph output for graph-scale feasibility review; not calibrated real-world results or an operational forecast."
songpa_public_demo,cached_graphml:data/cache/pilot_region_road.graphml,moderate_congestion_bus,bus_only,songpa_combo_access_rail_capacity,access_road,capacity_reduction,30,1.0,0.0,33.77,56.17,0.4274,23.64,28.77,33.77,33.77,scaffold-only,"Engineering-only pilot output for quasi-real decision-support method review (non-publication, non-acceptance, non-operational); not publication evidence, not final-study evidence, not formal acceptance evidence, not calibrated real-world results, and not an operational route plan or forecast. Base profile scope: Pilot full bus-practical graph output for graph-scale feasibility review; not calibrated real-world results or an operational forecast."
songpa_public_demo,cached_graphml:data/cache/pilot_region_road.graphml,peak_congestion_bus,bus_only,songpa_combo_access_rail_capacity,access_road,capacity_reduction,30,0.0,24.0,7400.0,8444.93,0.0,inf,inf,inf,inf,scaffold-only,"Engineering-only pilot output for quasi-real decision-support method review (non-publication, non-acceptance, non-operational); not publication evidence, not final-study evidence, not formal acceptance evidence, not calibrated real-world results, and not an operational route plan or forecast. Base profile scope: Pilot full bus-practical graph output for graph-scale feasibility review; not calibrated real-world results or an operational forecast."
songpa_public_demo,cached_graphml:data/cache/pilot_region_road.graphml,severe_congestion_bus,bus_only,songpa_combo_access_rail_capacity,access_road,capacity_reduction,30,0.0,24.0,7400.0,2696.25,0.0,inf,inf,inf,inf,scaffold-only,"Engineering-only pilot output for quasi-real decision-support method review (non-publication, non-acceptance, non-operational); not publication evidence, not final-study evidence, not formal acceptance evidence, not calibrated real-world results, and not an operational route plan or forecast. Base profile scope: Pilot full bus-practical graph output for graph-scale feasibility review; not calibrated real-world results or an operational forecast."
songpa_public_demo,cached_graphml:data/cache/pilot_region_road.graphml,baseline_multimodal,multimodal,songpa_combo_access_rail_capacity,access_road,capacity_reduction,30,1.0,0.0,47.16,47.05,0.5101,32.01,42.01,47.16,47.16,scaffold-only,"Engineering-only pilot output for quasi-real decision-support method review (non-publication, non-acceptance, non-operational); not publication evidence, not final-study evidence, not formal acceptance evidence, not calibrated real-world results, and not an operational route plan or forecast. Base profile scope: Pilot full bus-practical graph output for graph-scale feasibility review; not calibrated real-world results or an operational forecast."
songpa_public_demo,cached_graphml:data/cache/pilot_region_road.graphml,fleet_shortage_severe,multimodal,songpa_combo_access_rail_capacity,access_road,capacity_reduction,30,1.0,0.0,54.53,60.05,0.3997,32.01,43.65,54.53,54.53,scaffold-only,"Engineering-only pilot output for quasi-real decision-support method review (non-publication, non-acceptance, non-operational); not publication evidence, not final-study evidence, not formal acceptance evidence, not calibrated real-world results, and not an operational route plan or forecast. Base profile scope: Pilot full bus-practical graph output for graph-scale feasibility review; not calibrated real-world results or an operational forecast."
songpa_public_demo,cached_graphml:data/cache/pilot_region_road.graphml,fleet_shortage_stress,multimodal,songpa_combo_access_rail_capacity,access_road,capacity_reduction,30,1.0,0.0,47.16,47.05,0.5101,32.01,42.01,47.16,47.16,scaffold-only,"Engineering-only pilot output for quasi-real decision-support method review (non-publication, non-acceptance, non-operational); not publication evidence, not final-study evidence, not formal acceptance evidence, not calibrated real-world results, and not an operational route plan or forecast. Base profile scope: Pilot full bus-practical graph output for graph-scale feasibility review; not calibrated real-world results or an operational forecast."
songpa_public_demo,cached_graphml:data/cache/pilot_region_road.graphml,heavy_congestion_multimodal,multimodal,songpa_combo_access_rail_capacity,access_road,capacity_reduction,30,0.1,21.6,6680.0,408.25,0.0059,inf,inf,inf,inf,scaffold-only,"Engineering-only pilot output for quasi-real decision-support method review (non-publication, non-acceptance, non-operational); not publication evidence, not final-study evidence, not formal acceptance evidence, not calibrated real-world results, and not an operational route plan or forecast. Base profile scope: Pilot full bus-practical graph output for graph-scale feasibility review; not calibrated real-world results or an operational forecast."
songpa_public_demo,cached_graphml:data/cache/pilot_region_road.graphml,lastmile_capacity_mild,multimodal,songpa_combo_access_rail_capacity,access_road,capacity_reduction,30,1.0,0.0,42.01,45.02,0.5331,32.01,42.01,42.01,42.01,scaffold-only,"Engineering-only pilot output for quasi-real decision-support method review (non-publication, non-acceptance, non-operational); not publication evidence, not final-study evidence, not formal acceptance evidence, not calibrated real-world results, and not an operational route plan or forecast. Base profile scope: Pilot full bus-practical graph output for graph-scale feasibility review; not calibrated real-world results or an operational forecast."
songpa_public_demo,cached_graphml:data/cache/pilot_region_road.graphml,lastmile_capacity_moderate,multimodal,songpa_combo_access_rail_capacity,access_road,capacity_reduction,30,1.0,0.0,42.01,45.02,0.5331,32.01,42.01,42.01,42.01,scaffold-only,"Engineering-only pilot output for quasi-real decision-support method review (non-publication, non-acceptance, non-operational); not publication evidence, not final-study evidence, not formal acceptance evidence, not calibrated real-world results, and not an operational route plan or forecast. Base profile scope: Pilot full bus-practical graph output for graph-scale feasibility review; not calibrated real-world results or an operational forecast."
songpa_public_demo,cached_graphml:data/cache/pilot_region_road.graphml,lastmile_capacity_severe,multimodal,songpa_combo_access_rail_capacity,access_road,capacity_reduction,30,1.0,0.0,47.16,47.05,0.5101,32.01,42.01,42.01,42.01,scaffold-only,"Engineering-only pilot output for quasi-real decision-support method review (non-publication, non-acceptance, non-operational); not publication evidence, not final-study evidence, not formal acceptance evidence, not calibrated real-world results, and not an operational route plan or forecast. Base profile scope: Pilot full bus-practical graph output for graph-scale feasibility review; not calibrated real-world results or an operational forecast."
songpa_public_demo,cached_graphml:data/cache/pilot_region_road.graphml,moderate_congestion_multimodal,multimodal,songpa_combo_access_rail_capacity,access_road,capacity_reduction,30,1.0,0.0,62.14,86.15,0.2801,41.31,51.28,62.14,62.14,scaffold-only,"Engineering-only pilot output for quasi-real decision-support method review (non-publication, non-acceptance, non-operational); not publication evidence, not final-study evidence, not formal acceptance evidence, not calibrated real-world results, and not an operational route plan or forecast. Base profile scope: Pilot full bus-practical graph output for graph-scale feasibility review; not calibrated real-world results or an operational forecast."
songpa_public_demo,cached_graphml:data/cache/pilot_region_road.graphml,multimodal_increased_feeder_capacity,multimodal,songpa_combo_access_rail_capacity,access_road,capacity_reduction,30,1.0,0.0,47.16,47.05,0.5101,32.01,42.01,47.16,47.16,scaffold-only,"Engineering-only pilot output for quasi-real decision-support method review (non-publication, non-acceptance, non-operational); not publication evidence, not final-study evidence, not formal acceptance evidence, not calibrated real-world results, and not an operational route plan or forecast. Base profile scope: Pilot full bus-practical graph output for graph-scale feasibility review; not calibrated real-world results or an operational forecast."
songpa_public_demo,cached_graphml:data/cache/pilot_region_road.graphml,multimodal_lastmile_redundancy,multimodal,songpa_combo_access_rail_capacity,access_road,capacity_reduction,30,1.0,0.0,47.02,47.05,0.5101,32.01,42.01,47.02,47.02,scaffold-only,"Engineering-only pilot output for quasi-real decision-support method review (non-publication, non-acceptance, non-operational); not publication evidence, not final-study evidence, not formal acceptance evidence, not calibrated real-world results, and not an operational route plan or forecast. Base profile scope: Pilot full bus-practical graph output for graph-scale feasibility review; not calibrated real-world results or an operational forecast."
songpa_public_demo,cached_graphml:data/cache/pilot_region_road.graphml,peak_congestion_multimodal,multimodal,songpa_combo_access_rail_capacity,access_road,capacity_reduction,30,0.0,24.0,7400.0,744.59,0.0,inf,inf,inf,inf,scaffold-only,"Engineering-only pilot output for quasi-real decision-support method review (non-publication, non-acceptance, non-operational); not publication evidence, not final-study evidence, not formal acceptance evidence, not calibrated real-world results, and not an operational route plan or forecast. Base profile scope: Pilot full bus-practical graph output for graph-scale feasibility review; not calibrated real-world results or an operational forecast."
songpa_public_demo,cached_graphml:data/cache/pilot_region_road.graphml,rail_delay_or_partial_unavailability,multimodal,songpa_combo_access_rail_capacity,access_road,capacity_reduction,30,1.0,0.0,58.61,37.3,0.6435,47.01,52.01,58.61,58.61,scaffold-only,"Engineering-only pilot output for quasi-real decision-support method review (non-publication, non-acceptance, non-operational); not publication evidence, not final-study evidence, not formal acceptance evidence, not calibrated real-world results, and not an operational route plan or forecast. Base profile scope: Pilot full bus-practical graph output for graph-scale feasibility review; not calibrated real-world results or an operational forecast."
songpa_public_demo,cached_graphml:data/cache/pilot_region_road.graphml,severe_congestion_multimodal,multimodal,songpa_combo_access_rail_capacity,access_road,capacity_reduction,30,0.0,24.0,7400.0,1862.57,0.0,inf,inf,inf,inf,scaffold-only,"Engineering-only pilot output for quasi-real decision-support method review (non-publication, non-acceptance, non-operational); not publication evidence, not final-study evidence, not formal acceptance evidence, not calibrated real-world results, and not an operational route plan or forecast. Base profile scope: Pilot full bus-practical graph output for graph-scale feasibility review; not calibrated real-world results or an operational forecast."
songpa_public_demo,cached_graphml:data/cache/pilot_region_road.graphml,staggered_or_adaptive_dispatch,multimodal,songpa_combo_access_rail_capacity,access_road,capacity_reduction,30,1.0,0.0,55.09,60.05,0.3997,39.01,47.01,55.09,55.09,scaffold-only,"Engineering-only pilot output for quasi-real decision-support method review (non-publication, non-acceptance, non-operational); not publication evidence, not final-study evidence, not formal acceptance evidence, not calibrated real-world results, and not an operational route plan or forecast. Base profile scope: Pilot full bus-practical graph output for graph-scale feasibility review; not calibrated real-world results or an operational forecast."
songpa_public_demo,cached_graphml:data/cache/pilot_region_road.graphml,transfer_stress_extreme,multimodal,songpa_combo_access_rail_capacity,access_road,capacity_reduction,30,1.0,0.0,168.61,47.05,0.5101,157.01,162.01,168.61,168.61,scaffold-only,"Engineering-only pilot output for quasi-real decision-support method review (non-publication, non-acceptance, non-operational); not publication evidence, not final-study evidence, not formal acceptance evidence, not calibrated real-world results, and not an operational route plan or forecast. Base profile scope: Pilot full bus-practical graph output for graph-scale feasibility review; not calibrated real-world results or an operational forecast."
songpa_public_demo,cached_graphml:data/cache/pilot_region_road.graphml,transfer_stress_mild,multimodal,songpa_combo_access_rail_capacity,access_road,capacity_reduction,30,1.0,0.0,72.16,47.05,0.5101,57.01,67.01,72.16,72.16,scaffold-only,"Engineering-only pilot output for quasi-real decision-support method review (non-publication, non-acceptance, non-operational); not publication evidence, not final-study evidence, not formal acceptance evidence, not calibrated real-world results, and not an operational route plan or forecast. Base profile scope: Pilot full bus-practical graph output for graph-scale feasibility review; not calibrated real-world results or an operational forecast."
songpa_public_demo,cached_graphml:data/cache/pilot_region_road.graphml,transfer_stress_moderate,multimodal,songpa_combo_access_rail_capacity,access_road,capacity_reduction,30,1.0,0.0,97.16,47.05,0.5101,82.01,92.01,97.16,97.16,scaffold-only,"Engineering-only pilot output for quasi-real decision-support method review (non-publication, non-acceptance, non-operational); not publication evidence, not final-study evidence, not formal acceptance evidence, not calibrated real-world results, and not an operational route plan or forecast. Base profile scope: Pilot full bus-practical graph output for graph-scale feasibility review; not calibrated real-world results or an operational forecast."
songpa_public_demo,cached_graphml:data/cache/pilot_region_road.graphml,transfer_stress_severe,multimodal,songpa_combo_access_rail_capacity,access_road,capacity_reduction,30,1.0,0.0,128.61,47.05,0.5101,117.01,122.01,128.61,128.61,scaffold-only,"Engineering-only pilot output for quasi-real decision-support method review (non-publication, non-acceptance, non-operational); not publication evidence, not final-study evidence, not formal acceptance evidence, not calibrated real-world results, and not an operational route plan or forecast. Base profile scope: Pilot full bus-practical graph output for graph-scale feasibility review; not calibrated real-world results or an operational forecast."
songpa_public_demo,cached_graphml:data/cache/pilot_region_road.graphml,bus_only,bus_only,songpa_critical_link_blockage,critical_link,blocked,30,1.0,0.0,24.17,27.54,0.8713,14.2,19.17,24.17,24.17,scaffold-only,"Engineering-only pilot output for quasi-real decision-support method review (non-publication, non-acceptance, non-operational); not publication evidence, not final-study evidence, not formal acceptance evidence, not calibrated real-world results, and not an operational route plan or forecast. Base profile scope: Pilot full bus-practical graph output for graph-scale feasibility review; not calibrated real-world results or an operational forecast."
songpa_public_demo,cached_graphml:data/cache/pilot_region_road.graphml,heavy_congestion_bus,bus_only,songpa_critical_link_blockage,critical_link,blocked,30,1.0,0.0,33.52,55.53,0.4322,23.56,28.45,33.52,33.52,scaffold-only,"Engineering-only pilot output for quasi-real decision-support method review (non-publication, non-acceptance, non-operational); not publication evidence, not final-study evidence, not formal acceptance evidence, not calibrated real-world results, and not an operational route plan or forecast. Base profile scope: Pilot full bus-practical graph output for graph-scale feasibility review; not calibrated real-world results or an operational forecast."
songpa_public_demo,cached_graphml:data/cache/pilot_region_road.graphml,moderate_congestion_bus,bus_only,songpa_critical_link_blockage,critical_link,blocked,30,1.0,0.0,24.75,29.25,0.8206,14.77,19.73,24.75,24.75,scaffold-only,"Engineering-only pilot output for quasi-real decision-support method review (non-publication, non-acceptance, non-operational); not publication evidence, not final-study evidence, not formal acceptance evidence, not calibrated real-world results, and not an operational route plan or forecast. Base profile scope: Pilot full bus-practical graph output for graph-scale feasibility review; not calibrated real-world results or an operational forecast."
songpa_public_demo,cached_graphml:data/cache/pilot_region_road.graphml,peak_congestion_bus,bus_only,songpa_critical_link_blockage,critical_link,blocked,30,1.0,0.0,173.6,474.72,0.0506,163.42,167.7,173.6,173.6,scaffold-only,"Engineering-only pilot output for quasi-real decision-support method review (non-publication, non-acceptance, non-operational); not publication evidence, not final-study evidence, not formal acceptance evidence, not calibrated real-world results, and not an operational route plan or forecast. Base profile scope: Pilot full bus-practical graph output for graph-scale feasibility review; not calibrated real-world results or an operational forecast."
songpa_public_demo,cached_graphml:data/cache/pilot_region_road.graphml,severe_congestion_bus,bus_only,songpa_critical_link_blockage,critical_link,blocked,30,1.0,0.0,71.39,169.15,0.1419,61.62,66.14,71.39,71.39,scaffold-only,"Engineering-only pilot output for quasi-real decision-support method review (non-publication, non-acceptance, non-operational); not publication evidence, not final-study evidence, not formal acceptance evidence, not calibrated real-world results, and not an operational route plan or forecast. Base profile scope: Pilot full bus-practical graph output for graph-scale feasibility review; not calibrated real-world results or an operational forecast."
songpa_public_demo,cached_graphml:data/cache/pilot_region_road.graphml,baseline_multimodal,multimodal,songpa_critical_link_blockage,critical_link,blocked,30,1.0,0.0,46.51,45.09,0.5323,31.42,41.42,46.51,46.51,scaffold-only,"Engineering-only pilot output for quasi-real decision-support method review (non-publication, non-acceptance, non-operational); not publication evidence, not final-study evidence, not formal acceptance evidence, not calibrated real-world results, and not an operational route plan or forecast. Base profile scope: Pilot full bus-practical graph output for graph-scale feasibility review; not calibrated real-world results or an operational forecast."
songpa_public_demo,cached_graphml:data/cache/pilot_region_road.graphml,fleet_shortage_severe,multimodal,songpa_critical_link_blockage,critical_link,blocked,30,1.0,0.0,52.79,58.09,0.4132,31.42,42.52,52.79,52.79,scaffold-only,"Engineering-only pilot output for quasi-real decision-support method review (non-publication, non-acceptance, non-operational); not publication evidence, not final-study evidence, not formal acceptance evidence, not calibrated real-world results, and not an operational route plan or forecast. Base profile scope: Pilot full bus-practical graph output for graph-scale feasibility review; not calibrated real-world results or an operational forecast."
songpa_public_demo,cached_graphml:data/cache/pilot_region_road.graphml,fleet_shortage_stress,multimodal,songpa_critical_link_blockage,critical_link,blocked,30,1.0,0.0,46.51,45.09,0.5323,31.42,41.42,46.51,46.51,scaffold-only,"Engineering-only pilot output for quasi-real decision-support method review (non-publication, non-acceptance, non-operational); not publication evidence, not final-study evidence, not formal acceptance evidence, not calibrated real-world results, and not an operational route plan or forecast. Base profile scope: Pilot full bus-practical graph output for graph-scale feasibility review; not calibrated real-world results or an operational forecast."
songpa_public_demo,cached_graphml:data/cache/pilot_region_road.graphml,heavy_congestion_multimodal,multimodal,songpa_critical_link_blockage,critical_link,blocked,30,1.0,0.0,56.45,83.48,0.2875,38.4,48.37,56.45,56.45,scaffold-only,"Engineering-only pilot output for quasi-real decision-support method review (non-publication, non-acceptance, non-operational); not publication evidence, not final-study evidence, not formal acceptance evidence, not calibrated real-world results, and not an operational route plan or forecast. Base profile scope: Pilot full bus-practical graph output for graph-scale feasibility review; not calibrated real-world results or an operational forecast."
songpa_public_demo,cached_graphml:data/cache/pilot_region_road.graphml,lastmile_capacity_mild,multimodal,songpa_critical_link_blockage,critical_link,blocked,30,1.0,0.0,41.42,43.67,0.5495,31.42,41.42,41.42,41.42,scaffold-only,"Engineering-only pilot output for quasi-real decision-support method review (non-publication, non-acceptance, non-operational); not publication evidence, not final-study evidence, not formal acceptance evidence, not calibrated real-world results, and not an operational route plan or forecast. Base profile scope: Pilot full bus-practical graph output for graph-scale feasibility review; not calibrated real-world results or an operational forecast."
songpa_public_demo,cached_graphml:data/cache/pilot_region_road.graphml,lastmile_capacity_moderate,multimodal,songpa_critical_link_blockage,critical_link,blocked,30,1.0,0.0,41.42,43.67,0.5495,31.42,41.42,41.42,41.42,scaffold-only,"Engineering-only pilot output for quasi-real decision-support method review (non-publication, non-acceptance, non-operational); not publication evidence, not final-study evidence, not formal acceptance evidence, not calibrated real-world results, and not an operational route plan or forecast. Base profile scope: Pilot full bus-practical graph output for graph-scale feasibility review; not calibrated real-world results or an operational forecast."
songpa_public_demo,cached_graphml:data/cache/pilot_region_road.graphml,lastmile_capacity_severe,multimodal,songpa_critical_link_blockage,critical_link,blocked,30,1.0,0.0,46.51,45.09,0.5323,31.42,41.42,41.42,41.42,scaffold-only,"Engineering-only pilot output for quasi-real decision-support method review (non-publication, non-acceptance, non-operational); not publication evidence, not final-study evidence, not formal acceptance evidence, not calibrated real-world results, and not an operational route plan or forecast. Base profile scope: Pilot full bus-practical graph output for graph-scale feasibility review; not calibrated real-world results or an operational forecast."
songpa_public_demo,cached_graphml:data/cache/pilot_region_road.graphml,moderate_congestion_multimodal,multimodal,songpa_critical_link_blockage,critical_link,blocked,30,1.0,0.0,46.96,46.6,0.5151,31.83,41.83,46.96,46.96,scaffold-only,"Engineering-only pilot output for quasi-real decision-support method review (non-publication, non-acceptance, non-operational); not publication evidence, not final-study evidence, not formal acceptance evidence, not calibrated real-world results, and not an operational route plan or forecast. Base profile scope: Pilot full bus-practical graph output for graph-scale feasibility review; not calibrated real-world results or an operational forecast."
songpa_public_demo,cached_graphml:data/cache/pilot_region_road.graphml,multimodal_increased_feeder_capacity,multimodal,songpa_critical_link_blockage,critical_link,blocked,30,1.0,0.0,46.51,45.09,0.5323,31.42,41.42,46.51,46.51,scaffold-only,"Engineering-only pilot output for quasi-real decision-support method review (non-publication, non-acceptance, non-operational); not publication evidence, not final-study evidence, not formal acceptance evidence, not calibrated real-world results, and not an operational route plan or forecast. Base profile scope: Pilot full bus-practical graph output for graph-scale feasibility review; not calibrated real-world results or an operational forecast."
songpa_public_demo,cached_graphml:data/cache/pilot_region_road.graphml,multimodal_lastmile_redundancy,multimodal,songpa_critical_link_blockage,critical_link,blocked,30,1.0,0.0,46.42,45.09,0.5323,31.42,41.42,46.42,46.42,scaffold-only,"Engineering-only pilot output for quasi-real decision-support method review (non-publication, non-acceptance, non-operational); not publication evidence, not final-study evidence, not formal acceptance evidence, not calibrated real-world results, and not an operational route plan or forecast. Base profile scope: Pilot full bus-practical graph output for graph-scale feasibility review; not calibrated real-world results or an operational forecast."
songpa_public_demo,cached_graphml:data/cache/pilot_region_road.graphml,peak_congestion_multimodal,multimodal,songpa_critical_link_blockage,critical_link,blocked,30,0.67,8.0,2600.0,450.08,0.0356,168.03,172.72,177.41,177.41,scaffold-only,"Engineering-only pilot output for quasi-real decision-support method review (non-publication, non-acceptance, non-operational); not publication evidence, not final-study evidence, not formal acceptance evidence, not calibrated real-world results, and not an operational route plan or forecast. Base profile scope: Pilot full bus-practical graph output for graph-scale feasibility review; not calibrated real-world results or an operational forecast."
songpa_public_demo,cached_graphml:data/cache/pilot_region_road.graphml,rail_delay_or_partial_unavailability,multimodal,songpa_critical_link_blockage,critical_link,blocked,30,1.0,0.0,57.47,35.34,0.6792,46.42,51.42,57.47,57.47,scaffold-only,"Engineering-only pilot output for quasi-real decision-support method review (non-publication, non-acceptance, non-operational); not publication evidence, not final-study evidence, not formal acceptance evidence, not calibrated real-world results, and not an operational route plan or forecast. Base profile scope: Pilot full bus-practical graph output for graph-scale feasibility review; not calibrated real-world results or an operational forecast."
songpa_public_demo,cached_graphml:data/cache/pilot_region_road.graphml,severe_congestion_multimodal,multimodal,songpa_critical_link_blockage,critical_link,blocked,30,1.0,0.0,123.05,173.47,0.1384,76.75,81.57,123.05,123.05,scaffold-only,"Engineering-only pilot output for quasi-real decision-support method review (non-publication, non-acceptance, non-operational); not publication evidence, not final-study evidence, not formal acceptance evidence, not calibrated real-world results, and not an operational route plan or forecast. Base profile scope: Pilot full bus-practical graph output for graph-scale feasibility review; not calibrated real-world results or an operational forecast."
songpa_public_demo,cached_graphml:data/cache/pilot_region_road.graphml,staggered_or_adaptive_dispatch,multimodal,songpa_critical_link_blockage,critical_link,blocked,30,1.0,0.0,54.45,58.09,0.4132,38.42,46.42,54.45,54.45,scaffold-only,"Engineering-only pilot output for quasi-real decision-support method review (non-publication, non-acceptance, non-operational); not publication evidence, not final-study evidence, not formal acceptance evidence, not calibrated real-world results, and not an operational route plan or forecast. Base profile scope: Pilot full bus-practical graph output for graph-scale feasibility review; not calibrated real-world results or an operational forecast."
songpa_public_demo,cached_graphml:data/cache/pilot_region_road.graphml,transfer_stress_extreme,multimodal,songpa_critical_link_blockage,critical_link,blocked,30,1.0,0.0,167.47,45.09,0.5323,156.42,161.42,167.47,167.47,scaffold-only,"Engineering-only pilot output for quasi-real decision-support method review (non-publication, non-acceptance, non-operational); not publication evidence, not final-study evidence, not formal acceptance evidence, not calibrated real-world results, and not an operational route plan or forecast. Base profile scope: Pilot full bus-practical graph output for graph-scale feasibility review; not calibrated real-world results or an operational forecast."
songpa_public_demo,cached_graphml:data/cache/pilot_region_road.graphml,transfer_stress_mild,multimodal,songpa_critical_link_blockage,critical_link,blocked,30,1.0,0.0,71.51,45.09,0.5323,56.42,66.42,71.51,71.51,scaffold-only,"Engineering-only pilot output for quasi-real decision-support method review (non-publication, non-acceptance, non-operational); not publication evidence, not final-study evidence, not formal acceptance evidence, not calibrated real-world results, and not an operational route plan or forecast. Base profile scope: Pilot full bus-practical graph output for graph-scale feasibility review; not calibrated real-world results or an operational forecast."
songpa_public_demo,cached_graphml:data/cache/pilot_region_road.graphml,transfer_stress_moderate,multimodal,songpa_critical_link_blockage,critical_link,blocked,30,1.0,0.0,96.51,45.09,0.5323,81.42,91.42,96.51,96.51,scaffold-only,"Engineering-only pilot output for quasi-real decision-support method review (non-publication, non-acceptance, non-operational); not publication evidence, not final-study evidence, not formal acceptance evidence, not calibrated real-world results, and not an operational route plan or forecast. Base profile scope: Pilot full bus-practical graph output for graph-scale feasibility review; not calibrated real-world results or an operational forecast."
songpa_public_demo,cached_graphml:data/cache/pilot_region_road.graphml,transfer_stress_severe,multimodal,songpa_critical_link_blockage,critical_link,blocked,30,1.0,0.0,127.47,45.09,0.5323,116.42,121.42,127.47,127.47,scaffold-only,"Engineering-only pilot output for quasi-real decision-support method review (non-publication, non-acceptance, non-operational); not publication evidence, not final-study evidence, not formal acceptance evidence, not calibrated real-world results, and not an operational route plan or forecast. Base profile scope: Pilot full bus-practical graph output for graph-scale feasibility review; not calibrated real-world results or an operational forecast."
songpa_public_demo,cached_graphml:data/cache/pilot_region_road.graphml,bus_only,bus_only,songpa_last_mile_station_to_destination,last_mile,capacity_reduction,30,1.0,0.0,20.44,16.32,1.4705,10.44,15.44,20.44,20.44,scaffold-only,"Engineering-only pilot output for quasi-real decision-support method review (non-publication, non-acceptance, non-operational); not publication evidence, not final-study evidence, not formal acceptance evidence, not calibrated real-world results, and not an operational route plan or forecast. Base profile scope: Pilot full bus-practical graph output for graph-scale feasibility review; not calibrated real-world results or an operational forecast."
songpa_public_demo,cached_graphml:data/cache/pilot_region_road.graphml,heavy_congestion_bus,bus_only,songpa_last_mile_station_to_destination,last_mile,capacity_reduction,30,1.0,0.0,181.55,490.06,0.049,165.52,172.99,181.55,181.55,scaffold-only,"Engineering-only pilot output for quasi-real decision-support method review (non-publication, non-acceptance, non-operational); not publication evidence, not final-study evidence, not formal acceptance evidence, not calibrated real-world results, and not an operational route plan or forecast. Base profile scope: Pilot full bus-practical graph output for graph-scale feasibility review; not calibrated real-world results or an operational forecast."
songpa_public_demo,cached_graphml:data/cache/pilot_region_road.graphml,moderate_congestion_bus,bus_only,songpa_last_mile_station_to_destination,last_mile,capacity_reduction,30,1.0,0.0,30.1,44.86,0.5352,19.9,24.85,30.1,30.1,scaffold-only,"Engineering-only pilot output for quasi-real decision-support method review (non-publication, non-acceptance, non-operational); not publication evidence, not final-study evidence, not formal acceptance evidence, not calibrated real-world results, and not an operational route plan or forecast. Base profile scope: Pilot full bus-practical graph output for graph-scale feasibility review; not calibrated real-world results or an operational forecast."
songpa_public_demo,cached_graphml:data/cache/pilot_region_road.graphml,peak_congestion_bus,bus_only,songpa_last_mile_station_to_destination,last_mile,capacity_reduction,30,0.0,24.0,7400.0,7591.1,0.0,inf,inf,inf,inf,scaffold-only,"Engineering-only pilot output for quasi-real decision-support method review (non-publication, non-acceptance, non-operational); not publication evidence, not final-study evidence, not formal acceptance evidence, not calibrated real-world results, and not an operational route plan or forecast. Base profile scope: Pilot full bus-practical graph output for graph-scale feasibility review; not calibrated real-world results or an operational forecast."
songpa_public_demo,cached_graphml:data/cache/pilot_region_road.graphml,severe_congestion_bus,bus_only,songpa_last_mile_station_to_destination,last_mile,capacity_reduction,30,0.0,24.0,7400.0,2414.77,0.0,inf,inf,inf,inf,scaffold-only,"Engineering-only pilot output for quasi-real decision-support method review (non-publication, non-acceptance, non-operational); not publication evidence, not final-study evidence, not formal acceptance evidence, not calibrated real-world results, and not an operational route plan or forecast. Base profile scope: Pilot full bus-practical graph output for graph-scale feasibility review; not calibrated real-world results or an operational forecast."
songpa_public_demo,cached_graphml:data/cache/pilot_region_road.graphml,baseline_multimodal,multimodal,songpa_last_mile_station_to_destination,last_mile,capacity_reduction,30,1.0,0.0,47.65,48.24,0.4975,32.45,42.47,47.65,47.65,scaffold-only,"Engineering-only pilot output for quasi-real decision-support method review (non-publication, non-acceptance, non-operational); not publication evidence, not final-study evidence, not formal acceptance evidence, not calibrated real-world results, and not an operational route plan or forecast. Base profile scope: Pilot full bus-practical graph output for graph-scale feasibility review; not calibrated real-world results or an operational forecast."
songpa_public_demo,cached_graphml:data/cache/pilot_region_road.graphml,fleet_shortage_severe,multimodal,songpa_last_mile_station_to_destination,last_mile,capacity_reduction,30,1.0,0.0,55.89,61.24,0.3919,32.45,44.54,55.89,55.89,scaffold-only,"Engineering-only pilot output for quasi-real decision-support method review (non-publication, non-acceptance, non-operational); not publication evidence, not final-study evidence, not formal acceptance evidence, not calibrated real-world results, and not an operational route plan or forecast. Base profile scope: Pilot full bus-practical graph output for graph-scale feasibility review; not calibrated real-world results or an operational forecast."
songpa_public_demo,cached_graphml:data/cache/pilot_region_road.graphml,fleet_shortage_stress,multimodal,songpa_last_mile_station_to_destination,last_mile,capacity_reduction,30,1.0,0.0,47.65,48.24,0.4975,32.45,42.47,47.65,47.65,scaffold-only,"Engineering-only pilot output for quasi-real decision-support method review (non-publication, non-acceptance, non-operational); not publication evidence, not final-study evidence, not formal acceptance evidence, not calibrated real-world results, and not an operational route plan or forecast. Base profile scope: Pilot full bus-practical graph output for graph-scale feasibility review; not calibrated real-world results or an operational forecast."
songpa_public_demo,cached_graphml:data/cache/pilot_region_road.graphml,heavy_congestion_multimodal,multimodal,songpa_last_mile_station_to_destination,last_mile,capacity_reduction,30,0.52,11.47,3640.0,475.06,0.0267,inf,inf,inf,inf,scaffold-only,"Engineering-only pilot output for quasi-real decision-support method review (non-publication, non-acceptance, non-operational); not publication evidence, not final-study evidence, not formal acceptance evidence, not calibrated real-world results, and not an operational route plan or forecast. Base profile scope: Pilot full bus-practical graph output for graph-scale feasibility review; not calibrated real-world results or an operational forecast."
songpa_public_demo,cached_graphml:data/cache/pilot_region_road.graphml,lastmile_capacity_mild,multimodal,songpa_last_mile_station_to_destination,last_mile,capacity_reduction,30,1.0,0.0,42.47,45.76,0.5246,32.45,42.47,42.47,42.47,scaffold-only,"Engineering-only pilot output for quasi-real decision-support method review (non-publication, non-acceptance, non-operational); not publication evidence, not final-study evidence, not formal acceptance evidence, not calibrated real-world results, and not an operational route plan or forecast. Base profile scope: Pilot full bus-practical graph output for graph-scale feasibility review; not calibrated real-world results or an operational forecast."
songpa_public_demo,cached_graphml:data/cache/pilot_region_road.graphml,lastmile_capacity_moderate,multimodal,songpa_last_mile_station_to_destination,last_mile,capacity_reduction,30,1.0,0.0,42.47,45.76,0.5246,32.45,42.47,42.47,42.47,scaffold-only,"Engineering-only pilot output for quasi-real decision-support method review (non-publication, non-acceptance, non-operational); not publication evidence, not final-study evidence, not formal acceptance evidence, not calibrated real-world results, and not an operational route plan or forecast. Base profile scope: Pilot full bus-practical graph output for graph-scale feasibility review; not calibrated real-world results or an operational forecast."
songpa_public_demo,cached_graphml:data/cache/pilot_region_road.graphml,lastmile_capacity_severe,multimodal,songpa_last_mile_station_to_destination,last_mile,capacity_reduction,30,1.0,0.0,47.65,48.24,0.4975,32.45,42.47,42.47,42.47,scaffold-only,"Engineering-only pilot output for quasi-real decision-support method review (non-publication, non-acceptance, non-operational); not publication evidence, not final-study evidence, not formal acceptance evidence, not calibrated real-world results, and not an operational route plan or forecast. Base profile scope: Pilot full bus-practical graph output for graph-scale feasibility review; not calibrated real-world results or an operational forecast."
songpa_public_demo,cached_graphml:data/cache/pilot_region_road.graphml,moderate_congestion_multimodal,multimodal,songpa_last_mile_station_to_destination,last_mile,capacity_reduction,30,1.0,0.0,63.67,77.19,0.311,41.95,52.05,63.67,63.67,scaffold-only,"Engineering-only pilot output for quasi-real decision-support method review (non-publication, non-acceptance, non-operational); not publication evidence, not final-study evidence, not formal acceptance evidence, not calibrated real-world results, and not an operational route plan or forecast. Base profile scope: Pilot full bus-practical graph output for graph-scale feasibility review; not calibrated real-world results or an operational forecast."
songpa_public_demo,cached_graphml:data/cache/pilot_region_road.graphml,multimodal_increased_feeder_capacity,multimodal,songpa_last_mile_station_to_destination,last_mile,capacity_reduction,30,1.0,0.0,47.65,48.24,0.4975,32.45,42.47,47.65,47.65,scaffold-only,"Engineering-only pilot output for quasi-real decision-support method review (non-publication, non-acceptance, non-operational); not publication evidence, not final-study evidence, not formal acceptance evidence, not calibrated real-world results, and not an operational route plan or forecast. Base profile scope: Pilot full bus-practical graph output for graph-scale feasibility review; not calibrated real-world results or an operational forecast."
songpa_public_demo,cached_graphml:data/cache/pilot_region_road.graphml,multimodal_lastmile_redundancy,multimodal,songpa_last_mile_station_to_destination,last_mile,capacity_reduction,30,1.0,0.0,47.49,48.24,0.4975,32.45,42.47,47.49,47.49,scaffold-only,"Engineering-only pilot output for quasi-real decision-support method review (non-publication, non-acceptance, non-operational); not publication evidence, not final-study evidence, not formal acceptance evidence, not calibrated real-world results, and not an operational route plan or forecast. Base profile scope: Pilot full bus-practical graph output for graph-scale feasibility review; not calibrated real-world results or an operational forecast."
songpa_public_demo,cached_graphml:data/cache/pilot_region_road.graphml,peak_congestion_multimodal,multimodal,songpa_last_mile_station_to_destination,last_mile,capacity_reduction,30,0.0,24.0,7400.0,5099.65,0.0,inf,inf,inf,inf,scaffold-only,"Engineering-only pilot output for quasi-real decision-support method review (non-publication, non-acceptance, non-operational); not publication evidence, not final-study evidence, not formal acceptance evidence, not calibrated real-world results, and not an operational route plan or forecast. Base profile scope: Pilot full bus-practical graph output for graph-scale feasibility review; not calibrated real-world results or an operational forecast."
songpa_public_demo,cached_graphml:data/cache/pilot_region_road.graphml,rail_delay_or_partial_unavailability,multimodal,songpa_last_mile_station_to_destination,last_mile,capacity_reduction,30,1.0,0.0,59.52,38.49,0.6235,47.45,52.47,59.52,59.52,scaffold-only,"Engineering-only pilot output for quasi-real decision-support method review (non-publication, non-acceptance, non-operational); not publication evidence, not final-study evidence, not formal acceptance evidence, not calibrated real-world results, and not an operational route plan or forecast. Base profile scope: Pilot full bus-practical graph output for graph-scale feasibility review; not calibrated real-world results or an operational forecast."
songpa_public_demo,cached_graphml:data/cache/pilot_region_road.graphml,severe_congestion_multimodal,multimodal,songpa_last_mile_station_to_destination,last_mile,capacity_reduction,30,0.0,24.0,7400.0,1645.79,0.0,inf,inf,inf,inf,scaffold-only,"Engineering-only pilot output for quasi-real decision-support method review (non-publication, non-acceptance, non-operational); not publication evidence, not final-study evidence, not formal acceptance evidence, not calibrated real-world results, and not an operational route plan or forecast. Base profile scope: Pilot full bus-practical graph output for graph-scale feasibility review; not calibrated real-world results or an operational forecast."
songpa_public_demo,cached_graphml:data/cache/pilot_region_road.graphml,staggered_or_adaptive_dispatch,multimodal,songpa_last_mile_station_to_destination,last_mile,capacity_reduction,30,1.0,0.0,55.59,61.24,0.3919,39.45,47.47,55.59,55.59,scaffold-only,"Engineering-only pilot output for quasi-real decision-support method review (non-publication, non-acceptance, non-operational); not publication evidence, not final-study evidence, not formal acceptance evidence, not calibrated real-world results, and not an operational route plan or forecast. Base profile scope: Pilot full bus-practical graph output for graph-scale feasibility review; not calibrated real-world results or an operational forecast."
songpa_public_demo,cached_graphml:data/cache/pilot_region_road.graphml,transfer_stress_extreme,multimodal,songpa_last_mile_station_to_destination,last_mile,capacity_reduction,30,1.0,0.0,169.52,48.24,0.4975,157.45,162.47,169.52,169.52,scaffold-only,"Engineering-only pilot output for quasi-real decision-support method review (non-publication, non-acceptance, non-operational); not publication evidence, not final-study evidence, not formal acceptance evidence, not calibrated real-world results, and not an operational route plan or forecast. Base profile scope: Pilot full bus-practical graph output for graph-scale feasibility review; not calibrated real-world results or an operational forecast."
songpa_public_demo,cached_graphml:data/cache/pilot_region_road.graphml,transfer_stress_mild,multimodal,songpa_last_mile_station_to_destination,last_mile,capacity_reduction,30,1.0,0.0,72.65,48.24,0.4975,57.45,67.47,72.65,72.65,scaffold-only,"Engineering-only pilot output for quasi-real decision-support method review (non-publication, non-acceptance, non-operational); not publication evidence, not final-study evidence, not formal acceptance evidence, not calibrated real-world results, and not an operational route plan or forecast. Base profile scope: Pilot full bus-practical graph output for graph-scale feasibility review; not calibrated real-world results or an operational forecast."
songpa_public_demo,cached_graphml:data/cache/pilot_region_road.graphml,transfer_stress_moderate,multimodal,songpa_last_mile_station_to_destination,last_mile,capacity_reduction,30,1.0,0.0,97.65,48.24,0.4975,82.45,92.47,97.65,97.65,scaffold-only,"Engineering-only pilot output for quasi-real decision-support method review (non-publication, non-acceptance, non-operational); not publication evidence, not final-study evidence, not formal acceptance evidence, not calibrated real-world results, and not an operational route plan or forecast. Base profile scope: Pilot full bus-practical graph output for graph-scale feasibility review; not calibrated real-world results or an operational forecast."
songpa_public_demo,cached_graphml:data/cache/pilot_region_road.graphml,transfer_stress_severe,multimodal,songpa_last_mile_station_to_destination,last_mile,capacity_reduction,30,1.0,0.0,129.52,48.24,0.4975,117.45,122.47,129.52,129.52,scaffold-only,"Engineering-only pilot output for quasi-real decision-support method review (non-publication, non-acceptance, non-operational); not publication evidence, not final-study evidence, not formal acceptance evidence, not calibrated real-world results, and not an operational route plan or forecast. Base profile scope: Pilot full bus-practical graph output for graph-scale feasibility review; not calibrated real-world results or an operational forecast."
songpa_public_demo,cached_graphml:data/cache/pilot_region_road.graphml,bus_only,bus_only,no_disruption,no_disruption,none,30,1.0,0.0,19.84,14.54,1.6506,9.86,14.84,19.84,19.84,scaffold-only,"Engineering-only pilot output for quasi-real decision-support method review (non-publication, non-acceptance, non-operational); not publication evidence, not final-study evidence, not formal acceptance evidence, not calibrated real-world results, and not an operational route plan or forecast. Base profile scope: Pilot full bus-practical graph output for graph-scale feasibility review; not calibrated real-world results or an operational forecast."
songpa_public_demo,cached_graphml:data/cache/pilot_region_road.graphml,heavy_congestion_bus,bus_only,no_disruption,no_disruption,none,30,1.0,0.0,28.45,40.23,0.5967,18.39,23.38,28.45,28.45,scaffold-only,"Engineering-only pilot output for quasi-real decision-support method review (non-publication, non-acceptance, non-operational); not publication evidence, not final-study evidence, not formal acceptance evidence, not calibrated real-world results, and not an operational route plan or forecast. Base profile scope: Pilot full bus-practical graph output for graph-scale feasibility review; not calibrated real-world results or an operational forecast."
songpa_public_demo,cached_graphml:data/cache/pilot_region_road.graphml,moderate_congestion_bus,bus_only,no_disruption,no_disruption,none,30,1.0,0.0,20.51,16.56,1.4497,10.52,15.53,20.51,20.51,scaffold-only,"Engineering-only pilot output for quasi-real decision-support method review (non-publication, non-acceptance, non-operational); not publication evidence, not final-study evidence, not formal acceptance evidence, not calibrated real-world results, and not an operational route plan or forecast. Base profile scope: Pilot full bus-practical graph output for graph-scale feasibility review; not calibrated real-world results or an operational forecast."
songpa_public_demo,cached_graphml:data/cache/pilot_region_road.graphml,peak_congestion_bus,bus_only,no_disruption,no_disruption,none,30,1.0,0.0,155.09,417.78,0.0575,143.77,148.93,155.09,155.09,scaffold-only,"Engineering-only pilot output for quasi-real decision-support method review (non-publication, non-acceptance, non-operational); not publication evidence, not final-study evidence, not formal acceptance evidence, not calibrated real-world results, and not an operational route plan or forecast. Base profile scope: Pilot full bus-practical graph output for graph-scale feasibility review; not calibrated real-world results or an operational forecast."
songpa_public_demo,cached_graphml:data/cache/pilot_region_road.graphml,severe_congestion_bus,bus_only,no_disruption,no_disruption,none,30,1.0,0.0,62.75,142.56,0.1684,52.46,57.36,62.75,62.75,scaffold-only,"Engineering-only pilot output for quasi-real decision-support method review (non-publication, non-acceptance, non-operational); not publication evidence, not final-study evidence, not formal acceptance evidence, not calibrated real-world results, and not an operational route plan or forecast. Base profile scope: Pilot full bus-practical graph output for graph-scale feasibility review; not calibrated real-world results or an operational forecast."
songpa_public_demo,cached_graphml:data/cache/pilot_region_road.graphml,baseline_multimodal,multimodal,no_disruption,no_disruption,none,30,1.0,0.0,46.51,45.09,0.5323,31.42,41.42,46.51,46.51,scaffold-only,"Engineering-only pilot output for quasi-real decision-support method review (non-publication, non-acceptance, non-operational); not publication evidence, not final-study evidence, not formal acceptance evidence, not calibrated real-world results, and not an operational route plan or forecast. Base profile scope: Pilot full bus-practical graph output for graph-scale feasibility review; not calibrated real-world results or an operational forecast."
songpa_public_demo,cached_graphml:data/cache/pilot_region_road.graphml,fleet_shortage_severe,multimodal,no_disruption,no_disruption,none,30,1.0,0.0,52.79,58.09,0.4132,31.42,42.52,52.79,52.79,scaffold-only,"Engineering-only pilot output for quasi-real decision-support method review (non-publication, non-acceptance, non-operational); not publication evidence, not final-study evidence, not formal acceptance evidence, not calibrated real-world results, and not an operational route plan or forecast. Base profile scope: Pilot full bus-practical graph output for graph-scale feasibility review; not calibrated real-world results or an operational forecast."
songpa_public_demo,cached_graphml:data/cache/pilot_region_road.graphml,fleet_shortage_stress,multimodal,no_disruption,no_disruption,none,30,1.0,0.0,46.51,45.09,0.5323,31.42,41.42,46.51,46.51,scaffold-only,"Engineering-only pilot output for quasi-real decision-support method review (non-publication, non-acceptance, non-operational); not publication evidence, not final-study evidence, not formal acceptance evidence, not calibrated real-world results, and not an operational route plan or forecast. Base profile scope: Pilot full bus-practical graph output for graph-scale feasibility review; not calibrated real-world results or an operational forecast."
songpa_public_demo,cached_graphml:data/cache/pilot_region_road.graphml,heavy_congestion_multimodal,multimodal,no_disruption,no_disruption,none,30,1.0,0.0,56.45,83.48,0.2875,38.4,48.37,56.45,56.45,scaffold-only,"Engineering-only pilot output for quasi-real decision-support method review (non-publication, non-acceptance, non-operational); not publication evidence, not final-study evidence, not formal acceptance evidence, not calibrated real-world results, and not an operational route plan or forecast. Base profile scope: Pilot full bus-practical graph output for graph-scale feasibility review; not calibrated real-world results or an operational forecast."
songpa_public_demo,cached_graphml:data/cache/pilot_region_road.graphml,lastmile_capacity_mild,multimodal,no_disruption,no_disruption,none,30,1.0,0.0,41.42,43.67,0.5495,31.42,41.42,41.42,41.42,scaffold-only,"Engineering-only pilot output for quasi-real decision-support method review (non-publication, non-acceptance, non-operational); not publication evidence, not final-study evidence, not formal acceptance evidence, not calibrated real-world results, and not an operational route plan or forecast. Base profile scope: Pilot full bus-practical graph output for graph-scale feasibility review; not calibrated real-world results or an operational forecast."
songpa_public_demo,cached_graphml:data/cache/pilot_region_road.graphml,lastmile_capacity_moderate,multimodal,no_disruption,no_disruption,none,30,1.0,0.0,41.42,43.67,0.5495,31.42,41.42,41.42,41.42,scaffold-only,"Engineering-only pilot output for quasi-real decision-support method review (non-publication, non-acceptance, non-operational); not publication evidence, not final-study evidence, not formal acceptance evidence, not calibrated real-world results, and not an operational route plan or forecast. Base profile scope: Pilot full bus-practical graph output for graph-scale feasibility review; not calibrated real-world results or an operational forecast."
songpa_public_demo,cached_graphml:data/cache/pilot_region_road.graphml,lastmile_capacity_severe,multimodal,no_disruption,no_disruption,none,30,1.0,0.0,46.51,45.09,0.5323,31.42,41.42,41.42,41.42,scaffold-only,"Engineering-only pilot output for quasi-real decision-support method review (non-publication, non-acceptance, non-operational); not publication evidence, not final-study evidence, not formal acceptance evidence, not calibrated real-world results, and not an operational route plan or forecast. Base profile scope: Pilot full bus-practical graph output for graph-scale feasibility review; not calibrated real-world results or an operational forecast."
songpa_public_demo,cached_graphml:data/cache/pilot_region_road.graphml,moderate_congestion_multimodal,multimodal,no_disruption,no_disruption,none,30,1.0,0.0,46.96,46.6,0.5151,31.83,41.83,46.96,46.96,scaffold-only,"Engineering-only pilot output for quasi-real decision-support method review (non-publication, non-acceptance, non-operational); not publication evidence, not final-study evidence, not formal acceptance evidence, not calibrated real-world results, and not an operational route plan or forecast. Base profile scope: Pilot full bus-practical graph output for graph-scale feasibility review; not calibrated real-world results or an operational forecast."
songpa_public_demo,cached_graphml:data/cache/pilot_region_road.graphml,multimodal_increased_feeder_capacity,multimodal,no_disruption,no_disruption,none,30,1.0,0.0,46.51,45.09,0.5323,31.42,41.42,46.51,46.51,scaffold-only,"Engineering-only pilot output for quasi-real decision-support method review (non-publication, non-acceptance, non-operational); not publication evidence, not final-study evidence, not formal acceptance evidence, not calibrated real-world results, and not an operational route plan or forecast. Base profile scope: Pilot full bus-practical graph output for graph-scale feasibility review; not calibrated real-world results or an operational forecast."
songpa_public_demo,cached_graphml:data/cache/pilot_region_road.graphml,multimodal_lastmile_redundancy,multimodal,no_disruption,no_disruption,none,30,1.0,0.0,46.42,45.09,0.5323,31.42,41.42,46.42,46.42,scaffold-only,"Engineering-only pilot output for quasi-real decision-support method review (non-publication, non-acceptance, non-operational); not publication evidence, not final-study evidence, not formal acceptance evidence, not calibrated real-world results, and not an operational route plan or forecast. Base profile scope: Pilot full bus-practical graph output for graph-scale feasibility review; not calibrated real-world results or an operational forecast."
songpa_public_demo,cached_graphml:data/cache/pilot_region_road.graphml,peak_congestion_multimodal,multimodal,no_disruption,no_disruption,none,30,0.67,8.0,2600.0,450.08,0.0356,168.03,172.72,177.41,177.41,scaffold-only,"Engineering-only pilot output for quasi-real decision-support method review (non-publication, non-acceptance, non-operational); not publication evidence, not final-study evidence, not formal acceptance evidence, not calibrated real-world results, and not an operational route plan or forecast. Base profile scope: Pilot full bus-practical graph output for graph-scale feasibility review; not calibrated real-world results or an operational forecast."
songpa_public_demo,cached_graphml:data/cache/pilot_region_road.graphml,rail_delay_or_partial_unavailability,multimodal,no_disruption,no_disruption,none,30,1.0,0.0,57.47,35.34,0.6792,46.42,51.42,57.47,57.47,scaffold-only,"Engineering-only pilot output for quasi-real decision-support method review (non-publication, non-acceptance, non-operational); not publication evidence, not final-study evidence, not formal acceptance evidence, not calibrated real-world results, and not an operational route plan or forecast. Base profile scope: Pilot full bus-practical graph output for graph-scale feasibility review; not calibrated real-world results or an operational forecast."
songpa_public_demo,cached_graphml:data/cache/pilot_region_road.graphml,severe_congestion_multimodal,multimodal,no_disruption,no_disruption,none,30,1.0,0.0,123.05,173.47,0.1384,76.75,81.57,123.05,123.05,scaffold-only,"Engineering-only pilot output for quasi-real decision-support method review (non-publication, non-acceptance, non-operational); not publication evidence, not final-study evidence, not formal acceptance evidence, not calibrated real-world results, and not an operational route plan or forecast. Base profile scope: Pilot full bus-practical graph output for graph-scale feasibility review; not calibrated real-world results or an operational forecast."
songpa_public_demo,cached_graphml:data/cache/pilot_region_road.graphml,staggered_or_adaptive_dispatch,multimodal,no_disruption,no_disruption,none,30,1.0,0.0,54.45,58.09,0.4132,38.42,46.42,54.45,54.45,scaffold-only,"Engineering-only pilot output for quasi-real decision-support method review (non-publication, non-acceptance, non-operational); not publication evidence, not final-study evidence, not formal acceptance evidence, not calibrated real-world results, and not an operational route plan or forecast. Base profile scope: Pilot full bus-practical graph output for graph-scale feasibility review; not calibrated real-world results or an operational forecast."
songpa_public_demo,cached_graphml:data/cache/pilot_region_road.graphml,transfer_stress_extreme,multimodal,no_disruption,no_disruption,none,30,1.0,0.0,167.47,45.09,0.5323,156.42,161.42,167.47,167.47,scaffold-only,"Engineering-only pilot output for quasi-real decision-support method review (non-publication, non-acceptance, non-operational); not publication evidence, not final-study evidence, not formal acceptance evidence, not calibrated real-world results, and not an operational route plan or forecast. Base profile scope: Pilot full bus-practical graph output for graph-scale feasibility review; not calibrated real-world results or an operational forecast."
songpa_public_demo,cached_graphml:data/cache/pilot_region_road.graphml,transfer_stress_mild,multimodal,no_disruption,no_disruption,none,30,1.0,0.0,71.51,45.09,0.5323,56.42,66.42,71.51,71.51,scaffold-only,"Engineering-only pilot output for quasi-real decision-support method review (non-publication, non-acceptance, non-operational); not publication evidence, not final-study evidence, not formal acceptance evidence, not calibrated real-world results, and not an operational route plan or forecast. Base profile scope: Pilot full bus-practical graph output for graph-scale feasibility review; not calibrated real-world results or an operational forecast."
songpa_public_demo,cached_graphml:data/cache/pilot_region_road.graphml,transfer_stress_moderate,multimodal,no_disruption,no_disruption,none,30,1.0,0.0,96.51,45.09,0.5323,81.42,91.42,96.51,96.51,scaffold-only,"Engineering-only pilot output for quasi-real decision-support method review (non-publication, non-acceptance, non-operational); not publication evidence, not final-study evidence, not formal acceptance evidence, not calibrated real-world results, and not an operational route plan or forecast. Base profile scope: Pilot full bus-practical graph output for graph-scale feasibility review; not calibrated real-world results or an operational forecast."
songpa_public_demo,cached_graphml:data/cache/pilot_region_road.graphml,transfer_stress_severe,multimodal,no_disruption,no_disruption,none,30,1.0,0.0,127.47,45.09,0.5323,116.42,121.42,127.47,127.47,scaffold-only,"Engineering-only pilot output for quasi-real decision-support method review (non-publication, non-acceptance, non-operational); not publication evidence, not final-study evidence, not formal acceptance evidence, not calibrated real-world results, and not an operational route plan or forecast. Base profile scope: Pilot full bus-practical graph output for graph-scale feasibility review; not calibrated real-world results or an operational forecast."
songpa_public_demo,cached_graphml:data/cache/pilot_region_road.graphml,bus_only,bus_only,songpa_rail_capacity_reduction,rail_service,none,30,1.0,0.0,19.84,14.54,1.6506,9.86,14.84,19.84,19.84,scaffold-only,"Engineering-only pilot output for quasi-real decision-support method review (non-publication, non-acceptance, non-operational); not publication evidence, not final-study evidence, not formal acceptance evidence, not calibrated real-world results, and not an operational route plan or forecast. Base profile scope: Pilot full bus-practical graph output for graph-scale feasibility review; not calibrated real-world results or an operational forecast."
songpa_public_demo,cached_graphml:data/cache/pilot_region_road.graphml,heavy_congestion_bus,bus_only,songpa_rail_capacity_reduction,rail_service,none,30,1.0,0.0,28.45,40.23,0.5967,18.39,23.38,28.45,28.45,scaffold-only,"Engineering-only pilot output for quasi-real decision-support method review (non-publication, non-acceptance, non-operational); not publication evidence, not final-study evidence, not formal acceptance evidence, not calibrated real-world results, and not an operational route plan or forecast. Base profile scope: Pilot full bus-practical graph output for graph-scale feasibility review; not calibrated real-world results or an operational forecast."
songpa_public_demo,cached_graphml:data/cache/pilot_region_road.graphml,moderate_congestion_bus,bus_only,songpa_rail_capacity_reduction,rail_service,none,30,1.0,0.0,20.51,16.56,1.4497,10.52,15.53,20.51,20.51,scaffold-only,"Engineering-only pilot output for quasi-real decision-support method review (non-publication, non-acceptance, non-operational); not publication evidence, not final-study evidence, not formal acceptance evidence, not calibrated real-world results, and not an operational route plan or forecast. Base profile scope: Pilot full bus-practical graph output for graph-scale feasibility review; not calibrated real-world results or an operational forecast."
songpa_public_demo,cached_graphml:data/cache/pilot_region_road.graphml,peak_congestion_bus,bus_only,songpa_rail_capacity_reduction,rail_service,none,30,1.0,0.0,155.09,417.78,0.0575,143.77,148.93,155.09,155.09,scaffold-only,"Engineering-only pilot output for quasi-real decision-support method review (non-publication, non-acceptance, non-operational); not publication evidence, not final-study evidence, not formal acceptance evidence, not calibrated real-world results, and not an operational route plan or forecast. Base profile scope: Pilot full bus-practical graph output for graph-scale feasibility review; not calibrated real-world results or an operational forecast."
songpa_public_demo,cached_graphml:data/cache/pilot_region_road.graphml,severe_congestion_bus,bus_only,songpa_rail_capacity_reduction,rail_service,none,30,1.0,0.0,62.75,142.56,0.1684,52.46,57.36,62.75,62.75,scaffold-only,"Engineering-only pilot output for quasi-real decision-support method review (non-publication, non-acceptance, non-operational); not publication evidence, not final-study evidence, not formal acceptance evidence, not calibrated real-world results, and not an operational route plan or forecast. Base profile scope: Pilot full bus-practical graph output for graph-scale feasibility review; not calibrated real-world results or an operational forecast."
songpa_public_demo,cached_graphml:data/cache/pilot_region_road.graphml,baseline_multimodal,multimodal,songpa_rail_capacity_reduction,rail_service,none,30,1.0,0.0,46.51,45.09,0.5323,31.42,41.42,46.51,46.51,scaffold-only,"Engineering-only pilot output for quasi-real decision-support method review (non-publication, non-acceptance, non-operational); not publication evidence, not final-study evidence, not formal acceptance evidence, not calibrated real-world results, and not an operational route plan or forecast. Base profile scope: Pilot full bus-practical graph output for graph-scale feasibility review; not calibrated real-world results or an operational forecast."
songpa_public_demo,cached_graphml:data/cache/pilot_region_road.graphml,fleet_shortage_severe,multimodal,songpa_rail_capacity_reduction,rail_service,none,30,1.0,0.0,52.79,58.09,0.4132,31.42,42.52,52.79,52.79,scaffold-only,"Engineering-only pilot output for quasi-real decision-support method review (non-publication, non-acceptance, non-operational); not publication evidence, not final-study evidence, not formal acceptance evidence, not calibrated real-world results, and not an operational route plan or forecast. Base profile scope: Pilot full bus-practical graph output for graph-scale feasibility review; not calibrated real-world results or an operational forecast."
songpa_public_demo,cached_graphml:data/cache/pilot_region_road.graphml,fleet_shortage_stress,multimodal,songpa_rail_capacity_reduction,rail_service,none,30,1.0,0.0,46.51,45.09,0.5323,31.42,41.42,46.51,46.51,scaffold-only,"Engineering-only pilot output for quasi-real decision-support method review (non-publication, non-acceptance, non-operational); not publication evidence, not final-study evidence, not formal acceptance evidence, not calibrated real-world results, and not an operational route plan or forecast. Base profile scope: Pilot full bus-practical graph output for graph-scale feasibility review; not calibrated real-world results or an operational forecast."
songpa_public_demo,cached_graphml:data/cache/pilot_region_road.graphml,heavy_congestion_multimodal,multimodal,songpa_rail_capacity_reduction,rail_service,none,30,1.0,0.0,56.45,83.48,0.2875,38.4,48.37,56.45,56.45,scaffold-only,"Engineering-only pilot output for quasi-real decision-support method review (non-publication, non-acceptance, non-operational); not publication evidence, not final-study evidence, not formal acceptance evidence, not calibrated real-world results, and not an operational route plan or forecast. Base profile scope: Pilot full bus-practical graph output for graph-scale feasibility review; not calibrated real-world results or an operational forecast."
songpa_public_demo,cached_graphml:data/cache/pilot_region_road.graphml,lastmile_capacity_mild,multimodal,songpa_rail_capacity_reduction,rail_service,none,30,1.0,0.0,41.42,43.67,0.5495,31.42,41.42,41.42,41.42,scaffold-only,"Engineering-only pilot output for quasi-real decision-support method review (non-publication, non-acceptance, non-operational); not publication evidence, not final-study evidence, not formal acceptance evidence, not calibrated real-world results, and not an operational route plan or forecast. Base profile scope: Pilot full bus-practical graph output for graph-scale feasibility review; not calibrated real-world results or an operational forecast."
songpa_public_demo,cached_graphml:data/cache/pilot_region_road.graphml,lastmile_capacity_moderate,multimodal,songpa_rail_capacity_reduction,rail_service,none,30,1.0,0.0,41.42,43.67,0.5495,31.42,41.42,41.42,41.42,scaffold-only,"Engineering-only pilot output for quasi-real decision-support method review (non-publication, non-acceptance, non-operational); not publication evidence, not final-study evidence, not formal acceptance evidence, not calibrated real-world results, and not an operational route plan or forecast. Base profile scope: Pilot full bus-practical graph output for graph-scale feasibility review; not calibrated real-world results or an operational forecast."
songpa_public_demo,cached_graphml:data/cache/pilot_region_road.graphml,lastmile_capacity_severe,multimodal,songpa_rail_capacity_reduction,rail_service,none,30,1.0,0.0,46.51,45.09,0.5323,31.42,41.42,41.42,41.42,scaffold-only,"Engineering-only pilot output for quasi-real decision-support method review (non-publication, non-acceptance, non-operational); not publication evidence, not final-study evidence, not formal acceptance evidence, not calibrated real-world results, and not an operational route plan or forecast. Base profile scope: Pilot full bus-practical graph output for graph-scale feasibility review; not calibrated real-world results or an operational forecast."
songpa_public_demo,cached_graphml:data/cache/pilot_region_road.graphml,moderate_congestion_multimodal,multimodal,songpa_rail_capacity_reduction,rail_service,none,30,1.0,0.0,46.96,46.6,0.5151,31.83,41.83,46.96,46.96,scaffold-only,"Engineering-only pilot output for quasi-real decision-support method review (non-publication, non-acceptance, non-operational); not publication evidence, not final-study evidence, not formal acceptance evidence, not calibrated real-world results, and not an operational route plan or forecast. Base profile scope: Pilot full bus-practical graph output for graph-scale feasibility review; not calibrated real-world results or an operational forecast."
songpa_public_demo,cached_graphml:data/cache/pilot_region_road.graphml,multimodal_increased_feeder_capacity,multimodal,songpa_rail_capacity_reduction,rail_service,none,30,1.0,0.0,46.51,45.09,0.5323,31.42,41.42,46.51,46.51,scaffold-only,"Engineering-only pilot output for quasi-real decision-support method review (non-publication, non-acceptance, non-operational); not publication evidence, not final-study evidence, not formal acceptance evidence, not calibrated real-world results, and not an operational route plan or forecast. Base profile scope: Pilot full bus-practical graph output for graph-scale feasibility review; not calibrated real-world results or an operational forecast."
songpa_public_demo,cached_graphml:data/cache/pilot_region_road.graphml,multimodal_lastmile_redundancy,multimodal,songpa_rail_capacity_reduction,rail_service,none,30,1.0,0.0,46.42,45.09,0.5323,31.42,41.42,46.42,46.42,scaffold-only,"Engineering-only pilot output for quasi-real decision-support method review (non-publication, non-acceptance, non-operational); not publication evidence, not final-study evidence, not formal acceptance evidence, not calibrated real-world results, and not an operational route plan or forecast. Base profile scope: Pilot full bus-practical graph output for graph-scale feasibility review; not calibrated real-world results or an operational forecast."
songpa_public_demo,cached_graphml:data/cache/pilot_region_road.graphml,peak_congestion_multimodal,multimodal,songpa_rail_capacity_reduction,rail_service,none,30,0.67,8.0,2600.0,450.08,0.0356,168.03,172.72,177.41,177.41,scaffold-only,"Engineering-only pilot output for quasi-real decision-support method review (non-publication, non-acceptance, non-operational); not publication evidence, not final-study evidence, not formal acceptance evidence, not calibrated real-world results, and not an operational route plan or forecast. Base profile scope: Pilot full bus-practical graph output for graph-scale feasibility review; not calibrated real-world results or an operational forecast."
songpa_public_demo,cached_graphml:data/cache/pilot_region_road.graphml,rail_delay_or_partial_unavailability,multimodal,songpa_rail_capacity_reduction,rail_service,none,30,1.0,0.0,57.47,35.34,0.6792,46.42,51.42,57.47,57.47,scaffold-only,"Engineering-only pilot output for quasi-real decision-support method review (non-publication, non-acceptance, non-operational); not publication evidence, not final-study evidence, not formal acceptance evidence, not calibrated real-world results, and not an operational route plan or forecast. Base profile scope: Pilot full bus-practical graph output for graph-scale feasibility review; not calibrated real-world results or an operational forecast."
songpa_public_demo,cached_graphml:data/cache/pilot_region_road.graphml,severe_congestion_multimodal,multimodal,songpa_rail_capacity_reduction,rail_service,none,30,1.0,0.0,123.05,173.47,0.1384,76.75,81.57,123.05,123.05,scaffold-only,"Engineering-only pilot output for quasi-real decision-support method review (non-publication, non-acceptance, non-operational); not publication evidence, not final-study evidence, not formal acceptance evidence, not calibrated real-world results, and not an operational route plan or forecast. Base profile scope: Pilot full bus-practical graph output for graph-scale feasibility review; not calibrated real-world results or an operational forecast."
songpa_public_demo,cached_graphml:data/cache/pilot_region_road.graphml,staggered_or_adaptive_dispatch,multimodal,songpa_rail_capacity_reduction,rail_service,none,30,1.0,0.0,54.45,58.09,0.4132,38.42,46.42,54.45,54.45,scaffold-only,"Engineering-only pilot output for quasi-real decision-support method review (non-publication, non-acceptance, non-operational); not publication evidence, not final-study evidence, not formal acceptance evidence, not calibrated real-world results, and not an operational route plan or forecast. Base profile scope: Pilot full bus-practical graph output for graph-scale feasibility review; not calibrated real-world results or an operational forecast."
songpa_public_demo,cached_graphml:data/cache/pilot_region_road.graphml,transfer_stress_extreme,multimodal,songpa_rail_capacity_reduction,rail_service,none,30,1.0,0.0,167.47,45.09,0.5323,156.42,161.42,167.47,167.47,scaffold-only,"Engineering-only pilot output for quasi-real decision-support method review (non-publication, non-acceptance, non-operational); not publication evidence, not final-study evidence, not formal acceptance evidence, not calibrated real-world results, and not an operational route plan or forecast. Base profile scope: Pilot full bus-practical graph output for graph-scale feasibility review; not calibrated real-world results or an operational forecast."
songpa_public_demo,cached_graphml:data/cache/pilot_region_road.graphml,transfer_stress_mild,multimodal,songpa_rail_capacity_reduction,rail_service,none,30,1.0,0.0,71.51,45.09,0.5323,56.42,66.42,71.51,71.51,scaffold-only,"Engineering-only pilot output for quasi-real decision-support method review (non-publication, non-acceptance, non-operational); not publication evidence, not final-study evidence, not formal acceptance evidence, not calibrated real-world results, and not an operational route plan or forecast. Base profile scope: Pilot full bus-practical graph output for graph-scale feasibility review; not calibrated real-world results or an operational forecast."
songpa_public_demo,cached_graphml:data/cache/pilot_region_road.graphml,transfer_stress_moderate,multimodal,songpa_rail_capacity_reduction,rail_service,none,30,1.0,0.0,96.51,45.09,0.5323,81.42,91.42,96.51,96.51,scaffold-only,"Engineering-only pilot output for quasi-real decision-support method review (non-publication, non-acceptance, non-operational); not publication evidence, not final-study evidence, not formal acceptance evidence, not calibrated real-world results, and not an operational route plan or forecast. Base profile scope: Pilot full bus-practical graph output for graph-scale feasibility review; not calibrated real-world results or an operational forecast."
songpa_public_demo,cached_graphml:data/cache/pilot_region_road.graphml,transfer_stress_severe,multimodal,songpa_rail_capacity_reduction,rail_service,none,30,1.0,0.0,127.47,45.09,0.5323,116.42,121.42,127.47,127.47,scaffold-only,"Engineering-only pilot output for quasi-real decision-support method review (non-publication, non-acceptance, non-operational); not publication evidence, not final-study evidence, not formal acceptance evidence, not calibrated real-world results, and not an operational route plan or forecast. Base profile scope: Pilot full bus-practical graph output for graph-scale feasibility review; not calibrated real-world results or an operational forecast."
songpa_public_demo,cached_graphml:data/cache/pilot_region_road.graphml,bus_only,bus_only,songpa_rail_combined_stress,rail_service,none,30,1.0,0.0,19.84,14.54,1.6506,9.86,14.84,19.84,19.84,scaffold-only,"Engineering-only pilot output for quasi-real decision-support method review (non-publication, non-acceptance, non-operational); not publication evidence, not final-study evidence, not formal acceptance evidence, not calibrated real-world results, and not an operational route plan or forecast. Base profile scope: Pilot full bus-practical graph output for graph-scale feasibility review; not calibrated real-world results or an operational forecast."
songpa_public_demo,cached_graphml:data/cache/pilot_region_road.graphml,heavy_congestion_bus,bus_only,songpa_rail_combined_stress,rail_service,none,30,1.0,0.0,28.45,40.23,0.5967,18.39,23.38,28.45,28.45,scaffold-only,"Engineering-only pilot output for quasi-real decision-support method review (non-publication, non-acceptance, non-operational); not publication evidence, not final-study evidence, not formal acceptance evidence, not calibrated real-world results, and not an operational route plan or forecast. Base profile scope: Pilot full bus-practical graph output for graph-scale feasibility review; not calibrated real-world results or an operational forecast."
songpa_public_demo,cached_graphml:data/cache/pilot_region_road.graphml,moderate_congestion_bus,bus_only,songpa_rail_combined_stress,rail_service,none,30,1.0,0.0,20.51,16.56,1.4497,10.52,15.53,20.51,20.51,scaffold-only,"Engineering-only pilot output for quasi-real decision-support method review (non-publication, non-acceptance, non-operational); not publication evidence, not final-study evidence, not formal acceptance evidence, not calibrated real-world results, and not an operational route plan or forecast. Base profile scope: Pilot full bus-practical graph output for graph-scale feasibility review; not calibrated real-world results or an operational forecast."
songpa_public_demo,cached_graphml:data/cache/pilot_region_road.graphml,peak_congestion_bus,bus_only,songpa_rail_combined_stress,rail_service,none,30,1.0,0.0,155.09,417.78,0.0575,143.77,148.93,155.09,155.09,scaffold-only,"Engineering-only pilot output for quasi-real decision-support method review (non-publication, non-acceptance, non-operational); not publication evidence, not final-study evidence, not formal acceptance evidence, not calibrated real-world results, and not an operational route plan or forecast. Base profile scope: Pilot full bus-practical graph output for graph-scale feasibility review; not calibrated real-world results or an operational forecast."
songpa_public_demo,cached_graphml:data/cache/pilot_region_road.graphml,severe_congestion_bus,bus_only,songpa_rail_combined_stress,rail_service,none,30,1.0,0.0,62.75,142.56,0.1684,52.46,57.36,62.75,62.75,scaffold-only,"Engineering-only pilot output for quasi-real decision-support method review (non-publication, non-acceptance, non-operational); not publication evidence, not final-study evidence, not formal acceptance evidence, not calibrated real-world results, and not an operational route plan or forecast. Base profile scope: Pilot full bus-practical graph output for graph-scale feasibility review; not calibrated real-world results or an operational forecast."
songpa_public_demo,cached_graphml:data/cache/pilot_region_road.graphml,baseline_multimodal,multimodal,songpa_rail_combined_stress,rail_service,none,30,1.0,0.0,57.47,38.59,0.6219,46.42,51.42,57.47,57.47,scaffold-only,"Engineering-only pilot output for quasi-real decision-support method review (non-publication, non-acceptance, non-operational); not publication evidence, not final-study evidence, not formal acceptance evidence, not calibrated real-world results, and not an operational route plan or forecast. Base profile scope: Pilot full bus-practical graph output for graph-scale feasibility review; not calibrated real-world results or an operational forecast."
songpa_public_demo,cached_graphml:data/cache/pilot_region_road.graphml,fleet_shortage_severe,multimodal,songpa_rail_combined_stress,rail_service,none,30,1.0,0.0,67.73,58.09,0.4132,46.42,57.46,67.73,67.73,scaffold-only,"Engineering-only pilot output for quasi-real decision-support method review (non-publication, non-acceptance, non-operational); not publication evidence, not final-study evidence, not formal acceptance evidence, not calibrated real-world results, and not an operational route plan or forecast. Base profile scope: Pilot full bus-practical graph output for graph-scale feasibility review; not calibrated real-world results or an operational forecast."
songpa_public_demo,cached_graphml:data/cache/pilot_region_road.graphml,fleet_shortage_stress,multimodal,songpa_rail_combined_stress,rail_service,none,30,1.0,0.0,57.47,38.59,0.6219,46.42,51.42,57.47,57.47,scaffold-only,"Engineering-only pilot output for quasi-real decision-support method review (non-publication, non-acceptance, non-operational); not publication evidence, not final-study evidence, not formal acceptance evidence, not calibrated real-world results, and not an operational route plan or forecast. Base profile scope: Pilot full bus-practical graph output for graph-scale feasibility review; not calibrated real-world results or an operational forecast."
songpa_public_demo,cached_graphml:data/cache/pilot_region_road.graphml,heavy_congestion_multimodal,multimodal,songpa_rail_combined_stress,rail_service,none,30,1.0,0.0,71.39,83.48,0.2875,53.4,58.37,71.39,71.39,scaffold-only,"Engineering-only pilot output for quasi-real decision-support method review (non-publication, non-acceptance, non-operational); not publication evidence, not final-study evidence, not formal acceptance evidence, not calibrated real-world results, and not an operational route plan or forecast. Base profile scope: Pilot full bus-practical graph output for graph-scale feasibility review; not calibrated real-world results or an operational forecast."
songpa_public_demo,cached_graphml:data/cache/pilot_region_road.graphml,lastmile_capacity_mild,multimodal,songpa_rail_combined_stress,rail_service,none,30,1.0,0.0,46.42,35.75,0.6713,46.42,46.42,46.42,46.42,scaffold-only,"Engineering-only pilot output for quasi-real decision-support method review (non-publication, non-acceptance, non-operational); not publication evidence, not final-study evidence, not formal acceptance evidence, not calibrated real-world results, and not an operational route plan or forecast. Base profile scope: Pilot full bus-practical graph output for graph-scale feasibility review; not calibrated real-world results or an operational forecast."
songpa_public_demo,cached_graphml:data/cache/pilot_region_road.graphml,lastmile_capacity_moderate,multimodal,songpa_rail_combined_stress,rail_service,none,30,1.0,0.0,46.42,35.75,0.6713,46.42,46.42,46.42,46.42,scaffold-only,"Engineering-only pilot output for quasi-real decision-support method review (non-publication, non-acceptance, non-operational); not publication evidence, not final-study evidence, not formal acceptance evidence, not calibrated real-world results, and not an operational route plan or forecast. Base profile scope: Pilot full bus-practical graph output for graph-scale feasibility review; not calibrated real-world results or an operational forecast."
songpa_public_demo,cached_graphml:data/cache/pilot_region_road.graphml,lastmile_capacity_severe,multimodal,songpa_rail_combined_stress,rail_service,none,30,1.0,0.0,51.42,37.17,0.6456,46.42,46.42,51.42,51.42,scaffold-only,"Engineering-only pilot output for quasi-real decision-support method review (non-publication, non-acceptance, non-operational); not publication evidence, not final-study evidence, not formal acceptance evidence, not calibrated real-world results, and not an operational route plan or forecast. Base profile scope: Pilot full bus-practical graph output for graph-scale feasibility review; not calibrated real-world results or an operational forecast."
songpa_public_demo,cached_graphml:data/cache/pilot_region_road.graphml,moderate_congestion_multimodal,multimodal,songpa_rail_combined_stress,rail_service,none,30,1.0,0.0,58.25,40.1,0.5986,46.83,51.83,58.25,58.25,scaffold-only,"Engineering-only pilot output for quasi-real decision-support method review (non-publication, non-acceptance, non-operational); not publication evidence, not final-study evidence, not formal acceptance evidence, not calibrated real-world results, and not an operational route plan or forecast. Base profile scope: Pilot full bus-practical graph output for graph-scale feasibility review; not calibrated real-world results or an operational forecast."
songpa_public_demo,cached_graphml:data/cache/pilot_region_road.graphml,multimodal_increased_feeder_capacity,multimodal,songpa_rail_combined_stress,rail_service,none,30,1.0,0.0,57.47,38.59,0.6219,46.42,51.42,57.47,57.47,scaffold-only,"Engineering-only pilot output for quasi-real decision-support method review (non-publication, non-acceptance, non-operational); not publication evidence, not final-study evidence, not formal acceptance evidence, not calibrated real-world results, and not an operational route plan or forecast. Base profile scope: Pilot full bus-practical graph output for graph-scale feasibility review; not calibrated real-world results or an operational forecast."
songpa_public_demo,cached_graphml:data/cache/pilot_region_road.graphml,multimodal_lastmile_redundancy,multimodal,songpa_rail_combined_stress,rail_service,none,30,1.0,0.0,56.42,38.59,0.6219,46.42,51.42,56.42,56.42,scaffold-only,"Engineering-only pilot output for quasi-real decision-support method review (non-publication, non-acceptance, non-operational); not publication evidence, not final-study evidence, not formal acceptance evidence, not calibrated real-world results, and not an operational route plan or forecast. Base profile scope: Pilot full bus-practical graph output for graph-scale feasibility review; not calibrated real-world results or an operational forecast."
songpa_public_demo,cached_graphml:data/cache/pilot_region_road.graphml,peak_congestion_multimodal,multimodal,songpa_rail_combined_stress,rail_service,none,30,0.67,8.0,2600.0,443.58,0.0361,182.8,185.22,187.64,187.64,scaffold-only,"Engineering-only pilot output for quasi-real decision-support method review (non-publication, non-acceptance, non-operational); not publication evidence, not final-study evidence, not formal acceptance evidence, not calibrated real-world results, and not an operational route plan or forecast. Base profile scope: Pilot full bus-practical graph output for graph-scale feasibility review; not calibrated real-world results or an operational forecast."
songpa_public_demo,cached_graphml:data/cache/pilot_region_road.graphml,rail_delay_or_partial_unavailability,multimodal,songpa_rail_combined_stress,rail_service,none,30,1.0,0.0,70.92,67.84,0.3538,46.42,64.92,70.92,70.92,scaffold-only,"Engineering-only pilot output for quasi-real decision-support method review (non-publication, non-acceptance, non-operational); not publication evidence, not final-study evidence, not formal acceptance evidence, not calibrated real-world results, and not an operational route plan or forecast. Base profile scope: Pilot full bus-practical graph output for graph-scale feasibility review; not calibrated real-world results or an operational forecast."
songpa_public_demo,cached_graphml:data/cache/pilot_region_road.graphml,severe_congestion_multimodal,multimodal,songpa_rail_combined_stress,rail_service,none,30,1.0,0.0,128.15,186.47,0.1287,81.75,96.57,128.15,128.15,scaffold-only,"Engineering-only pilot output for quasi-real decision-support method review (non-publication, non-acceptance, non-operational); not publication evidence, not final-study evidence, not formal acceptance evidence, not calibrated real-world results, and not an operational route plan or forecast. Base profile scope: Pilot full bus-practical graph output for graph-scale feasibility review; not calibrated real-world results or an operational forecast."
songpa_public_demo,cached_graphml:data/cache/pilot_region_road.graphml,staggered_or_adaptive_dispatch,multimodal,songpa_rail_combined_stress,rail_service,none,30,1.0,0.0,68.92,77.59,0.3093,44.92,56.92,68.92,68.92,scaffold-only,"Engineering-only pilot output for quasi-real decision-support method review (non-publication, non-acceptance, non-operational); not publication evidence, not final-study evidence, not formal acceptance evidence, not calibrated real-world results, and not an operational route plan or forecast. Base profile scope: Pilot full bus-practical graph output for graph-scale feasibility review; not calibrated real-world results or an operational forecast."
songpa_public_demo,cached_graphml:data/cache/pilot_region_road.graphml,transfer_stress_extreme,multimodal,songpa_rail_combined_stress,rail_service,none,30,1.0,0.0,176.42,58.09,0.4132,156.42,171.42,176.42,176.42,scaffold-only,"Engineering-only pilot output for quasi-real decision-support method review (non-publication, non-acceptance, non-operational); not publication evidence, not final-study evidence, not formal acceptance evidence, not calibrated real-world results, and not an operational route plan or forecast. Base profile scope: Pilot full bus-practical graph output for graph-scale feasibility review; not calibrated real-world results or an operational forecast."
songpa_public_demo,cached_graphml:data/cache/pilot_region_road.graphml,transfer_stress_mild,multimodal,songpa_rail_combined_stress,rail_service,none,30,1.0,0.0,82.47,38.59,0.6219,71.42,76.42,82.47,82.47,scaffold-only,"Engineering-only pilot output for quasi-real decision-support method review (non-publication, non-acceptance, non-operational); not publication evidence, not final-study evidence, not formal acceptance evidence, not calibrated real-world results, and not an operational route plan or forecast. Base profile scope: Pilot full bus-practical graph output for graph-scale feasibility review; not calibrated real-world results or an operational forecast."
songpa_public_demo,cached_graphml:data/cache/pilot_region_road.graphml,transfer_stress_moderate,multimodal,songpa_rail_combined_stress,rail_service,none,30,1.0,0.0,103.79,50.94,0.4894,90.09,98.25,103.79,103.79,scaffold-only,"Engineering-only pilot output for quasi-real decision-support method review (non-publication, non-acceptance, non-operational); not publication evidence, not final-study evidence, not formal acceptance evidence, not calibrated real-world results, and not an operational route plan or forecast. Base profile scope: Pilot full bus-practical graph output for graph-scale feasibility review; not calibrated real-world results or an operational forecast."
songpa_public_demo,cached_graphml:data/cache/pilot_region_road.graphml,transfer_stress_severe,multimodal,songpa_rail_combined_stress,rail_service,none,30,1.0,0.0,133.58,58.09,0.4132,121.42,127.75,133.58,133.58,scaffold-only,"Engineering-only pilot output for quasi-real decision-support method review (non-publication, non-acceptance, non-operational); not publication evidence, not final-study evidence, not formal acceptance evidence, not calibrated real-world results, and not an operational route plan or forecast. Base profile scope: Pilot full bus-practical graph output for graph-scale feasibility review; not calibrated real-world results or an operational forecast."
songpa_public_demo,cached_graphml:data/cache/pilot_region_road.graphml,bus_only,bus_only,songpa_rail_combined_stress_mild,rail_service,none,30,1.0,0.0,19.84,14.54,1.6506,9.86,14.84,19.84,19.84,scaffold-only,"Engineering-only pilot output for quasi-real decision-support method review (non-publication, non-acceptance, non-operational); not publication evidence, not final-study evidence, not formal acceptance evidence, not calibrated real-world results, and not an operational route plan or forecast. Base profile scope: Pilot full bus-practical graph output for graph-scale feasibility review; not calibrated real-world results or an operational forecast."
songpa_public_demo,cached_graphml:data/cache/pilot_region_road.graphml,heavy_congestion_bus,bus_only,songpa_rail_combined_stress_mild,rail_service,none,30,1.0,0.0,28.45,40.23,0.5967,18.39,23.38,28.45,28.45,scaffold-only,"Engineering-only pilot output for quasi-real decision-support method review (non-publication, non-acceptance, non-operational); not publication evidence, not final-study evidence, not formal acceptance evidence, not calibrated real-world results, and not an operational route plan or forecast. Base profile scope: Pilot full bus-practical graph output for graph-scale feasibility review; not calibrated real-world results or an operational forecast."
songpa_public_demo,cached_graphml:data/cache/pilot_region_road.graphml,moderate_congestion_bus,bus_only,songpa_rail_combined_stress_mild,rail_service,none,30,1.0,0.0,20.51,16.56,1.4497,10.52,15.53,20.51,20.51,scaffold-only,"Engineering-only pilot output for quasi-real decision-support method review (non-publication, non-acceptance, non-operational); not publication evidence, not final-study evidence, not formal acceptance evidence, not calibrated real-world results, and not an operational route plan or forecast. Base profile scope: Pilot full bus-practical graph output for graph-scale feasibility review; not calibrated real-world results or an operational forecast."
songpa_public_demo,cached_graphml:data/cache/pilot_region_road.graphml,peak_congestion_bus,bus_only,songpa_rail_combined_stress_mild,rail_service,none,30,1.0,0.0,155.09,417.78,0.0575,143.77,148.93,155.09,155.09,scaffold-only,"Engineering-only pilot output for quasi-real decision-support method review (non-publication, non-acceptance, non-operational); not publication evidence, not final-study evidence, not formal acceptance evidence, not calibrated real-world results, and not an operational route plan or forecast. Base profile scope: Pilot full bus-practical graph output for graph-scale feasibility review; not calibrated real-world results or an operational forecast."
songpa_public_demo,cached_graphml:data/cache/pilot_region_road.graphml,severe_congestion_bus,bus_only,songpa_rail_combined_stress_mild,rail_service,none,30,1.0,0.0,62.75,142.56,0.1684,52.46,57.36,62.75,62.75,scaffold-only,"Engineering-only pilot output for quasi-real decision-support method review (non-publication, non-acceptance, non-operational); not publication evidence, not final-study evidence, not formal acceptance evidence, not calibrated real-world results, and not an operational route plan or forecast. Base profile scope: Pilot full bus-practical graph output for graph-scale feasibility review; not calibrated real-world results or an operational forecast."
songpa_public_demo,cached_graphml:data/cache/pilot_region_road.graphml,baseline_multimodal,multimodal,songpa_rail_combined_stress_mild,rail_service,none,30,1.0,0.0,47.47,50.29,0.4772,36.42,41.42,47.47,47.47,scaffold-only,"Engineering-only pilot output for quasi-real decision-support method review (non-publication, non-acceptance, non-operational); not publication evidence, not final-study evidence, not formal acceptance evidence, not calibrated real-world results, and not an operational route plan or forecast. Base profile scope: Pilot full bus-practical graph output for graph-scale feasibility review; not calibrated real-world results or an operational forecast."
songpa_public_demo,cached_graphml:data/cache/pilot_region_road.graphml,fleet_shortage_severe,multimodal,songpa_rail_combined_stress_mild,rail_service,none,30,1.0,0.0,57.74,50.29,0.4772,36.42,47.46,57.74,57.74,scaffold-only,"Engineering-only pilot output for quasi-real decision-support method review (non-publication, non-acceptance, non-operational); not publication evidence, not final-study evidence, not formal acceptance evidence, not calibrated real-world results, and not an operational route plan or forecast. Base profile scope: Pilot full bus-practical graph output for graph-scale feasibility review; not calibrated real-world results or an operational forecast."
songpa_public_demo,cached_graphml:data/cache/pilot_region_road.graphml,fleet_shortage_stress,multimodal,songpa_rail_combined_stress_mild,rail_service,none,30,1.0,0.0,47.47,50.29,0.4772,36.42,41.42,47.47,47.47,scaffold-only,"Engineering-only pilot output for quasi-real decision-support method review (non-publication, non-acceptance, non-operational); not publication evidence, not final-study evidence, not formal acceptance evidence, not calibrated real-world results, and not an operational route plan or forecast. Base profile scope: Pilot full bus-practical graph output for graph-scale feasibility review; not calibrated real-world results or an operational forecast."
songpa_public_demo,cached_graphml:data/cache/pilot_region_road.graphml,heavy_congestion_multimodal,multimodal,songpa_rail_combined_stress_mild,rail_service,none,30,1.0,0.0,61.45,75.68,0.3171,43.4,53.37,61.45,61.45,scaffold-only,"Engineering-only pilot output for quasi-real decision-support method review (non-publication, non-acceptance, non-operational); not publication evidence, not final-study evidence, not formal acceptance evidence, not calibrated real-world results, and not an operational route plan or forecast. Base profile scope: Pilot full bus-practical graph output for graph-scale feasibility review; not calibrated real-world results or an operational forecast."
songpa_public_demo,cached_graphml:data/cache/pilot_region_road.graphml,lastmile_capacity_mild,multimodal,songpa_rail_combined_stress_mild,rail_service,none,30,1.0,0.0,46.42,48.87,0.4911,36.42,36.42,46.42,46.42,scaffold-only,"Engineering-only pilot output for quasi-real decision-support method review (non-publication, non-acceptance, non-operational); not publication evidence, not final-study evidence, not formal acceptance evidence, not calibrated real-world results, and not an operational route plan or forecast. Base profile scope: Pilot full bus-practical graph output for graph-scale feasibility review; not calibrated real-world results or an operational forecast."
songpa_public_demo,cached_graphml:data/cache/pilot_region_road.graphml,lastmile_capacity_moderate,multimodal,songpa_rail_combined_stress_mild,rail_service,none,30,1.0,0.0,46.42,48.87,0.4911,36.42,36.42,46.42,46.42,scaffold-only,"Engineering-only pilot output for quasi-real decision-support method review (non-publication, non-acceptance, non-operational); not publication evidence, not final-study evidence, not formal acceptance evidence, not calibrated real-world results, and not an operational route plan or forecast. Base profile scope: Pilot full bus-practical graph output for graph-scale feasibility review; not calibrated real-world results or an operational forecast."
songpa_public_demo,cached_graphml:data/cache/pilot_region_road.graphml,lastmile_capacity_severe,multimodal,songpa_rail_combined_stress_mild,rail_service,none,30,1.0,0.0,47.47,50.29,0.4772,36.42,36.42,47.47,47.47,scaffold-only,"Engineering-only pilot output for quasi-real decision-support method review (non-publication, non-acceptance, non-operational); not publication evidence, not final-study evidence, not formal acceptance evidence, not calibrated real-world results, and not an operational route plan or forecast. Base profile scope: Pilot full bus-practical graph output for graph-scale feasibility review; not calibrated real-world results or an operational forecast."
songpa_public_demo,cached_graphml:data/cache/pilot_region_road.graphml,moderate_congestion_multimodal,multimodal,songpa_rail_combined_stress_mild,rail_service,none,30,1.0,0.0,48.25,51.8,0.4634,36.83,41.83,48.25,48.25,scaffold-only,"Engineering-only pilot output for quasi-real decision-support method review (non-publication, non-acceptance, non-operational); not publication evidence, not final-study evidence, not formal acceptance evidence, not calibrated real-world results, and not an operational route plan or forecast. Base profile scope: Pilot full bus-practical graph output for graph-scale feasibility review; not calibrated real-world results or an operational forecast."
songpa_public_demo,cached_graphml:data/cache/pilot_region_road.graphml,multimodal_increased_feeder_capacity,multimodal,songpa_rail_combined_stress_mild,rail_service,none,30,1.0,0.0,47.47,50.29,0.4772,36.42,41.42,47.47,47.47,scaffold-only,"Engineering-only pilot output for quasi-real decision-support method review (non-publication, non-acceptance, non-operational); not publication evidence, not final-study evidence, not formal acceptance evidence, not calibrated real-world results, and not an operational route plan or forecast. Base profile scope: Pilot full bus-practical graph output for graph-scale feasibility review; not calibrated real-world results or an operational forecast."
songpa_public_demo,cached_graphml:data/cache/pilot_region_road.graphml,multimodal_lastmile_redundancy,multimodal,songpa_rail_combined_stress_mild,rail_service,none,30,1.0,0.0,46.42,50.29,0.4772,36.42,41.42,46.42,46.42,scaffold-only,"Engineering-only pilot output for quasi-real decision-support method review (non-publication, non-acceptance, non-operational); not publication evidence, not final-study evidence, not formal acceptance evidence, not calibrated real-world results, and not an operational route plan or forecast. Base profile scope: Pilot full bus-practical graph output for graph-scale feasibility review; not calibrated real-world results or an operational forecast."
songpa_public_demo,cached_graphml:data/cache/pilot_region_road.graphml,peak_congestion_multimodal,multimodal,songpa_rail_combined_stress_mild,rail_service,none,30,0.67,8.0,2600.0,455.28,0.0351,168.03,172.72,177.41,177.41,scaffold-only,"Engineering-only pilot output for quasi-real decision-support method review (non-publication, non-acceptance, non-operational); not publication evidence, not final-study evidence, not formal acceptance evidence, not calibrated real-world results, and not an operational route plan or forecast. Base profile scope: Pilot full bus-practical graph output for graph-scale feasibility review; not calibrated real-world results or an operational forecast."
songpa_public_demo,cached_graphml:data/cache/pilot_region_road.graphml,rail_delay_or_partial_unavailability,multimodal,songpa_rail_combined_stress_mild,rail_service,none,30,1.0,0.0,56.42,58.09,0.4132,36.42,51.42,56.42,56.42,scaffold-only,"Engineering-only pilot output for quasi-real decision-support method review (non-publication, non-acceptance, non-operational); not publication evidence, not final-study evidence, not formal acceptance evidence, not calibrated real-world results, and not an operational route plan or forecast. Base profile scope: Pilot full bus-practical graph output for graph-scale feasibility review; not calibrated real-world results or an operational forecast."
songpa_public_demo,cached_graphml:data/cache/pilot_region_road.graphml,severe_congestion_multimodal,multimodal,songpa_rail_combined_stress_mild,rail_service,none,30,1.0,0.0,128.05,178.67,0.1343,81.75,86.57,128.05,128.05,scaffold-only,"Engineering-only pilot output for quasi-real decision-support method review (non-publication, non-acceptance, non-operational); not publication evidence, not final-study evidence, not formal acceptance evidence, not calibrated real-world results, and not an operational route plan or forecast. Base profile scope: Pilot full bus-practical graph output for graph-scale feasibility review; not calibrated real-world results or an operational forecast."
songpa_public_demo,cached_graphml:data/cache/pilot_region_road.graphml,staggered_or_adaptive_dispatch,multimodal,songpa_rail_combined_stress_mild,rail_service,none,30,1.0,0.0,55.42,65.89,0.3643,36.22,45.82,55.42,55.42,scaffold-only,"Engineering-only pilot output for quasi-real decision-support method review (non-publication, non-acceptance, non-operational); not publication evidence, not final-study evidence, not formal acceptance evidence, not calibrated real-world results, and not an operational route plan or forecast. Base profile scope: Pilot full bus-practical graph output for graph-scale feasibility review; not calibrated real-world results or an operational forecast."
songpa_public_demo,cached_graphml:data/cache/pilot_region_road.graphml,transfer_stress_extreme,multimodal,songpa_rail_combined_stress_mild,rail_service,none,30,1.0,0.0,171.51,50.29,0.4772,156.42,166.42,171.51,171.51,scaffold-only,"Engineering-only pilot output for quasi-real decision-support method review (non-publication, non-acceptance, non-operational); not publication evidence, not final-study evidence, not formal acceptance evidence, not calibrated real-world results, and not an operational route plan or forecast. Base profile scope: Pilot full bus-practical graph output for graph-scale feasibility review; not calibrated real-world results or an operational forecast."
songpa_public_demo,cached_graphml:data/cache/pilot_region_road.graphml,transfer_stress_mild,multimodal,songpa_rail_combined_stress_mild,rail_service,none,30,1.0,0.0,71.51,50.29,0.4772,56.42,66.42,71.51,71.51,scaffold-only,"Engineering-only pilot output for quasi-real decision-support method review (non-publication, non-acceptance, non-operational); not publication evidence, not final-study evidence, not formal acceptance evidence, not calibrated real-world results, and not an operational route plan or forecast. Base profile scope: Pilot full bus-practical graph output for graph-scale feasibility review; not calibrated real-world results or an operational forecast."
songpa_public_demo,cached_graphml:data/cache/pilot_region_road.graphml,transfer_stress_moderate,multimodal,songpa_rail_combined_stress_mild,rail_service,none,30,1.0,0.0,97.47,50.29,0.4772,86.42,91.42,97.47,97.47,scaffold-only,"Engineering-only pilot output for quasi-real decision-support method review (non-publication, non-acceptance, non-operational); not publication evidence, not final-study evidence, not formal acceptance evidence, not calibrated real-world results, and not an operational route plan or forecast. Base profile scope: Pilot full bus-practical graph output for graph-scale feasibility review; not calibrated real-world results or an operational forecast."
songpa_public_demo,cached_graphml:data/cache/pilot_region_road.graphml,transfer_stress_severe,multimodal,songpa_rail_combined_stress_mild,rail_service,none,30,1.0,0.0,128.58,50.29,0.4772,116.42,122.75,128.58,128.58,scaffold-only,"Engineering-only pilot output for quasi-real decision-support method review (non-publication, non-acceptance, non-operational); not publication evidence, not final-study evidence, not formal acceptance evidence, not calibrated real-world results, and not an operational route plan or forecast. Base profile scope: Pilot full bus-practical graph output for graph-scale feasibility review; not calibrated real-world results or an operational forecast."
songpa_public_demo,cached_graphml:data/cache/pilot_region_road.graphml,bus_only,bus_only,songpa_rail_combined_stress_severe,rail_service,none,30,1.0,0.0,19.84,14.54,1.6506,9.86,14.84,19.84,19.84,scaffold-only,"Engineering-only pilot output for quasi-real decision-support method review (non-publication, non-acceptance, non-operational); not publication evidence, not final-study evidence, not formal acceptance evidence, not calibrated real-world results, and not an operational route plan or forecast. Base profile scope: Pilot full bus-practical graph output for graph-scale feasibility review; not calibrated real-world results or an operational forecast."
songpa_public_demo,cached_graphml:data/cache/pilot_region_road.graphml,heavy_congestion_bus,bus_only,songpa_rail_combined_stress_severe,rail_service,none,30,1.0,0.0,28.45,40.23,0.5967,18.39,23.38,28.45,28.45,scaffold-only,"Engineering-only pilot output for quasi-real decision-support method review (non-publication, non-acceptance, non-operational); not publication evidence, not final-study evidence, not formal acceptance evidence, not calibrated real-world results, and not an operational route plan or forecast. Base profile scope: Pilot full bus-practical graph output for graph-scale feasibility review; not calibrated real-world results or an operational forecast."
songpa_public_demo,cached_graphml:data/cache/pilot_region_road.graphml,moderate_congestion_bus,bus_only,songpa_rail_combined_stress_severe,rail_service,none,30,1.0,0.0,20.51,16.56,1.4497,10.52,15.53,20.51,20.51,scaffold-only,"Engineering-only pilot output for quasi-real decision-support method review (non-publication, non-acceptance, non-operational); not publication evidence, not final-study evidence, not formal acceptance evidence, not calibrated real-world results, and not an operational route plan or forecast. Base profile scope: Pilot full bus-practical graph output for graph-scale feasibility review; not calibrated real-world results or an operational forecast."
songpa_public_demo,cached_graphml:data/cache/pilot_region_road.graphml,peak_congestion_bus,bus_only,songpa_rail_combined_stress_severe,rail_service,none,30,1.0,0.0,155.09,417.78,0.0575,143.77,148.93,155.09,155.09,scaffold-only,"Engineering-only pilot output for quasi-real decision-support method review (non-publication, non-acceptance, non-operational); not publication evidence, not final-study evidence, not formal acceptance evidence, not calibrated real-world results, and not an operational route plan or forecast. Base profile scope: Pilot full bus-practical graph output for graph-scale feasibility review; not calibrated real-world results or an operational forecast."
songpa_public_demo,cached_graphml:data/cache/pilot_region_road.graphml,severe_congestion_bus,bus_only,songpa_rail_combined_stress_severe,rail_service,none,30,1.0,0.0,62.75,142.56,0.1684,52.46,57.36,62.75,62.75,scaffold-only,"Engineering-only pilot output for quasi-real decision-support method review (non-publication, non-acceptance, non-operational); not publication evidence, not final-study evidence, not formal acceptance evidence, not calibrated real-world results, and not an operational route plan or forecast. Base profile scope: Pilot full bus-practical graph output for graph-scale feasibility review; not calibrated real-world results or an operational forecast."
songpa_public_demo,cached_graphml:data/cache/pilot_region_road.graphml,baseline_multimodal,multimodal,songpa_rail_combined_stress_severe,rail_service,none,30,1.0,0.0,66.42,71.09,0.3376,46.42,61.42,66.42,66.42,scaffold-only,"Engineering-only pilot output for quasi-real decision-support method review (non-publication, non-acceptance, non-operational); not publication evidence, not final-study evidence, not formal acceptance evidence, not calibrated real-world results, and not an operational route plan or forecast. Base profile scope: Pilot full bus-practical graph output for graph-scale feasibility review; not calibrated real-world results or an operational forecast."
songpa_public_demo,cached_graphml:data/cache/pilot_region_road.graphml,fleet_shortage_severe,multimodal,songpa_rail_combined_stress_severe,rail_service,none,30,1.0,0.0,71.79,71.09,0.3376,46.42,61.52,71.79,71.79,scaffold-only,"Engineering-only pilot output for quasi-real decision-support method review (non-publication, non-acceptance, non-operational); not publication evidence, not final-study evidence, not formal acceptance evidence, not calibrated real-world results, and not an operational route plan or forecast. Base profile scope: Pilot full bus-practical graph output for graph-scale feasibility review; not calibrated real-world results or an operational forecast."
songpa_public_demo,cached_graphml:data/cache/pilot_region_road.graphml,fleet_shortage_stress,multimodal,songpa_rail_combined_stress_severe,rail_service,none,30,1.0,0.0,66.42,71.09,0.3376,46.42,61.42,66.42,66.42,scaffold-only,"Engineering-only pilot output for quasi-real decision-support method review (non-publication, non-acceptance, non-operational); not publication evidence, not final-study evidence, not formal acceptance evidence, not calibrated real-world results, and not an operational route plan or forecast. Base profile scope: Pilot full bus-practical graph output for graph-scale feasibility review; not calibrated real-world results or an operational forecast."
songpa_public_demo,cached_graphml:data/cache/pilot_region_road.graphml,heavy_congestion_multimodal,multimodal,songpa_rail_combined_stress_severe,rail_service,none,30,1.0,0.0,73.66,96.48,0.2487,53.4,68.37,73.66,73.66,scaffold-only,"Engineering-only pilot output for quasi-real decision-support method review (non-publication, non-acceptance, non-operational); not publication evidence, not final-study evidence, not formal acceptance evidence, not calibrated real-world results, and not an operational route plan or forecast. Base profile scope: Pilot full bus-practical graph output for graph-scale feasibility review; not calibrated real-world results or an operational forecast."
songpa_public_demo,cached_graphml:data/cache/pilot_region_road.graphml,lastmile_capacity_mild,multimodal,songpa_rail_combined_stress_severe,rail_service,none,30,1.0,0.0,61.42,69.67,0.3445,46.42,61.42,61.42,61.42,scaffold-only,"Engineering-only pilot output for quasi-real decision-support method review (non-publication, non-acceptance, non-operational); not publication evidence, not final-study evidence, not formal acceptance evidence, not calibrated real-world results, and not an operational route plan or forecast. Base profile scope: Pilot full bus-practical graph output for graph-scale feasibility review; not calibrated real-world results or an operational forecast."
songpa_public_demo,cached_graphml:data/cache/pilot_region_road.graphml,lastmile_capacity_moderate,multimodal,songpa_rail_combined_stress_severe,rail_service,none,30,1.0,0.0,61.42,69.67,0.3445,46.42,61.42,61.42,61.42,scaffold-only,"Engineering-only pilot output for quasi-real decision-support method review (non-publication, non-acceptance, non-operational); not publication evidence, not final-study evidence, not formal acceptance evidence, not calibrated real-world results, and not an operational route plan or forecast. Base profile scope: Pilot full bus-practical graph output for graph-scale feasibility review; not calibrated real-world results or an operational forecast."
songpa_public_demo,cached_graphml:data/cache/pilot_region_road.graphml,lastmile_capacity_severe,multimodal,songpa_rail_combined_stress_severe,rail_service,none,30,1.0,0.0,66.42,71.09,0.3376,46.42,61.42,61.42,61.42,scaffold-only,"Engineering-only pilot output for quasi-real decision-support method review (non-publication, non-acceptance, non-operational); not publication evidence, not final-study evidence, not formal acceptance evidence, not calibrated real-world results, and not an operational route plan or forecast. Base profile scope: Pilot full bus-practical graph output for graph-scale feasibility review; not calibrated real-world results or an operational forecast."
songpa_public_demo,cached_graphml:data/cache/pilot_region_road.graphml,moderate_congestion_multimodal,multimodal,songpa_rail_combined_stress_severe,rail_service,none,30,1.0,0.0,66.84,72.6,0.3306,46.83,61.83,66.84,66.84,scaffold-only,"Engineering-only pilot output for quasi-real decision-support method review (non-publication, non-acceptance, non-operational); not publication evidence, not final-study evidence, not formal acceptance evidence, not calibrated real-world results, and not an operational route plan or forecast. Base profile scope: Pilot full bus-practical graph output for graph-scale feasibility review; not calibrated real-world results or an operational forecast."
songpa_public_demo,cached_graphml:data/cache/pilot_region_road.graphml,multimodal_increased_feeder_capacity,multimodal,songpa_rail_combined_stress_severe,rail_service,none,30,1.0,0.0,66.42,71.09,0.3376,46.42,61.42,66.42,66.42,scaffold-only,"Engineering-only pilot output for quasi-real decision-support method review (non-publication, non-acceptance, non-operational); not publication evidence, not final-study evidence, not formal acceptance evidence, not calibrated real-world results, and not an operational route plan or forecast. Base profile scope: Pilot full bus-practical graph output for graph-scale feasibility review; not calibrated real-world results or an operational forecast."
songpa_public_demo,cached_graphml:data/cache/pilot_region_road.graphml,multimodal_lastmile_redundancy,multimodal,songpa_rail_combined_stress_severe,rail_service,none,30,1.0,0.0,66.42,71.09,0.3376,46.42,61.42,66.42,66.42,scaffold-only,"Engineering-only pilot output for quasi-real decision-support method review (non-publication, non-acceptance, non-operational); not publication evidence, not final-study evidence, not formal acceptance evidence, not calibrated real-world results, and not an operational route plan or forecast. Base profile scope: Pilot full bus-practical graph output for graph-scale feasibility review; not calibrated real-world results or an operational forecast."
songpa_public_demo,cached_graphml:data/cache/pilot_region_road.graphml,peak_congestion_multimodal,multimodal,songpa_rail_combined_stress_severe,rail_service,none,30,0.67,8.0,2600.0,430.9,0.0375,187.8,190.22,192.64,192.64,scaffold-only,"Engineering-only pilot output for quasi-real decision-support method review (non-publication, non-acceptance, non-operational); not publication evidence, not final-study evidence, not formal acceptance evidence, not calibrated real-world results, and not an operational route plan or forecast. Base profile scope: Pilot full bus-practical graph output for graph-scale feasibility review; not calibrated real-world results or an operational forecast."
songpa_public_demo,cached_graphml:data/cache/pilot_region_road.graphml,rail_delay_or_partial_unavailability,multimodal,songpa_rail_combined_stress_severe,rail_service,none,30,1.0,0.0,72.47,51.59,0.4652,61.42,66.42,72.47,72.47,scaffold-only,"Engineering-only pilot output for quasi-real decision-support method review (non-publication, non-acceptance, non-operational); not publication evidence, not final-study evidence, not formal acceptance evidence, not calibrated real-world results, and not an operational route plan or forecast. Base profile scope: Pilot full bus-practical graph output for graph-scale feasibility review; not calibrated real-world results or an operational forecast."
songpa_public_demo,cached_graphml:data/cache/pilot_region_road.graphml,severe_congestion_multimodal,multimodal,songpa_rail_combined_stress_severe,rail_service,none,30,1.0,0.0,143.05,173.47,0.1384,96.75,101.57,143.05,143.05,scaffold-only,"Engineering-only pilot output for quasi-real decision-support method review (non-publication, non-acceptance, non-operational); not publication evidence, not final-study evidence, not formal acceptance evidence, not calibrated real-world results, and not an operational route plan or forecast. Base profile scope: Pilot full bus-practical graph output for graph-scale feasibility review; not calibrated real-world results or an operational forecast."
songpa_public_demo,cached_graphml:data/cache/pilot_region_road.graphml,staggered_or_adaptive_dispatch,multimodal,songpa_rail_combined_stress_severe,rail_service,none,30,1.0,0.0,75.42,71.09,0.3376,59.41,59.43,75.42,75.42,scaffold-only,"Engineering-only pilot output for quasi-real decision-support method review (non-publication, non-acceptance, non-operational); not publication evidence, not final-study evidence, not formal acceptance evidence, not calibrated real-world results, and not an operational route plan or forecast. Base profile scope: Pilot full bus-practical graph output for graph-scale feasibility review; not calibrated real-world results or an operational forecast."
songpa_public_demo,cached_graphml:data/cache/pilot_region_road.graphml,transfer_stress_extreme,multimodal,songpa_rail_combined_stress_severe,rail_service,none,30,1.0,0.0,187.47,45.09,0.5323,176.42,181.42,187.47,187.47,scaffold-only,"Engineering-only pilot output for quasi-real decision-support method review (non-publication, non-acceptance, non-operational); not publication evidence, not final-study evidence, not formal acceptance evidence, not calibrated real-world results, and not an operational route plan or forecast. Base profile scope: Pilot full bus-practical graph output for graph-scale feasibility review; not calibrated real-world results or an operational forecast."
songpa_public_demo,cached_graphml:data/cache/pilot_region_road.graphml,transfer_stress_mild,multimodal,songpa_rail_combined_stress_severe,rail_service,none,30,1.0,0.0,87.47,45.09,0.5323,76.42,81.42,87.47,87.47,scaffold-only,"Engineering-only pilot output for quasi-real decision-support method review (non-publication, non-acceptance, non-operational); not publication evidence, not final-study evidence, not formal acceptance evidence, not calibrated real-world results, and not an operational route plan or forecast. Base profile scope: Pilot full bus-practical graph output for graph-scale feasibility review; not calibrated real-world results or an operational forecast."
songpa_public_demo,cached_graphml:data/cache/pilot_region_road.graphml,transfer_stress_moderate,multimodal,songpa_rail_combined_stress_severe,rail_service,none,30,1.0,0.0,116.42,71.09,0.3376,96.42,111.42,116.42,116.42,scaffold-only,"Engineering-only pilot output for quasi-real decision-support method review (non-publication, non-acceptance, non-operational); not publication evidence, not final-study evidence, not formal acceptance evidence, not calibrated real-world results, and not an operational route plan or forecast. Base profile scope: Pilot full bus-practical graph output for graph-scale feasibility review; not calibrated real-world results or an operational forecast."
songpa_public_demo,cached_graphml:data/cache/pilot_region_road.graphml,transfer_stress_severe,multimodal,songpa_rail_combined_stress_severe,rail_service,none,30,1.0,0.0,142.8,71.09,0.3376,126.42,134.09,142.8,142.8,scaffold-only,"Engineering-only pilot output for quasi-real decision-support method review (non-publication, non-acceptance, non-operational); not publication evidence, not final-study evidence, not formal acceptance evidence, not calibrated real-world results, and not an operational route plan or forecast. Base profile scope: Pilot full bus-practical graph output for graph-scale feasibility review; not calibrated real-world results or an operational forecast."
songpa_public_demo,cached_graphml:data/cache/pilot_region_road.graphml,bus_only,bus_only,songpa_rail_delay,rail_service,none,30,1.0,0.0,19.84,14.54,1.6506,9.86,14.84,19.84,19.84,scaffold-only,"Engineering-only pilot output for quasi-real decision-support method review (non-publication, non-acceptance, non-operational); not publication evidence, not final-study evidence, not formal acceptance evidence, not calibrated real-world results, and not an operational route plan or forecast. Base profile scope: Pilot full bus-practical graph output for graph-scale feasibility review; not calibrated real-world results or an operational forecast."
songpa_public_demo,cached_graphml:data/cache/pilot_region_road.graphml,heavy_congestion_bus,bus_only,songpa_rail_delay,rail_service,none,30,1.0,0.0,28.45,40.23,0.5967,18.39,23.38,28.45,28.45,scaffold-only,"Engineering-only pilot output for quasi-real decision-support method review (non-publication, non-acceptance, non-operational); not publication evidence, not final-study evidence, not formal acceptance evidence, not calibrated real-world results, and not an operational route plan or forecast. Base profile scope: Pilot full bus-practical graph output for graph-scale feasibility review; not calibrated real-world results or an operational forecast."
songpa_public_demo,cached_graphml:data/cache/pilot_region_road.graphml,moderate_congestion_bus,bus_only,songpa_rail_delay,rail_service,none,30,1.0,0.0,20.51,16.56,1.4497,10.52,15.53,20.51,20.51,scaffold-only,"Engineering-only pilot output for quasi-real decision-support method review (non-publication, non-acceptance, non-operational); not publication evidence, not final-study evidence, not formal acceptance evidence, not calibrated real-world results, and not an operational route plan or forecast. Base profile scope: Pilot full bus-practical graph output for graph-scale feasibility review; not calibrated real-world results or an operational forecast."
songpa_public_demo,cached_graphml:data/cache/pilot_region_road.graphml,peak_congestion_bus,bus_only,songpa_rail_delay,rail_service,none,30,1.0,0.0,155.09,417.78,0.0575,143.77,148.93,155.09,155.09,scaffold-only,"Engineering-only pilot output for quasi-real decision-support method review (non-publication, non-acceptance, non-operational); not publication evidence, not final-study evidence, not formal acceptance evidence, not calibrated real-world results, and not an operational route plan or forecast. Base profile scope: Pilot full bus-practical graph output for graph-scale feasibility review; not calibrated real-world results or an operational forecast."
songpa_public_demo,cached_graphml:data/cache/pilot_region_road.graphml,severe_congestion_bus,bus_only,songpa_rail_delay,rail_service,none,30,1.0,0.0,62.75,142.56,0.1684,52.46,57.36,62.75,62.75,scaffold-only,"Engineering-only pilot output for quasi-real decision-support method review (non-publication, non-acceptance, non-operational); not publication evidence, not final-study evidence, not formal acceptance evidence, not calibrated real-world results, and not an operational route plan or forecast. Base profile scope: Pilot full bus-practical graph output for graph-scale feasibility review; not calibrated real-world results or an operational forecast."
songpa_public_demo,cached_graphml:data/cache/pilot_region_road.graphml,baseline_multimodal,multimodal,songpa_rail_delay,rail_service,none,30,1.0,0.0,52.47,58.09,0.4132,41.42,46.42,52.47,52.47,scaffold-only,"Engineering-only pilot output for quasi-real decision-support method review (non-publication, non-acceptance, non-operational); not publication evidence, not final-study evidence, not formal acceptance evidence, not calibrated real-world results, and not an operational route plan or forecast. Base profile scope: Pilot full bus-practical graph output for graph-scale feasibility review; not calibrated real-world results or an operational forecast."
songpa_public_demo,cached_graphml:data/cache/pilot_region_road.graphml,fleet_shortage_severe,multimodal,songpa_rail_delay,rail_service,none,30,1.0,0.0,62.73,77.59,0.3093,41.42,52.46,62.73,62.73,scaffold-only,"Engineering-only pilot output for quasi-real decision-support method review (non-publication, non-acceptance, non-operational); not publication evidence, not final-study evidence, not formal acceptance evidence, not calibrated real-world results, and not an operational route plan or forecast. Base profile scope: Pilot full bus-practical graph output for graph-scale feasibility review; not calibrated real-world results or an operational forecast."
songpa_public_demo,cached_graphml:data/cache/pilot_region_road.graphml,fleet_shortage_stress,multimodal,songpa_rail_delay,rail_service,none,30,1.0,0.0,52.47,58.09,0.4132,41.42,46.42,52.47,52.47,scaffold-only,"Engineering-only pilot output for quasi-real decision-support method review (non-publication, non-acceptance, non-operational); not publication evidence, not final-study evidence, not formal acceptance evidence, not calibrated real-world results, and not an operational route plan or forecast. Base profile scope: Pilot full bus-practical graph output for graph-scale feasibility review; not calibrated real-world results or an operational forecast."
songpa_public_demo,cached_graphml:data/cache/pilot_region_road.graphml,heavy_congestion_multimodal,multimodal,songpa_rail_delay,rail_service,none,30,1.0,0.0,66.39,102.98,0.2331,48.4,53.37,66.39,66.39,scaffold-only,"Engineering-only pilot output for quasi-real decision-support method review (non-publication, non-acceptance, non-operational); not publication evidence, not final-study evidence, not formal acceptance evidence, not calibrated real-world results, and not an operational route plan or forecast. Base profile scope: Pilot full bus-practical graph output for graph-scale feasibility review; not calibrated real-world results or an operational forecast."
songpa_public_demo,cached_graphml:data/cache/pilot_region_road.graphml,lastmile_capacity_mild,multimodal,songpa_rail_delay,rail_service,none,30,1.0,0.0,46.42,56.67,0.4235,41.42,46.42,46.42,46.42,scaffold-only,"Engineering-only pilot output for quasi-real decision-support method review (non-publication, non-acceptance, non-operational); not publication evidence, not final-study evidence, not formal acceptance evidence, not calibrated real-world results, and not an operational route plan or forecast. Base profile scope: Pilot full bus-practical graph output for graph-scale feasibility review; not calibrated real-world results or an operational forecast."
songpa_public_demo,cached_graphml:data/cache/pilot_region_road.graphml,lastmile_capacity_moderate,multimodal,songpa_rail_delay,rail_service,none,30,1.0,0.0,46.42,56.67,0.4235,41.42,46.42,46.42,46.42,scaffold-only,"Engineering-only pilot output for quasi-real decision-support method review (non-publication, non-acceptance, non-operational); not publication evidence, not final-study evidence, not formal acceptance evidence, not calibrated real-world results, and not an operational route plan or forecast. Base profile scope: Pilot full bus-practical graph output for graph-scale feasibility review; not calibrated real-world results or an operational forecast."
songpa_public_demo,cached_graphml:data/cache/pilot_region_road.graphml,lastmile_capacity_severe,multimodal,songpa_rail_delay,rail_service,none,30,1.0,0.0,52.47,58.09,0.4132,41.42,46.42,46.42,46.42,scaffold-only,"Engineering-only pilot output for quasi-real decision-support method review (non-publication, non-acceptance, non-operational); not publication evidence, not final-study evidence, not formal acceptance evidence, not calibrated real-world results, and not an operational route plan or forecast. Base profile scope: Pilot full bus-practical graph output for graph-scale feasibility review; not calibrated real-world results or an operational forecast."
songpa_public_demo,cached_graphml:data/cache/pilot_region_road.graphml,moderate_congestion_multimodal,multimodal,songpa_rail_delay,rail_service,none,30,1.0,0.0,53.25,59.6,0.4027,41.83,46.83,53.25,53.25,scaffold-only,"Engineering-only pilot output for quasi-real decision-support method review (non-publication, non-acceptance, non-operational); not publication evidence, not final-study evidence, not formal acceptance evidence, not calibrated real-world results, and not an operational route plan or forecast. Base profile scope: Pilot full bus-practical graph output for graph-scale feasibility review; not calibrated real-world results or an operational forecast."
songpa_public_demo,cached_graphml:data/cache/pilot_region_road.graphml,multimodal_increased_feeder_capacity,multimodal,songpa_rail_delay,rail_service,none,30,1.0,0.0,52.47,58.09,0.4132,41.42,46.42,52.47,52.47,scaffold-only,"Engineering-only pilot output for quasi-real decision-support method review (non-publication, non-acceptance, non-operational); not publication evidence, not final-study evidence, not formal acceptance evidence, not calibrated real-world results, and not an operational route plan or forecast. Base profile scope: Pilot full bus-practical graph output for graph-scale feasibility review; not calibrated real-world results or an operational forecast."
songpa_public_demo,cached_graphml:data/cache/pilot_region_road.graphml,multimodal_lastmile_redundancy,multimodal,songpa_rail_delay,rail_service,none,30,1.0,0.0,51.42,58.09,0.4132,41.42,46.42,51.42,51.42,scaffold-only,"Engineering-only pilot output for quasi-real decision-support method review (non-publication, non-acceptance, non-operational); not publication evidence, not final-study evidence, not formal acceptance evidence, not calibrated real-world results, and not an operational route plan or forecast. Base profile scope: Pilot full bus-practical graph output for graph-scale feasibility review; not calibrated real-world results or an operational forecast."
songpa_public_demo,cached_graphml:data/cache/pilot_region_road.graphml,peak_congestion_multimodal,multimodal,songpa_rail_delay,rail_service,none,30,0.67,8.0,2600.0,463.08,0.0346,173.03,177.72,182.41,182.41,scaffold-only,"Engineering-only pilot output for quasi-real decision-support method review (non-publication, non-acceptance, non-operational); not publication evidence, not final-study evidence, not formal acceptance evidence, not calibrated real-world results, and not an operational route plan or forecast. Base profile scope: Pilot full bus-practical graph output for graph-scale feasibility review; not calibrated real-world results or an operational forecast."
songpa_public_demo,cached_graphml:data/cache/pilot_region_road.graphml,rail_delay_or_partial_unavailability,multimodal,songpa_rail_delay,rail_service,none,30,1.0,0.0,62.47,43.46,0.5522,51.42,56.42,62.47,62.47,scaffold-only,"Engineering-only pilot output for quasi-real decision-support method review (non-publication, non-acceptance, non-operational); not publication evidence, not final-study evidence, not formal acceptance evidence, not calibrated real-world results, and not an operational route plan or forecast. Base profile scope: Pilot full bus-practical graph output for graph-scale feasibility review; not calibrated real-world results or an operational forecast."
songpa_public_demo,cached_graphml:data/cache/pilot_region_road.graphml,severe_congestion_multimodal,multimodal,songpa_rail_delay,rail_service,none,30,1.0,0.0,128.15,186.47,0.1287,81.75,91.57,128.15,128.15,scaffold-only,"Engineering-only pilot output for quasi-real decision-support method review (non-publication, non-acceptance, non-operational); not publication evidence, not final-study evidence, not formal acceptance evidence, not calibrated real-world results, and not an operational route plan or forecast. Base profile scope: Pilot full bus-practical graph output for graph-scale feasibility review; not calibrated real-world results or an operational forecast."
songpa_public_demo,cached_graphml:data/cache/pilot_region_road.graphml,staggered_or_adaptive_dispatch,multimodal,songpa_rail_delay,rail_service,none,30,1.0,0.0,60.95,77.59,0.3093,44.92,52.92,60.95,60.95,scaffold-only,"Engineering-only pilot output for quasi-real decision-support method review (non-publication, non-acceptance, non-operational); not publication evidence, not final-study evidence, not formal acceptance evidence, not calibrated real-world results, and not an operational route plan or forecast. Base profile scope: Pilot full bus-practical graph output for graph-scale feasibility review; not calibrated real-world results or an operational forecast."
songpa_public_demo,cached_graphml:data/cache/pilot_region_road.graphml,transfer_stress_extreme,multimodal,songpa_rail_delay,rail_service,none,30,1.0,0.0,172.47,58.09,0.4132,161.42,166.42,172.47,172.47,scaffold-only,"Engineering-only pilot output for quasi-real decision-support method review (non-publication, non-acceptance, non-operational); not publication evidence, not final-study evidence, not formal acceptance evidence, not calibrated real-world results, and not an operational route plan or forecast. Base profile scope: Pilot full bus-practical graph output for graph-scale feasibility review; not calibrated real-world results or an operational forecast."
songpa_public_demo,cached_graphml:data/cache/pilot_region_road.graphml,transfer_stress_mild,multimodal,songpa_rail_delay,rail_service,none,30,1.0,0.0,76.51,58.09,0.4132,61.42,71.42,76.51,76.51,scaffold-only,"Engineering-only pilot output for quasi-real decision-support method review (non-publication, non-acceptance, non-operational); not publication evidence, not final-study evidence, not formal acceptance evidence, not calibrated real-world results, and not an operational route plan or forecast. Base profile scope: Pilot full bus-practical graph output for graph-scale feasibility review; not calibrated real-world results or an operational forecast."
songpa_public_demo,cached_graphml:data/cache/pilot_region_road.graphml,transfer_stress_moderate,multimodal,songpa_rail_delay,rail_service,none,30,1.0,0.0,101.51,58.09,0.4132,86.42,96.42,101.51,101.51,scaffold-only,"Engineering-only pilot output for quasi-real decision-support method review (non-publication, non-acceptance, non-operational); not publication evidence, not final-study evidence, not formal acceptance evidence, not calibrated real-world results, and not an operational route plan or forecast. Base profile scope: Pilot full bus-practical graph output for graph-scale feasibility review; not calibrated real-world results or an operational forecast."
songpa_public_demo,cached_graphml:data/cache/pilot_region_road.graphml,transfer_stress_severe,multimodal,songpa_rail_delay,rail_service,none,30,1.0,0.0,133.58,58.09,0.4132,121.42,127.75,133.58,133.58,scaffold-only,"Engineering-only pilot output for quasi-real decision-support method review (non-publication, non-acceptance, non-operational); not publication evidence, not final-study evidence, not formal acceptance evidence, not calibrated real-world results, and not an operational route plan or forecast. Base profile scope: Pilot full bus-practical graph output for graph-scale feasibility review; not calibrated real-world results or an operational forecast."
songpa_public_demo,cached_graphml:data/cache/pilot_region_road.graphml,bus_only,bus_only,songpa_rail_delay_mild,rail_service,none,30,1.0,0.0,19.84,14.54,1.6506,9.86,14.84,19.84,19.84,scaffold-only,"Engineering-only pilot output for quasi-real decision-support method review (non-publication, non-acceptance, non-operational); not publication evidence, not final-study evidence, not formal acceptance evidence, not calibrated real-world results, and not an operational route plan or forecast. Base profile scope: Pilot full bus-practical graph output for graph-scale feasibility review; not calibrated real-world results or an operational forecast."
songpa_public_demo,cached_graphml:data/cache/pilot_region_road.graphml,heavy_congestion_bus,bus_only,songpa_rail_delay_mild,rail_service,none,30,1.0,0.0,28.45,40.23,0.5967,18.39,23.38,28.45,28.45,scaffold-only,"Engineering-only pilot output for quasi-real decision-support method review (non-publication, non-acceptance, non-operational); not publication evidence, not final-study evidence, not formal acceptance evidence, not calibrated real-world results, and not an operational route plan or forecast. Base profile scope: Pilot full bus-practical graph output for graph-scale feasibility review; not calibrated real-world results or an operational forecast."
songpa_public_demo,cached_graphml:data/cache/pilot_region_road.graphml,moderate_congestion_bus,bus_only,songpa_rail_delay_mild,rail_service,none,30,1.0,0.0,20.51,16.56,1.4497,10.52,15.53,20.51,20.51,scaffold-only,"Engineering-only pilot output for quasi-real decision-support method review (non-publication, non-acceptance, non-operational); not publication evidence, not final-study evidence, not formal acceptance evidence, not calibrated real-world results, and not an operational route plan or forecast. Base profile scope: Pilot full bus-practical graph output for graph-scale feasibility review; not calibrated real-world results or an operational forecast."
songpa_public_demo,cached_graphml:data/cache/pilot_region_road.graphml,peak_congestion_bus,bus_only,songpa_rail_delay_mild,rail_service,none,30,1.0,0.0,155.09,417.78,0.0575,143.77,148.93,155.09,155.09,scaffold-only,"Engineering-only pilot output for quasi-real decision-support method review (non-publication, non-acceptance, non-operational); not publication evidence, not final-study evidence, not formal acceptance evidence, not calibrated real-world results, and not an operational route plan or forecast. Base profile scope: Pilot full bus-practical graph output for graph-scale feasibility review; not calibrated real-world results or an operational forecast."
songpa_public_demo,cached_graphml:data/cache/pilot_region_road.graphml,severe_congestion_bus,bus_only,songpa_rail_delay_mild,rail_service,none,30,1.0,0.0,62.75,142.56,0.1684,52.46,57.36,62.75,62.75,scaffold-only,"Engineering-only pilot output for quasi-real decision-support method review (non-publication, non-acceptance, non-operational); not publication evidence, not final-study evidence, not formal acceptance evidence, not calibrated real-world results, and not an operational route plan or forecast. Base profile scope: Pilot full bus-practical graph output for graph-scale feasibility review; not calibrated real-world results or an operational forecast."
songpa_public_demo,cached_graphml:data/cache/pilot_region_road.graphml,baseline_multimodal,multimodal,songpa_rail_delay_mild,rail_service,none,30,1.0,0.0,47.47,50.29,0.4772,36.42,41.42,47.47,47.47,scaffold-only,"Engineering-only pilot output for quasi-real decision-support method review (non-publication, non-acceptance, non-operational); not publication evidence, not final-study evidence, not formal acceptance evidence, not calibrated real-world results, and not an operational route plan or forecast. Base profile scope: Pilot full bus-practical graph output for graph-scale feasibility review; not calibrated real-world results or an operational forecast."
songpa_public_demo,cached_graphml:data/cache/pilot_region_road.graphml,fleet_shortage_severe,multimodal,songpa_rail_delay_mild,rail_service,none,30,1.0,0.0,57.73,65.89,0.3643,36.42,47.46,57.73,57.73,scaffold-only,"Engineering-only pilot output for quasi-real decision-support method review (non-publication, non-acceptance, non-operational); not publication evidence, not final-study evidence, not formal acceptance evidence, not calibrated real-world results, and not an operational route plan or forecast. Base profile scope: Pilot full bus-practical graph output for graph-scale feasibility review; not calibrated real-world results or an operational forecast."
songpa_public_demo,cached_graphml:data/cache/pilot_region_road.graphml,fleet_shortage_stress,multimodal,songpa_rail_delay_mild,rail_service,none,30,1.0,0.0,47.47,50.29,0.4772,36.42,41.42,47.47,47.47,scaffold-only,"Engineering-only pilot output for quasi-real decision-support method review (non-publication, non-acceptance, non-operational); not publication evidence, not final-study evidence, not formal acceptance evidence, not calibrated real-world results, and not an operational route plan or forecast. Base profile scope: Pilot full bus-practical graph output for graph-scale feasibility review; not calibrated real-world results or an operational forecast."
songpa_public_demo,cached_graphml:data/cache/pilot_region_road.graphml,heavy_congestion_multimodal,multimodal,songpa_rail_delay_mild,rail_service,none,30,1.0,0.0,61.39,91.28,0.2629,43.4,48.37,61.39,61.39,scaffold-only,"Engineering-only pilot output for quasi-real decision-support method review (non-publication, non-acceptance, non-operational); not publication evidence, not final-study evidence, not formal acceptance evidence, not calibrated real-world results, and not an operational route plan or forecast. Base profile scope: Pilot full bus-practical graph output for graph-scale feasibility review; not calibrated real-world results or an operational forecast."
songpa_public_demo,cached_graphml:data/cache/pilot_region_road.graphml,lastmile_capacity_mild,multimodal,songpa_rail_delay_mild,rail_service,none,30,1.0,0.0,41.42,48.87,0.4911,36.42,41.42,41.42,41.42,scaffold-only,"Engineering-only pilot output for quasi-real decision-support method review (non-publication, non-acceptance, non-operational); not publication evidence, not final-study evidence, not formal acceptance evidence, not calibrated real-world results, and not an operational route plan or forecast. Base profile scope: Pilot full bus-practical graph output for graph-scale feasibility review; not calibrated real-world results or an operational forecast."
songpa_public_demo,cached_graphml:data/cache/pilot_region_road.graphml,lastmile_capacity_moderate,multimodal,songpa_rail_delay_mild,rail_service,none,30,1.0,0.0,41.42,48.87,0.4911,36.42,41.42,41.42,41.42,scaffold-only,"Engineering-only pilot output for quasi-real decision-support method review (non-publication, non-acceptance, non-operational); not publication evidence, not final-study evidence, not formal acceptance evidence, not calibrated real-world results, and not an operational route plan or forecast. Base profile scope: Pilot full bus-practical graph output for graph-scale feasibility review; not calibrated real-world results or an operational forecast."
songpa_public_demo,cached_graphml:data/cache/pilot_region_road.graphml,lastmile_capacity_severe,multimodal,songpa_rail_delay_mild,rail_service,none,30,1.0,0.0,47.47,50.29,0.4772,36.42,41.42,41.42,41.42,scaffold-only,"Engineering-only pilot output for quasi-real decision-support method review (non-publication, non-acceptance, non-operational); not publication evidence, not final-study evidence, not formal acceptance evidence, not calibrated real-world results, and not an operational route plan or forecast. Base profile scope: Pilot full bus-practical graph output for graph-scale feasibility review; not calibrated real-world results or an operational forecast."
songpa_public_demo,cached_graphml:data/cache/pilot_region_road.graphml,moderate_congestion_multimodal,multimodal,songpa_rail_delay_mild,rail_service,none,30,1.0,0.0,48.25,51.8,0.4634,36.83,41.83,48.25,48.25,scaffold-only,"Engineering-only pilot output for quasi-real decision-support method review (non-publication, non-acceptance, non-operational); not publication evidence, not final-study evidence, not formal acceptance evidence, not calibrated real-world results, and not an operational route plan or forecast. Base profile scope: Pilot full bus-practical graph output for graph-scale feasibility review; not calibrated real-world results or an operational forecast."
songpa_public_demo,cached_graphml:data/cache/pilot_region_road.graphml,multimodal_increased_feeder_capacity,multimodal,songpa_rail_delay_mild,rail_service,none,30,1.0,0.0,47.47,50.29,0.4772,36.42,41.42,47.47,47.47,scaffold-only,"Engineering-only pilot output for quasi-real decision-support method review (non-publication, non-acceptance, non-operational); not publication evidence, not final-study evidence, not formal acceptance evidence, not calibrated real-world results, and not an operational route plan or forecast. Base profile scope: Pilot full bus-practical graph output for graph-scale feasibility review; not calibrated real-world results or an operational forecast."
songpa_public_demo,cached_graphml:data/cache/pilot_region_road.graphml,multimodal_lastmile_redundancy,multimodal,songpa_rail_delay_mild,rail_service,none,30,1.0,0.0,46.42,50.29,0.4772,36.42,41.42,46.42,46.42,scaffold-only,"Engineering-only pilot output for quasi-real decision-support method review (non-publication, non-acceptance, non-operational); not publication evidence, not final-study evidence, not formal acceptance evidence, not calibrated real-world results, and not an operational route plan or forecast. Base profile scope: Pilot full bus-practical graph output for graph-scale feasibility review; not calibrated real-world results or an operational forecast."
songpa_public_demo,cached_graphml:data/cache/pilot_region_road.graphml,peak_congestion_multimodal,multimodal,songpa_rail_delay_mild,rail_service,none,30,0.67,8.0,2600.0,455.28,0.0351,172.8,175.22,177.64,177.64,scaffold-only,"Engineering-only pilot output for quasi-real decision-support method review (non-publication, non-acceptance, non-operational); not publication evidence, not final-study evidence, not formal acceptance evidence, not calibrated real-world results, and not an operational route plan or forecast. Base profile scope: Pilot full bus-practical graph output for graph-scale feasibility review; not calibrated real-world results or an operational forecast."
songpa_public_demo,cached_graphml:data/cache/pilot_region_road.graphml,rail_delay_or_partial_unavailability,multimodal,songpa_rail_delay_mild,rail_service,none,30,1.0,0.0,57.47,38.59,0.6219,46.42,51.42,57.47,57.47,scaffold-only,"Engineering-only pilot output for quasi-real decision-support method review (non-publication, non-acceptance, non-operational); not publication evidence, not final-study evidence, not formal acceptance evidence, not calibrated real-world results, and not an operational route plan or forecast. Base profile scope: Pilot full bus-practical graph output for graph-scale feasibility review; not calibrated real-world results or an operational forecast."
songpa_public_demo,cached_graphml:data/cache/pilot_region_road.graphml,severe_congestion_multimodal,multimodal,songpa_rail_delay_mild,rail_service,none,30,1.0,0.0,123.14,178.67,0.1343,76.75,86.57,123.14,123.14,scaffold-only,"Engineering-only pilot output for quasi-real decision-support method review (non-publication, non-acceptance, non-operational); not publication evidence, not final-study evidence, not formal acceptance evidence, not calibrated real-world results, and not an operational route plan or forecast. Base profile scope: Pilot full bus-practical graph output for graph-scale feasibility review; not calibrated real-world results or an operational forecast."
songpa_public_demo,cached_graphml:data/cache/pilot_region_road.graphml,staggered_or_adaptive_dispatch,multimodal,songpa_rail_delay_mild,rail_service,none,30,1.0,0.0,57.05,65.89,0.3643,41.02,49.02,57.05,57.05,scaffold-only,"Engineering-only pilot output for quasi-real decision-support method review (non-publication, non-acceptance, non-operational); not publication evidence, not final-study evidence, not formal acceptance evidence, not calibrated real-world results, and not an operational route plan or forecast. Base profile scope: Pilot full bus-practical graph output for graph-scale feasibility review; not calibrated real-world results or an operational forecast."
songpa_public_demo,cached_graphml:data/cache/pilot_region_road.graphml,transfer_stress_extreme,multimodal,songpa_rail_delay_mild,rail_service,none,30,1.0,0.0,167.47,50.29,0.4772,156.42,161.42,167.47,167.47,scaffold-only,"Engineering-only pilot output for quasi-real decision-support method review (non-publication, non-acceptance, non-operational); not publication evidence, not final-study evidence, not formal acceptance evidence, not calibrated real-world results, and not an operational route plan or forecast. Base profile scope: Pilot full bus-practical graph output for graph-scale feasibility review; not calibrated real-world results or an operational forecast."
songpa_public_demo,cached_graphml:data/cache/pilot_region_road.graphml,transfer_stress_mild,multimodal,songpa_rail_delay_mild,rail_service,none,30,1.0,0.0,72.47,50.29,0.4772,61.42,66.42,72.47,72.47,scaffold-only,"Engineering-only pilot output for quasi-real decision-support method review (non-publication, non-acceptance, non-operational); not publication evidence, not final-study evidence, not formal acceptance evidence, not calibrated real-world results, and not an operational route plan or forecast. Base profile scope: Pilot full bus-practical graph output for graph-scale feasibility review; not calibrated real-world results or an operational forecast."
songpa_public_demo,cached_graphml:data/cache/pilot_region_road.graphml,transfer_stress_moderate,multimodal,songpa_rail_delay_mild,rail_service,none,30,1.0,0.0,97.47,50.29,0.4772,86.42,91.42,97.47,97.47,scaffold-only,"Engineering-only pilot output for quasi-real decision-support method review (non-publication, non-acceptance, non-operational); not publication evidence, not final-study evidence, not formal acceptance evidence, not calibrated real-world results, and not an operational route plan or forecast. Base profile scope: Pilot full bus-practical graph output for graph-scale feasibility review; not calibrated real-world results or an operational forecast."
songpa_public_demo,cached_graphml:data/cache/pilot_region_road.graphml,transfer_stress_severe,multimodal,songpa_rail_delay_mild,rail_service,none,30,1.0,0.0,128.58,50.29,0.4772,116.42,122.75,128.58,128.58,scaffold-only,"Engineering-only pilot output for quasi-real decision-support method review (non-publication, non-acceptance, non-operational); not publication evidence, not final-study evidence, not formal acceptance evidence, not calibrated real-world results, and not an operational route plan or forecast. Base profile scope: Pilot full bus-practical graph output for graph-scale feasibility review; not calibrated real-world results or an operational forecast."
songpa_public_demo,cached_graphml:data/cache/pilot_region_road.graphml,bus_only,bus_only,songpa_rail_delay_severe,rail_service,none,30,1.0,0.0,19.84,14.54,1.6506,9.86,14.84,19.84,19.84,scaffold-only,"Engineering-only pilot output for quasi-real decision-support method review (non-publication, non-acceptance, non-operational); not publication evidence, not final-study evidence, not formal acceptance evidence, not calibrated real-world results, and not an operational route plan or forecast. Base profile scope: Pilot full bus-practical graph output for graph-scale feasibility review; not calibrated real-world results or an operational forecast."
songpa_public_demo,cached_graphml:data/cache/pilot_region_road.graphml,heavy_congestion_bus,bus_only,songpa_rail_delay_severe,rail_service,none,30,1.0,0.0,28.45,40.23,0.5967,18.39,23.38,28.45,28.45,scaffold-only,"Engineering-only pilot output for quasi-real decision-support method review (non-publication, non-acceptance, non-operational); not publication evidence, not final-study evidence, not formal acceptance evidence, not calibrated real-world results, and not an operational route plan or forecast. Base profile scope: Pilot full bus-practical graph output for graph-scale feasibility review; not calibrated real-world results or an operational forecast."
songpa_public_demo,cached_graphml:data/cache/pilot_region_road.graphml,moderate_congestion_bus,bus_only,songpa_rail_delay_severe,rail_service,none,30,1.0,0.0,20.51,16.56,1.4497,10.52,15.53,20.51,20.51,scaffold-only,"Engineering-only pilot output for quasi-real decision-support method review (non-publication, non-acceptance, non-operational); not publication evidence, not final-study evidence, not formal acceptance evidence, not calibrated real-world results, and not an operational route plan or forecast. Base profile scope: Pilot full bus-practical graph output for graph-scale feasibility review; not calibrated real-world results or an operational forecast."
songpa_public_demo,cached_graphml:data/cache/pilot_region_road.graphml,peak_congestion_bus,bus_only,songpa_rail_delay_severe,rail_service,none,30,1.0,0.0,155.09,417.78,0.0575,143.77,148.93,155.09,155.09,scaffold-only,"Engineering-only pilot output for quasi-real decision-support method review (non-publication, non-acceptance, non-operational); not publication evidence, not final-study evidence, not formal acceptance evidence, not calibrated real-world results, and not an operational route plan or forecast. Base profile scope: Pilot full bus-practical graph output for graph-scale feasibility review; not calibrated real-world results or an operational forecast."
songpa_public_demo,cached_graphml:data/cache/pilot_region_road.graphml,severe_congestion_bus,bus_only,songpa_rail_delay_severe,rail_service,none,30,1.0,0.0,62.75,142.56,0.1684,52.46,57.36,62.75,62.75,scaffold-only,"Engineering-only pilot output for quasi-real decision-support method review (non-publication, non-acceptance, non-operational); not publication evidence, not final-study evidence, not formal acceptance evidence, not calibrated real-world results, and not an operational route plan or forecast. Base profile scope: Pilot full bus-practical graph output for graph-scale feasibility review; not calibrated real-world results or an operational forecast."
songpa_public_demo,cached_graphml:data/cache/pilot_region_road.graphml,baseline_multimodal,multimodal,songpa_rail_delay_severe,rail_service,none,30,1.0,0.0,57.47,71.09,0.3376,46.42,51.42,57.47,57.47,scaffold-only,"Engineering-only pilot output for quasi-real decision-support method review (non-publication, non-acceptance, non-operational); not publication evidence, not final-study evidence, not formal acceptance evidence, not calibrated real-world results, and not an operational route plan or forecast. Base profile scope: Pilot full bus-practical graph output for graph-scale feasibility review; not calibrated real-world results or an operational forecast."
songpa_public_demo,cached_graphml:data/cache/pilot_region_road.graphml,fleet_shortage_severe,multimodal,songpa_rail_delay_severe,rail_service,none,30,1.0,0.0,67.73,97.09,0.2472,46.42,57.46,67.73,67.73,scaffold-only,"Engineering-only pilot output for quasi-real decision-support method review (non-publication, non-acceptance, non-operational); not publication evidence, not final-study evidence, not formal acceptance evidence, not calibrated real-world results, and not an operational route plan or forecast. Base profile scope: Pilot full bus-practical graph output for graph-scale feasibility review; not calibrated real-world results or an operational forecast."
songpa_public_demo,cached_graphml:data/cache/pilot_region_road.graphml,fleet_shortage_stress,multimodal,songpa_rail_delay_severe,rail_service,none,30,1.0,0.0,57.47,71.09,0.3376,46.42,51.42,57.47,57.47,scaffold-only,"Engineering-only pilot output for quasi-real decision-support method review (non-publication, non-acceptance, non-operational); not publication evidence, not final-study evidence, not formal acceptance evidence, not calibrated real-world results, and not an operational route plan or forecast. Base profile scope: Pilot full bus-practical graph output for graph-scale feasibility review; not calibrated real-world results or an operational forecast."
songpa_public_demo,cached_graphml:data/cache/pilot_region_road.graphml,heavy_congestion_multimodal,multimodal,songpa_rail_delay_severe,rail_service,none,30,1.0,0.0,71.39,122.48,0.1959,53.4,58.37,71.39,71.39,scaffold-only,"Engineering-only pilot output for quasi-real decision-support method review (non-publication, non-acceptance, non-operational); not publication evidence, not final-study evidence, not formal acceptance evidence, not calibrated real-world results, and not an operational route plan or forecast. Base profile scope: Pilot full bus-practical graph output for graph-scale feasibility review; not calibrated real-world results or an operational forecast."
songpa_public_demo,cached_graphml:data/cache/pilot_region_road.graphml,lastmile_capacity_mild,multimodal,songpa_rail_delay_severe,rail_service,none,30,1.0,0.0,51.42,69.67,0.3445,46.42,51.42,51.42,51.42,scaffold-only,"Engineering-only pilot output for quasi-real decision-support method review (non-publication, non-acceptance, non-operational); not publication evidence, not final-study evidence, not formal acceptance evidence, not calibrated real-world results, and not an operational route plan or forecast. Base profile scope: Pilot full bus-practical graph output for graph-scale feasibility review; not calibrated real-world results or an operational forecast."
songpa_public_demo,cached_graphml:data/cache/pilot_region_road.graphml,lastmile_capacity_moderate,multimodal,songpa_rail_delay_severe,rail_service,none,30,1.0,0.0,51.42,69.67,0.3445,46.42,51.42,51.42,51.42,scaffold-only,"Engineering-only pilot output for quasi-real decision-support method review (non-publication, non-acceptance, non-operational); not publication evidence, not final-study evidence, not formal acceptance evidence, not calibrated real-world results, and not an operational route plan or forecast. Base profile scope: Pilot full bus-practical graph output for graph-scale feasibility review; not calibrated real-world results or an operational forecast."
songpa_public_demo,cached_graphml:data/cache/pilot_region_road.graphml,lastmile_capacity_severe,multimodal,songpa_rail_delay_severe,rail_service,none,30,1.0,0.0,57.47,71.09,0.3376,46.42,51.42,51.42,51.42,scaffold-only,"Engineering-only pilot output for quasi-real decision-support method review (non-publication, non-acceptance, non-operational); not publication evidence, not final-study evidence, not formal acceptance evidence, not calibrated real-world results, and not an operational route plan or forecast. Base profile scope: Pilot full bus-practical graph output for graph-scale feasibility review; not calibrated real-world results or an operational forecast."
songpa_public_demo,cached_graphml:data/cache/pilot_region_road.graphml,moderate_congestion_multimodal,multimodal,songpa_rail_delay_severe,rail_service,none,30,1.0,0.0,58.25,72.6,0.3306,46.83,51.83,58.25,58.25,scaffold-only,"Engineering-only pilot output for quasi-real decision-support method review (non-publication, non-acceptance, non-operational); not publication evidence, not final-study evidence, not formal acceptance evidence, not calibrated real-world results, and not an operational route plan or forecast. Base profile scope: Pilot full bus-practical graph output for graph-scale feasibility review; not calibrated real-world results or an operational forecast."
songpa_public_demo,cached_graphml:data/cache/pilot_region_road.graphml,multimodal_increased_feeder_capacity,multimodal,songpa_rail_delay_severe,rail_service,none,30,1.0,0.0,57.47,71.09,0.3376,46.42,51.42,57.47,57.47,scaffold-only,"Engineering-only pilot output for quasi-real decision-support method review (non-publication, non-acceptance, non-operational); not publication evidence, not final-study evidence, not formal acceptance evidence, not calibrated real-world results, and not an operational route plan or forecast. Base profile scope: Pilot full bus-practical graph output for graph-scale feasibility review; not calibrated real-world results or an operational forecast."
songpa_public_demo,cached_graphml:data/cache/pilot_region_road.graphml,multimodal_lastmile_redundancy,multimodal,songpa_rail_delay_severe,rail_service,none,30,1.0,0.0,56.42,71.09,0.3376,46.42,51.42,56.42,56.42,scaffold-only,"Engineering-only pilot output for quasi-real decision-support method review (non-publication, non-acceptance, non-operational); not publication evidence, not final-study evidence, not formal acceptance evidence, not calibrated real-world results, and not an operational route plan or forecast. Base profile scope: Pilot full bus-practical graph output for graph-scale feasibility review; not calibrated real-world results or an operational forecast."
songpa_public_demo,cached_graphml:data/cache/pilot_region_road.graphml,peak_congestion_multimodal,multimodal,songpa_rail_delay_severe,rail_service,none,30,0.67,8.0,2600.0,476.08,0.0336,182.8,185.22,187.64,187.64,scaffold-only,"Engineering-only pilot output for quasi-real decision-support method review (non-publication, non-acceptance, non-operational); not publication evidence, not final-study evidence, not formal acceptance evidence, not calibrated real-world results, and not an operational route plan or forecast. Base profile scope: Pilot full bus-practical graph output for graph-scale feasibility review; not calibrated real-world results or an operational forecast."
songpa_public_demo,cached_graphml:data/cache/pilot_region_road.graphml,rail_delay_or_partial_unavailability,multimodal,songpa_rail_delay_severe,rail_service,none,30,1.0,0.0,72.47,51.59,0.4652,61.42,66.42,72.47,72.47,scaffold-only,"Engineering-only pilot output for quasi-real decision-support method review (non-publication, non-acceptance, non-operational); not publication evidence, not final-study evidence, not formal acceptance evidence, not calibrated real-world results, and not an operational route plan or forecast. Base profile scope: Pilot full bus-practical graph output for graph-scale feasibility review; not calibrated real-world results or an operational forecast."
songpa_public_demo,cached_graphml:data/cache/pilot_region_road.graphml,severe_congestion_multimodal,multimodal,songpa_rail_delay_severe,rail_service,none,30,1.0,0.0,133.15,199.47,0.1203,86.75,96.57,133.15,133.15,scaffold-only,"Engineering-only pilot output for quasi-real decision-support method review (non-publication, non-acceptance, non-operational); not publication evidence, not final-study evidence, not formal acceptance evidence, not calibrated real-world results, and not an operational route plan or forecast. Base profile scope: Pilot full bus-practical graph output for graph-scale feasibility review; not calibrated real-world results or an operational forecast."
songpa_public_demo,cached_graphml:data/cache/pilot_region_road.graphml,staggered_or_adaptive_dispatch,multimodal,songpa_rail_delay_severe,rail_service,none,30,1.0,0.0,67.45,97.09,0.2472,51.42,59.42,67.45,67.45,scaffold-only,"Engineering-only pilot output for quasi-real decision-support method review (non-publication, non-acceptance, non-operational); not publication evidence, not final-study evidence, not formal acceptance evidence, not calibrated real-world results, and not an operational route plan or forecast. Base profile scope: Pilot full bus-practical graph output for graph-scale feasibility review; not calibrated real-world results or an operational forecast."
songpa_public_demo,cached_graphml:data/cache/pilot_region_road.graphml,transfer_stress_extreme,multimodal,songpa_rail_delay_severe,rail_service,none,30,1.0,0.0,177.47,71.09,0.3376,166.42,171.42,177.47,177.47,scaffold-only,"Engineering-only pilot output for quasi-real decision-support method review (non-publication, non-acceptance, non-operational); not publication evidence, not final-study evidence, not formal acceptance evidence, not calibrated real-world results, and not an operational route plan or forecast. Base profile scope: Pilot full bus-practical graph output for graph-scale feasibility review; not calibrated real-world results or an operational forecast."
songpa_public_demo,cached_graphml:data/cache/pilot_region_road.graphml,transfer_stress_mild,multimodal,songpa_rail_delay_severe,rail_service,none,30,1.0,0.0,82.47,71.09,0.3376,71.42,76.42,82.47,82.47,scaffold-only,"Engineering-only pilot output for quasi-real decision-support method review (non-publication, non-acceptance, non-operational); not publication evidence, not final-study evidence, not formal acceptance evidence, not calibrated real-world results, and not an operational route plan or forecast. Base profile scope: Pilot full bus-practical graph output for graph-scale feasibility review; not calibrated real-world results or an operational forecast."
songpa_public_demo,cached_graphml:data/cache/pilot_region_road.graphml,transfer_stress_moderate,multimodal,songpa_rail_delay_severe,rail_service,none,30,1.0,0.0,107.47,71.09,0.3376,96.42,101.42,107.47,107.47,scaffold-only,"Engineering-only pilot output for quasi-real decision-support method review (non-publication, non-acceptance, non-operational); not publication evidence, not final-study evidence, not formal acceptance evidence, not calibrated real-world results, and not an operational route plan or forecast. Base profile scope: Pilot full bus-practical graph output for graph-scale feasibility review; not calibrated real-world results or an operational forecast."
songpa_public_demo,cached_graphml:data/cache/pilot_region_road.graphml,transfer_stress_severe,multimodal,songpa_rail_delay_severe,rail_service,none,30,1.0,0.0,138.58,71.09,0.3376,126.42,132.75,138.58,138.58,scaffold-only,"Engineering-only pilot output for quasi-real decision-support method review (non-publication, non-acceptance, non-operational); not publication evidence, not final-study evidence, not formal acceptance evidence, not calibrated real-world results, and not an operational route plan or forecast. Base profile scope: Pilot full bus-practical graph output for graph-scale feasibility review; not calibrated real-world results or an operational forecast."
songpa_public_demo,cached_graphml:data/cache/pilot_region_road.graphml,bus_only,bus_only,songpa_rail_unavailable,rail_service,none,30,1.0,0.0,19.84,14.54,1.6506,9.86,14.84,19.84,19.84,scaffold-only,"Engineering-only pilot output for quasi-real decision-support method review (non-publication, non-acceptance, non-operational); not publication evidence, not final-study evidence, not formal acceptance evidence, not calibrated real-world results, and not an operational route plan or forecast. Base profile scope: Pilot full bus-practical graph output for graph-scale feasibility review; not calibrated real-world results or an operational forecast."
songpa_public_demo,cached_graphml:data/cache/pilot_region_road.graphml,heavy_congestion_bus,bus_only,songpa_rail_unavailable,rail_service,none,30,1.0,0.0,28.45,40.23,0.5967,18.39,23.38,28.45,28.45,scaffold-only,"Engineering-only pilot output for quasi-real decision-support method review (non-publication, non-acceptance, non-operational); not publication evidence, not final-study evidence, not formal acceptance evidence, not calibrated real-world results, and not an operational route plan or forecast. Base profile scope: Pilot full bus-practical graph output for graph-scale feasibility review; not calibrated real-world results or an operational forecast."
songpa_public_demo,cached_graphml:data/cache/pilot_region_road.graphml,moderate_congestion_bus,bus_only,songpa_rail_unavailable,rail_service,none,30,1.0,0.0,20.51,16.56,1.4497,10.52,15.53,20.51,20.51,scaffold-only,"Engineering-only pilot output for quasi-real decision-support method review (non-publication, non-acceptance, non-operational); not publication evidence, not final-study evidence, not formal acceptance evidence, not calibrated real-world results, and not an operational route plan or forecast. Base profile scope: Pilot full bus-practical graph output for graph-scale feasibility review; not calibrated real-world results or an operational forecast."
songpa_public_demo,cached_graphml:data/cache/pilot_region_road.graphml,peak_congestion_bus,bus_only,songpa_rail_unavailable,rail_service,none,30,1.0,0.0,155.09,417.78,0.0575,143.77,148.93,155.09,155.09,scaffold-only,"Engineering-only pilot output for quasi-real decision-support method review (non-publication, non-acceptance, non-operational); not publication evidence, not final-study evidence, not formal acceptance evidence, not calibrated real-world results, and not an operational route plan or forecast. Base profile scope: Pilot full bus-practical graph output for graph-scale feasibility review; not calibrated real-world results or an operational forecast."
songpa_public_demo,cached_graphml:data/cache/pilot_region_road.graphml,severe_congestion_bus,bus_only,songpa_rail_unavailable,rail_service,none,30,1.0,0.0,62.75,142.56,0.1684,52.46,57.36,62.75,62.75,scaffold-only,"Engineering-only pilot output for quasi-real decision-support method review (non-publication, non-acceptance, non-operational); not publication evidence, not final-study evidence, not formal acceptance evidence, not calibrated real-world results, and not an operational route plan or forecast. Base profile scope: Pilot full bus-practical graph output for graph-scale feasibility review; not calibrated real-world results or an operational forecast."
songpa_public_demo,cached_graphml:data/cache/pilot_region_road.graphml,baseline_multimodal,multimodal,songpa_rail_unavailable,rail_service,none,30,0.0,24.0,7400.0,2614.83,0.0,inf,inf,inf,inf,scaffold-only,"Engineering-only pilot output for quasi-real decision-support method review (non-publication, non-acceptance, non-operational); not publication evidence, not final-study evidence, not formal acceptance evidence, not calibrated real-world results, and not an operational route plan or forecast. Base profile scope: Pilot full bus-practical graph output for graph-scale feasibility review; not calibrated real-world results or an operational forecast."
songpa_public_demo,cached_graphml:data/cache/pilot_region_road.graphml,fleet_shortage_severe,multimodal,songpa_rail_unavailable,rail_service,none,30,0.0,24.0,7400.0,3914.83,0.0,inf,inf,inf,inf,scaffold-only,"Engineering-only pilot output for quasi-real decision-support method review (non-publication, non-acceptance, non-operational); not publication evidence, not final-study evidence, not formal acceptance evidence, not calibrated real-world results, and not an operational route plan or forecast. Base profile scope: Pilot full bus-practical graph output for graph-scale feasibility review; not calibrated real-world results or an operational forecast."
songpa_public_demo,cached_graphml:data/cache/pilot_region_road.graphml,fleet_shortage_stress,multimodal,songpa_rail_unavailable,rail_service,none,30,0.0,24.0,7400.0,2614.83,0.0,inf,inf,inf,inf,scaffold-only,"Engineering-only pilot output for quasi-real decision-support method review (non-publication, non-acceptance, non-operational); not publication evidence, not final-study evidence, not formal acceptance evidence, not calibrated real-world results, and not an operational route plan or forecast. Base profile scope: Pilot full bus-practical graph output for graph-scale feasibility review; not calibrated real-world results or an operational forecast."
songpa_public_demo,cached_graphml:data/cache/pilot_region_road.graphml,heavy_congestion_multimodal,multimodal,songpa_rail_unavailable,rail_service,none,30,0.0,24.0,7400.0,3919.28,0.0,inf,inf,inf,inf,scaffold-only,"Engineering-only pilot output for quasi-real decision-support method review (non-publication, non-acceptance, non-operational); not publication evidence, not final-study evidence, not formal acceptance evidence, not calibrated real-world results, and not an operational route plan or forecast. Base profile scope: Pilot full bus-practical graph output for graph-scale feasibility review; not calibrated real-world results or an operational forecast."
songpa_public_demo,cached_graphml:data/cache/pilot_region_road.graphml,lastmile_capacity_mild,multimodal,songpa_rail_unavailable,rail_service,none,30,0.0,24.0,7400.0,2614.83,0.0,inf,inf,inf,inf,scaffold-only,"Engineering-only pilot output for quasi-real decision-support method review (non-publication, non-acceptance, non-operational); not publication evidence, not final-study evidence, not formal acceptance evidence, not calibrated real-world results, and not an operational route plan or forecast. Base profile scope: Pilot full bus-practical graph output for graph-scale feasibility review; not calibrated real-world results or an operational forecast."
songpa_public_demo,cached_graphml:data/cache/pilot_region_road.graphml,lastmile_capacity_moderate,multimodal,songpa_rail_unavailable,rail_service,none,30,0.0,24.0,7400.0,2614.83,0.0,inf,inf,inf,inf,scaffold-only,"Engineering-only pilot output for quasi-real decision-support method review (non-publication, non-acceptance, non-operational); not publication evidence, not final-study evidence, not formal acceptance evidence, not calibrated real-world results, and not an operational route plan or forecast. Base profile scope: Pilot full bus-practical graph output for graph-scale feasibility review; not calibrated real-world results or an operational forecast."
songpa_public_demo,cached_graphml:data/cache/pilot_region_road.graphml,lastmile_capacity_severe,multimodal,songpa_rail_unavailable,rail_service,none,30,0.0,24.0,7400.0,2614.83,0.0,inf,inf,inf,inf,scaffold-only,"Engineering-only pilot output for quasi-real decision-support method review (non-publication, non-acceptance, non-operational); not publication evidence, not final-study evidence, not formal acceptance evidence, not calibrated real-world results, and not an operational route plan or forecast. Base profile scope: Pilot full bus-practical graph output for graph-scale feasibility review; not calibrated real-world results or an operational forecast."
songpa_public_demo,cached_graphml:data/cache/pilot_region_road.graphml,moderate_congestion_multimodal,multimodal,songpa_rail_unavailable,rail_service,none,30,0.0,24.0,7400.0,2615.1,0.0,inf,inf,inf,inf,scaffold-only,"Engineering-only pilot output for quasi-real decision-support method review (non-publication, non-acceptance, non-operational); not publication evidence, not final-study evidence, not formal acceptance evidence, not calibrated real-world results, and not an operational route plan or forecast. Base profile scope: Pilot full bus-practical graph output for graph-scale feasibility review; not calibrated real-world results or an operational forecast."
songpa_public_demo,cached_graphml:data/cache/pilot_region_road.graphml,multimodal_increased_feeder_capacity,multimodal,songpa_rail_unavailable,rail_service,none,30,0.0,24.0,7400.0,2614.83,0.0,inf,inf,inf,inf,scaffold-only,"Engineering-only pilot output for quasi-real decision-support method review (non-publication, non-acceptance, non-operational); not publication evidence, not final-study evidence, not formal acceptance evidence, not calibrated real-world results, and not an operational route plan or forecast. Base profile scope: Pilot full bus-practical graph output for graph-scale feasibility review; not calibrated real-world results or an operational forecast."
songpa_public_demo,cached_graphml:data/cache/pilot_region_road.graphml,multimodal_lastmile_redundancy,multimodal,songpa_rail_unavailable,rail_service,none,30,0.0,24.0,7400.0,2614.83,0.0,inf,inf,inf,inf,scaffold-only,"Engineering-only pilot output for quasi-real decision-support method review (non-publication, non-acceptance, non-operational); not publication evidence, not final-study evidence, not formal acceptance evidence, not calibrated real-world results, and not an operational route plan or forecast. Base profile scope: Pilot full bus-practical graph output for graph-scale feasibility review; not calibrated real-world results or an operational forecast."
songpa_public_demo,cached_graphml:data/cache/pilot_region_road.graphml,peak_congestion_multimodal,multimodal,songpa_rail_unavailable,rail_service,none,30,0.0,24.0,7400.0,2686.04,0.0,inf,inf,inf,inf,scaffold-only,"Engineering-only pilot output for quasi-real decision-support method review (non-publication, non-acceptance, non-operational); not publication evidence, not final-study evidence, not formal acceptance evidence, not calibrated real-world results, and not an operational route plan or forecast. Base profile scope: Pilot full bus-practical graph output for graph-scale feasibility review; not calibrated real-world results or an operational forecast."
songpa_public_demo,cached_graphml:data/cache/pilot_region_road.graphml,rail_delay_or_partial_unavailability,multimodal,songpa_rail_unavailable,rail_service,none,30,0.0,24.0,7400.0,1639.83,0.0,inf,inf,inf,inf,scaffold-only,"Engineering-only pilot output for quasi-real decision-support method review (non-publication, non-acceptance, non-operational); not publication evidence, not final-study evidence, not formal acceptance evidence, not calibrated real-world results, and not an operational route plan or forecast. Base profile scope: Pilot full bus-practical graph output for graph-scale feasibility review; not calibrated real-world results or an operational forecast."
songpa_public_demo,cached_graphml:data/cache/pilot_region_road.graphml,severe_congestion_multimodal,multimodal,songpa_rail_unavailable,rail_service,none,30,0.0,24.0,7400.0,2637.38,0.0,inf,inf,inf,inf,scaffold-only,"Engineering-only pilot output for quasi-real decision-support method review (non-publication, non-acceptance, non-operational); not publication evidence, not final-study evidence, not formal acceptance evidence, not calibrated real-world results, and not an operational route plan or forecast. Base profile scope: Pilot full bus-practical graph output for graph-scale feasibility review; not calibrated real-world results or an operational forecast."
songpa_public_demo,cached_graphml:data/cache/pilot_region_road.graphml,staggered_or_adaptive_dispatch,multimodal,songpa_rail_unavailable,rail_service,none,30,0.0,24.0,7400.0,3914.83,0.0,inf,inf,inf,inf,scaffold-only,"Engineering-only pilot output for quasi-real decision-support method review (non-publication, non-acceptance, non-operational); not publication evidence, not final-study evidence, not formal acceptance evidence, not calibrated real-world results, and not an operational route plan or forecast. Base profile scope: Pilot full bus-practical graph output for graph-scale feasibility review; not calibrated real-world results or an operational forecast."
songpa_public_demo,cached_graphml:data/cache/pilot_region_road.graphml,transfer_stress_extreme,multimodal,songpa_rail_unavailable,rail_service,none,30,0.0,24.0,7400.0,2614.83,0.0,inf,inf,inf,inf,scaffold-only,"Engineering-only pilot output for quasi-real decision-support method review (non-publication, non-acceptance, non-operational); not publication evidence, not final-study evidence, not formal acceptance evidence, not calibrated real-world results, and not an operational route plan or forecast. Base profile scope: Pilot full bus-practical graph output for graph-scale feasibility review; not calibrated real-world results or an operational forecast."
songpa_public_demo,cached_graphml:data/cache/pilot_region_road.graphml,transfer_stress_mild,multimodal,songpa_rail_unavailable,rail_service,none,30,0.0,24.0,7400.0,2614.83,0.0,inf,inf,inf,inf,scaffold-only,"Engineering-only pilot output for quasi-real decision-support method review (non-publication, non-acceptance, non-operational); not publication evidence, not final-study evidence, not formal acceptance evidence, not calibrated real-world results, and not an operational route plan or forecast. Base profile scope: Pilot full bus-practical graph output for graph-scale feasibility review; not calibrated real-world results or an operational forecast."
songpa_public_demo,cached_graphml:data/cache/pilot_region_road.graphml,transfer_stress_moderate,multimodal,songpa_rail_unavailable,rail_service,none,30,0.0,24.0,7400.0,2614.83,0.0,inf,inf,inf,inf,scaffold-only,"Engineering-only pilot output for quasi-real decision-support method review (non-publication, non-acceptance, non-operational); not publication evidence, not final-study evidence, not formal acceptance evidence, not calibrated real-world results, and not an operational route plan or forecast. Base profile scope: Pilot full bus-practical graph output for graph-scale feasibility review; not calibrated real-world results or an operational forecast."
songpa_public_demo,cached_graphml:data/cache/pilot_region_road.graphml,transfer_stress_severe,multimodal,songpa_rail_unavailable,rail_service,none,30,0.0,24.0,7400.0,2614.83,0.0,inf,inf,inf,inf,scaffold-only,"Engineering-only pilot output for quasi-real decision-support method review (non-publication, non-acceptance, non-operational); not publication evidence, not final-study evidence, not formal acceptance evidence, not calibrated real-world results, and not an operational route plan or forecast. Base profile scope: Pilot full bus-practical graph output for graph-scale feasibility review; not calibrated real-world results or an operational forecast."
songpa_public_demo,cached_graphml:data/cache/pilot_region_road.graphml,bus_only,bus_only,songpa_rail_station_access,rail_station_access,capacity_reduction,30,1.0,0.0,19.84,14.54,1.6506,9.86,14.84,19.84,19.84,scaffold-only,"Engineering-only pilot output for quasi-real decision-support method review (non-publication, non-acceptance, non-operational); not publication evidence, not final-study evidence, not formal acceptance evidence, not calibrated real-world results, and not an operational route plan or forecast. Base profile scope: Pilot full bus-practical graph output for graph-scale feasibility review; not calibrated real-world results or an operational forecast."
songpa_public_demo,cached_graphml:data/cache/pilot_region_road.graphml,heavy_congestion_bus,bus_only,songpa_rail_station_access,rail_station_access,capacity_reduction,30,1.0,0.0,28.45,40.23,0.5967,18.39,23.38,28.45,28.45,scaffold-only,"Engineering-only pilot output for quasi-real decision-support method review (non-publication, non-acceptance, non-operational); not publication evidence, not final-study evidence, not formal acceptance evidence, not calibrated real-world results, and not an operational route plan or forecast. Base profile scope: Pilot full bus-practical graph output for graph-scale feasibility review; not calibrated real-world results or an operational forecast."
songpa_public_demo,cached_graphml:data/cache/pilot_region_road.graphml,moderate_congestion_bus,bus_only,songpa_rail_station_access,rail_station_access,capacity_reduction,30,1.0,0.0,20.51,16.56,1.4497,10.52,15.53,20.51,20.51,scaffold-only,"Engineering-only pilot output for quasi-real decision-support method review (non-publication, non-acceptance, non-operational); not publication evidence, not final-study evidence, not formal acceptance evidence, not calibrated real-world results, and not an operational route plan or forecast. Base profile scope: Pilot full bus-practical graph output for graph-scale feasibility review; not calibrated real-world results or an operational forecast."
songpa_public_demo,cached_graphml:data/cache/pilot_region_road.graphml,peak_congestion_bus,bus_only,songpa_rail_station_access,rail_station_access,capacity_reduction,30,1.0,0.0,155.09,417.78,0.0575,143.77,148.93,155.09,155.09,scaffold-only,"Engineering-only pilot output for quasi-real decision-support method review (non-publication, non-acceptance, non-operational); not publication evidence, not final-study evidence, not formal acceptance evidence, not calibrated real-world results, and not an operational route plan or forecast. Base profile scope: Pilot full bus-practical graph output for graph-scale feasibility review; not calibrated real-world results or an operational forecast."
songpa_public_demo,cached_graphml:data/cache/pilot_region_road.graphml,severe_congestion_bus,bus_only,songpa_rail_station_access,rail_station_access,capacity_reduction,30,1.0,0.0,62.75,142.56,0.1684,52.46,57.36,62.75,62.75,scaffold-only,"Engineering-only pilot output for quasi-real decision-support method review (non-publication, non-acceptance, non-operational); not publication evidence, not final-study evidence, not formal acceptance evidence, not calibrated real-world results, and not an operational route plan or forecast. Base profile scope: Pilot full bus-practical graph output for graph-scale feasibility review; not calibrated real-world results or an operational forecast."
songpa_public_demo,cached_graphml:data/cache/pilot_region_road.graphml,baseline_multimodal,multimodal,songpa_rail_station_access,rail_station_access,capacity_reduction,30,1.0,0.0,46.51,45.09,0.5323,31.42,41.42,46.51,46.51,scaffold-only,"Engineering-only pilot output for quasi-real decision-support method review (non-publication, non-acceptance, non-operational); not publication evidence, not final-study evidence, not formal acceptance evidence, not calibrated real-world results, and not an operational route plan or forecast. Base profile scope: Pilot full bus-practical graph output for graph-scale feasibility review; not calibrated real-world results or an operational forecast."
songpa_public_demo,cached_graphml:data/cache/pilot_region_road.graphml,fleet_shortage_severe,multimodal,songpa_rail_station_access,rail_station_access,capacity_reduction,30,1.0,0.0,52.79,58.09,0.4132,31.42,42.52,52.79,52.79,scaffold-only,"Engineering-only pilot output for quasi-real decision-support method review (non-publication, non-acceptance, non-operational); not publication evidence, not final-study evidence, not formal acceptance evidence, not calibrated real-world results, and not an operational route plan or forecast. Base profile scope: Pilot full bus-practical graph output for graph-scale feasibility review; not calibrated real-world results or an operational forecast."
songpa_public_demo,cached_graphml:data/cache/pilot_region_road.graphml,fleet_shortage_stress,multimodal,songpa_rail_station_access,rail_station_access,capacity_reduction,30,1.0,0.0,46.51,45.09,0.5323,31.42,41.42,46.51,46.51,scaffold-only,"Engineering-only pilot output for quasi-real decision-support method review (non-publication, non-acceptance, non-operational); not publication evidence, not final-study evidence, not formal acceptance evidence, not calibrated real-world results, and not an operational route plan or forecast. Base profile scope: Pilot full bus-practical graph output for graph-scale feasibility review; not calibrated real-world results or an operational forecast."
songpa_public_demo,cached_graphml:data/cache/pilot_region_road.graphml,heavy_congestion_multimodal,multimodal,songpa_rail_station_access,rail_station_access,capacity_reduction,30,1.0,0.0,56.63,83.75,0.2866,38.49,48.46,56.63,56.63,scaffold-only,"Engineering-only pilot output for quasi-real decision-support method review (non-publication, non-acceptance, non-operational); not publication evidence, not final-study evidence, not formal acceptance evidence, not calibrated real-world results, and not an operational route plan or forecast. Base profile scope: Pilot full bus-practical graph output for graph-scale feasibility review; not calibrated real-world results or an operational forecast."
songpa_public_demo,cached_graphml:data/cache/pilot_region_road.graphml,lastmile_capacity_mild,multimodal,songpa_rail_station_access,rail_station_access,capacity_reduction,30,1.0,0.0,41.42,43.67,0.5495,31.42,41.42,41.42,41.42,scaffold-only,"Engineering-only pilot output for quasi-real decision-support method review (non-publication, non-acceptance, non-operational); not publication evidence, not final-study evidence, not formal acceptance evidence, not calibrated real-world results, and not an operational route plan or forecast. Base profile scope: Pilot full bus-practical graph output for graph-scale feasibility review; not calibrated real-world results or an operational forecast."
songpa_public_demo,cached_graphml:data/cache/pilot_region_road.graphml,lastmile_capacity_moderate,multimodal,songpa_rail_station_access,rail_station_access,capacity_reduction,30,1.0,0.0,41.42,43.67,0.5495,31.42,41.42,41.42,41.42,scaffold-only,"Engineering-only pilot output for quasi-real decision-support method review (non-publication, non-acceptance, non-operational); not publication evidence, not final-study evidence, not formal acceptance evidence, not calibrated real-world results, and not an operational route plan or forecast. Base profile scope: Pilot full bus-practical graph output for graph-scale feasibility review; not calibrated real-world results or an operational forecast."
songpa_public_demo,cached_graphml:data/cache/pilot_region_road.graphml,lastmile_capacity_severe,multimodal,songpa_rail_station_access,rail_station_access,capacity_reduction,30,1.0,0.0,46.51,45.09,0.5323,31.42,41.42,41.42,41.42,scaffold-only,"Engineering-only pilot output for quasi-real decision-support method review (non-publication, non-acceptance, non-operational); not publication evidence, not final-study evidence, not formal acceptance evidence, not calibrated real-world results, and not an operational route plan or forecast. Base profile scope: Pilot full bus-practical graph output for graph-scale feasibility review; not calibrated real-world results or an operational forecast."
songpa_public_demo,cached_graphml:data/cache/pilot_region_road.graphml,moderate_congestion_multimodal,multimodal,songpa_rail_station_access,rail_station_access,capacity_reduction,30,1.0,0.0,46.97,46.61,0.5149,31.84,41.84,46.97,46.97,scaffold-only,"Engineering-only pilot output for quasi-real decision-support method review (non-publication, non-acceptance, non-operational); not publication evidence, not final-study evidence, not formal acceptance evidence, not calibrated real-world results, and not an operational route plan or forecast. Base profile scope: Pilot full bus-practical graph output for graph-scale feasibility review; not calibrated real-world results or an operational forecast."
songpa_public_demo,cached_graphml:data/cache/pilot_region_road.graphml,multimodal_increased_feeder_capacity,multimodal,songpa_rail_station_access,rail_station_access,capacity_reduction,30,1.0,0.0,46.51,45.09,0.5323,31.42,41.42,46.51,46.51,scaffold-only,"Engineering-only pilot output for quasi-real decision-support method review (non-publication, non-acceptance, non-operational); not publication evidence, not final-study evidence, not formal acceptance evidence, not calibrated real-world results, and not an operational route plan or forecast. Base profile scope: Pilot full bus-practical graph output for graph-scale feasibility review; not calibrated real-world results or an operational forecast."
songpa_public_demo,cached_graphml:data/cache/pilot_region_road.graphml,multimodal_lastmile_redundancy,multimodal,songpa_rail_station_access,rail_station_access,capacity_reduction,30,1.0,0.0,46.42,45.09,0.5323,31.42,41.42,46.42,46.42,scaffold-only,"Engineering-only pilot output for quasi-real decision-support method review (non-publication, non-acceptance, non-operational); not publication evidence, not final-study evidence, not formal acceptance evidence, not calibrated real-world results, and not an operational route plan or forecast. Base profile scope: Pilot full bus-practical graph output for graph-scale feasibility review; not calibrated real-world results or an operational forecast."
songpa_public_demo,cached_graphml:data/cache/pilot_region_road.graphml,peak_congestion_multimodal,multimodal,songpa_rail_station_access,rail_station_access,capacity_reduction,30,0.67,8.0,2600.0,454.36,0.0352,169.45,174.14,178.82,178.82,scaffold-only,"Engineering-only pilot output for quasi-real decision-support method review (non-publication, non-acceptance, non-operational); not publication evidence, not final-study evidence, not formal acceptance evidence, not calibrated real-world results, and not an operational route plan or forecast. Base profile scope: Pilot full bus-practical graph output for graph-scale feasibility review; not calibrated real-world results or an operational forecast."
songpa_public_demo,cached_graphml:data/cache/pilot_region_road.graphml,rail_delay_or_partial_unavailability,multimodal,songpa_rail_station_access,rail_station_access,capacity_reduction,30,1.0,0.0,57.47,35.34,0.6791,46.42,51.42,57.47,57.47,scaffold-only,"Engineering-only pilot output for quasi-real decision-support method review (non-publication, non-acceptance, non-operational); not publication evidence, not final-study evidence, not formal acceptance evidence, not calibrated real-world results, and not an operational route plan or forecast. Base profile scope: Pilot full bus-practical graph output for graph-scale feasibility review; not calibrated real-world results or an operational forecast."
songpa_public_demo,cached_graphml:data/cache/pilot_region_road.graphml,severe_congestion_multimodal,multimodal,songpa_rail_station_access,rail_station_access,capacity_reduction,30,1.0,0.0,123.95,174.83,0.1373,77.2,82.02,123.95,123.95,scaffold-only,"Engineering-only pilot output for quasi-real decision-support method review (non-publication, non-acceptance, non-operational); not publication evidence, not final-study evidence, not formal acceptance evidence, not calibrated real-world results, and not an operational route plan or forecast. Base profile scope: Pilot full bus-practical graph output for graph-scale feasibility review; not calibrated real-world results or an operational forecast."
songpa_public_demo,cached_graphml:data/cache/pilot_region_road.graphml,staggered_or_adaptive_dispatch,multimodal,songpa_rail_station_access,rail_station_access,capacity_reduction,30,1.0,0.0,54.45,58.09,0.4132,38.42,46.42,54.45,54.45,scaffold-only,"Engineering-only pilot output for quasi-real decision-support method review (non-publication, non-acceptance, non-operational); not publication evidence, not final-study evidence, not formal acceptance evidence, not calibrated real-world results, and not an operational route plan or forecast. Base profile scope: Pilot full bus-practical graph output for graph-scale feasibility review; not calibrated real-world results or an operational forecast."
songpa_public_demo,cached_graphml:data/cache/pilot_region_road.graphml,transfer_stress_extreme,multimodal,songpa_rail_station_access,rail_station_access,capacity_reduction,30,1.0,0.0,167.47,45.09,0.5323,156.42,161.42,167.47,167.47,scaffold-only,"Engineering-only pilot output for quasi-real decision-support method review (non-publication, non-acceptance, non-operational); not publication evidence, not final-study evidence, not formal acceptance evidence, not calibrated real-world results, and not an operational route plan or forecast. Base profile scope: Pilot full bus-practical graph output for graph-scale feasibility review; not calibrated real-world results or an operational forecast."
songpa_public_demo,cached_graphml:data/cache/pilot_region_road.graphml,transfer_stress_mild,multimodal,songpa_rail_station_access,rail_station_access,capacity_reduction,30,1.0,0.0,71.51,45.09,0.5323,56.42,66.42,71.51,71.51,scaffold-only,"Engineering-only pilot output for quasi-real decision-support method review (non-publication, non-acceptance, non-operational); not publication evidence, not final-study evidence, not formal acceptance evidence, not calibrated real-world results, and not an operational route plan or forecast. Base profile scope: Pilot full bus-practical graph output for graph-scale feasibility review; not calibrated real-world results or an operational forecast."
songpa_public_demo,cached_graphml:data/cache/pilot_region_road.graphml,transfer_stress_moderate,multimodal,songpa_rail_station_access,rail_station_access,capacity_reduction,30,1.0,0.0,96.51,45.09,0.5323,81.42,91.42,96.51,96.51,scaffold-only,"Engineering-only pilot output for quasi-real decision-support method review (non-publication, non-acceptance, non-operational); not publication evidence, not final-study evidence, not formal acceptance evidence, not calibrated real-world results, and not an operational route plan or forecast. Base profile scope: Pilot full bus-practical graph output for graph-scale feasibility review; not calibrated real-world results or an operational forecast."
songpa_public_demo,cached_graphml:data/cache/pilot_region_road.graphml,transfer_stress_severe,multimodal,songpa_rail_station_access,rail_station_access,capacity_reduction,30,1.0,0.0,127.47,45.09,0.5323,116.42,121.42,127.47,127.47,scaffold-only,"Engineering-only pilot output for quasi-real decision-support method review (non-publication, non-acceptance, non-operational); not publication evidence, not final-study evidence, not formal acceptance evidence, not calibrated real-world results, and not an operational route plan or forecast. Base profile scope: Pilot full bus-practical graph output for graph-scale feasibility review; not calibrated real-world results or an operational forecast."
songpa_public_demo,cached_graphml:data/cache/pilot_region_road.graphml,bus_only,bus_only,songpa_random_blockage,random,blocked,30,1.0,0.0,19.84,14.54,1.6506,9.86,14.84,19.84,19.84,scaffold-only,"Engineering-only pilot output for quasi-real decision-support method review (non-publication, non-acceptance, non-operational); not publication evidence, not final-study evidence, not formal acceptance evidence, not calibrated real-world results, and not an operational route plan or forecast. Base profile scope: Pilot full bus-practical graph output for graph-scale feasibility review; not calibrated real-world results or an operational forecast."
songpa_public_demo,cached_graphml:data/cache/pilot_region_road.graphml,heavy_congestion_bus,bus_only,songpa_random_blockage,random,blocked,30,1.0,0.0,28.45,40.23,0.5967,18.39,23.38,28.45,28.45,scaffold-only,"Engineering-only pilot output for quasi-real decision-support method review (non-publication, non-acceptance, non-operational); not publication evidence, not final-study evidence, not formal acceptance evidence, not calibrated real-world results, and not an operational route plan or forecast. Base profile scope: Pilot full bus-practical graph output for graph-scale feasibility review; not calibrated real-world results or an operational forecast."
songpa_public_demo,cached_graphml:data/cache/pilot_region_road.graphml,moderate_congestion_bus,bus_only,songpa_random_blockage,random,blocked,30,1.0,0.0,20.51,16.56,1.4497,10.52,15.53,20.51,20.51,scaffold-only,"Engineering-only pilot output for quasi-real decision-support method review (non-publication, non-acceptance, non-operational); not publication evidence, not final-study evidence, not formal acceptance evidence, not calibrated real-world results, and not an operational route plan or forecast. Base profile scope: Pilot full bus-practical graph output for graph-scale feasibility review; not calibrated real-world results or an operational forecast."
songpa_public_demo,cached_graphml:data/cache/pilot_region_road.graphml,peak_congestion_bus,bus_only,songpa_random_blockage,random,blocked,30,1.0,0.0,155.09,417.78,0.0575,143.77,148.93,155.09,155.09,scaffold-only,"Engineering-only pilot output for quasi-real decision-support method review (non-publication, non-acceptance, non-operational); not publication evidence, not final-study evidence, not formal acceptance evidence, not calibrated real-world results, and not an operational route plan or forecast. Base profile scope: Pilot full bus-practical graph output for graph-scale feasibility review; not calibrated real-world results or an operational forecast."
songpa_public_demo,cached_graphml:data/cache/pilot_region_road.graphml,severe_congestion_bus,bus_only,songpa_random_blockage,random,blocked,30,1.0,0.0,62.75,142.56,0.1684,52.46,57.36,62.75,62.75,scaffold-only,"Engineering-only pilot output for quasi-real decision-support method review (non-publication, non-acceptance, non-operational); not publication evidence, not final-study evidence, not formal acceptance evidence, not calibrated real-world results, and not an operational route plan or forecast. Base profile scope: Pilot full bus-practical graph output for graph-scale feasibility review; not calibrated real-world results or an operational forecast."
songpa_public_demo,cached_graphml:data/cache/pilot_region_road.graphml,baseline_multimodal,multimodal,songpa_random_blockage,random,blocked,30,1.0,0.0,46.51,45.09,0.5323,31.42,41.42,46.51,46.51,scaffold-only,"Engineering-only pilot output for quasi-real decision-support method review (non-publication, non-acceptance, non-operational); not publication evidence, not final-study evidence, not formal acceptance evidence, not calibrated real-world results, and not an operational route plan or forecast. Base profile scope: Pilot full bus-practical graph output for graph-scale feasibility review; not calibrated real-world results or an operational forecast."
songpa_public_demo,cached_graphml:data/cache/pilot_region_road.graphml,fleet_shortage_severe,multimodal,songpa_random_blockage,random,blocked,30,1.0,0.0,52.79,58.09,0.4132,31.42,42.52,52.79,52.79,scaffold-only,"Engineering-only pilot output for quasi-real decision-support method review (non-publication, non-acceptance, non-operational); not publication evidence, not final-study evidence, not formal acceptance evidence, not calibrated real-world results, and not an operational route plan or forecast. Base profile scope: Pilot full bus-practical graph output for graph-scale feasibility review; not calibrated real-world results or an operational forecast."
songpa_public_demo,cached_graphml:data/cache/pilot_region_road.graphml,fleet_shortage_stress,multimodal,songpa_random_blockage,random,blocked,30,1.0,0.0,46.51,45.09,0.5323,31.42,41.42,46.51,46.51,scaffold-only,"Engineering-only pilot output for quasi-real decision-support method review (non-publication, non-acceptance, non-operational); not publication evidence, not final-study evidence, not formal acceptance evidence, not calibrated real-world results, and not an operational route plan or forecast. Base profile scope: Pilot full bus-practical graph output for graph-scale feasibility review; not calibrated real-world results or an operational forecast."
songpa_public_demo,cached_graphml:data/cache/pilot_region_road.graphml,heavy_congestion_multimodal,multimodal,songpa_random_blockage,random,blocked,30,1.0,0.0,56.45,83.48,0.2875,38.4,48.37,56.45,56.45,scaffold-only,"Engineering-only pilot output for quasi-real decision-support method review (non-publication, non-acceptance, non-operational); not publication evidence, not final-study evidence, not formal acceptance evidence, not calibrated real-world results, and not an operational route plan or forecast. Base profile scope: Pilot full bus-practical graph output for graph-scale feasibility review; not calibrated real-world results or an operational forecast."
songpa_public_demo,cached_graphml:data/cache/pilot_region_road.graphml,lastmile_capacity_mild,multimodal,songpa_random_blockage,random,blocked,30,1.0,0.0,41.42,43.67,0.5495,31.42,41.42,41.42,41.42,scaffold-only,"Engineering-only pilot output for quasi-real decision-support method review (non-publication, non-acceptance, non-operational); not publication evidence, not final-study evidence, not formal acceptance evidence, not calibrated real-world results, and not an operational route plan or forecast. Base profile scope: Pilot full bus-practical graph output for graph-scale feasibility review; not calibrated real-world results or an operational forecast."
songpa_public_demo,cached_graphml:data/cache/pilot_region_road.graphml,lastmile_capacity_moderate,multimodal,songpa_random_blockage,random,blocked,30,1.0,0.0,41.42,43.67,0.5495,31.42,41.42,41.42,41.42,scaffold-only,"Engineering-only pilot output for quasi-real decision-support method review (non-publication, non-acceptance, non-operational); not publication evidence, not final-study evidence, not formal acceptance evidence, not calibrated real-world results, and not an operational route plan or forecast. Base profile scope: Pilot full bus-practical graph output for graph-scale feasibility review; not calibrated real-world results or an operational forecast."
songpa_public_demo,cached_graphml:data/cache/pilot_region_road.graphml,lastmile_capacity_severe,multimodal,songpa_random_blockage,random,blocked,30,1.0,0.0,46.51,45.09,0.5323,31.42,41.42,41.42,41.42,scaffold-only,"Engineering-only pilot output for quasi-real decision-support method review (non-publication, non-acceptance, non-operational); not publication evidence, not final-study evidence, not formal acceptance evidence, not calibrated real-world results, and not an operational route plan or forecast. Base profile scope: Pilot full bus-practical graph output for graph-scale feasibility review; not calibrated real-world results or an operational forecast."
songpa_public_demo,cached_graphml:data/cache/pilot_region_road.graphml,moderate_congestion_multimodal,multimodal,songpa_random_blockage,random,blocked,30,1.0,0.0,46.96,46.6,0.5151,31.83,41.83,46.96,46.96,scaffold-only,"Engineering-only pilot output for quasi-real decision-support method review (non-publication, non-acceptance, non-operational); not publication evidence, not final-study evidence, not formal acceptance evidence, not calibrated real-world results, and not an operational route plan or forecast. Base profile scope: Pilot full bus-practical graph output for graph-scale feasibility review; not calibrated real-world results or an operational forecast."
songpa_public_demo,cached_graphml:data/cache/pilot_region_road.graphml,multimodal_increased_feeder_capacity,multimodal,songpa_random_blockage,random,blocked,30,1.0,0.0,46.51,45.09,0.5323,31.42,41.42,46.51,46.51,scaffold-only,"Engineering-only pilot output for quasi-real decision-support method review (non-publication, non-acceptance, non-operational); not publication evidence, not final-study evidence, not formal acceptance evidence, not calibrated real-world results, and not an operational route plan or forecast. Base profile scope: Pilot full bus-practical graph output for graph-scale feasibility review; not calibrated real-world results or an operational forecast."
songpa_public_demo,cached_graphml:data/cache/pilot_region_road.graphml,multimodal_lastmile_redundancy,multimodal,songpa_random_blockage,random,blocked,30,1.0,0.0,46.42,45.09,0.5323,31.42,41.42,46.42,46.42,scaffold-only,"Engineering-only pilot output for quasi-real decision-support method review (non-publication, non-acceptance, non-operational); not publication evidence, not final-study evidence, not formal acceptance evidence, not calibrated real-world results, and not an operational route plan or forecast. Base profile scope: Pilot full bus-practical graph output for graph-scale feasibility review; not calibrated real-world results or an operational forecast."
songpa_public_demo,cached_graphml:data/cache/pilot_region_road.graphml,peak_congestion_multimodal,multimodal,songpa_random_blockage,random,blocked,30,0.67,8.0,2600.0,450.08,0.0356,168.03,172.72,177.41,177.41,scaffold-only,"Engineering-only pilot output for quasi-real decision-support method review (non-publication, non-acceptance, non-operational); not publication evidence, not final-study evidence, not formal acceptance evidence, not calibrated real-world results, and not an operational route plan or forecast. Base profile scope: Pilot full bus-practical graph output for graph-scale feasibility review; not calibrated real-world results or an operational forecast."
songpa_public_demo,cached_graphml:data/cache/pilot_region_road.graphml,rail_delay_or_partial_unavailability,multimodal,songpa_random_blockage,random,blocked,30,1.0,0.0,57.47,35.34,0.6792,46.42,51.42,57.47,57.47,scaffold-only,"Engineering-only pilot output for quasi-real decision-support method review (non-publication, non-acceptance, non-operational); not publication evidence, not final-study evidence, not formal acceptance evidence, not calibrated real-world results, and not an operational route plan or forecast. Base profile scope: Pilot full bus-practical graph output for graph-scale feasibility review; not calibrated real-world results or an operational forecast."
songpa_public_demo,cached_graphml:data/cache/pilot_region_road.graphml,severe_congestion_multimodal,multimodal,songpa_random_blockage,random,blocked,30,1.0,0.0,123.05,173.47,0.1384,76.75,81.57,123.05,123.05,scaffold-only,"Engineering-only pilot output for quasi-real decision-support method review (non-publication, non-acceptance, non-operational); not publication evidence, not final-study evidence, not formal acceptance evidence, not calibrated real-world results, and not an operational route plan or forecast. Base profile scope: Pilot full bus-practical graph output for graph-scale feasibility review; not calibrated real-world results or an operational forecast."
songpa_public_demo,cached_graphml:data/cache/pilot_region_road.graphml,staggered_or_adaptive_dispatch,multimodal,songpa_random_blockage,random,blocked,30,1.0,0.0,54.45,58.09,0.4132,38.42,46.42,54.45,54.45,scaffold-only,"Engineering-only pilot output for quasi-real decision-support method review (non-publication, non-acceptance, non-operational); not publication evidence, not final-study evidence, not formal acceptance evidence, not calibrated real-world results, and not an operational route plan or forecast. Base profile scope: Pilot full bus-practical graph output for graph-scale feasibility review; not calibrated real-world results or an operational forecast."
songpa_public_demo,cached_graphml:data/cache/pilot_region_road.graphml,transfer_stress_extreme,multimodal,songpa_random_blockage,random,blocked,30,1.0,0.0,167.47,45.09,0.5323,156.42,161.42,167.47,167.47,scaffold-only,"Engineering-only pilot output for quasi-real decision-support method review (non-publication, non-acceptance, non-operational); not publication evidence, not final-study evidence, not formal acceptance evidence, not calibrated real-world results, and not an operational route plan or forecast. Base profile scope: Pilot full bus-practical graph output for graph-scale feasibility review; not calibrated real-world results or an operational forecast."
songpa_public_demo,cached_graphml:data/cache/pilot_region_road.graphml,transfer_stress_mild,multimodal,songpa_random_blockage,random,blocked,30,1.0,0.0,71.51,45.09,0.5323,56.42,66.42,71.51,71.51,scaffold-only,"Engineering-only pilot output for quasi-real decision-support method review (non-publication, non-acceptance, non-operational); not publication evidence, not final-study evidence, not formal acceptance evidence, not calibrated real-world results, and not an operational route plan or forecast. Base profile scope: Pilot full bus-practical graph output for graph-scale feasibility review; not calibrated real-world results or an operational forecast."
songpa_public_demo,cached_graphml:data/cache/pilot_region_road.graphml,transfer_stress_moderate,multimodal,songpa_random_blockage,random,blocked,30,1.0,0.0,96.51,45.09,0.5323,81.42,91.42,96.51,96.51,scaffold-only,"Engineering-only pilot output for quasi-real decision-support method review (non-publication, non-acceptance, non-operational); not publication evidence, not final-study evidence, not formal acceptance evidence, not calibrated real-world results, and not an operational route plan or forecast. Base profile scope: Pilot full bus-practical graph output for graph-scale feasibility review; not calibrated real-world results or an operational forecast."
songpa_public_demo,cached_graphml:data/cache/pilot_region_road.graphml,transfer_stress_severe,multimodal,songpa_random_blockage,random,blocked,30,1.0,0.0,127.47,45.09,0.5323,116.42,121.42,127.47,127.47,scaffold-only,"Engineering-only pilot output for quasi-real decision-support method review (non-publication, non-acceptance, non-operational); not publication evidence, not final-study evidence, not formal acceptance evidence, not calibrated real-world results, and not an operational route plan or forecast. Base profile scope: Pilot full bus-practical graph output for graph-scale feasibility review; not calibrated real-world results or an operational forecast."
songpa_public_demo,cached_graphml:data/cache/pilot_region_road.graphml,bus_only,bus_only,songpa_random_capacity_reduction,random,capacity_reduction,30,1.0,0.0,19.84,14.54,1.6506,9.86,14.84,19.84,19.84,scaffold-only,"Engineering-only pilot output for quasi-real decision-support method review (non-publication, non-acceptance, non-operational); not publication evidence, not final-study evidence, not formal acceptance evidence, not calibrated real-world results, and not an operational route plan or forecast. Base profile scope: Pilot full bus-practical graph output for graph-scale feasibility review; not calibrated real-world results or an operational forecast."
songpa_public_demo,cached_graphml:data/cache/pilot_region_road.graphml,heavy_congestion_bus,bus_only,songpa_random_capacity_reduction,random,capacity_reduction,30,1.0,0.0,28.45,40.23,0.5967,18.39,23.38,28.45,28.45,scaffold-only,"Engineering-only pilot output for quasi-real decision-support method review (non-publication, non-acceptance, non-operational); not publication evidence, not final-study evidence, not formal acceptance evidence, not calibrated real-world results, and not an operational route plan or forecast. Base profile scope: Pilot full bus-practical graph output for graph-scale feasibility review; not calibrated real-world results or an operational forecast."
songpa_public_demo,cached_graphml:data/cache/pilot_region_road.graphml,moderate_congestion_bus,bus_only,songpa_random_capacity_reduction,random,capacity_reduction,30,1.0,0.0,20.51,16.56,1.4497,10.52,15.53,20.51,20.51,scaffold-only,"Engineering-only pilot output for quasi-real decision-support method review (non-publication, non-acceptance, non-operational); not publication evidence, not final-study evidence, not formal acceptance evidence, not calibrated real-world results, and not an operational route plan or forecast. Base profile scope: Pilot full bus-practical graph output for graph-scale feasibility review; not calibrated real-world results or an operational forecast."
songpa_public_demo,cached_graphml:data/cache/pilot_region_road.graphml,peak_congestion_bus,bus_only,songpa_random_capacity_reduction,random,capacity_reduction,30,1.0,0.0,155.09,417.78,0.0575,143.77,148.93,155.09,155.09,scaffold-only,"Engineering-only pilot output for quasi-real decision-support method review (non-publication, non-acceptance, non-operational); not publication evidence, not final-study evidence, not formal acceptance evidence, not calibrated real-world results, and not an operational route plan or forecast. Base profile scope: Pilot full bus-practical graph output for graph-scale feasibility review; not calibrated real-world results or an operational forecast."
songpa_public_demo,cached_graphml:data/cache/pilot_region_road.graphml,severe_congestion_bus,bus_only,songpa_random_capacity_reduction,random,capacity_reduction,30,1.0,0.0,62.75,142.56,0.1684,52.46,57.36,62.75,62.75,scaffold-only,"Engineering-only pilot output for quasi-real decision-support method review (non-publication, non-acceptance, non-operational); not publication evidence, not final-study evidence, not formal acceptance evidence, not calibrated real-world results, and not an operational route plan or forecast. Base profile scope: Pilot full bus-practical graph output for graph-scale feasibility review; not calibrated real-world results or an operational forecast."
songpa_public_demo,cached_graphml:data/cache/pilot_region_road.graphml,baseline_multimodal,multimodal,songpa_random_capacity_reduction,random,capacity_reduction,30,1.0,0.0,46.51,45.09,0.5323,31.42,41.42,46.51,46.51,scaffold-only,"Engineering-only pilot output for quasi-real decision-support method review (non-publication, non-acceptance, non-operational); not publication evidence, not final-study evidence, not formal acceptance evidence, not calibrated real-world results, and not an operational route plan or forecast. Base profile scope: Pilot full bus-practical graph output for graph-scale feasibility review; not calibrated real-world results or an operational forecast."
songpa_public_demo,cached_graphml:data/cache/pilot_region_road.graphml,fleet_shortage_severe,multimodal,songpa_random_capacity_reduction,random,capacity_reduction,30,1.0,0.0,52.79,58.09,0.4132,31.42,42.52,52.79,52.79,scaffold-only,"Engineering-only pilot output for quasi-real decision-support method review (non-publication, non-acceptance, non-operational); not publication evidence, not final-study evidence, not formal acceptance evidence, not calibrated real-world results, and not an operational route plan or forecast. Base profile scope: Pilot full bus-practical graph output for graph-scale feasibility review; not calibrated real-world results or an operational forecast."
songpa_public_demo,cached_graphml:data/cache/pilot_region_road.graphml,fleet_shortage_stress,multimodal,songpa_random_capacity_reduction,random,capacity_reduction,30,1.0,0.0,46.51,45.09,0.5323,31.42,41.42,46.51,46.51,scaffold-only,"Engineering-only pilot output for quasi-real decision-support method review (non-publication, non-acceptance, non-operational); not publication evidence, not final-study evidence, not formal acceptance evidence, not calibrated real-world results, and not an operational route plan or forecast. Base profile scope: Pilot full bus-practical graph output for graph-scale feasibility review; not calibrated real-world results or an operational forecast."
songpa_public_demo,cached_graphml:data/cache/pilot_region_road.graphml,heavy_congestion_multimodal,multimodal,songpa_random_capacity_reduction,random,capacity_reduction,30,1.0,0.0,56.45,83.48,0.2875,38.4,48.37,56.45,56.45,scaffold-only,"Engineering-only pilot output for quasi-real decision-support method review (non-publication, non-acceptance, non-operational); not publication evidence, not final-study evidence, not formal acceptance evidence, not calibrated real-world results, and not an operational route plan or forecast. Base profile scope: Pilot full bus-practical graph output for graph-scale feasibility review; not calibrated real-world results or an operational forecast."
songpa_public_demo,cached_graphml:data/cache/pilot_region_road.graphml,lastmile_capacity_mild,multimodal,songpa_random_capacity_reduction,random,capacity_reduction,30,1.0,0.0,41.42,43.67,0.5495,31.42,41.42,41.42,41.42,scaffold-only,"Engineering-only pilot output for quasi-real decision-support method review (non-publication, non-acceptance, non-operational); not publication evidence, not final-study evidence, not formal acceptance evidence, not calibrated real-world results, and not an operational route plan or forecast. Base profile scope: Pilot full bus-practical graph output for graph-scale feasibility review; not calibrated real-world results or an operational forecast."
songpa_public_demo,cached_graphml:data/cache/pilot_region_road.graphml,lastmile_capacity_moderate,multimodal,songpa_random_capacity_reduction,random,capacity_reduction,30,1.0,0.0,41.42,43.67,0.5495,31.42,41.42,41.42,41.42,scaffold-only,"Engineering-only pilot output for quasi-real decision-support method review (non-publication, non-acceptance, non-operational); not publication evidence, not final-study evidence, not formal acceptance evidence, not calibrated real-world results, and not an operational route plan or forecast. Base profile scope: Pilot full bus-practical graph output for graph-scale feasibility review; not calibrated real-world results or an operational forecast."
songpa_public_demo,cached_graphml:data/cache/pilot_region_road.graphml,lastmile_capacity_severe,multimodal,songpa_random_capacity_reduction,random,capacity_reduction,30,1.0,0.0,46.51,45.09,0.5323,31.42,41.42,41.42,41.42,scaffold-only,"Engineering-only pilot output for quasi-real decision-support method review (non-publication, non-acceptance, non-operational); not publication evidence, not final-study evidence, not formal acceptance evidence, not calibrated real-world results, and not an operational route plan or forecast. Base profile scope: Pilot full bus-practical graph output for graph-scale feasibility review; not calibrated real-world results or an operational forecast."
songpa_public_demo,cached_graphml:data/cache/pilot_region_road.graphml,moderate_congestion_multimodal,multimodal,songpa_random_capacity_reduction,random,capacity_reduction,30,1.0,0.0,46.96,46.6,0.5151,31.83,41.83,46.96,46.96,scaffold-only,"Engineering-only pilot output for quasi-real decision-support method review (non-publication, non-acceptance, non-operational); not publication evidence, not final-study evidence, not formal acceptance evidence, not calibrated real-world results, and not an operational route plan or forecast. Base profile scope: Pilot full bus-practical graph output for graph-scale feasibility review; not calibrated real-world results or an operational forecast."
songpa_public_demo,cached_graphml:data/cache/pilot_region_road.graphml,multimodal_increased_feeder_capacity,multimodal,songpa_random_capacity_reduction,random,capacity_reduction,30,1.0,0.0,46.51,45.09,0.5323,31.42,41.42,46.51,46.51,scaffold-only,"Engineering-only pilot output for quasi-real decision-support method review (non-publication, non-acceptance, non-operational); not publication evidence, not final-study evidence, not formal acceptance evidence, not calibrated real-world results, and not an operational route plan or forecast. Base profile scope: Pilot full bus-practical graph output for graph-scale feasibility review; not calibrated real-world results or an operational forecast."
songpa_public_demo,cached_graphml:data/cache/pilot_region_road.graphml,multimodal_lastmile_redundancy,multimodal,songpa_random_capacity_reduction,random,capacity_reduction,30,1.0,0.0,46.42,45.09,0.5323,31.42,41.42,46.42,46.42,scaffold-only,"Engineering-only pilot output for quasi-real decision-support method review (non-publication, non-acceptance, non-operational); not publication evidence, not final-study evidence, not formal acceptance evidence, not calibrated real-world results, and not an operational route plan or forecast. Base profile scope: Pilot full bus-practical graph output for graph-scale feasibility review; not calibrated real-world results or an operational forecast."
songpa_public_demo,cached_graphml:data/cache/pilot_region_road.graphml,peak_congestion_multimodal,multimodal,songpa_random_capacity_reduction,random,capacity_reduction,30,0.67,8.0,2600.0,450.08,0.0356,168.03,172.72,177.41,177.41,scaffold-only,"Engineering-only pilot output for quasi-real decision-support method review (non-publication, non-acceptance, non-operational); not publication evidence, not final-study evidence, not formal acceptance evidence, not calibrated real-world results, and not an operational route plan or forecast. Base profile scope: Pilot full bus-practical graph output for graph-scale feasibility review; not calibrated real-world results or an operational forecast."
songpa_public_demo,cached_graphml:data/cache/pilot_region_road.graphml,rail_delay_or_partial_unavailability,multimodal,songpa_random_capacity_reduction,random,capacity_reduction,30,1.0,0.0,57.47,35.34,0.6792,46.42,51.42,57.47,57.47,scaffold-only,"Engineering-only pilot output for quasi-real decision-support method review (non-publication, non-acceptance, non-operational); not publication evidence, not final-study evidence, not formal acceptance evidence, not calibrated real-world results, and not an operational route plan or forecast. Base profile scope: Pilot full bus-practical graph output for graph-scale feasibility review; not calibrated real-world results or an operational forecast."
songpa_public_demo,cached_graphml:data/cache/pilot_region_road.graphml,severe_congestion_multimodal,multimodal,songpa_random_capacity_reduction,random,capacity_reduction,30,1.0,0.0,123.05,173.47,0.1384,76.75,81.57,123.05,123.05,scaffold-only,"Engineering-only pilot output for quasi-real decision-support method review (non-publication, non-acceptance, non-operational); not publication evidence, not final-study evidence, not formal acceptance evidence, not calibrated real-world results, and not an operational route plan or forecast. Base profile scope: Pilot full bus-practical graph output for graph-scale feasibility review; not calibrated real-world results or an operational forecast."
songpa_public_demo,cached_graphml:data/cache/pilot_region_road.graphml,staggered_or_adaptive_dispatch,multimodal,songpa_random_capacity_reduction,random,capacity_reduction,30,1.0,0.0,54.45,58.09,0.4132,38.42,46.42,54.45,54.45,scaffold-only,"Engineering-only pilot output for quasi-real decision-support method review (non-publication, non-acceptance, non-operational); not publication evidence, not final-study evidence, not formal acceptance evidence, not calibrated real-world results, and not an operational route plan or forecast. Base profile scope: Pilot full bus-practical graph output for graph-scale feasibility review; not calibrated real-world results or an operational forecast."
songpa_public_demo,cached_graphml:data/cache/pilot_region_road.graphml,transfer_stress_extreme,multimodal,songpa_random_capacity_reduction,random,capacity_reduction,30,1.0,0.0,167.47,45.09,0.5323,156.42,161.42,167.47,167.47,scaffold-only,"Engineering-only pilot output for quasi-real decision-support method review (non-publication, non-acceptance, non-operational); not publication evidence, not final-study evidence, not formal acceptance evidence, not calibrated real-world results, and not an operational route plan or forecast. Base profile scope: Pilot full bus-practical graph output for graph-scale feasibility review; not calibrated real-world results or an operational forecast."
songpa_public_demo,cached_graphml:data/cache/pilot_region_road.graphml,transfer_stress_mild,multimodal,songpa_random_capacity_reduction,random,capacity_reduction,30,1.0,0.0,71.51,45.09,0.5323,56.42,66.42,71.51,71.51,scaffold-only,"Engineering-only pilot output for quasi-real decision-support method review (non-publication, non-acceptance, non-operational); not publication evidence, not final-study evidence, not formal acceptance evidence, not calibrated real-world results, and not an operational route plan or forecast. Base profile scope: Pilot full bus-practical graph output for graph-scale feasibility review; not calibrated real-world results or an operational forecast."
songpa_public_demo,cached_graphml:data/cache/pilot_region_road.graphml,transfer_stress_moderate,multimodal,songpa_random_capacity_reduction,random,capacity_reduction,30,1.0,0.0,96.51,45.09,0.5323,81.42,91.42,96.51,96.51,scaffold-only,"Engineering-only pilot output for quasi-real decision-support method review (non-publication, non-acceptance, non-operational); not publication evidence, not final-study evidence, not formal acceptance evidence, not calibrated real-world results, and not an operational route plan or forecast. Base profile scope: Pilot full bus-practical graph output for graph-scale feasibility review; not calibrated real-world results or an operational forecast."
songpa_public_demo,cached_graphml:data/cache/pilot_region_road.graphml,transfer_stress_severe,multimodal,songpa_random_capacity_reduction,random,capacity_reduction,30,1.0,0.0,127.47,45.09,0.5323,116.42,121.42,127.47,127.47,scaffold-only,"Engineering-only pilot output for quasi-real decision-support method review (non-publication, non-acceptance, non-operational); not publication evidence, not final-study evidence, not formal acceptance evidence, not calibrated real-world results, and not an operational route plan or forecast. Base profile scope: Pilot full bus-practical graph output for graph-scale feasibility review; not calibrated real-world results or an operational forecast."
songpa_public_demo,cached_graphml:data/cache/pilot_region_road.graphml,bus_only,bus_only,songpa_combo_tancheon_rail_delay,spatial_hazard_overlay,capacity_reduction,30,1.0,0.0,20.01,15.07,1.593,10.02,15.03,20.01,20.01,scaffold-only,"Engineering-only pilot output for quasi-real decision-support method review (non-publication, non-acceptance, non-operational); not publication evidence, not final-study evidence, not formal acceptance evidence, not calibrated real-world results, and not an operational route plan or forecast. Base profile scope: Pilot full bus-practical graph output for graph-scale feasibility review; not calibrated real-world results or an operational forecast."
songpa_public_demo,cached_graphml:data/cache/pilot_region_road.graphml,heavy_congestion_bus,bus_only,songpa_combo_tancheon_rail_delay,spatial_hazard_overlay,capacity_reduction,30,1.0,0.0,28.45,40.23,0.5967,18.39,23.38,28.45,28.45,scaffold-only,"Engineering-only pilot output for quasi-real decision-support method review (non-publication, non-acceptance, non-operational); not publication evidence, not final-study evidence, not formal acceptance evidence, not calibrated real-world results, and not an operational route plan or forecast. Base profile scope: Pilot full bus-practical graph output for graph-scale feasibility review; not calibrated real-world results or an operational forecast."
songpa_public_demo,cached_graphml:data/cache/pilot_region_road.graphml,moderate_congestion_bus,bus_only,songpa_combo_tancheon_rail_delay,spatial_hazard_overlay,capacity_reduction,30,1.0,0.0,20.51,16.56,1.4497,10.52,15.53,20.51,20.51,scaffold-only,"Engineering-only pilot output for quasi-real decision-support method review (non-publication, non-acceptance, non-operational); not publication evidence, not final-study evidence, not formal acceptance evidence, not calibrated real-world results, and not an operational route plan or forecast. Base profile scope: Pilot full bus-practical graph output for graph-scale feasibility review; not calibrated real-world results or an operational forecast."
songpa_public_demo,cached_graphml:data/cache/pilot_region_road.graphml,peak_congestion_bus,bus_only,songpa_combo_tancheon_rail_delay,spatial_hazard_overlay,capacity_reduction,30,1.0,0.0,155.09,417.78,0.0575,143.77,148.93,155.09,155.09,scaffold-only,"Engineering-only pilot output for quasi-real decision-support method review (non-publication, non-acceptance, non-operational); not publication evidence, not final-study evidence, not formal acceptance evidence, not calibrated real-world results, and not an operational route plan or forecast. Base profile scope: Pilot full bus-practical graph output for graph-scale feasibility review; not calibrated real-world results or an operational forecast."
songpa_public_demo,cached_graphml:data/cache/pilot_region_road.graphml,severe_congestion_bus,bus_only,songpa_combo_tancheon_rail_delay,spatial_hazard_overlay,capacity_reduction,30,1.0,0.0,62.75,142.56,0.1684,52.46,57.36,62.75,62.75,scaffold-only,"Engineering-only pilot output for quasi-real decision-support method review (non-publication, non-acceptance, non-operational); not publication evidence, not final-study evidence, not formal acceptance evidence, not calibrated real-world results, and not an operational route plan or forecast. Base profile scope: Pilot full bus-practical graph output for graph-scale feasibility review; not calibrated real-world results or an operational forecast."
songpa_public_demo,cached_graphml:data/cache/pilot_region_road.graphml,baseline_multimodal,multimodal,songpa_combo_tancheon_rail_delay,spatial_hazard_overlay,capacity_reduction,30,1.0,0.0,52.47,58.09,0.4132,41.42,46.42,52.47,52.47,scaffold-only,"Engineering-only pilot output for quasi-real decision-support method review (non-publication, non-acceptance, non-operational); not publication evidence, not final-study evidence, not formal acceptance evidence, not calibrated real-world results, and not an operational route plan or forecast. Base profile scope: Pilot full bus-practical graph output for graph-scale feasibility review; not calibrated real-world results or an operational forecast."
songpa_public_demo,cached_graphml:data/cache/pilot_region_road.graphml,fleet_shortage_severe,multimodal,songpa_combo_tancheon_rail_delay,spatial_hazard_overlay,capacity_reduction,30,1.0,0.0,62.73,77.59,0.3093,41.42,52.46,62.73,62.73,scaffold-only,"Engineering-only pilot output for quasi-real decision-support method review (non-publication, non-acceptance, non-operational); not publication evidence, not final-study evidence, not formal acceptance evidence, not calibrated real-world results, and not an operational route plan or forecast. Base profile scope: Pilot full bus-practical graph output for graph-scale feasibility review; not calibrated real-world results or an operational forecast."
songpa_public_demo,cached_graphml:data/cache/pilot_region_road.graphml,fleet_shortage_stress,multimodal,songpa_combo_tancheon_rail_delay,spatial_hazard_overlay,capacity_reduction,30,1.0,0.0,52.47,58.09,0.4132,41.42,46.42,52.47,52.47,scaffold-only,"Engineering-only pilot output for quasi-real decision-support method review (non-publication, non-acceptance, non-operational); not publication evidence, not final-study evidence, not formal acceptance evidence, not calibrated real-world results, and not an operational route plan or forecast. Base profile scope: Pilot full bus-practical graph output for graph-scale feasibility review; not calibrated real-world results or an operational forecast."
songpa_public_demo,cached_graphml:data/cache/pilot_region_road.graphml,heavy_congestion_multimodal,multimodal,songpa_combo_tancheon_rail_delay,spatial_hazard_overlay,capacity_reduction,30,1.0,0.0,66.39,102.98,0.2331,48.4,53.37,66.39,66.39,scaffold-only,"Engineering-only pilot output for quasi-real decision-support method review (non-publication, non-acceptance, non-operational); not publication evidence, not final-study evidence, not formal acceptance evidence, not calibrated real-world results, and not an operational route plan or forecast. Base profile scope: Pilot full bus-practical graph output for graph-scale feasibility review; not calibrated real-world results or an operational forecast."
songpa_public_demo,cached_graphml:data/cache/pilot_region_road.graphml,lastmile_capacity_mild,multimodal,songpa_combo_tancheon_rail_delay,spatial_hazard_overlay,capacity_reduction,30,1.0,0.0,46.42,56.67,0.4235,41.42,46.42,46.42,46.42,scaffold-only,"Engineering-only pilot output for quasi-real decision-support method review (non-publication, non-acceptance, non-operational); not publication evidence, not final-study evidence, not formal acceptance evidence, not calibrated real-world results, and not an operational route plan or forecast. Base profile scope: Pilot full bus-practical graph output for graph-scale feasibility review; not calibrated real-world results or an operational forecast."
songpa_public_demo,cached_graphml:data/cache/pilot_region_road.graphml,lastmile_capacity_moderate,multimodal,songpa_combo_tancheon_rail_delay,spatial_hazard_overlay,capacity_reduction,30,1.0,0.0,46.42,56.67,0.4235,41.42,46.42,46.42,46.42,scaffold-only,"Engineering-only pilot output for quasi-real decision-support method review (non-publication, non-acceptance, non-operational); not publication evidence, not final-study evidence, not formal acceptance evidence, not calibrated real-world results, and not an operational route plan or forecast. Base profile scope: Pilot full bus-practical graph output for graph-scale feasibility review; not calibrated real-world results or an operational forecast."
songpa_public_demo,cached_graphml:data/cache/pilot_region_road.graphml,lastmile_capacity_severe,multimodal,songpa_combo_tancheon_rail_delay,spatial_hazard_overlay,capacity_reduction,30,1.0,0.0,52.47,58.09,0.4132,41.42,46.42,46.42,46.42,scaffold-only,"Engineering-only pilot output for quasi-real decision-support method review (non-publication, non-acceptance, non-operational); not publication evidence, not final-study evidence, not formal acceptance evidence, not calibrated real-world results, and not an operational route plan or forecast. Base profile scope: Pilot full bus-practical graph output for graph-scale feasibility review; not calibrated real-world results or an operational forecast."
songpa_public_demo,cached_graphml:data/cache/pilot_region_road.graphml,moderate_congestion_multimodal,multimodal,songpa_combo_tancheon_rail_delay,spatial_hazard_overlay,capacity_reduction,30,1.0,0.0,53.25,59.6,0.4027,41.83,46.83,53.25,53.25,scaffold-only,"Engineering-only pilot output for quasi-real decision-support method review (non-publication, non-acceptance, non-operational); not publication evidence, not final-study evidence, not formal acceptance evidence, not calibrated real-world results, and not an operational route plan or forecast. Base profile scope: Pilot full bus-practical graph output for graph-scale feasibility review; not calibrated real-world results or an operational forecast."
songpa_public_demo,cached_graphml:data/cache/pilot_region_road.graphml,multimodal_increased_feeder_capacity,multimodal,songpa_combo_tancheon_rail_delay,spatial_hazard_overlay,capacity_reduction,30,1.0,0.0,52.47,58.09,0.4132,41.42,46.42,52.47,52.47,scaffold-only,"Engineering-only pilot output for quasi-real decision-support method review (non-publication, non-acceptance, non-operational); not publication evidence, not final-study evidence, not formal acceptance evidence, not calibrated real-world results, and not an operational route plan or forecast. Base profile scope: Pilot full bus-practical graph output for graph-scale feasibility review; not calibrated real-world results or an operational forecast."
songpa_public_demo,cached_graphml:data/cache/pilot_region_road.graphml,multimodal_lastmile_redundancy,multimodal,songpa_combo_tancheon_rail_delay,spatial_hazard_overlay,capacity_reduction,30,1.0,0.0,51.42,58.09,0.4132,41.42,46.42,51.42,51.42,scaffold-only,"Engineering-only pilot output for quasi-real decision-support method review (non-publication, non-acceptance, non-operational); not publication evidence, not final-study evidence, not formal acceptance evidence, not calibrated real-world results, and not an operational route plan or forecast. Base profile scope: Pilot full bus-practical graph output for graph-scale feasibility review; not calibrated real-world results or an operational forecast."
songpa_public_demo,cached_graphml:data/cache/pilot_region_road.graphml,peak_congestion_multimodal,multimodal,songpa_combo_tancheon_rail_delay,spatial_hazard_overlay,capacity_reduction,30,0.67,8.0,2600.0,463.08,0.0346,173.03,177.72,182.41,182.41,scaffold-only,"Engineering-only pilot output for quasi-real decision-support method review (non-publication, non-acceptance, non-operational); not publication evidence, not final-study evidence, not formal acceptance evidence, not calibrated real-world results, and not an operational route plan or forecast. Base profile scope: Pilot full bus-practical graph output for graph-scale feasibility review; not calibrated real-world results or an operational forecast."
songpa_public_demo,cached_graphml:data/cache/pilot_region_road.graphml,rail_delay_or_partial_unavailability,multimodal,songpa_combo_tancheon_rail_delay,spatial_hazard_overlay,capacity_reduction,30,1.0,0.0,62.47,43.46,0.5522,51.42,56.42,62.47,62.47,scaffold-only,"Engineering-only pilot output for quasi-real decision-support method review (non-publication, non-acceptance, non-operational); not publication evidence, not final-study evidence, not formal acceptance evidence, not calibrated real-world results, and not an operational route plan or forecast. Base profile scope: Pilot full bus-practical graph output for graph-scale feasibility review; not calibrated real-world results or an operational forecast."
songpa_public_demo,cached_graphml:data/cache/pilot_region_road.graphml,severe_congestion_multimodal,multimodal,songpa_combo_tancheon_rail_delay,spatial_hazard_overlay,capacity_reduction,30,1.0,0.0,128.15,186.47,0.1287,81.75,91.57,128.15,128.15,scaffold-only,"Engineering-only pilot output for quasi-real decision-support method review (non-publication, non-acceptance, non-operational); not publication evidence, not final-study evidence, not formal acceptance evidence, not calibrated real-world results, and not an operational route plan or forecast. Base profile scope: Pilot full bus-practical graph output for graph-scale feasibility review; not calibrated real-world results or an operational forecast."
songpa_public_demo,cached_graphml:data/cache/pilot_region_road.graphml,staggered_or_adaptive_dispatch,multimodal,songpa_combo_tancheon_rail_delay,spatial_hazard_overlay,capacity_reduction,30,1.0,0.0,60.95,77.59,0.3093,44.92,52.92,60.95,60.95,scaffold-only,"Engineering-only pilot output for quasi-real decision-support method review (non-publication, non-acceptance, non-operational); not publication evidence, not final-study evidence, not formal acceptance evidence, not calibrated real-world results, and not an operational route plan or forecast. Base profile scope: Pilot full bus-practical graph output for graph-scale feasibility review; not calibrated real-world results or an operational forecast."
songpa_public_demo,cached_graphml:data/cache/pilot_region_road.graphml,transfer_stress_extreme,multimodal,songpa_combo_tancheon_rail_delay,spatial_hazard_overlay,capacity_reduction,30,1.0,0.0,172.47,58.09,0.4132,161.42,166.42,172.47,172.47,scaffold-only,"Engineering-only pilot output for quasi-real decision-support method review (non-publication, non-acceptance, non-operational); not publication evidence, not final-study evidence, not formal acceptance evidence, not calibrated real-world results, and not an operational route plan or forecast. Base profile scope: Pilot full bus-practical graph output for graph-scale feasibility review; not calibrated real-world results or an operational forecast."
songpa_public_demo,cached_graphml:data/cache/pilot_region_road.graphml,transfer_stress_mild,multimodal,songpa_combo_tancheon_rail_delay,spatial_hazard_overlay,capacity_reduction,30,1.0,0.0,76.51,58.09,0.4132,61.42,71.42,76.51,76.51,scaffold-only,"Engineering-only pilot output for quasi-real decision-support method review (non-publication, non-acceptance, non-operational); not publication evidence, not final-study evidence, not formal acceptance evidence, not calibrated real-world results, and not an operational route plan or forecast. Base profile scope: Pilot full bus-practical graph output for graph-scale feasibility review; not calibrated real-world results or an operational forecast."
songpa_public_demo,cached_graphml:data/cache/pilot_region_road.graphml,transfer_stress_moderate,multimodal,songpa_combo_tancheon_rail_delay,spatial_hazard_overlay,capacity_reduction,30,1.0,0.0,101.51,58.09,0.4132,86.42,96.42,101.51,101.51,scaffold-only,"Engineering-only pilot output for quasi-real decision-support method review (non-publication, non-acceptance, non-operational); not publication evidence, not final-study evidence, not formal acceptance evidence, not calibrated real-world results, and not an operational route plan or forecast. Base profile scope: Pilot full bus-practical graph output for graph-scale feasibility review; not calibrated real-world results or an operational forecast."
songpa_public_demo,cached_graphml:data/cache/pilot_region_road.graphml,transfer_stress_severe,multimodal,songpa_combo_tancheon_rail_delay,spatial_hazard_overlay,capacity_reduction,30,1.0,0.0,133.58,58.09,0.4132,121.42,127.75,133.58,133.58,scaffold-only,"Engineering-only pilot output for quasi-real decision-support method review (non-publication, non-acceptance, non-operational); not publication evidence, not final-study evidence, not formal acceptance evidence, not calibrated real-world results, and not an operational route plan or forecast. Base profile scope: Pilot full bus-practical graph output for graph-scale feasibility review; not calibrated real-world results or an operational forecast."
songpa_public_demo,cached_graphml:data/cache/pilot_region_road.graphml,bus_only,bus_only,songpa_spatial_assembly_egress,spatial_hazard_overlay,capacity_reduction,30,1.0,0.0,19.98,14.97,1.6033,10.0,14.99,19.98,19.98,scaffold-only,"Engineering-only pilot output for quasi-real decision-support method review (non-publication, non-acceptance, non-operational); not publication evidence, not final-study evidence, not formal acceptance evidence, not calibrated real-world results, and not an operational route plan or forecast. Base profile scope: Pilot full bus-practical graph output for graph-scale feasibility review; not calibrated real-world results or an operational forecast."
songpa_public_demo,cached_graphml:data/cache/pilot_region_road.graphml,heavy_congestion_bus,bus_only,songpa_spatial_assembly_egress,spatial_hazard_overlay,capacity_reduction,30,1.0,0.0,51.68,109.62,0.219,41.57,46.37,51.68,51.68,scaffold-only,"Engineering-only pilot output for quasi-real decision-support method review (non-publication, non-acceptance, non-operational); not publication evidence, not final-study evidence, not formal acceptance evidence, not calibrated real-world results, and not an operational route plan or forecast. Base profile scope: Pilot full bus-practical graph output for graph-scale feasibility review; not calibrated real-world results or an operational forecast."
songpa_public_demo,cached_graphml:data/cache/pilot_region_road.graphml,moderate_congestion_bus,bus_only,songpa_spatial_assembly_egress,spatial_hazard_overlay,capacity_reduction,30,1.0,0.0,22.77,23.3,1.0299,12.75,17.78,22.77,22.77,scaffold-only,"Engineering-only pilot output for quasi-real decision-support method review (non-publication, non-acceptance, non-operational); not publication evidence, not final-study evidence, not formal acceptance evidence, not calibrated real-world results, and not an operational route plan or forecast. Base profile scope: Pilot full bus-practical graph output for graph-scale feasibility review; not calibrated real-world results or an operational forecast."
songpa_public_demo,cached_graphml:data/cache/pilot_region_road.graphml,peak_congestion_bus,bus_only,songpa_spatial_assembly_egress,spatial_hazard_overlay,capacity_reduction,30,0.0,24.0,7400.0,1337.28,0.0,inf,inf,inf,inf,scaffold-only,"Engineering-only pilot output for quasi-real decision-support method review (non-publication, non-acceptance, non-operational); not publication evidence, not final-study evidence, not formal acceptance evidence, not calibrated real-world results, and not an operational route plan or forecast. Base profile scope: Pilot full bus-practical graph output for graph-scale feasibility review; not calibrated real-world results or an operational forecast."
songpa_public_demo,cached_graphml:data/cache/pilot_region_road.graphml,severe_congestion_bus,bus_only,songpa_spatial_assembly_egress,spatial_hazard_overlay,capacity_reduction,30,1.0,0.0,163.34,442.37,0.0543,152.01,157.02,163.34,163.34,scaffold-only,"Engineering-only pilot output for quasi-real decision-support method review (non-publication, non-acceptance, non-operational); not publication evidence, not final-study evidence, not formal acceptance evidence, not calibrated real-world results, and not an operational route plan or forecast. Base profile scope: Pilot full bus-practical graph output for graph-scale feasibility review; not calibrated real-world results or an operational forecast."
songpa_public_demo,cached_graphml:data/cache/pilot_region_road.graphml,baseline_multimodal,multimodal,songpa_spatial_assembly_egress,spatial_hazard_overlay,capacity_reduction,30,1.0,0.0,46.51,45.3,0.5298,31.42,41.42,46.51,46.51,scaffold-only,"Engineering-only pilot output for quasi-real decision-support method review (non-publication, non-acceptance, non-operational); not publication evidence, not final-study evidence, not formal acceptance evidence, not calibrated real-world results, and not an operational route plan or forecast. Base profile scope: Pilot full bus-practical graph output for graph-scale feasibility review; not calibrated real-world results or an operational forecast."
songpa_public_demo,cached_graphml:data/cache/pilot_region_road.graphml,fleet_shortage_severe,multimodal,songpa_spatial_assembly_egress,spatial_hazard_overlay,capacity_reduction,30,1.0,0.0,52.79,58.3,0.4116,31.42,42.52,52.79,52.79,scaffold-only,"Engineering-only pilot output for quasi-real decision-support method review (non-publication, non-acceptance, non-operational); not publication evidence, not final-study evidence, not formal acceptance evidence, not calibrated real-world results, and not an operational route plan or forecast. Base profile scope: Pilot full bus-practical graph output for graph-scale feasibility review; not calibrated real-world results or an operational forecast."
songpa_public_demo,cached_graphml:data/cache/pilot_region_road.graphml,fleet_shortage_stress,multimodal,songpa_spatial_assembly_egress,spatial_hazard_overlay,capacity_reduction,30,1.0,0.0,46.51,45.3,0.5298,31.42,41.42,46.51,46.51,scaffold-only,"Engineering-only pilot output for quasi-real decision-support method review (non-publication, non-acceptance, non-operational); not publication evidence, not final-study evidence, not formal acceptance evidence, not calibrated real-world results, and not an operational route plan or forecast. Base profile scope: Pilot full bus-practical graph output for graph-scale feasibility review; not calibrated real-world results or an operational forecast."
songpa_public_demo,cached_graphml:data/cache/pilot_region_road.graphml,heavy_congestion_multimodal,multimodal,songpa_spatial_assembly_egress,spatial_hazard_overlay,capacity_reduction,30,1.0,0.0,79.77,127.44,0.1886,61.4,67.37,79.77,79.77,scaffold-only,"Engineering-only pilot output for quasi-real decision-support method review (non-publication, non-acceptance, non-operational); not publication evidence, not final-study evidence, not formal acceptance evidence, not calibrated real-world results, and not an operational route plan or forecast. Base profile scope: Pilot full bus-practical graph output for graph-scale feasibility review; not calibrated real-world results or an operational forecast."
songpa_public_demo,cached_graphml:data/cache/pilot_region_road.graphml,lastmile_capacity_mild,multimodal,songpa_spatial_assembly_egress,spatial_hazard_overlay,capacity_reduction,30,1.0,0.0,41.42,43.89,0.5468,31.42,41.42,41.42,41.42,scaffold-only,"Engineering-only pilot output for quasi-real decision-support method review (non-publication, non-acceptance, non-operational); not publication evidence, not final-study evidence, not formal acceptance evidence, not calibrated real-world results, and not an operational route plan or forecast. Base profile scope: Pilot full bus-practical graph output for graph-scale feasibility review; not calibrated real-world results or an operational forecast."
songpa_public_demo,cached_graphml:data/cache/pilot_region_road.graphml,lastmile_capacity_moderate,multimodal,songpa_spatial_assembly_egress,spatial_hazard_overlay,capacity_reduction,30,1.0,0.0,41.42,43.89,0.5468,31.42,41.42,41.42,41.42,scaffold-only,"Engineering-only pilot output for quasi-real decision-support method review (non-publication, non-acceptance, non-operational); not publication evidence, not final-study evidence, not formal acceptance evidence, not calibrated real-world results, and not an operational route plan or forecast. Base profile scope: Pilot full bus-practical graph output for graph-scale feasibility review; not calibrated real-world results or an operational forecast."
songpa_public_demo,cached_graphml:data/cache/pilot_region_road.graphml,lastmile_capacity_severe,multimodal,songpa_spatial_assembly_egress,spatial_hazard_overlay,capacity_reduction,30,1.0,0.0,46.51,45.3,0.5298,31.42,41.42,41.42,41.42,scaffold-only,"Engineering-only pilot output for quasi-real decision-support method review (non-publication, non-acceptance, non-operational); not publication evidence, not final-study evidence, not formal acceptance evidence, not calibrated real-world results, and not an operational route plan or forecast. Base profile scope: Pilot full bus-practical graph output for graph-scale feasibility review; not calibrated real-world results or an operational forecast."
songpa_public_demo,cached_graphml:data/cache/pilot_region_road.graphml,moderate_congestion_multimodal,multimodal,songpa_spatial_assembly_egress,spatial_hazard_overlay,capacity_reduction,30,1.0,0.0,46.96,63.02,0.3809,31.83,41.83,46.96,46.96,scaffold-only,"Engineering-only pilot output for quasi-real decision-support method review (non-publication, non-acceptance, non-operational); not publication evidence, not final-study evidence, not formal acceptance evidence, not calibrated real-world results, and not an operational route plan or forecast. Base profile scope: Pilot full bus-practical graph output for graph-scale feasibility review; not calibrated real-world results or an operational forecast."
songpa_public_demo,cached_graphml:data/cache/pilot_region_road.graphml,multimodal_increased_feeder_capacity,multimodal,songpa_spatial_assembly_egress,spatial_hazard_overlay,capacity_reduction,30,1.0,0.0,46.51,45.3,0.5298,31.42,41.42,46.51,46.51,scaffold-only,"Engineering-only pilot output for quasi-real decision-support method review (non-publication, non-acceptance, non-operational); not publication evidence, not final-study evidence, not formal acceptance evidence, not calibrated real-world results, and not an operational route plan or forecast. Base profile scope: Pilot full bus-practical graph output for graph-scale feasibility review; not calibrated real-world results or an operational forecast."
songpa_public_demo,cached_graphml:data/cache/pilot_region_road.graphml,multimodal_lastmile_redundancy,multimodal,songpa_spatial_assembly_egress,spatial_hazard_overlay,capacity_reduction,30,1.0,0.0,46.42,45.3,0.5298,31.42,41.42,46.42,46.42,scaffold-only,"Engineering-only pilot output for quasi-real decision-support method review (non-publication, non-acceptance, non-operational); not publication evidence, not final-study evidence, not formal acceptance evidence, not calibrated real-world results, and not an operational route plan or forecast. Base profile scope: Pilot full bus-practical graph output for graph-scale feasibility review; not calibrated real-world results or an operational forecast."
songpa_public_demo,cached_graphml:data/cache/pilot_region_road.graphml,peak_congestion_multimodal,multimodal,songpa_spatial_assembly_egress,spatial_hazard_overlay,capacity_reduction,30,0.0,24.0,7400.0,952.82,0.0,inf,inf,inf,inf,scaffold-only,"Engineering-only pilot output for quasi-real decision-support method review (non-publication, non-acceptance, non-operational); not publication evidence, not final-study evidence, not formal acceptance evidence, not calibrated real-world results, and not an operational route plan or forecast. Base profile scope: Pilot full bus-practical graph output for graph-scale feasibility review; not calibrated real-world results or an operational forecast."
songpa_public_demo,cached_graphml:data/cache/pilot_region_road.graphml,rail_delay_or_partial_unavailability,multimodal,songpa_spatial_assembly_egress,spatial_hazard_overlay,capacity_reduction,30,1.0,0.0,57.47,35.55,0.675,46.42,51.42,57.47,57.47,scaffold-only,"Engineering-only pilot output for quasi-real decision-support method review (non-publication, non-acceptance, non-operational); not publication evidence, not final-study evidence, not formal acceptance evidence, not calibrated real-world results, and not an operational route plan or forecast. Base profile scope: Pilot full bus-practical graph output for graph-scale feasibility review; not calibrated real-world results or an operational forecast."
songpa_public_demo,cached_graphml:data/cache/pilot_region_road.graphml,severe_congestion_multimodal,multimodal,songpa_spatial_assembly_egress,spatial_hazard_overlay,capacity_reduction,30,0.67,8.0,2600.0,452.8,0.0353,165.42,169.83,174.24,174.24,scaffold-only,"Engineering-only pilot output for quasi-real decision-support method review (non-publication, non-acceptance, non-operational); not publication evidence, not final-study evidence, not formal acceptance evidence, not calibrated real-world results, and not an operational route plan or forecast. Base profile scope: Pilot full bus-practical graph output for graph-scale feasibility review; not calibrated real-world results or an operational forecast."
songpa_public_demo,cached_graphml:data/cache/pilot_region_road.graphml,staggered_or_adaptive_dispatch,multimodal,songpa_spatial_assembly_egress,spatial_hazard_overlay,capacity_reduction,30,1.0,0.0,54.45,58.3,0.4116,38.42,46.42,54.45,54.45,scaffold-only,"Engineering-only pilot output for quasi-real decision-support method review (non-publication, non-acceptance, non-operational); not publication evidence, not final-study evidence, not formal acceptance evidence, not calibrated real-world results, and not an operational route plan or forecast. Base profile scope: Pilot full bus-practical graph output for graph-scale feasibility review; not calibrated real-world results or an operational forecast."
songpa_public_demo,cached_graphml:data/cache/pilot_region_road.graphml,transfer_stress_extreme,multimodal,songpa_spatial_assembly_egress,spatial_hazard_overlay,capacity_reduction,30,1.0,0.0,167.47,45.3,0.5298,156.42,161.42,167.47,167.47,scaffold-only,"Engineering-only pilot output for quasi-real decision-support method review (non-publication, non-acceptance, non-operational); not publication evidence, not final-study evidence, not formal acceptance evidence, not calibrated real-world results, and not an operational route plan or forecast. Base profile scope: Pilot full bus-practical graph output for graph-scale feasibility review; not calibrated real-world results or an operational forecast."
songpa_public_demo,cached_graphml:data/cache/pilot_region_road.graphml,transfer_stress_mild,multimodal,songpa_spatial_assembly_egress,spatial_hazard_overlay,capacity_reduction,30,1.0,0.0,71.51,45.3,0.5298,56.42,66.42,71.51,71.51,scaffold-only,"Engineering-only pilot output for quasi-real decision-support method review (non-publication, non-acceptance, non-operational); not publication evidence, not final-study evidence, not formal acceptance evidence, not calibrated real-world results, and not an operational route plan or forecast. Base profile scope: Pilot full bus-practical graph output for graph-scale feasibility review; not calibrated real-world results or an operational forecast."
songpa_public_demo,cached_graphml:data/cache/pilot_region_road.graphml,transfer_stress_moderate,multimodal,songpa_spatial_assembly_egress,spatial_hazard_overlay,capacity_reduction,30,1.0,0.0,96.51,45.3,0.5298,81.42,91.42,96.51,96.51,scaffold-only,"Engineering-only pilot output for quasi-real decision-support method review (non-publication, non-acceptance, non-operational); not publication evidence, not final-study evidence, not formal acceptance evidence, not calibrated real-world results, and not an operational route plan or forecast. Base profile scope: Pilot full bus-practical graph output for graph-scale feasibility review; not calibrated real-world results or an operational forecast."
songpa_public_demo,cached_graphml:data/cache/pilot_region_road.graphml,transfer_stress_severe,multimodal,songpa_spatial_assembly_egress,spatial_hazard_overlay,capacity_reduction,30,1.0,0.0,127.47,45.3,0.5298,116.42,121.42,127.47,127.47,scaffold-only,"Engineering-only pilot output for quasi-real decision-support method review (non-publication, non-acceptance, non-operational); not publication evidence, not final-study evidence, not formal acceptance evidence, not calibrated real-world results, and not an operational route plan or forecast. Base profile scope: Pilot full bus-practical graph output for graph-scale feasibility review; not calibrated real-world results or an operational forecast."
songpa_public_demo,cached_graphml:data/cache/pilot_region_road.graphml,bus_only,bus_only,songpa_spatial_feeder_east,spatial_hazard_overlay,capacity_reduction,30,1.0,0.0,19.84,14.54,1.6506,9.86,14.84,19.84,19.84,scaffold-only,"Engineering-only pilot output for quasi-real decision-support method review (non-publication, non-acceptance, non-operational); not publication evidence, not final-study evidence, not formal acceptance evidence, not calibrated real-world results, and not an operational route plan or forecast. Base profile scope: Pilot full bus-practical graph output for graph-scale feasibility review; not calibrated real-world results or an operational forecast."
songpa_public_demo,cached_graphml:data/cache/pilot_region_road.graphml,heavy_congestion_bus,bus_only,songpa_spatial_feeder_east,spatial_hazard_overlay,capacity_reduction,30,1.0,0.0,28.45,40.23,0.5967,18.39,23.38,28.45,28.45,scaffold-only,"Engineering-only pilot output for quasi-real decision-support method review (non-publication, non-acceptance, non-operational); not publication evidence, not final-study evidence, not formal acceptance evidence, not calibrated real-world results, and not an operational route plan or forecast. Base profile scope: Pilot full bus-practical graph output for graph-scale feasibility review; not calibrated real-world results or an operational forecast."
songpa_public_demo,cached_graphml:data/cache/pilot_region_road.graphml,moderate_congestion_bus,bus_only,songpa_spatial_feeder_east,spatial_hazard_overlay,capacity_reduction,30,1.0,0.0,20.51,16.56,1.4497,10.52,15.53,20.51,20.51,scaffold-only,"Engineering-only pilot output for quasi-real decision-support method review (non-publication, non-acceptance, non-operational); not publication evidence, not final-study evidence, not formal acceptance evidence, not calibrated real-world results, and not an operational route plan or forecast. Base profile scope: Pilot full bus-practical graph output for graph-scale feasibility review; not calibrated real-world results or an operational forecast."
songpa_public_demo,cached_graphml:data/cache/pilot_region_road.graphml,peak_congestion_bus,bus_only,songpa_spatial_feeder_east,spatial_hazard_overlay,capacity_reduction,30,1.0,0.0,155.09,417.78,0.0575,143.77,148.93,155.09,155.09,scaffold-only,"Engineering-only pilot output for quasi-real decision-support method review (non-publication, non-acceptance, non-operational); not publication evidence, not final-study evidence, not formal acceptance evidence, not calibrated real-world results, and not an operational route plan or forecast. Base profile scope: Pilot full bus-practical graph output for graph-scale feasibility review; not calibrated real-world results or an operational forecast."
songpa_public_demo,cached_graphml:data/cache/pilot_region_road.graphml,severe_congestion_bus,bus_only,songpa_spatial_feeder_east,spatial_hazard_overlay,capacity_reduction,30,1.0,0.0,62.75,142.56,0.1684,52.46,57.36,62.75,62.75,scaffold-only,"Engineering-only pilot output for quasi-real decision-support method review (non-publication, non-acceptance, non-operational); not publication evidence, not final-study evidence, not formal acceptance evidence, not calibrated real-world results, and not an operational route plan or forecast. Base profile scope: Pilot full bus-practical graph output for graph-scale feasibility review; not calibrated real-world results or an operational forecast."
songpa_public_demo,cached_graphml:data/cache/pilot_region_road.graphml,baseline_multimodal,multimodal,songpa_spatial_feeder_east,spatial_hazard_overlay,capacity_reduction,30,1.0,0.0,46.51,45.19,0.5311,31.42,41.42,46.51,46.51,scaffold-only,"Engineering-only pilot output for quasi-real decision-support method review (non-publication, non-acceptance, non-operational); not publication evidence, not final-study evidence, not formal acceptance evidence, not calibrated real-world results, and not an operational route plan or forecast. Base profile scope: Pilot full bus-practical graph output for graph-scale feasibility review; not calibrated real-world results or an operational forecast."
songpa_public_demo,cached_graphml:data/cache/pilot_region_road.graphml,fleet_shortage_severe,multimodal,songpa_spatial_feeder_east,spatial_hazard_overlay,capacity_reduction,30,1.0,0.0,52.79,58.19,0.4124,31.42,42.52,52.79,52.79,scaffold-only,"Engineering-only pilot output for quasi-real decision-support method review (non-publication, non-acceptance, non-operational); not publication evidence, not final-study evidence, not formal acceptance evidence, not calibrated real-world results, and not an operational route plan or forecast. Base profile scope: Pilot full bus-practical graph output for graph-scale feasibility review; not calibrated real-world results or an operational forecast."
songpa_public_demo,cached_graphml:data/cache/pilot_region_road.graphml,fleet_shortage_stress,multimodal,songpa_spatial_feeder_east,spatial_hazard_overlay,capacity_reduction,30,1.0,0.0,46.51,45.19,0.5311,31.42,41.42,46.51,46.51,scaffold-only,"Engineering-only pilot output for quasi-real decision-support method review (non-publication, non-acceptance, non-operational); not publication evidence, not final-study evidence, not formal acceptance evidence, not calibrated real-world results, and not an operational route plan or forecast. Base profile scope: Pilot full bus-practical graph output for graph-scale feasibility review; not calibrated real-world results or an operational forecast."
songpa_public_demo,cached_graphml:data/cache/pilot_region_road.graphml,heavy_congestion_multimodal,multimodal,songpa_spatial_feeder_east,spatial_hazard_overlay,capacity_reduction,30,1.0,0.0,66.42,78.74,0.3048,48.41,53.48,66.42,66.42,scaffold-only,"Engineering-only pilot output for quasi-real decision-support method review (non-publication, non-acceptance, non-operational); not publication evidence, not final-study evidence, not formal acceptance evidence, not calibrated real-world results, and not an operational route plan or forecast. Base profile scope: Pilot full bus-practical graph output for graph-scale feasibility review; not calibrated real-world results or an operational forecast."
songpa_public_demo,cached_graphml:data/cache/pilot_region_road.graphml,lastmile_capacity_mild,multimodal,songpa_spatial_feeder_east,spatial_hazard_overlay,capacity_reduction,30,1.0,0.0,41.42,43.77,0.5483,31.42,41.42,41.42,41.42,scaffold-only,"Engineering-only pilot output for quasi-real decision-support method review (non-publication, non-acceptance, non-operational); not publication evidence, not final-study evidence, not formal acceptance evidence, not calibrated real-world results, and not an operational route plan or forecast. Base profile scope: Pilot full bus-practical graph output for graph-scale feasibility review; not calibrated real-world results or an operational forecast."
songpa_public_demo,cached_graphml:data/cache/pilot_region_road.graphml,lastmile_capacity_moderate,multimodal,songpa_spatial_feeder_east,spatial_hazard_overlay,capacity_reduction,30,1.0,0.0,41.42,43.77,0.5483,31.42,41.42,41.42,41.42,scaffold-only,"Engineering-only pilot output for quasi-real decision-support method review (non-publication, non-acceptance, non-operational); not publication evidence, not final-study evidence, not formal acceptance evidence, not calibrated real-world results, and not an operational route plan or forecast. Base profile scope: Pilot full bus-practical graph output for graph-scale feasibility review; not calibrated real-world results or an operational forecast."
songpa_public_demo,cached_graphml:data/cache/pilot_region_road.graphml,lastmile_capacity_severe,multimodal,songpa_spatial_feeder_east,spatial_hazard_overlay,capacity_reduction,30,1.0,0.0,46.51,45.19,0.5311,31.42,41.42,41.42,41.42,scaffold-only,"Engineering-only pilot output for quasi-real decision-support method review (non-publication, non-acceptance, non-operational); not publication evidence, not final-study evidence, not formal acceptance evidence, not calibrated real-world results, and not an operational route plan or forecast. Base profile scope: Pilot full bus-practical graph output for graph-scale feasibility review; not calibrated real-world results or an operational forecast."
songpa_public_demo,cached_graphml:data/cache/pilot_region_road.graphml,moderate_congestion_multimodal,multimodal,songpa_spatial_feeder_east,spatial_hazard_overlay,capacity_reduction,30,1.0,0.0,46.96,48.22,0.4977,31.83,41.83,46.96,46.96,scaffold-only,"Engineering-only pilot output for quasi-real decision-support method review (non-publication, non-acceptance, non-operational); not publication evidence, not final-study evidence, not formal acceptance evidence, not calibrated real-world results, and not an operational route plan or forecast. Base profile scope: Pilot full bus-practical graph output for graph-scale feasibility review; not calibrated real-world results or an operational forecast."
songpa_public_demo,cached_graphml:data/cache/pilot_region_road.graphml,multimodal_increased_feeder_capacity,multimodal,songpa_spatial_feeder_east,spatial_hazard_overlay,capacity_reduction,30,1.0,0.0,46.51,45.19,0.5311,31.42,41.42,46.51,46.51,scaffold-only,"Engineering-only pilot output for quasi-real decision-support method review (non-publication, non-acceptance, non-operational); not publication evidence, not final-study evidence, not formal acceptance evidence, not calibrated real-world results, and not an operational route plan or forecast. Base profile scope: Pilot full bus-practical graph output for graph-scale feasibility review; not calibrated real-world results or an operational forecast."
songpa_public_demo,cached_graphml:data/cache/pilot_region_road.graphml,multimodal_lastmile_redundancy,multimodal,songpa_spatial_feeder_east,spatial_hazard_overlay,capacity_reduction,30,1.0,0.0,46.42,45.19,0.5311,31.42,41.42,46.42,46.42,scaffold-only,"Engineering-only pilot output for quasi-real decision-support method review (non-publication, non-acceptance, non-operational); not publication evidence, not final-study evidence, not formal acceptance evidence, not calibrated real-world results, and not an operational route plan or forecast. Base profile scope: Pilot full bus-practical graph output for graph-scale feasibility review; not calibrated real-world results or an operational forecast."
songpa_public_demo,cached_graphml:data/cache/pilot_region_road.graphml,peak_congestion_multimodal,multimodal,songpa_spatial_feeder_east,spatial_hazard_overlay,capacity_reduction,30,0.24,18.13,5640.0,433.24,0.0136,inf,inf,inf,inf,scaffold-only,"Engineering-only pilot output for quasi-real decision-support method review (non-publication, non-acceptance, non-operational); not publication evidence, not final-study evidence, not formal acceptance evidence, not calibrated real-world results, and not an operational route plan or forecast. Base profile scope: Pilot full bus-practical graph output for graph-scale feasibility review; not calibrated real-world results or an operational forecast."
songpa_public_demo,cached_graphml:data/cache/pilot_region_road.graphml,rail_delay_or_partial_unavailability,multimodal,songpa_spatial_feeder_east,spatial_hazard_overlay,capacity_reduction,30,1.0,0.0,57.47,35.44,0.6772,46.42,51.42,57.47,57.47,scaffold-only,"Engineering-only pilot output for quasi-real decision-support method review (non-publication, non-acceptance, non-operational); not publication evidence, not final-study evidence, not formal acceptance evidence, not calibrated real-world results, and not an operational route plan or forecast. Base profile scope: Pilot full bus-practical graph output for graph-scale feasibility review; not calibrated real-world results or an operational forecast."
songpa_public_demo,cached_graphml:data/cache/pilot_region_road.graphml,severe_congestion_multimodal,multimodal,songpa_spatial_feeder_east,spatial_hazard_overlay,capacity_reduction,30,1.0,0.0,128.21,218.48,0.1098,81.77,92.09,128.21,128.21,scaffold-only,"Engineering-only pilot output for quasi-real decision-support method review (non-publication, non-acceptance, non-operational); not publication evidence, not final-study evidence, not formal acceptance evidence, not calibrated real-world results, and not an operational route plan or forecast. Base profile scope: Pilot full bus-practical graph output for graph-scale feasibility review; not calibrated real-world results or an operational forecast."
songpa_public_demo,cached_graphml:data/cache/pilot_region_road.graphml,staggered_or_adaptive_dispatch,multimodal,songpa_spatial_feeder_east,spatial_hazard_overlay,capacity_reduction,30,1.0,0.0,54.45,58.19,0.4124,38.42,46.42,54.45,54.45,scaffold-only,"Engineering-only pilot output for quasi-real decision-support method review (non-publication, non-acceptance, non-operational); not publication evidence, not final-study evidence, not formal acceptance evidence, not calibrated real-world results, and not an operational route plan or forecast. Base profile scope: Pilot full bus-practical graph output for graph-scale feasibility review; not calibrated real-world results or an operational forecast."
songpa_public_demo,cached_graphml:data/cache/pilot_region_road.graphml,transfer_stress_extreme,multimodal,songpa_spatial_feeder_east,spatial_hazard_overlay,capacity_reduction,30,1.0,0.0,167.47,45.19,0.5311,156.42,161.42,167.47,167.47,scaffold-only,"Engineering-only pilot output for quasi-real decision-support method review (non-publication, non-acceptance, non-operational); not publication evidence, not final-study evidence, not formal acceptance evidence, not calibrated real-world results, and not an operational route plan or forecast. Base profile scope: Pilot full bus-practical graph output for graph-scale feasibility review; not calibrated real-world results or an operational forecast."
songpa_public_demo,cached_graphml:data/cache/pilot_region_road.graphml,transfer_stress_mild,multimodal,songpa_spatial_feeder_east,spatial_hazard_overlay,capacity_reduction,30,1.0,0.0,71.51,45.19,0.5311,56.42,66.42,71.51,71.51,scaffold-only,"Engineering-only pilot output for quasi-real decision-support method review (non-publication, non-acceptance, non-operational); not publication evidence, not final-study evidence, not formal acceptance evidence, not calibrated real-world results, and not an operational route plan or forecast. Base profile scope: Pilot full bus-practical graph output for graph-scale feasibility review; not calibrated real-world results or an operational forecast."
songpa_public_demo,cached_graphml:data/cache/pilot_region_road.graphml,transfer_stress_moderate,multimodal,songpa_spatial_feeder_east,spatial_hazard_overlay,capacity_reduction,30,1.0,0.0,96.51,45.19,0.5311,81.42,91.42,96.51,96.51,scaffold-only,"Engineering-only pilot output for quasi-real decision-support method review (non-publication, non-acceptance, non-operational); not publication evidence, not final-study evidence, not formal acceptance evidence, not calibrated real-world results, and not an operational route plan or forecast. Base profile scope: Pilot full bus-practical graph output for graph-scale feasibility review; not calibrated real-world results or an operational forecast."
songpa_public_demo,cached_graphml:data/cache/pilot_region_road.graphml,transfer_stress_severe,multimodal,songpa_spatial_feeder_east,spatial_hazard_overlay,capacity_reduction,30,1.0,0.0,127.47,45.19,0.5311,116.42,121.42,127.47,127.47,scaffold-only,"Engineering-only pilot output for quasi-real decision-support method review (non-publication, non-acceptance, non-operational); not publication evidence, not final-study evidence, not formal acceptance evidence, not calibrated real-world results, and not an operational route plan or forecast. Base profile scope: Pilot full bus-practical graph output for graph-scale feasibility review; not calibrated real-world results or an operational forecast."
songpa_public_demo,cached_graphml:data/cache/pilot_region_road.graphml,bus_only,bus_only,songpa_spatial_lastmile_west,spatial_hazard_overlay,capacity_reduction,30,1.0,0.0,19.84,14.54,1.6506,9.86,14.84,19.84,19.84,scaffold-only,"Engineering-only pilot output for quasi-real decision-support method review (non-publication, non-acceptance, non-operational); not publication evidence, not final-study evidence, not formal acceptance evidence, not calibrated real-world results, and not an operational route plan or forecast. Base profile scope: Pilot full bus-practical graph output for graph-scale feasibility review; not calibrated real-world results or an operational forecast."
songpa_public_demo,cached_graphml:data/cache/pilot_region_road.graphml,heavy_congestion_bus,bus_only,songpa_spatial_lastmile_west,spatial_hazard_overlay,capacity_reduction,30,1.0,0.0,28.45,40.23,0.5967,18.39,23.38,28.45,28.45,scaffold-only,"Engineering-only pilot output for quasi-real decision-support method review (non-publication, non-acceptance, non-operational); not publication evidence, not final-study evidence, not formal acceptance evidence, not calibrated real-world results, and not an operational route plan or forecast. Base profile scope: Pilot full bus-practical graph output for graph-scale feasibility review; not calibrated real-world results or an operational forecast."
songpa_public_demo,cached_graphml:data/cache/pilot_region_road.graphml,moderate_congestion_bus,bus_only,songpa_spatial_lastmile_west,spatial_hazard_overlay,capacity_reduction,30,1.0,0.0,20.51,16.56,1.4497,10.52,15.53,20.51,20.51,scaffold-only,"Engineering-only pilot output for quasi-real decision-support method review (non-publication, non-acceptance, non-operational); not publication evidence, not final-study evidence, not formal acceptance evidence, not calibrated real-world results, and not an operational route plan or forecast. Base profile scope: Pilot full bus-practical graph output for graph-scale feasibility review; not calibrated real-world results or an operational forecast."
songpa_public_demo,cached_graphml:data/cache/pilot_region_road.graphml,peak_congestion_bus,bus_only,songpa_spatial_lastmile_west,spatial_hazard_overlay,capacity_reduction,30,1.0,0.0,155.09,417.78,0.0575,143.77,148.93,155.09,155.09,scaffold-only,"Engineering-only pilot output for quasi-real decision-support method review (non-publication, non-acceptance, non-operational); not publication evidence, not final-study evidence, not formal acceptance evidence, not calibrated real-world results, and not an operational route plan or forecast. Base profile scope: Pilot full bus-practical graph output for graph-scale feasibility review; not calibrated real-world results or an operational forecast."
songpa_public_demo,cached_graphml:data/cache/pilot_region_road.graphml,severe_congestion_bus,bus_only,songpa_spatial_lastmile_west,spatial_hazard_overlay,capacity_reduction,30,1.0,0.0,62.75,142.56,0.1684,52.46,57.36,62.75,62.75,scaffold-only,"Engineering-only pilot output for quasi-real decision-support method review (non-publication, non-acceptance, non-operational); not publication evidence, not final-study evidence, not formal acceptance evidence, not calibrated real-world results, and not an operational route plan or forecast. Base profile scope: Pilot full bus-practical graph output for graph-scale feasibility review; not calibrated real-world results or an operational forecast."
songpa_public_demo,cached_graphml:data/cache/pilot_region_road.graphml,baseline_multimodal,multimodal,songpa_spatial_lastmile_west,spatial_hazard_overlay,capacity_reduction,30,1.0,0.0,46.51,45.09,0.5323,31.42,41.42,46.51,46.51,scaffold-only,"Engineering-only pilot output for quasi-real decision-support method review (non-publication, non-acceptance, non-operational); not publication evidence, not final-study evidence, not formal acceptance evidence, not calibrated real-world results, and not an operational route plan or forecast. Base profile scope: Pilot full bus-practical graph output for graph-scale feasibility review; not calibrated real-world results or an operational forecast."
songpa_public_demo,cached_graphml:data/cache/pilot_region_road.graphml,fleet_shortage_severe,multimodal,songpa_spatial_lastmile_west,spatial_hazard_overlay,capacity_reduction,30,1.0,0.0,52.79,58.09,0.4132,31.42,42.52,52.79,52.79,scaffold-only,"Engineering-only pilot output for quasi-real decision-support method review (non-publication, non-acceptance, non-operational); not publication evidence, not final-study evidence, not formal acceptance evidence, not calibrated real-world results, and not an operational route plan or forecast. Base profile scope: Pilot full bus-practical graph output for graph-scale feasibility review; not calibrated real-world results or an operational forecast."
songpa_public_demo,cached_graphml:data/cache/pilot_region_road.graphml,fleet_shortage_stress,multimodal,songpa_spatial_lastmile_west,spatial_hazard_overlay,capacity_reduction,30,1.0,0.0,46.51,45.09,0.5323,31.42,41.42,46.51,46.51,scaffold-only,"Engineering-only pilot output for quasi-real decision-support method review (non-publication, non-acceptance, non-operational); not publication evidence, not final-study evidence, not formal acceptance evidence, not calibrated real-world results, and not an operational route plan or forecast. Base profile scope: Pilot full bus-practical graph output for graph-scale feasibility review; not calibrated real-world results or an operational forecast."
songpa_public_demo,cached_graphml:data/cache/pilot_region_road.graphml,heavy_congestion_multimodal,multimodal,songpa_spatial_lastmile_west,spatial_hazard_overlay,capacity_reduction,30,1.0,0.0,56.45,83.48,0.2875,38.4,48.37,56.45,56.45,scaffold-only,"Engineering-only pilot output for quasi-real decision-support method review (non-publication, non-acceptance, non-operational); not publication evidence, not final-study evidence, not formal acceptance evidence, not calibrated real-world results, and not an operational route plan or forecast. Base profile scope: Pilot full bus-practical graph output for graph-scale feasibility review; not calibrated real-world results or an operational forecast."
songpa_public_demo,cached_graphml:data/cache/pilot_region_road.graphml,lastmile_capacity_mild,multimodal,songpa_spatial_lastmile_west,spatial_hazard_overlay,capacity_reduction,30,1.0,0.0,41.42,43.67,0.5495,31.42,41.42,41.42,41.42,scaffold-only,"Engineering-only pilot output for quasi-real decision-support method review (non-publication, non-acceptance, non-operational); not publication evidence, not final-study evidence, not formal acceptance evidence, not calibrated real-world results, and not an operational route plan or forecast. Base profile scope: Pilot full bus-practical graph output for graph-scale feasibility review; not calibrated real-world results or an operational forecast."
songpa_public_demo,cached_graphml:data/cache/pilot_region_road.graphml,lastmile_capacity_moderate,multimodal,songpa_spatial_lastmile_west,spatial_hazard_overlay,capacity_reduction,30,1.0,0.0,41.42,43.67,0.5495,31.42,41.42,41.42,41.42,scaffold-only,"Engineering-only pilot output for quasi-real decision-support method review (non-publication, non-acceptance, non-operational); not publication evidence, not final-study evidence, not formal acceptance evidence, not calibrated real-world results, and not an operational route plan or forecast. Base profile scope: Pilot full bus-practical graph output for graph-scale feasibility review; not calibrated real-world results or an operational forecast."
songpa_public_demo,cached_graphml:data/cache/pilot_region_road.graphml,lastmile_capacity_severe,multimodal,songpa_spatial_lastmile_west,spatial_hazard_overlay,capacity_reduction,30,1.0,0.0,46.51,45.09,0.5323,31.42,41.42,41.42,41.42,scaffold-only,"Engineering-only pilot output for quasi-real decision-support method review (non-publication, non-acceptance, non-operational); not publication evidence, not final-study evidence, not formal acceptance evidence, not calibrated real-world results, and not an operational route plan or forecast. Base profile scope: Pilot full bus-practical graph output for graph-scale feasibility review; not calibrated real-world results or an operational forecast."
songpa_public_demo,cached_graphml:data/cache/pilot_region_road.graphml,moderate_congestion_multimodal,multimodal,songpa_spatial_lastmile_west,spatial_hazard_overlay,capacity_reduction,30,1.0,0.0,46.96,46.6,0.5151,31.83,41.83,46.96,46.96,scaffold-only,"Engineering-only pilot output for quasi-real decision-support method review (non-publication, non-acceptance, non-operational); not publication evidence, not final-study evidence, not formal acceptance evidence, not calibrated real-world results, and not an operational route plan or forecast. Base profile scope: Pilot full bus-practical graph output for graph-scale feasibility review; not calibrated real-world results or an operational forecast."
songpa_public_demo,cached_graphml:data/cache/pilot_region_road.graphml,multimodal_increased_feeder_capacity,multimodal,songpa_spatial_lastmile_west,spatial_hazard_overlay,capacity_reduction,30,1.0,0.0,46.51,45.09,0.5323,31.42,41.42,46.51,46.51,scaffold-only,"Engineering-only pilot output for quasi-real decision-support method review (non-publication, non-acceptance, non-operational); not publication evidence, not final-study evidence, not formal acceptance evidence, not calibrated real-world results, and not an operational route plan or forecast. Base profile scope: Pilot full bus-practical graph output for graph-scale feasibility review; not calibrated real-world results or an operational forecast."
songpa_public_demo,cached_graphml:data/cache/pilot_region_road.graphml,multimodal_lastmile_redundancy,multimodal,songpa_spatial_lastmile_west,spatial_hazard_overlay,capacity_reduction,30,1.0,0.0,46.42,45.09,0.5323,31.42,41.42,46.42,46.42,scaffold-only,"Engineering-only pilot output for quasi-real decision-support method review (non-publication, non-acceptance, non-operational); not publication evidence, not final-study evidence, not formal acceptance evidence, not calibrated real-world results, and not an operational route plan or forecast. Base profile scope: Pilot full bus-practical graph output for graph-scale feasibility review; not calibrated real-world results or an operational forecast."
songpa_public_demo,cached_graphml:data/cache/pilot_region_road.graphml,peak_congestion_multimodal,multimodal,songpa_spatial_lastmile_west,spatial_hazard_overlay,capacity_reduction,30,0.67,8.0,2600.0,450.08,0.0356,168.03,172.72,177.41,177.41,scaffold-only,"Engineering-only pilot output for quasi-real decision-support method review (non-publication, non-acceptance, non-operational); not publication evidence, not final-study evidence, not formal acceptance evidence, not calibrated real-world results, and not an operational route plan or forecast. Base profile scope: Pilot full bus-practical graph output for graph-scale feasibility review; not calibrated real-world results or an operational forecast."
songpa_public_demo,cached_graphml:data/cache/pilot_region_road.graphml,rail_delay_or_partial_unavailability,multimodal,songpa_spatial_lastmile_west,spatial_hazard_overlay,capacity_reduction,30,1.0,0.0,57.47,35.34,0.6792,46.42,51.42,57.47,57.47,scaffold-only,"Engineering-only pilot output for quasi-real decision-support method review (non-publication, non-acceptance, non-operational); not publication evidence, not final-study evidence, not formal acceptance evidence, not calibrated real-world results, and not an operational route plan or forecast. Base profile scope: Pilot full bus-practical graph output for graph-scale feasibility review; not calibrated real-world results or an operational forecast."
songpa_public_demo,cached_graphml:data/cache/pilot_region_road.graphml,severe_congestion_multimodal,multimodal,songpa_spatial_lastmile_west,spatial_hazard_overlay,capacity_reduction,30,1.0,0.0,123.05,173.47,0.1384,76.75,81.57,123.05,123.05,scaffold-only,"Engineering-only pilot output for quasi-real decision-support method review (non-publication, non-acceptance, non-operational); not publication evidence, not final-study evidence, not formal acceptance evidence, not calibrated real-world results, and not an operational route plan or forecast. Base profile scope: Pilot full bus-practical graph output for graph-scale feasibility review; not calibrated real-world results or an operational forecast."
songpa_public_demo,cached_graphml:data/cache/pilot_region_road.graphml,staggered_or_adaptive_dispatch,multimodal,songpa_spatial_lastmile_west,spatial_hazard_overlay,capacity_reduction,30,1.0,0.0,54.45,58.09,0.4132,38.42,46.42,54.45,54.45,scaffold-only,"Engineering-only pilot output for quasi-real decision-support method review (non-publication, non-acceptance, non-operational); not publication evidence, not final-study evidence, not formal acceptance evidence, not calibrated real-world results, and not an operational route plan or forecast. Base profile scope: Pilot full bus-practical graph output for graph-scale feasibility review; not calibrated real-world results or an operational forecast."
songpa_public_demo,cached_graphml:data/cache/pilot_region_road.graphml,transfer_stress_extreme,multimodal,songpa_spatial_lastmile_west,spatial_hazard_overlay,capacity_reduction,30,1.0,0.0,167.47,45.09,0.5323,156.42,161.42,167.47,167.47,scaffold-only,"Engineering-only pilot output for quasi-real decision-support method review (non-publication, non-acceptance, non-operational); not publication evidence, not final-study evidence, not formal acceptance evidence, not calibrated real-world results, and not an operational route plan or forecast. Base profile scope: Pilot full bus-practical graph output for graph-scale feasibility review; not calibrated real-world results or an operational forecast."
songpa_public_demo,cached_graphml:data/cache/pilot_region_road.graphml,transfer_stress_mild,multimodal,songpa_spatial_lastmile_west,spatial_hazard_overlay,capacity_reduction,30,1.0,0.0,71.51,45.09,0.5323,56.42,66.42,71.51,71.51,scaffold-only,"Engineering-only pilot output for quasi-real decision-support method review (non-publication, non-acceptance, non-operational); not publication evidence, not final-study evidence, not formal acceptance evidence, not calibrated real-world results, and not an operational route plan or forecast. Base profile scope: Pilot full bus-practical graph output for graph-scale feasibility review; not calibrated real-world results or an operational forecast."
songpa_public_demo,cached_graphml:data/cache/pilot_region_road.graphml,transfer_stress_moderate,multimodal,songpa_spatial_lastmile_west,spatial_hazard_overlay,capacity_reduction,30,1.0,0.0,96.51,45.09,0.5323,81.42,91.42,96.51,96.51,scaffold-only,"Engineering-only pilot output for quasi-real decision-support method review (non-publication, non-acceptance, non-operational); not publication evidence, not final-study evidence, not formal acceptance evidence, not calibrated real-world results, and not an operational route plan or forecast. Base profile scope: Pilot full bus-practical graph output for graph-scale feasibility review; not calibrated real-world results or an operational forecast."
songpa_public_demo,cached_graphml:data/cache/pilot_region_road.graphml,transfer_stress_severe,multimodal,songpa_spatial_lastmile_west,spatial_hazard_overlay,capacity_reduction,30,1.0,0.0,127.47,45.09,0.5323,116.42,121.42,127.47,127.47,scaffold-only,"Engineering-only pilot output for quasi-real decision-support method review (non-publication, non-acceptance, non-operational); not publication evidence, not final-study evidence, not formal acceptance evidence, not calibrated real-world results, and not an operational route plan or forecast. Base profile scope: Pilot full bus-practical graph output for graph-scale feasibility review; not calibrated real-world results or an operational forecast."
songpa_public_demo,cached_graphml:data/cache/pilot_region_road.graphml,bus_only,bus_only,songpa_spatial_tancheon_corridor,spatial_hazard_overlay,capacity_reduction,30,1.0,0.0,20.01,15.07,1.593,10.02,15.03,20.01,20.01,scaffold-only,"Engineering-only pilot output for quasi-real decision-support method review (non-publication, non-acceptance, non-operational); not publication evidence, not final-study evidence, not formal acceptance evidence, not calibrated real-world results, and not an operational route plan or forecast. Base profile scope: Pilot full bus-practical graph output for graph-scale feasibility review; not calibrated real-world results or an operational forecast."
songpa_public_demo,cached_graphml:data/cache/pilot_region_road.graphml,heavy_congestion_bus,bus_only,songpa_spatial_tancheon_corridor,spatial_hazard_overlay,capacity_reduction,30,1.0,0.0,28.45,40.23,0.5967,18.39,23.38,28.45,28.45,scaffold-only,"Engineering-only pilot output for quasi-real decision-support method review (non-publication, non-acceptance, non-operational); not publication evidence, not final-study evidence, not formal acceptance evidence, not calibrated real-world results, and not an operational route plan or forecast. Base profile scope: Pilot full bus-practical graph output for graph-scale feasibility review; not calibrated real-world results or an operational forecast."
songpa_public_demo,cached_graphml:data/cache/pilot_region_road.graphml,moderate_congestion_bus,bus_only,songpa_spatial_tancheon_corridor,spatial_hazard_overlay,capacity_reduction,30,1.0,0.0,20.51,16.56,1.4497,10.52,15.53,20.51,20.51,scaffold-only,"Engineering-only pilot output for quasi-real decision-support method review (non-publication, non-acceptance, non-operational); not publication evidence, not final-study evidence, not formal acceptance evidence, not calibrated real-world results, and not an operational route plan or forecast. Base profile scope: Pilot full bus-practical graph output for graph-scale feasibility review; not calibrated real-world results or an operational forecast."
songpa_public_demo,cached_graphml:data/cache/pilot_region_road.graphml,peak_congestion_bus,bus_only,songpa_spatial_tancheon_corridor,spatial_hazard_overlay,capacity_reduction,30,1.0,0.0,155.09,417.78,0.0575,143.77,148.93,155.09,155.09,scaffold-only,"Engineering-only pilot output for quasi-real decision-support method review (non-publication, non-acceptance, non-operational); not publication evidence, not final-study evidence, not formal acceptance evidence, not calibrated real-world results, and not an operational route plan or forecast. Base profile scope: Pilot full bus-practical graph output for graph-scale feasibility review; not calibrated real-world results or an operational forecast."
songpa_public_demo,cached_graphml:data/cache/pilot_region_road.graphml,severe_congestion_bus,bus_only,songpa_spatial_tancheon_corridor,spatial_hazard_overlay,capacity_reduction,30,1.0,0.0,62.75,142.56,0.1684,52.46,57.36,62.75,62.75,scaffold-only,"Engineering-only pilot output for quasi-real decision-support method review (non-publication, non-acceptance, non-operational); not publication evidence, not final-study evidence, not formal acceptance evidence, not calibrated real-world results, and not an operational route plan or forecast. Base profile scope: Pilot full bus-practical graph output for graph-scale feasibility review; not calibrated real-world results or an operational forecast."
songpa_public_demo,cached_graphml:data/cache/pilot_region_road.graphml,baseline_multimodal,multimodal,songpa_spatial_tancheon_corridor,spatial_hazard_overlay,capacity_reduction,30,1.0,0.0,46.51,45.09,0.5323,31.42,41.42,46.51,46.51,scaffold-only,"Engineering-only pilot output for quasi-real decision-support method review (non-publication, non-acceptance, non-operational); not publication evidence, not final-study evidence, not formal acceptance evidence, not calibrated real-world results, and not an operational route plan or forecast. Base profile scope: Pilot full bus-practical graph output for graph-scale feasibility review; not calibrated real-world results or an operational forecast."
songpa_public_demo,cached_graphml:data/cache/pilot_region_road.graphml,fleet_shortage_severe,multimodal,songpa_spatial_tancheon_corridor,spatial_hazard_overlay,capacity_reduction,30,1.0,0.0,52.79,58.09,0.4132,31.42,42.52,52.79,52.79,scaffold-only,"Engineering-only pilot output for quasi-real decision-support method review (non-publication, non-acceptance, non-operational); not publication evidence, not final-study evidence, not formal acceptance evidence, not calibrated real-world results, and not an operational route plan or forecast. Base profile scope: Pilot full bus-practical graph output for graph-scale feasibility review; not calibrated real-world results or an operational forecast."
songpa_public_demo,cached_graphml:data/cache/pilot_region_road.graphml,fleet_shortage_stress,multimodal,songpa_spatial_tancheon_corridor,spatial_hazard_overlay,capacity_reduction,30,1.0,0.0,46.51,45.09,0.5323,31.42,41.42,46.51,46.51,scaffold-only,"Engineering-only pilot output for quasi-real decision-support method review (non-publication, non-acceptance, non-operational); not publication evidence, not final-study evidence, not formal acceptance evidence, not calibrated real-world results, and not an operational route plan or forecast. Base profile scope: Pilot full bus-practical graph output for graph-scale feasibility review; not calibrated real-world results or an operational forecast."
songpa_public_demo,cached_graphml:data/cache/pilot_region_road.graphml,heavy_congestion_multimodal,multimodal,songpa_spatial_tancheon_corridor,spatial_hazard_overlay,capacity_reduction,30,1.0,0.0,56.45,83.48,0.2875,38.4,48.37,56.45,56.45,scaffold-only,"Engineering-only pilot output for quasi-real decision-support method review (non-publication, non-acceptance, non-operational); not publication evidence, not final-study evidence, not formal acceptance evidence, not calibrated real-world results, and not an operational route plan or forecast. Base profile scope: Pilot full bus-practical graph output for graph-scale feasibility review; not calibrated real-world results or an operational forecast."
songpa_public_demo,cached_graphml:data/cache/pilot_region_road.graphml,lastmile_capacity_mild,multimodal,songpa_spatial_tancheon_corridor,spatial_hazard_overlay,capacity_reduction,30,1.0,0.0,41.42,43.67,0.5495,31.42,41.42,41.42,41.42,scaffold-only,"Engineering-only pilot output for quasi-real decision-support method review (non-publication, non-acceptance, non-operational); not publication evidence, not final-study evidence, not formal acceptance evidence, not calibrated real-world results, and not an operational route plan or forecast. Base profile scope: Pilot full bus-practical graph output for graph-scale feasibility review; not calibrated real-world results or an operational forecast."
songpa_public_demo,cached_graphml:data/cache/pilot_region_road.graphml,lastmile_capacity_moderate,multimodal,songpa_spatial_tancheon_corridor,spatial_hazard_overlay,capacity_reduction,30,1.0,0.0,41.42,43.67,0.5495,31.42,41.42,41.42,41.42,scaffold-only,"Engineering-only pilot output for quasi-real decision-support method review (non-publication, non-acceptance, non-operational); not publication evidence, not final-study evidence, not formal acceptance evidence, not calibrated real-world results, and not an operational route plan or forecast. Base profile scope: Pilot full bus-practical graph output for graph-scale feasibility review; not calibrated real-world results or an operational forecast."
songpa_public_demo,cached_graphml:data/cache/pilot_region_road.graphml,lastmile_capacity_severe,multimodal,songpa_spatial_tancheon_corridor,spatial_hazard_overlay,capacity_reduction,30,1.0,0.0,46.51,45.09,0.5323,31.42,41.42,41.42,41.42,scaffold-only,"Engineering-only pilot output for quasi-real decision-support method review (non-publication, non-acceptance, non-operational); not publication evidence, not final-study evidence, not formal acceptance evidence, not calibrated real-world results, and not an operational route plan or forecast. Base profile scope: Pilot full bus-practical graph output for graph-scale feasibility review; not calibrated real-world results or an operational forecast."
songpa_public_demo,cached_graphml:data/cache/pilot_region_road.graphml,moderate_congestion_multimodal,multimodal,songpa_spatial_tancheon_corridor,spatial_hazard_overlay,capacity_reduction,30,1.0,0.0,46.96,46.6,0.5151,31.83,41.83,46.96,46.96,scaffold-only,"Engineering-only pilot output for quasi-real decision-support method review (non-publication, non-acceptance, non-operational); not publication evidence, not final-study evidence, not formal acceptance evidence, not calibrated real-world results, and not an operational route plan or forecast. Base profile scope: Pilot full bus-practical graph output for graph-scale feasibility review; not calibrated real-world results or an operational forecast."
songpa_public_demo,cached_graphml:data/cache/pilot_region_road.graphml,multimodal_increased_feeder_capacity,multimodal,songpa_spatial_tancheon_corridor,spatial_hazard_overlay,capacity_reduction,30,1.0,0.0,46.51,45.09,0.5323,31.42,41.42,46.51,46.51,scaffold-only,"Engineering-only pilot output for quasi-real decision-support method review (non-publication, non-acceptance, non-operational); not publication evidence, not final-study evidence, not formal acceptance evidence, not calibrated real-world results, and not an operational route plan or forecast. Base profile scope: Pilot full bus-practical graph output for graph-scale feasibility review; not calibrated real-world results or an operational forecast."
songpa_public_demo,cached_graphml:data/cache/pilot_region_road.graphml,multimodal_lastmile_redundancy,multimodal,songpa_spatial_tancheon_corridor,spatial_hazard_overlay,capacity_reduction,30,1.0,0.0,46.42,45.09,0.5323,31.42,41.42,46.42,46.42,scaffold-only,"Engineering-only pilot output for quasi-real decision-support method review (non-publication, non-acceptance, non-operational); not publication evidence, not final-study evidence, not formal acceptance evidence, not calibrated real-world results, and not an operational route plan or forecast. Base profile scope: Pilot full bus-practical graph output for graph-scale feasibility review; not calibrated real-world results or an operational forecast."
songpa_public_demo,cached_graphml:data/cache/pilot_region_road.graphml,peak_congestion_multimodal,multimodal,songpa_spatial_tancheon_corridor,spatial_hazard_overlay,capacity_reduction,30,0.67,8.0,2600.0,450.08,0.0356,168.03,172.72,177.41,177.41,scaffold-only,"Engineering-only pilot output for quasi-real decision-support method review (non-publication, non-acceptance, non-operational); not publication evidence, not final-study evidence, not formal acceptance evidence, not calibrated real-world results, and not an operational route plan or forecast. Base profile scope: Pilot full bus-practical graph output for graph-scale feasibility review; not calibrated real-world results or an operational forecast."
songpa_public_demo,cached_graphml:data/cache/pilot_region_road.graphml,rail_delay_or_partial_unavailability,multimodal,songpa_spatial_tancheon_corridor,spatial_hazard_overlay,capacity_reduction,30,1.0,0.0,57.47,35.34,0.6792,46.42,51.42,57.47,57.47,scaffold-only,"Engineering-only pilot output for quasi-real decision-support method review (non-publication, non-acceptance, non-operational); not publication evidence, not final-study evidence, not formal acceptance evidence, not calibrated real-world results, and not an operational route plan or forecast. Base profile scope: Pilot full bus-practical graph output for graph-scale feasibility review; not calibrated real-world results or an operational forecast."
songpa_public_demo,cached_graphml:data/cache/pilot_region_road.graphml,severe_congestion_multimodal,multimodal,songpa_spatial_tancheon_corridor,spatial_hazard_overlay,capacity_reduction,30,1.0,0.0,123.05,173.47,0.1384,76.75,81.57,123.05,123.05,scaffold-only,"Engineering-only pilot output for quasi-real decision-support method review (non-publication, non-acceptance, non-operational); not publication evidence, not final-study evidence, not formal acceptance evidence, not calibrated real-world results, and not an operational route plan or forecast. Base profile scope: Pilot full bus-practical graph output for graph-scale feasibility review; not calibrated real-world results or an operational forecast."
songpa_public_demo,cached_graphml:data/cache/pilot_region_road.graphml,staggered_or_adaptive_dispatch,multimodal,songpa_spatial_tancheon_corridor,spatial_hazard_overlay,capacity_reduction,30,1.0,0.0,54.45,58.09,0.4132,38.42,46.42,54.45,54.45,scaffold-only,"Engineering-only pilot output for quasi-real decision-support method review (non-publication, non-acceptance, non-operational); not publication evidence, not final-study evidence, not formal acceptance evidence, not calibrated real-world results, and not an operational route plan or forecast. Base profile scope: Pilot full bus-practical graph output for graph-scale feasibility review; not calibrated real-world results or an operational forecast."
songpa_public_demo,cached_graphml:data/cache/pilot_region_road.graphml,transfer_stress_extreme,multimodal,songpa_spatial_tancheon_corridor,spatial_hazard_overlay,capacity_reduction,30,1.0,0.0,167.47,45.09,0.5323,156.42,161.42,167.47,167.47,scaffold-only,"Engineering-only pilot output for quasi-real decision-support method review (non-publication, non-acceptance, non-operational); not publication evidence, not final-study evidence, not formal acceptance evidence, not calibrated real-world results, and not an operational route plan or forecast. Base profile scope: Pilot full bus-practical graph output for graph-scale feasibility review; not calibrated real-world results or an operational forecast."
songpa_public_demo,cached_graphml:data/cache/pilot_region_road.graphml,transfer_stress_mild,multimodal,songpa_spatial_tancheon_corridor,spatial_hazard_overlay,capacity_reduction,30,1.0,0.0,71.51,45.09,0.5323,56.42,66.42,71.51,71.51,scaffold-only,"Engineering-only pilot output for quasi-real decision-support method review (non-publication, non-acceptance, non-operational); not publication evidence, not final-study evidence, not formal acceptance evidence, not calibrated real-world results, and not an operational route plan or forecast. Base profile scope: Pilot full bus-practical graph output for graph-scale feasibility review; not calibrated real-world results or an operational forecast."
songpa_public_demo,cached_graphml:data/cache/pilot_region_road.graphml,transfer_stress_moderate,multimodal,songpa_spatial_tancheon_corridor,spatial_hazard_overlay,capacity_reduction,30,1.0,0.0,96.51,45.09,0.5323,81.42,91.42,96.51,96.51,scaffold-only,"Engineering-only pilot output for quasi-real decision-support method review (non-publication, non-acceptance, non-operational); not publication evidence, not final-study evidence, not formal acceptance evidence, not calibrated real-world results, and not an operational route plan or forecast. Base profile scope: Pilot full bus-practical graph output for graph-scale feasibility review; not calibrated real-world results or an operational forecast."
songpa_public_demo,cached_graphml:data/cache/pilot_region_road.graphml,transfer_stress_severe,multimodal,songpa_spatial_tancheon_corridor,spatial_hazard_overlay,capacity_reduction,30,1.0,0.0,127.47,45.09,0.5323,116.42,121.42,127.47,127.47,scaffold-only,"Engineering-only pilot output for quasi-real decision-support method review (non-publication, non-acceptance, non-operational); not publication evidence, not final-study evidence, not formal acceptance evidence, not calibrated real-world results, and not an operational route plan or forecast. Base profile scope: Pilot full bus-practical graph output for graph-scale feasibility review; not calibrated real-world results or an operational forecast."
songpa_public_demo,cached_graphml:data/cache/pilot_region_road.graphml,bus_only,bus_only,songpa_transfer_point_blockage,spatial_hazard_overlay,capacity_reduction,30,1.0,0.0,19.84,14.54,1.6506,9.86,14.84,19.84,19.84,scaffold-only,"Engineering-only pilot output for quasi-real decision-support method review (non-publication, non-acceptance, non-operational); not publication evidence, not final-study evidence, not formal acceptance evidence, not calibrated real-world results, and not an operational route plan or forecast. Base profile scope: Pilot full bus-practical graph output for graph-scale feasibility review; not calibrated real-world results or an operational forecast."
songpa_public_demo,cached_graphml:data/cache/pilot_region_road.graphml,heavy_congestion_bus,bus_only,songpa_transfer_point_blockage,spatial_hazard_overlay,capacity_reduction,30,1.0,0.0,28.45,40.23,0.5967,18.39,23.38,28.45,28.45,scaffold-only,"Engineering-only pilot output for quasi-real decision-support method review (non-publication, non-acceptance, non-operational); not publication evidence, not final-study evidence, not formal acceptance evidence, not calibrated real-world results, and not an operational route plan or forecast. Base profile scope: Pilot full bus-practical graph output for graph-scale feasibility review; not calibrated real-world results or an operational forecast."
songpa_public_demo,cached_graphml:data/cache/pilot_region_road.graphml,moderate_congestion_bus,bus_only,songpa_transfer_point_blockage,spatial_hazard_overlay,capacity_reduction,30,1.0,0.0,20.51,16.56,1.4497,10.52,15.53,20.51,20.51,scaffold-only,"Engineering-only pilot output for quasi-real decision-support method review (non-publication, non-acceptance, non-operational); not publication evidence, not final-study evidence, not formal acceptance evidence, not calibrated real-world results, and not an operational route plan or forecast. Base profile scope: Pilot full bus-practical graph output for graph-scale feasibility review; not calibrated real-world results or an operational forecast."
songpa_public_demo,cached_graphml:data/cache/pilot_region_road.graphml,peak_congestion_bus,bus_only,songpa_transfer_point_blockage,spatial_hazard_overlay,capacity_reduction,30,1.0,0.0,155.09,417.78,0.0575,143.77,148.93,155.09,155.09,scaffold-only,"Engineering-only pilot output for quasi-real decision-support method review (non-publication, non-acceptance, non-operational); not publication evidence, not final-study evidence, not formal acceptance evidence, not calibrated real-world results, and not an operational route plan or forecast. Base profile scope: Pilot full bus-practical graph output for graph-scale feasibility review; not calibrated real-world results or an operational forecast."
songpa_public_demo,cached_graphml:data/cache/pilot_region_road.graphml,severe_congestion_bus,bus_only,songpa_transfer_point_blockage,spatial_hazard_overlay,capacity_reduction,30,1.0,0.0,62.75,142.56,0.1684,52.46,57.36,62.75,62.75,scaffold-only,"Engineering-only pilot output for quasi-real decision-support method review (non-publication, non-acceptance, non-operational); not publication evidence, not final-study evidence, not formal acceptance evidence, not calibrated real-world results, and not an operational route plan or forecast. Base profile scope: Pilot full bus-practical graph output for graph-scale feasibility review; not calibrated real-world results or an operational forecast."
songpa_public_demo,cached_graphml:data/cache/pilot_region_road.graphml,baseline_multimodal,multimodal,songpa_transfer_point_blockage,spatial_hazard_overlay,capacity_reduction,30,1.0,0.0,46.51,45.11,0.5321,31.42,41.42,46.51,46.51,scaffold-only,"Engineering-only pilot output for quasi-real decision-support method review (non-publication, non-acceptance, non-operational); not publication evidence, not final-study evidence, not formal acceptance evidence, not calibrated real-world results, and not an operational route plan or forecast. Base profile scope: Pilot full bus-practical graph output for graph-scale feasibility review; not calibrated real-world results or an operational forecast."
songpa_public_demo,cached_graphml:data/cache/pilot_region_road.graphml,fleet_shortage_severe,multimodal,songpa_transfer_point_blockage,spatial_hazard_overlay,capacity_reduction,30,1.0,0.0,52.79,58.11,0.413,31.42,42.52,52.79,52.79,scaffold-only,"Engineering-only pilot output for quasi-real decision-support method review (non-publication, non-acceptance, non-operational); not publication evidence, not final-study evidence, not formal acceptance evidence, not calibrated real-world results, and not an operational route plan or forecast. Base profile scope: Pilot full bus-practical graph output for graph-scale feasibility review; not calibrated real-world results or an operational forecast."
songpa_public_demo,cached_graphml:data/cache/pilot_region_road.graphml,fleet_shortage_stress,multimodal,songpa_transfer_point_blockage,spatial_hazard_overlay,capacity_reduction,30,1.0,0.0,46.51,45.11,0.5321,31.42,41.42,46.51,46.51,scaffold-only,"Engineering-only pilot output for quasi-real decision-support method review (non-publication, non-acceptance, non-operational); not publication evidence, not final-study evidence, not formal acceptance evidence, not calibrated real-world results, and not an operational route plan or forecast. Base profile scope: Pilot full bus-practical graph output for graph-scale feasibility review; not calibrated real-world results or an operational forecast."
songpa_public_demo,cached_graphml:data/cache/pilot_region_road.graphml,heavy_congestion_multimodal,multimodal,songpa_transfer_point_blockage,spatial_hazard_overlay,capacity_reduction,30,1.0,0.0,58.76,84.43,0.2855,40.74,49.54,58.76,58.76,scaffold-only,"Engineering-only pilot output for quasi-real decision-support method review (non-publication, non-acceptance, non-operational); not publication evidence, not final-study evidence, not formal acceptance evidence, not calibrated real-world results, and not an operational route plan or forecast. Base profile scope: Pilot full bus-practical graph output for graph-scale feasibility review; not calibrated real-world results or an operational forecast."
songpa_public_demo,cached_graphml:data/cache/pilot_region_road.graphml,lastmile_capacity_mild,multimodal,songpa_transfer_point_blockage,spatial_hazard_overlay,capacity_reduction,30,1.0,0.0,41.42,43.69,0.5494,31.42,41.42,41.42,41.42,scaffold-only,"Engineering-only pilot output for quasi-real decision-support method review (non-publication, non-acceptance, non-operational); not publication evidence, not final-study evidence, not formal acceptance evidence, not calibrated real-world results, and not an operational route plan or forecast. Base profile scope: Pilot full bus-practical graph output for graph-scale feasibility review; not calibrated real-world results or an operational forecast."
songpa_public_demo,cached_graphml:data/cache/pilot_region_road.graphml,lastmile_capacity_moderate,multimodal,songpa_transfer_point_blockage,spatial_hazard_overlay,capacity_reduction,30,1.0,0.0,41.42,43.69,0.5494,31.42,41.42,41.42,41.42,scaffold-only,"Engineering-only pilot output for quasi-real decision-support method review (non-publication, non-acceptance, non-operational); not publication evidence, not final-study evidence, not formal acceptance evidence, not calibrated real-world results, and not an operational route plan or forecast. Base profile scope: Pilot full bus-practical graph output for graph-scale feasibility review; not calibrated real-world results or an operational forecast."
songpa_public_demo,cached_graphml:data/cache/pilot_region_road.graphml,lastmile_capacity_severe,multimodal,songpa_transfer_point_blockage,spatial_hazard_overlay,capacity_reduction,30,1.0,0.0,46.51,45.11,0.5321,31.42,41.42,41.42,41.42,scaffold-only,"Engineering-only pilot output for quasi-real decision-support method review (non-publication, non-acceptance, non-operational); not publication evidence, not final-study evidence, not formal acceptance evidence, not calibrated real-world results, and not an operational route plan or forecast. Base profile scope: Pilot full bus-practical graph output for graph-scale feasibility review; not calibrated real-world results or an operational forecast."
songpa_public_demo,cached_graphml:data/cache/pilot_region_road.graphml,moderate_congestion_multimodal,multimodal,songpa_transfer_point_blockage,spatial_hazard_overlay,capacity_reduction,30,1.0,0.0,46.96,46.85,0.5123,31.83,41.83,46.96,46.96,scaffold-only,"Engineering-only pilot output for quasi-real decision-support method review (non-publication, non-acceptance, non-operational); not publication evidence, not final-study evidence, not formal acceptance evidence, not calibrated real-world results, and not an operational route plan or forecast. Base profile scope: Pilot full bus-practical graph output for graph-scale feasibility review; not calibrated real-world results or an operational forecast."
songpa_public_demo,cached_graphml:data/cache/pilot_region_road.graphml,multimodal_increased_feeder_capacity,multimodal,songpa_transfer_point_blockage,spatial_hazard_overlay,capacity_reduction,30,1.0,0.0,46.51,45.11,0.5321,31.42,41.42,46.51,46.51,scaffold-only,"Engineering-only pilot output for quasi-real decision-support method review (non-publication, non-acceptance, non-operational); not publication evidence, not final-study evidence, not formal acceptance evidence, not calibrated real-world results, and not an operational route plan or forecast. Base profile scope: Pilot full bus-practical graph output for graph-scale feasibility review; not calibrated real-world results or an operational forecast."
songpa_public_demo,cached_graphml:data/cache/pilot_region_road.graphml,multimodal_lastmile_redundancy,multimodal,songpa_transfer_point_blockage,spatial_hazard_overlay,capacity_reduction,30,1.0,0.0,46.42,45.11,0.5321,31.42,41.42,46.42,46.42,scaffold-only,"Engineering-only pilot output for quasi-real decision-support method review (non-publication, non-acceptance, non-operational); not publication evidence, not final-study evidence, not formal acceptance evidence, not calibrated real-world results, and not an operational route plan or forecast. Base profile scope: Pilot full bus-practical graph output for graph-scale feasibility review; not calibrated real-world results or an operational forecast."
songpa_public_demo,cached_graphml:data/cache/pilot_region_road.graphml,peak_congestion_multimodal,multimodal,songpa_transfer_point_blockage,spatial_hazard_overlay,capacity_reduction,30,0.6,9.6,3080.0,430.8,0.0339,192.46,193.98,195.5,195.5,scaffold-only,"Engineering-only pilot output for quasi-real decision-support method review (non-publication, non-acceptance, non-operational); not publication evidence, not final-study evidence, not formal acceptance evidence, not calibrated real-world results, and not an operational route plan or forecast. Base profile scope: Pilot full bus-practical graph output for graph-scale feasibility review; not calibrated real-world results or an operational forecast."
songpa_public_demo,cached_graphml:data/cache/pilot_region_road.graphml,rail_delay_or_partial_unavailability,multimodal,songpa_transfer_point_blockage,spatial_hazard_overlay,capacity_reduction,30,1.0,0.0,57.47,35.36,0.6789,46.42,51.42,57.47,57.47,scaffold-only,"Engineering-only pilot output for quasi-real decision-support method review (non-publication, non-acceptance, non-operational); not publication evidence, not final-study evidence, not formal acceptance evidence, not calibrated real-world results, and not an operational route plan or forecast. Base profile scope: Pilot full bus-practical graph output for graph-scale feasibility review; not calibrated real-world results or an operational forecast."
songpa_public_demo,cached_graphml:data/cache/pilot_region_road.graphml,severe_congestion_multimodal,multimodal,songpa_transfer_point_blockage,spatial_hazard_overlay,capacity_reduction,30,1.0,0.0,128.15,193.56,0.124,81.75,90.74,128.15,128.15,scaffold-only,"Engineering-only pilot output for quasi-real decision-support method review (non-publication, non-acceptance, non-operational); not publication evidence, not final-study evidence, not formal acceptance evidence, not calibrated real-world results, and not an operational route plan or forecast. Base profile scope: Pilot full bus-practical graph output for graph-scale feasibility review; not calibrated real-world results or an operational forecast."
songpa_public_demo,cached_graphml:data/cache/pilot_region_road.graphml,staggered_or_adaptive_dispatch,multimodal,songpa_transfer_point_blockage,spatial_hazard_overlay,capacity_reduction,30,1.0,0.0,54.45,58.11,0.413,38.42,46.42,54.45,54.45,scaffold-only,"Engineering-only pilot output for quasi-real decision-support method review (non-publication, non-acceptance, non-operational); not publication evidence, not final-study evidence, not formal acceptance evidence, not calibrated real-world results, and not an operational route plan or forecast. Base profile scope: Pilot full bus-practical graph output for graph-scale feasibility review; not calibrated real-world results or an operational forecast."
songpa_public_demo,cached_graphml:data/cache/pilot_region_road.graphml,transfer_stress_extreme,multimodal,songpa_transfer_point_blockage,spatial_hazard_overlay,capacity_reduction,30,1.0,0.0,167.47,45.11,0.5321,156.42,161.42,167.47,167.47,scaffold-only,"Engineering-only pilot output for quasi-real decision-support method review (non-publication, non-acceptance, non-operational); not publication evidence, not final-study evidence, not formal acceptance evidence, not calibrated real-world results, and not an operational route plan or forecast. Base profile scope: Pilot full bus-practical graph output for graph-scale feasibility review; not calibrated real-world results or an operational forecast."
songpa_public_demo,cached_graphml:data/cache/pilot_region_road.graphml,transfer_stress_mild,multimodal,songpa_transfer_point_blockage,spatial_hazard_overlay,capacity_reduction,30,1.0,0.0,71.51,45.11,0.5321,56.42,66.42,71.51,71.51,scaffold-only,"Engineering-only pilot output for quasi-real decision-support method review (non-publication, non-acceptance, non-operational); not publication evidence, not final-study evidence, not formal acceptance evidence, not calibrated real-world results, and not an operational route plan or forecast. Base profile scope: Pilot full bus-practical graph output for graph-scale feasibility review; not calibrated real-world results or an operational forecast."
songpa_public_demo,cached_graphml:data/cache/pilot_region_road.graphml,transfer_stress_moderate,multimodal,songpa_transfer_point_blockage,spatial_hazard_overlay,capacity_reduction,30,1.0,0.0,96.51,45.11,0.5321,81.42,91.42,96.51,96.51,scaffold-only,"Engineering-only pilot output for quasi-real decision-support method review (non-publication, non-acceptance, non-operational); not publication evidence, not final-study evidence, not formal acceptance evidence, not calibrated real-world results, and not an operational route plan or forecast. Base profile scope: Pilot full bus-practical graph output for graph-scale feasibility review; not calibrated real-world results or an operational forecast."
songpa_public_demo,cached_graphml:data/cache/pilot_region_road.graphml,transfer_stress_severe,multimodal,songpa_transfer_point_blockage,spatial_hazard_overlay,capacity_reduction,30,1.0,0.0,127.47,45.11,0.5321,116.42,121.42,127.47,127.47,scaffold-only,"Engineering-only pilot output for quasi-real decision-support method review (non-publication, non-acceptance, non-operational); not publication evidence, not final-study evidence, not formal acceptance evidence, not calibrated real-world results, and not an operational route plan or forecast. Base profile scope: Pilot full bus-practical graph output for graph-scale feasibility review; not calibrated real-world results or an operational forecast."
