s,p_fail_scale,mean,std,count,ci_lower,ci_upper
1.0,0.0,383.19999338139246,0.12178240916714907,3,383.0621836122306,383.3378031505543
1.0,0.1,383.19999338139246,0.12178240916714907,3,383.0621836122306,383.3378031505543
2.0,0.0,374.22827463139123,0.12178240916725037,3,374.0904648622293,374.3660844005532
2.0,0.1,374.22827463139123,0.12178240916725037,3,374.0904648622293,374.3660844005532
