s,p_fail_scale,bus_makespan_mean,multi_makespan_mean,delta_mean,delta_std,bus_sr_mean,multi_sr_mean,bus_leftover_mean,multi_leftover_mean
1.0,0.0,1413.4530600480587,1030.2530666666662,383.19999338139246,0.12178240916714907,0.765,1.0,235.0,0.0
1.0,0.1,1413.4530600480587,1030.2530666666662,383.19999338139246,0.12178240916714907,0.765,1.0,235.0,0.0
2.0,0.0,1418.277341298058,1044.0490666666667,374.22827463139123,0.12178240916725037,0.765,1.0,235.0,0.0
2.0,0.1,1418.277341298058,1044.0490666666667,374.22827463139123,0.12178240916725037,0.765,1.0,235.0,0.0
