sigma,policy,mean,std,count,ci_lower,ci_upper
0.5,GRACE_W15_T0.8,374.22827463139123,0.12178240916725037,3,374.0904648622293,374.3660844005532
0.5,GRACE_W15_T0.9,374.22827463139123,0.12178240916725037,3,374.0904648622293,374.3660844005532
0.5,GRACE_W30_T0.8,374.22827463139123,0.12178240916725037,3,374.0904648622293,374.3660844005532
0.5,GRACE_W30_T0.9,374.22827463139123,0.12178240916725037,3,374.0904648622293,374.3660844005532
0.5,GRACE_W60_T0.8,374.22827463139123,0.12178240916725037,3,374.0904648622293,374.3660844005532
0.5,GRACE_W60_T0.9,374.22827463139123,0.12178240916725037,3,374.0904648622293,374.3660844005532
0.5,STRICT,374.22827463139123,0.12178240916725037,3,374.0904648622293,374.3660844005532
