region_id,scenario_id,scenario_family,scenario_type,policy_id,mode,bottleneck_class,completion_loss,censored_increase,penalized_makespan_increase_min,p95_arrival_increase_min,performance_loss_score,evidence_label,claim_scope
goseong_mobilization,goseong_critical_link_blockage,critical_link,blocked,baseline_multimodal,multimodal,critical road link,1.0,24.0,7340.51,inf,inf,scaffold-only,"Engineering-only pilot output for quasi-real decision-support method review (non-publication, non-acceptance, non-operational); not publication evidence, not final-study evidence, not formal acceptance evidence, not calibrated real-world results, and not an operational route plan or forecast. Base profile scope: Pilot full scenario-policy-seed output for quasi-real decision-support evaluation; not calibrated real-world results or an operational forecast."
goseong_mobilization,goseong_critical_link_blockage,critical_link,blocked,bus_only,bus_only,critical road link,0.99,23.87,7263.13,inf,inf,scaffold-only,"Engineering-only pilot output for quasi-real decision-support method review (non-publication, non-acceptance, non-operational); not publication evidence, not final-study evidence, not formal acceptance evidence, not calibrated real-world results, and not an operational route plan or forecast. Base profile scope: Pilot full scenario-policy-seed output for quasi-real decision-support evaluation; not calibrated real-world results or an operational forecast."
goseong_mobilization,goseong_critical_link_blockage,critical_link,blocked,fleet_shortage_severe,multimodal,critical road link,0.91,21.9,6578.13,inf,inf,scaffold-only,"Engineering-only pilot output for quasi-real decision-support method review (non-publication, non-acceptance, non-operational); not publication evidence, not final-study evidence, not formal acceptance evidence, not calibrated real-world results, and not an operational route plan or forecast. Base profile scope: Pilot full scenario-policy-seed output for quasi-real decision-support evaluation; not calibrated real-world results or an operational forecast."
goseong_mobilization,goseong_critical_link_blockage,critical_link,blocked,fleet_shortage_stress,multimodal,critical road link,1.0,24.0,7340.51,inf,inf,scaffold-only,"Engineering-only pilot output for quasi-real decision-support method review (non-publication, non-acceptance, non-operational); not publication evidence, not final-study evidence, not formal acceptance evidence, not calibrated real-world results, and not an operational route plan or forecast. Base profile scope: Pilot full scenario-policy-seed output for quasi-real decision-support evaluation; not calibrated real-world results or an operational forecast."
goseong_mobilization,goseong_critical_link_blockage,critical_link,blocked,heavy_congestion_bus,bus_only,critical road link,0.99,23.87,7224.3,inf,inf,scaffold-only,"Engineering-only pilot output for quasi-real decision-support method review (non-publication, non-acceptance, non-operational); not publication evidence, not final-study evidence, not formal acceptance evidence, not calibrated real-world results, and not an operational route plan or forecast. Base profile scope: Pilot full scenario-policy-seed output for quasi-real decision-support evaluation; not calibrated real-world results or an operational forecast."
goseong_mobilization,goseong_critical_link_blockage,critical_link,blocked,heavy_congestion_multimodal,multimodal,critical road link,1.0,23.97,7292.74,inf,inf,scaffold-only,"Engineering-only pilot output for quasi-real decision-support method review (non-publication, non-acceptance, non-operational); not publication evidence, not final-study evidence, not formal acceptance evidence, not calibrated real-world results, and not an operational route plan or forecast. Base profile scope: Pilot full scenario-policy-seed output for quasi-real decision-support evaluation; not calibrated real-world results or an operational forecast."
goseong_mobilization,goseong_critical_link_blockage,critical_link,blocked,lastmile_capacity_mild,multimodal,critical road link,1.0,24.0,7392.76,inf,inf,scaffold-only,"Engineering-only pilot output for quasi-real decision-support method review (non-publication, non-acceptance, non-operational); not publication evidence, not final-study evidence, not formal acceptance evidence, not calibrated real-world results, and not an operational route plan or forecast. Base profile scope: Pilot full scenario-policy-seed output for quasi-real decision-support evaluation; not calibrated real-world results or an operational forecast."
goseong_mobilization,goseong_critical_link_blockage,critical_link,blocked,lastmile_capacity_moderate,multimodal,critical road link,1.0,24.0,7392.76,inf,inf,scaffold-only,"Engineering-only pilot output for quasi-real decision-support method review (non-publication, non-acceptance, non-operational); not publication evidence, not final-study evidence, not formal acceptance evidence, not calibrated real-world results, and not an operational route plan or forecast. Base profile scope: Pilot full scenario-policy-seed output for quasi-real decision-support evaluation; not calibrated real-world results or an operational forecast."
goseong_mobilization,goseong_critical_link_blockage,critical_link,blocked,lastmile_capacity_severe,multimodal,critical road link,1.0,24.0,7390.3,inf,inf,scaffold-only,"Engineering-only pilot output for quasi-real decision-support method review (non-publication, non-acceptance, non-operational); not publication evidence, not final-study evidence, not formal acceptance evidence, not calibrated real-world results, and not an operational route plan or forecast. Base profile scope: Pilot full scenario-policy-seed output for quasi-real decision-support evaluation; not calibrated real-world results or an operational forecast."
goseong_mobilization,goseong_critical_link_blockage,critical_link,blocked,moderate_congestion_bus,bus_only,critical road link,0.99,23.87,7260.83,inf,inf,scaffold-only,"Engineering-only pilot output for quasi-real decision-support method review (non-publication, non-acceptance, non-operational); not publication evidence, not final-study evidence, not formal acceptance evidence, not calibrated real-world results, and not an operational route plan or forecast. Base profile scope: Pilot full scenario-policy-seed output for quasi-real decision-support evaluation; not calibrated real-world results or an operational forecast."
goseong_mobilization,goseong_critical_link_blockage,critical_link,blocked,moderate_congestion_multimodal,multimodal,critical road link,1.0,24.0,7338.29,inf,inf,scaffold-only,"Engineering-only pilot output for quasi-real decision-support method review (non-publication, non-acceptance, non-operational); not publication evidence, not final-study evidence, not formal acceptance evidence, not calibrated real-world results, and not an operational route plan or forecast. Base profile scope: Pilot full scenario-policy-seed output for quasi-real decision-support evaluation; not calibrated real-world results or an operational forecast."
goseong_mobilization,goseong_critical_link_blockage,critical_link,blocked,multimodal_increased_feeder_capacity,multimodal,critical road link,1.0,24.0,7351.1,inf,inf,scaffold-only,"Engineering-only pilot output for quasi-real decision-support method review (non-publication, non-acceptance, non-operational); not publication evidence, not final-study evidence, not formal acceptance evidence, not calibrated real-world results, and not an operational route plan or forecast. Base profile scope: Pilot full scenario-policy-seed output for quasi-real decision-support evaluation; not calibrated real-world results or an operational forecast."
goseong_mobilization,goseong_critical_link_blockage,critical_link,blocked,multimodal_lastmile_redundancy,multimodal,critical road link,1.0,24.0,7379.64,inf,inf,scaffold-only,"Engineering-only pilot output for quasi-real decision-support method review (non-publication, non-acceptance, non-operational); not publication evidence, not final-study evidence, not formal acceptance evidence, not calibrated real-world results, and not an operational route plan or forecast. Base profile scope: Pilot full scenario-policy-seed output for quasi-real decision-support evaluation; not calibrated real-world results or an operational forecast."
goseong_mobilization,goseong_critical_link_blockage,critical_link,blocked,peak_congestion_bus,bus_only,critical road link,0.65,15.6,4680.0,inf,inf,scaffold-only,"Engineering-only pilot output for quasi-real decision-support method review (non-publication, non-acceptance, non-operational); not publication evidence, not final-study evidence, not formal acceptance evidence, not calibrated real-world results, and not an operational route plan or forecast. Base profile scope: Pilot full scenario-policy-seed output for quasi-real decision-support evaluation; not calibrated real-world results or an operational forecast."
goseong_mobilization,goseong_critical_link_blockage,critical_link,blocked,peak_congestion_multimodal,multimodal,critical road link,0.62,14.97,4490.0,inf,inf,scaffold-only,"Engineering-only pilot output for quasi-real decision-support method review (non-publication, non-acceptance, non-operational); not publication evidence, not final-study evidence, not formal acceptance evidence, not calibrated real-world results, and not an operational route plan or forecast. Base profile scope: Pilot full scenario-policy-seed output for quasi-real decision-support evaluation; not calibrated real-world results or an operational forecast."
goseong_mobilization,goseong_critical_link_blockage,critical_link,blocked,rail_delay_or_partial_unavailability,multimodal,critical road link,1.0,24.0,7327.55,inf,inf,scaffold-only,"Engineering-only pilot output for quasi-real decision-support method review (non-publication, non-acceptance, non-operational); not publication evidence, not final-study evidence, not formal acceptance evidence, not calibrated real-world results, and not an operational route plan or forecast. Base profile scope: Pilot full scenario-policy-seed output for quasi-real decision-support evaluation; not calibrated real-world results or an operational forecast."
goseong_mobilization,goseong_critical_link_blockage,critical_link,blocked,severe_congestion_bus,bus_only,critical road link,0.93,22.33,6707.47,inf,inf,scaffold-only,"Engineering-only pilot output for quasi-real decision-support method review (non-publication, non-acceptance, non-operational); not publication evidence, not final-study evidence, not formal acceptance evidence, not calibrated real-world results, and not an operational route plan or forecast. Base profile scope: Pilot full scenario-policy-seed output for quasi-real decision-support evaluation; not calibrated real-world results or an operational forecast."
goseong_mobilization,goseong_critical_link_blockage,critical_link,blocked,severe_congestion_multimodal,multimodal,critical road link,0.93,22.37,6715.23,inf,inf,scaffold-only,"Engineering-only pilot output for quasi-real decision-support method review (non-publication, non-acceptance, non-operational); not publication evidence, not final-study evidence, not formal acceptance evidence, not calibrated real-world results, and not an operational route plan or forecast. Base profile scope: Pilot full scenario-policy-seed output for quasi-real decision-support evaluation; not calibrated real-world results or an operational forecast."
goseong_mobilization,goseong_critical_link_blockage,critical_link,blocked,staggered_or_adaptive_dispatch,multimodal,critical road link,1.0,24.0,7364.52,inf,inf,scaffold-only,"Engineering-only pilot output for quasi-real decision-support method review (non-publication, non-acceptance, non-operational); not publication evidence, not final-study evidence, not formal acceptance evidence, not calibrated real-world results, and not an operational route plan or forecast. Base profile scope: Pilot full scenario-policy-seed output for quasi-real decision-support evaluation; not calibrated real-world results or an operational forecast."
goseong_mobilization,goseong_critical_link_blockage,critical_link,blocked,transfer_stress_extreme,multimodal,critical road link,1.0,24.0,7302.22,inf,inf,scaffold-only,"Engineering-only pilot output for quasi-real decision-support method review (non-publication, non-acceptance, non-operational); not publication evidence, not final-study evidence, not formal acceptance evidence, not calibrated real-world results, and not an operational route plan or forecast. Base profile scope: Pilot full scenario-policy-seed output for quasi-real decision-support evaluation; not calibrated real-world results or an operational forecast."
goseong_mobilization,goseong_critical_link_blockage,critical_link,blocked,transfer_stress_mild,multimodal,critical road link,1.0,24.0,7340.53,inf,inf,scaffold-only,"Engineering-only pilot output for quasi-real decision-support method review (non-publication, non-acceptance, non-operational); not publication evidence, not final-study evidence, not formal acceptance evidence, not calibrated real-world results, and not an operational route plan or forecast. Base profile scope: Pilot full scenario-policy-seed output for quasi-real decision-support evaluation; not calibrated real-world results or an operational forecast."
goseong_mobilization,goseong_critical_link_blockage,critical_link,blocked,transfer_stress_moderate,multimodal,critical road link,1.0,24.0,7329.84,inf,inf,scaffold-only,"Engineering-only pilot output for quasi-real decision-support method review (non-publication, non-acceptance, non-operational); not publication evidence, not final-study evidence, not formal acceptance evidence, not calibrated real-world results, and not an operational route plan or forecast. Base profile scope: Pilot full scenario-policy-seed output for quasi-real decision-support evaluation; not calibrated real-world results or an operational forecast."
goseong_mobilization,goseong_critical_link_blockage,critical_link,blocked,transfer_stress_severe,multimodal,critical road link,1.0,24.0,7312.91,inf,inf,scaffold-only,"Engineering-only pilot output for quasi-real decision-support method review (non-publication, non-acceptance, non-operational); not publication evidence, not final-study evidence, not formal acceptance evidence, not calibrated real-world results, and not an operational route plan or forecast. Base profile scope: Pilot full scenario-policy-seed output for quasi-real decision-support evaluation; not calibrated real-world results or an operational forecast."
goseong_mobilization,goseong_access_origin_to_destination,access_road,capacity_reduction,baseline_multimodal,multimodal,direct road access,0.0,0.0,3.58,3.08,6.66,scaffold-only,"Engineering-only pilot output for quasi-real decision-support method review (non-publication, non-acceptance, non-operational); not publication evidence, not final-study evidence, not formal acceptance evidence, not calibrated real-world results, and not an operational route plan or forecast. Base profile scope: Pilot full scenario-policy-seed output for quasi-real decision-support evaluation; not calibrated real-world results or an operational forecast."
goseong_mobilization,goseong_access_origin_to_destination,access_road,capacity_reduction,bus_only,bus_only,direct road access,0.0,0.0,5.92,6.59,12.51,scaffold-only,"Engineering-only pilot output for quasi-real decision-support method review (non-publication, non-acceptance, non-operational); not publication evidence, not final-study evidence, not formal acceptance evidence, not calibrated real-world results, and not an operational route plan or forecast. Base profile scope: Pilot full scenario-policy-seed output for quasi-real decision-support evaluation; not calibrated real-world results or an operational forecast."
goseong_mobilization,goseong_access_origin_to_destination,access_road,capacity_reduction,fleet_shortage_severe,multimodal,direct road access,0.0,0.0,0.89,5.2,6.09,scaffold-only,"Engineering-only pilot output for quasi-real decision-support method review (non-publication, non-acceptance, non-operational); not publication evidence, not final-study evidence, not formal acceptance evidence, not calibrated real-world results, and not an operational route plan or forecast. Base profile scope: Pilot full scenario-policy-seed output for quasi-real decision-support evaluation; not calibrated real-world results or an operational forecast."
goseong_mobilization,goseong_access_origin_to_destination,access_road,capacity_reduction,fleet_shortage_stress,multimodal,direct road access,0.0,0.0,3.58,3.08,6.66,scaffold-only,"Engineering-only pilot output for quasi-real decision-support method review (non-publication, non-acceptance, non-operational); not publication evidence, not final-study evidence, not formal acceptance evidence, not calibrated real-world results, and not an operational route plan or forecast. Base profile scope: Pilot full scenario-policy-seed output for quasi-real decision-support evaluation; not calibrated real-world results or an operational forecast."
goseong_mobilization,goseong_access_origin_to_destination,access_road,capacity_reduction,heavy_congestion_bus,bus_only,direct road access,0.99,23.87,7224.3,inf,inf,scaffold-only,"Engineering-only pilot output for quasi-real decision-support method review (non-publication, non-acceptance, non-operational); not publication evidence, not final-study evidence, not formal acceptance evidence, not calibrated real-world results, and not an operational route plan or forecast. Base profile scope: Pilot full scenario-policy-seed output for quasi-real decision-support evaluation; not calibrated real-world results or an operational forecast."
goseong_mobilization,goseong_access_origin_to_destination,access_road,capacity_reduction,heavy_congestion_multimodal,multimodal,direct road access,1.0,23.97,7292.74,inf,inf,scaffold-only,"Engineering-only pilot output for quasi-real decision-support method review (non-publication, non-acceptance, non-operational); not publication evidence, not final-study evidence, not formal acceptance evidence, not calibrated real-world results, and not an operational route plan or forecast. Base profile scope: Pilot full scenario-policy-seed output for quasi-real decision-support evaluation; not calibrated real-world results or an operational forecast."
goseong_mobilization,goseong_access_origin_to_destination,access_road,capacity_reduction,lastmile_capacity_mild,multimodal,direct road access,0.0,0.0,2.11,2.01,4.12,scaffold-only,"Engineering-only pilot output for quasi-real decision-support method review (non-publication, non-acceptance, non-operational); not publication evidence, not final-study evidence, not formal acceptance evidence, not calibrated real-world results, and not an operational route plan or forecast. Base profile scope: Pilot full scenario-policy-seed output for quasi-real decision-support evaluation; not calibrated real-world results or an operational forecast."
goseong_mobilization,goseong_access_origin_to_destination,access_road,capacity_reduction,lastmile_capacity_moderate,multimodal,direct road access,0.0,0.0,2.11,2.01,4.12,scaffold-only,"Engineering-only pilot output for quasi-real decision-support method review (non-publication, non-acceptance, non-operational); not publication evidence, not final-study evidence, not formal acceptance evidence, not calibrated real-world results, and not an operational route plan or forecast. Base profile scope: Pilot full scenario-policy-seed output for quasi-real decision-support evaluation; not calibrated real-world results or an operational forecast."
goseong_mobilization,goseong_access_origin_to_destination,access_road,capacity_reduction,lastmile_capacity_severe,multimodal,direct road access,0.0,0.0,2.15,2.11,4.26,scaffold-only,"Engineering-only pilot output for quasi-real decision-support method review (non-publication, non-acceptance, non-operational); not publication evidence, not final-study evidence, not formal acceptance evidence, not calibrated real-world results, and not an operational route plan or forecast. Base profile scope: Pilot full scenario-policy-seed output for quasi-real decision-support evaluation; not calibrated real-world results or an operational forecast."
goseong_mobilization,goseong_access_origin_to_destination,access_road,capacity_reduction,moderate_congestion_bus,bus_only,direct road access,0.06,1.54,520.21,16.77,598.52,scaffold-only,"Engineering-only pilot output for quasi-real decision-support method review (non-publication, non-acceptance, non-operational); not publication evidence, not final-study evidence, not formal acceptance evidence, not calibrated real-world results, and not an operational route plan or forecast. Base profile scope: Pilot full scenario-policy-seed output for quasi-real decision-support evaluation; not calibrated real-world results or an operational forecast."
goseong_mobilization,goseong_access_origin_to_destination,access_road,capacity_reduction,moderate_congestion_multimodal,multimodal,direct road access,0.0,0.03,65.32,48.47,113.82,scaffold-only,"Engineering-only pilot output for quasi-real decision-support method review (non-publication, non-acceptance, non-operational); not publication evidence, not final-study evidence, not formal acceptance evidence, not calibrated real-world results, and not an operational route plan or forecast. Base profile scope: Pilot full scenario-policy-seed output for quasi-real decision-support evaluation; not calibrated real-world results or an operational forecast."
goseong_mobilization,goseong_access_origin_to_destination,access_road,capacity_reduction,multimodal_increased_feeder_capacity,multimodal,direct road access,0.0,0.0,3.35,2.94,6.29,scaffold-only,"Engineering-only pilot output for quasi-real decision-support method review (non-publication, non-acceptance, non-operational); not publication evidence, not final-study evidence, not formal acceptance evidence, not calibrated real-world results, and not an operational route plan or forecast. Base profile scope: Pilot full scenario-policy-seed output for quasi-real decision-support evaluation; not calibrated real-world results or an operational forecast."
goseong_mobilization,goseong_access_origin_to_destination,access_road,capacity_reduction,multimodal_lastmile_redundancy,multimodal,direct road access,0.0,0.0,2.48,2.66,5.14,scaffold-only,"Engineering-only pilot output for quasi-real decision-support method review (non-publication, non-acceptance, non-operational); not publication evidence, not final-study evidence, not formal acceptance evidence, not calibrated real-world results, and not an operational route plan or forecast. Base profile scope: Pilot full scenario-policy-seed output for quasi-real decision-support evaluation; not calibrated real-world results or an operational forecast."
goseong_mobilization,goseong_access_origin_to_destination,access_road,capacity_reduction,peak_congestion_bus,bus_only,direct road access,0.65,15.6,4680.0,inf,inf,scaffold-only,"Engineering-only pilot output for quasi-real decision-support method review (non-publication, non-acceptance, non-operational); not publication evidence, not final-study evidence, not formal acceptance evidence, not calibrated real-world results, and not an operational route plan or forecast. Base profile scope: Pilot full scenario-policy-seed output for quasi-real decision-support evaluation; not calibrated real-world results or an operational forecast."
goseong_mobilization,goseong_access_origin_to_destination,access_road,capacity_reduction,peak_congestion_multimodal,multimodal,direct road access,0.62,14.97,4490.0,inf,inf,scaffold-only,"Engineering-only pilot output for quasi-real decision-support method review (non-publication, non-acceptance, non-operational); not publication evidence, not final-study evidence, not formal acceptance evidence, not calibrated real-world results, and not an operational route plan or forecast. Base profile scope: Pilot full scenario-policy-seed output for quasi-real decision-support evaluation; not calibrated real-world results or an operational forecast."
goseong_mobilization,goseong_access_origin_to_destination,access_road,capacity_reduction,rail_delay_or_partial_unavailability,multimodal,direct road access,0.0,0.0,3.0,2.65,5.65,scaffold-only,"Engineering-only pilot output for quasi-real decision-support method review (non-publication, non-acceptance, non-operational); not publication evidence, not final-study evidence, not formal acceptance evidence, not calibrated real-world results, and not an operational route plan or forecast. Base profile scope: Pilot full scenario-policy-seed output for quasi-real decision-support evaluation; not calibrated real-world results or an operational forecast."
goseong_mobilization,goseong_access_origin_to_destination,access_road,capacity_reduction,severe_congestion_bus,bus_only,direct road access,0.93,22.33,6707.47,inf,inf,scaffold-only,"Engineering-only pilot output for quasi-real decision-support method review (non-publication, non-acceptance, non-operational); not publication evidence, not final-study evidence, not formal acceptance evidence, not calibrated real-world results, and not an operational route plan or forecast. Base profile scope: Pilot full scenario-policy-seed output for quasi-real decision-support evaluation; not calibrated real-world results or an operational forecast."
goseong_mobilization,goseong_access_origin_to_destination,access_road,capacity_reduction,severe_congestion_multimodal,multimodal,direct road access,0.93,22.37,6715.23,inf,inf,scaffold-only,"Engineering-only pilot output for quasi-real decision-support method review (non-publication, non-acceptance, non-operational); not publication evidence, not final-study evidence, not formal acceptance evidence, not calibrated real-world results, and not an operational route plan or forecast. Base profile scope: Pilot full scenario-policy-seed output for quasi-real decision-support evaluation; not calibrated real-world results or an operational forecast."
goseong_mobilization,goseong_access_origin_to_destination,access_road,capacity_reduction,staggered_or_adaptive_dispatch,multimodal,direct road access,0.0,0.0,2.82,2.73,5.55,scaffold-only,"Engineering-only pilot output for quasi-real decision-support method review (non-publication, non-acceptance, non-operational); not publication evidence, not final-study evidence, not formal acceptance evidence, not calibrated real-world results, and not an operational route plan or forecast. Base profile scope: Pilot full scenario-policy-seed output for quasi-real decision-support evaluation; not calibrated real-world results or an operational forecast."
goseong_mobilization,goseong_access_origin_to_destination,access_road,capacity_reduction,transfer_stress_extreme,multimodal,direct road access,0.0,0.0,3.32,3.14,6.46,scaffold-only,"Engineering-only pilot output for quasi-real decision-support method review (non-publication, non-acceptance, non-operational); not publication evidence, not final-study evidence, not formal acceptance evidence, not calibrated real-world results, and not an operational route plan or forecast. Base profile scope: Pilot full scenario-policy-seed output for quasi-real decision-support evaluation; not calibrated real-world results or an operational forecast."
goseong_mobilization,goseong_access_origin_to_destination,access_road,capacity_reduction,transfer_stress_mild,multimodal,direct road access,0.0,0.0,3.14,2.93,6.07,scaffold-only,"Engineering-only pilot output for quasi-real decision-support method review (non-publication, non-acceptance, non-operational); not publication evidence, not final-study evidence, not formal acceptance evidence, not calibrated real-world results, and not an operational route plan or forecast. Base profile scope: Pilot full scenario-policy-seed output for quasi-real decision-support evaluation; not calibrated real-world results or an operational forecast."
goseong_mobilization,goseong_access_origin_to_destination,access_road,capacity_reduction,transfer_stress_moderate,multimodal,direct road access,0.0,0.0,3.28,2.92,6.2,scaffold-only,"Engineering-only pilot output for quasi-real decision-support method review (non-publication, non-acceptance, non-operational); not publication evidence, not final-study evidence, not formal acceptance evidence, not calibrated real-world results, and not an operational route plan or forecast. Base profile scope: Pilot full scenario-policy-seed output for quasi-real decision-support evaluation; not calibrated real-world results or an operational forecast."
goseong_mobilization,goseong_access_origin_to_destination,access_road,capacity_reduction,transfer_stress_severe,multimodal,direct road access,0.0,0.0,3.19,2.95,6.14,scaffold-only,"Engineering-only pilot output for quasi-real decision-support method review (non-publication, non-acceptance, non-operational); not publication evidence, not final-study evidence, not formal acceptance evidence, not calibrated real-world results, and not an operational route plan or forecast. Base profile scope: Pilot full scenario-policy-seed output for quasi-real decision-support evaluation; not calibrated real-world results or an operational forecast."
goseong_mobilization,goseong_last_mile_station_to_destination,last_mile,capacity_reduction,baseline_multimodal,multimodal,last-mile road,0.0,0.0,5.71,4.91,10.62,scaffold-only,"Engineering-only pilot output for quasi-real decision-support method review (non-publication, non-acceptance, non-operational); not publication evidence, not final-study evidence, not formal acceptance evidence, not calibrated real-world results, and not an operational route plan or forecast. Base profile scope: Pilot full scenario-policy-seed output for quasi-real decision-support evaluation; not calibrated real-world results or an operational forecast."
goseong_mobilization,goseong_last_mile_station_to_destination,last_mile,capacity_reduction,bus_only,bus_only,last-mile road,0.0,0.0,3.02,3.36,6.38,scaffold-only,"Engineering-only pilot output for quasi-real decision-support method review (non-publication, non-acceptance, non-operational); not publication evidence, not final-study evidence, not formal acceptance evidence, not calibrated real-world results, and not an operational route plan or forecast. Base profile scope: Pilot full scenario-policy-seed output for quasi-real decision-support evaluation; not calibrated real-world results or an operational forecast."
goseong_mobilization,goseong_last_mile_station_to_destination,last_mile,capacity_reduction,fleet_shortage_severe,multimodal,last-mile road,0.0,0.0,1.42,8.3,9.72,scaffold-only,"Engineering-only pilot output for quasi-real decision-support method review (non-publication, non-acceptance, non-operational); not publication evidence, not final-study evidence, not formal acceptance evidence, not calibrated real-world results, and not an operational route plan or forecast. Base profile scope: Pilot full scenario-policy-seed output for quasi-real decision-support evaluation; not calibrated real-world results or an operational forecast."
goseong_mobilization,goseong_last_mile_station_to_destination,last_mile,capacity_reduction,fleet_shortage_stress,multimodal,last-mile road,0.0,0.0,5.71,4.91,10.62,scaffold-only,"Engineering-only pilot output for quasi-real decision-support method review (non-publication, non-acceptance, non-operational); not publication evidence, not final-study evidence, not formal acceptance evidence, not calibrated real-world results, and not an operational route plan or forecast. Base profile scope: Pilot full scenario-policy-seed output for quasi-real decision-support evaluation; not calibrated real-world results or an operational forecast."
goseong_mobilization,goseong_last_mile_station_to_destination,last_mile,capacity_reduction,heavy_congestion_bus,bus_only,last-mile road,0.99,23.87,7224.3,inf,inf,scaffold-only,"Engineering-only pilot output for quasi-real decision-support method review (non-publication, non-acceptance, non-operational); not publication evidence, not final-study evidence, not formal acceptance evidence, not calibrated real-world results, and not an operational route plan or forecast. Base profile scope: Pilot full scenario-policy-seed output for quasi-real decision-support evaluation; not calibrated real-world results or an operational forecast."
goseong_mobilization,goseong_last_mile_station_to_destination,last_mile,capacity_reduction,heavy_congestion_multimodal,multimodal,last-mile road,1.0,23.97,7292.74,inf,inf,scaffold-only,"Engineering-only pilot output for quasi-real decision-support method review (non-publication, non-acceptance, non-operational); not publication evidence, not final-study evidence, not formal acceptance evidence, not calibrated real-world results, and not an operational route plan or forecast. Base profile scope: Pilot full scenario-policy-seed output for quasi-real decision-support evaluation; not calibrated real-world results or an operational forecast."
goseong_mobilization,goseong_last_mile_station_to_destination,last_mile,capacity_reduction,lastmile_capacity_mild,multimodal,last-mile road,0.0,0.0,3.46,3.2,6.66,scaffold-only,"Engineering-only pilot output for quasi-real decision-support method review (non-publication, non-acceptance, non-operational); not publication evidence, not final-study evidence, not formal acceptance evidence, not calibrated real-world results, and not an operational route plan or forecast. Base profile scope: Pilot full scenario-policy-seed output for quasi-real decision-support evaluation; not calibrated real-world results or an operational forecast."
goseong_mobilization,goseong_last_mile_station_to_destination,last_mile,capacity_reduction,lastmile_capacity_moderate,multimodal,last-mile road,0.0,0.0,3.46,3.2,6.66,scaffold-only,"Engineering-only pilot output for quasi-real decision-support method review (non-publication, non-acceptance, non-operational); not publication evidence, not final-study evidence, not formal acceptance evidence, not calibrated real-world results, and not an operational route plan or forecast. Base profile scope: Pilot full scenario-policy-seed output for quasi-real decision-support evaluation; not calibrated real-world results or an operational forecast."
goseong_mobilization,goseong_last_mile_station_to_destination,last_mile,capacity_reduction,lastmile_capacity_severe,multimodal,last-mile road,0.0,0.0,3.52,3.36,6.88,scaffold-only,"Engineering-only pilot output for quasi-real decision-support method review (non-publication, non-acceptance, non-operational); not publication evidence, not final-study evidence, not formal acceptance evidence, not calibrated real-world results, and not an operational route plan or forecast. Base profile scope: Pilot full scenario-policy-seed output for quasi-real decision-support evaluation; not calibrated real-world results or an operational forecast."
goseong_mobilization,goseong_last_mile_station_to_destination,last_mile,capacity_reduction,moderate_congestion_bus,bus_only,last-mile road,0.06,1.54,505.14,0.0,566.68,scaffold-only,"Engineering-only pilot output for quasi-real decision-support method review (non-publication, non-acceptance, non-operational); not publication evidence, not final-study evidence, not formal acceptance evidence, not calibrated real-world results, and not an operational route plan or forecast. Base profile scope: Pilot full scenario-policy-seed output for quasi-real decision-support evaluation; not calibrated real-world results or an operational forecast."
goseong_mobilization,goseong_last_mile_station_to_destination,last_mile,capacity_reduction,moderate_congestion_multimodal,multimodal,last-mile road,0.0,0.07,106.97,77.18,184.22,scaffold-only,"Engineering-only pilot output for quasi-real decision-support method review (non-publication, non-acceptance, non-operational); not publication evidence, not final-study evidence, not formal acceptance evidence, not calibrated real-world results, and not an operational route plan or forecast. Base profile scope: Pilot full scenario-policy-seed output for quasi-real decision-support evaluation; not calibrated real-world results or an operational forecast."
goseong_mobilization,goseong_last_mile_station_to_destination,last_mile,capacity_reduction,multimodal_increased_feeder_capacity,multimodal,last-mile road,0.0,0.0,5.4,4.69,10.09,scaffold-only,"Engineering-only pilot output for quasi-real decision-support method review (non-publication, non-acceptance, non-operational); not publication evidence, not final-study evidence, not formal acceptance evidence, not calibrated real-world results, and not an operational route plan or forecast. Base profile scope: Pilot full scenario-policy-seed output for quasi-real decision-support evaluation; not calibrated real-world results or an operational forecast."
goseong_mobilization,goseong_last_mile_station_to_destination,last_mile,capacity_reduction,multimodal_lastmile_redundancy,multimodal,last-mile road,0.0,0.0,4.0,4.24,8.24,scaffold-only,"Engineering-only pilot output for quasi-real decision-support method review (non-publication, non-acceptance, non-operational); not publication evidence, not final-study evidence, not formal acceptance evidence, not calibrated real-world results, and not an operational route plan or forecast. Base profile scope: Pilot full scenario-policy-seed output for quasi-real decision-support evaluation; not calibrated real-world results or an operational forecast."
goseong_mobilization,goseong_last_mile_station_to_destination,last_mile,capacity_reduction,peak_congestion_bus,bus_only,last-mile road,0.65,15.6,4680.0,inf,inf,scaffold-only,"Engineering-only pilot output for quasi-real decision-support method review (non-publication, non-acceptance, non-operational); not publication evidence, not final-study evidence, not formal acceptance evidence, not calibrated real-world results, and not an operational route plan or forecast. Base profile scope: Pilot full scenario-policy-seed output for quasi-real decision-support evaluation; not calibrated real-world results or an operational forecast."
goseong_mobilization,goseong_last_mile_station_to_destination,last_mile,capacity_reduction,peak_congestion_multimodal,multimodal,last-mile road,0.62,14.97,4490.0,inf,inf,scaffold-only,"Engineering-only pilot output for quasi-real decision-support method review (non-publication, non-acceptance, non-operational); not publication evidence, not final-study evidence, not formal acceptance evidence, not calibrated real-world results, and not an operational route plan or forecast. Base profile scope: Pilot full scenario-policy-seed output for quasi-real decision-support evaluation; not calibrated real-world results or an operational forecast."
goseong_mobilization,goseong_last_mile_station_to_destination,last_mile,capacity_reduction,rail_delay_or_partial_unavailability,multimodal,last-mile road,0.0,0.0,4.79,4.23,9.02,scaffold-only,"Engineering-only pilot output for quasi-real decision-support method review (non-publication, non-acceptance, non-operational); not publication evidence, not final-study evidence, not formal acceptance evidence, not calibrated real-world results, and not an operational route plan or forecast. Base profile scope: Pilot full scenario-policy-seed output for quasi-real decision-support evaluation; not calibrated real-world results or an operational forecast."
goseong_mobilization,goseong_last_mile_station_to_destination,last_mile,capacity_reduction,severe_congestion_bus,bus_only,last-mile road,0.93,22.33,6707.47,inf,inf,scaffold-only,"Engineering-only pilot output for quasi-real decision-support method review (non-publication, non-acceptance, non-operational); not publication evidence, not final-study evidence, not formal acceptance evidence, not calibrated real-world results, and not an operational route plan or forecast. Base profile scope: Pilot full scenario-policy-seed output for quasi-real decision-support evaluation; not calibrated real-world results or an operational forecast."
goseong_mobilization,goseong_last_mile_station_to_destination,last_mile,capacity_reduction,severe_congestion_multimodal,multimodal,last-mile road,0.93,22.37,6715.23,inf,inf,scaffold-only,"Engineering-only pilot output for quasi-real decision-support method review (non-publication, non-acceptance, non-operational); not publication evidence, not final-study evidence, not formal acceptance evidence, not calibrated real-world results, and not an operational route plan or forecast. Base profile scope: Pilot full scenario-policy-seed output for quasi-real decision-support evaluation; not calibrated real-world results or an operational forecast."
goseong_mobilization,goseong_last_mile_station_to_destination,last_mile,capacity_reduction,staggered_or_adaptive_dispatch,multimodal,last-mile road,0.0,0.0,4.59,4.35,8.94,scaffold-only,"Engineering-only pilot output for quasi-real decision-support method review (non-publication, non-acceptance, non-operational); not publication evidence, not final-study evidence, not formal acceptance evidence, not calibrated real-world results, and not an operational route plan or forecast. Base profile scope: Pilot full scenario-policy-seed output for quasi-real decision-support evaluation; not calibrated real-world results or an operational forecast."
goseong_mobilization,goseong_last_mile_station_to_destination,last_mile,capacity_reduction,transfer_stress_extreme,multimodal,last-mile road,0.0,0.0,5.3,5.01,10.31,scaffold-only,"Engineering-only pilot output for quasi-real decision-support method review (non-publication, non-acceptance, non-operational); not publication evidence, not final-study evidence, not formal acceptance evidence, not calibrated real-world results, and not an operational route plan or forecast. Base profile scope: Pilot full scenario-policy-seed output for quasi-real decision-support evaluation; not calibrated real-world results or an operational forecast."
goseong_mobilization,goseong_last_mile_station_to_destination,last_mile,capacity_reduction,transfer_stress_mild,multimodal,last-mile road,0.0,0.0,5.01,4.68,9.69,scaffold-only,"Engineering-only pilot output for quasi-real decision-support method review (non-publication, non-acceptance, non-operational); not publication evidence, not final-study evidence, not formal acceptance evidence, not calibrated real-world results, and not an operational route plan or forecast. Base profile scope: Pilot full scenario-policy-seed output for quasi-real decision-support evaluation; not calibrated real-world results or an operational forecast."
goseong_mobilization,goseong_last_mile_station_to_destination,last_mile,capacity_reduction,transfer_stress_moderate,multimodal,last-mile road,0.0,0.0,5.23,4.66,9.89,scaffold-only,"Engineering-only pilot output for quasi-real decision-support method review (non-publication, non-acceptance, non-operational); not publication evidence, not final-study evidence, not formal acceptance evidence, not calibrated real-world results, and not an operational route plan or forecast. Base profile scope: Pilot full scenario-policy-seed output for quasi-real decision-support evaluation; not calibrated real-world results or an operational forecast."
goseong_mobilization,goseong_last_mile_station_to_destination,last_mile,capacity_reduction,transfer_stress_severe,multimodal,last-mile road,0.0,0.0,5.09,4.7,9.79,scaffold-only,"Engineering-only pilot output for quasi-real decision-support method review (non-publication, non-acceptance, non-operational); not publication evidence, not final-study evidence, not formal acceptance evidence, not calibrated real-world results, and not an operational route plan or forecast. Base profile scope: Pilot full scenario-policy-seed output for quasi-real decision-support evaluation; not calibrated real-world results or an operational forecast."
goseong_mobilization,no_disruption,no_disruption,none,baseline_multimodal,multimodal,none,0.0,0.0,0.0,0.0,0.0,scaffold-only,"Engineering-only pilot output for quasi-real decision-support method review (non-publication, non-acceptance, non-operational); not publication evidence, not final-study evidence, not formal acceptance evidence, not calibrated real-world results, and not an operational route plan or forecast. Base profile scope: Pilot full scenario-policy-seed output for quasi-real decision-support evaluation; not calibrated real-world results or an operational forecast."
goseong_mobilization,no_disruption,no_disruption,none,bus_only,bus_only,none,0.0,0.0,0.0,0.0,0.0,scaffold-only,"Engineering-only pilot output for quasi-real decision-support method review (non-publication, non-acceptance, non-operational); not publication evidence, not final-study evidence, not formal acceptance evidence, not calibrated real-world results, and not an operational route plan or forecast. Base profile scope: Pilot full scenario-policy-seed output for quasi-real decision-support evaluation; not calibrated real-world results or an operational forecast."
goseong_mobilization,no_disruption,no_disruption,none,fleet_shortage_severe,multimodal,none,0.0,0.0,0.0,0.0,0.0,scaffold-only,"Engineering-only pilot output for quasi-real decision-support method review (non-publication, non-acceptance, non-operational); not publication evidence, not final-study evidence, not formal acceptance evidence, not calibrated real-world results, and not an operational route plan or forecast. Base profile scope: Pilot full scenario-policy-seed output for quasi-real decision-support evaluation; not calibrated real-world results or an operational forecast."
goseong_mobilization,no_disruption,no_disruption,none,fleet_shortage_stress,multimodal,none,0.0,0.0,0.0,0.0,0.0,scaffold-only,"Engineering-only pilot output for quasi-real decision-support method review (non-publication, non-acceptance, non-operational); not publication evidence, not final-study evidence, not formal acceptance evidence, not calibrated real-world results, and not an operational route plan or forecast. Base profile scope: Pilot full scenario-policy-seed output for quasi-real decision-support evaluation; not calibrated real-world results or an operational forecast."
goseong_mobilization,no_disruption,no_disruption,none,heavy_congestion_bus,bus_only,none,0.0,0.0,0.0,0.0,0.0,scaffold-only,"Engineering-only pilot output for quasi-real decision-support method review (non-publication, non-acceptance, non-operational); not publication evidence, not final-study evidence, not formal acceptance evidence, not calibrated real-world results, and not an operational route plan or forecast. Base profile scope: Pilot full scenario-policy-seed output for quasi-real decision-support evaluation; not calibrated real-world results or an operational forecast."
goseong_mobilization,no_disruption,no_disruption,none,heavy_congestion_multimodal,multimodal,none,0.0,0.0,0.0,0.0,0.0,scaffold-only,"Engineering-only pilot output for quasi-real decision-support method review (non-publication, non-acceptance, non-operational); not publication evidence, not final-study evidence, not formal acceptance evidence, not calibrated real-world results, and not an operational route plan or forecast. Base profile scope: Pilot full scenario-policy-seed output for quasi-real decision-support evaluation; not calibrated real-world results or an operational forecast."
goseong_mobilization,no_disruption,no_disruption,none,lastmile_capacity_mild,multimodal,none,0.0,0.0,0.0,0.0,0.0,scaffold-only,"Engineering-only pilot output for quasi-real decision-support method review (non-publication, non-acceptance, non-operational); not publication evidence, not final-study evidence, not formal acceptance evidence, not calibrated real-world results, and not an operational route plan or forecast. Base profile scope: Pilot full scenario-policy-seed output for quasi-real decision-support evaluation; not calibrated real-world results or an operational forecast."
goseong_mobilization,no_disruption,no_disruption,none,lastmile_capacity_moderate,multimodal,none,0.0,0.0,0.0,0.0,0.0,scaffold-only,"Engineering-only pilot output for quasi-real decision-support method review (non-publication, non-acceptance, non-operational); not publication evidence, not final-study evidence, not formal acceptance evidence, not calibrated real-world results, and not an operational route plan or forecast. Base profile scope: Pilot full scenario-policy-seed output for quasi-real decision-support evaluation; not calibrated real-world results or an operational forecast."
goseong_mobilization,no_disruption,no_disruption,none,lastmile_capacity_severe,multimodal,none,0.0,0.0,0.0,0.0,0.0,scaffold-only,"Engineering-only pilot output for quasi-real decision-support method review (non-publication, non-acceptance, non-operational); not publication evidence, not final-study evidence, not formal acceptance evidence, not calibrated real-world results, and not an operational route plan or forecast. Base profile scope: Pilot full scenario-policy-seed output for quasi-real decision-support evaluation; not calibrated real-world results or an operational forecast."
goseong_mobilization,no_disruption,no_disruption,none,moderate_congestion_bus,bus_only,none,0.0,0.0,0.0,0.0,0.0,scaffold-only,"Engineering-only pilot output for quasi-real decision-support method review (non-publication, non-acceptance, non-operational); not publication evidence, not final-study evidence, not formal acceptance evidence, not calibrated real-world results, and not an operational route plan or forecast. Base profile scope: Pilot full scenario-policy-seed output for quasi-real decision-support evaluation; not calibrated real-world results or an operational forecast."
goseong_mobilization,no_disruption,no_disruption,none,moderate_congestion_multimodal,multimodal,none,0.0,0.0,0.0,0.0,0.0,scaffold-only,"Engineering-only pilot output for quasi-real decision-support method review (non-publication, non-acceptance, non-operational); not publication evidence, not final-study evidence, not formal acceptance evidence, not calibrated real-world results, and not an operational route plan or forecast. Base profile scope: Pilot full scenario-policy-seed output for quasi-real decision-support evaluation; not calibrated real-world results or an operational forecast."
goseong_mobilization,no_disruption,no_disruption,none,multimodal_increased_feeder_capacity,multimodal,none,0.0,0.0,0.0,0.0,0.0,scaffold-only,"Engineering-only pilot output for quasi-real decision-support method review (non-publication, non-acceptance, non-operational); not publication evidence, not final-study evidence, not formal acceptance evidence, not calibrated real-world results, and not an operational route plan or forecast. Base profile scope: Pilot full scenario-policy-seed output for quasi-real decision-support evaluation; not calibrated real-world results or an operational forecast."
goseong_mobilization,no_disruption,no_disruption,none,multimodal_lastmile_redundancy,multimodal,none,0.0,0.0,0.0,0.0,0.0,scaffold-only,"Engineering-only pilot output for quasi-real decision-support method review (non-publication, non-acceptance, non-operational); not publication evidence, not final-study evidence, not formal acceptance evidence, not calibrated real-world results, and not an operational route plan or forecast. Base profile scope: Pilot full scenario-policy-seed output for quasi-real decision-support evaluation; not calibrated real-world results or an operational forecast."
goseong_mobilization,no_disruption,no_disruption,none,peak_congestion_bus,bus_only,none,0.0,0.0,0.0,0.0,0.0,scaffold-only,"Engineering-only pilot output for quasi-real decision-support method review (non-publication, non-acceptance, non-operational); not publication evidence, not final-study evidence, not formal acceptance evidence, not calibrated real-world results, and not an operational route plan or forecast. Base profile scope: Pilot full scenario-policy-seed output for quasi-real decision-support evaluation; not calibrated real-world results or an operational forecast."
goseong_mobilization,no_disruption,no_disruption,none,peak_congestion_multimodal,multimodal,none,0.0,0.0,0.0,0.0,0.0,scaffold-only,"Engineering-only pilot output for quasi-real decision-support method review (non-publication, non-acceptance, non-operational); not publication evidence, not final-study evidence, not formal acceptance evidence, not calibrated real-world results, and not an operational route plan or forecast. Base profile scope: Pilot full scenario-policy-seed output for quasi-real decision-support evaluation; not calibrated real-world results or an operational forecast."
goseong_mobilization,no_disruption,no_disruption,none,rail_delay_or_partial_unavailability,multimodal,none,0.0,0.0,0.0,0.0,0.0,scaffold-only,"Engineering-only pilot output for quasi-real decision-support method review (non-publication, non-acceptance, non-operational); not publication evidence, not final-study evidence, not formal acceptance evidence, not calibrated real-world results, and not an operational route plan or forecast. Base profile scope: Pilot full scenario-policy-seed output for quasi-real decision-support evaluation; not calibrated real-world results or an operational forecast."
goseong_mobilization,no_disruption,no_disruption,none,severe_congestion_bus,bus_only,none,0.0,0.0,0.0,0.0,0.0,scaffold-only,"Engineering-only pilot output for quasi-real decision-support method review (non-publication, non-acceptance, non-operational); not publication evidence, not final-study evidence, not formal acceptance evidence, not calibrated real-world results, and not an operational route plan or forecast. Base profile scope: Pilot full scenario-policy-seed output for quasi-real decision-support evaluation; not calibrated real-world results or an operational forecast."
goseong_mobilization,no_disruption,no_disruption,none,severe_congestion_multimodal,multimodal,none,0.0,0.0,0.0,0.0,0.0,scaffold-only,"Engineering-only pilot output for quasi-real decision-support method review (non-publication, non-acceptance, non-operational); not publication evidence, not final-study evidence, not formal acceptance evidence, not calibrated real-world results, and not an operational route plan or forecast. Base profile scope: Pilot full scenario-policy-seed output for quasi-real decision-support evaluation; not calibrated real-world results or an operational forecast."
goseong_mobilization,no_disruption,no_disruption,none,staggered_or_adaptive_dispatch,multimodal,none,0.0,0.0,0.0,0.0,0.0,scaffold-only,"Engineering-only pilot output for quasi-real decision-support method review (non-publication, non-acceptance, non-operational); not publication evidence, not final-study evidence, not formal acceptance evidence, not calibrated real-world results, and not an operational route plan or forecast. Base profile scope: Pilot full scenario-policy-seed output for quasi-real decision-support evaluation; not calibrated real-world results or an operational forecast."
goseong_mobilization,no_disruption,no_disruption,none,transfer_stress_extreme,multimodal,none,0.0,0.0,0.0,0.0,0.0,scaffold-only,"Engineering-only pilot output for quasi-real decision-support method review (non-publication, non-acceptance, non-operational); not publication evidence, not final-study evidence, not formal acceptance evidence, not calibrated real-world results, and not an operational route plan or forecast. Base profile scope: Pilot full scenario-policy-seed output for quasi-real decision-support evaluation; not calibrated real-world results or an operational forecast."
goseong_mobilization,no_disruption,no_disruption,none,transfer_stress_mild,multimodal,none,0.0,0.0,0.0,0.0,0.0,scaffold-only,"Engineering-only pilot output for quasi-real decision-support method review (non-publication, non-acceptance, non-operational); not publication evidence, not final-study evidence, not formal acceptance evidence, not calibrated real-world results, and not an operational route plan or forecast. Base profile scope: Pilot full scenario-policy-seed output for quasi-real decision-support evaluation; not calibrated real-world results or an operational forecast."
goseong_mobilization,no_disruption,no_disruption,none,transfer_stress_moderate,multimodal,none,0.0,0.0,0.0,0.0,0.0,scaffold-only,"Engineering-only pilot output for quasi-real decision-support method review (non-publication, non-acceptance, non-operational); not publication evidence, not final-study evidence, not formal acceptance evidence, not calibrated real-world results, and not an operational route plan or forecast. Base profile scope: Pilot full scenario-policy-seed output for quasi-real decision-support evaluation; not calibrated real-world results or an operational forecast."
goseong_mobilization,no_disruption,no_disruption,none,transfer_stress_severe,multimodal,none,0.0,0.0,0.0,0.0,0.0,scaffold-only,"Engineering-only pilot output for quasi-real decision-support method review (non-publication, non-acceptance, non-operational); not publication evidence, not final-study evidence, not formal acceptance evidence, not calibrated real-world results, and not an operational route plan or forecast. Base profile scope: Pilot full scenario-policy-seed output for quasi-real decision-support evaluation; not calibrated real-world results or an operational forecast."
goseong_mobilization,goseong_access_origin_to_station,access_road,capacity_reduction,baseline_multimodal,multimodal,rail access road,0.0,0.0,0.0,0.0,0.0,scaffold-only,"Engineering-only pilot output for quasi-real decision-support method review (non-publication, non-acceptance, non-operational); not publication evidence, not final-study evidence, not formal acceptance evidence, not calibrated real-world results, and not an operational route plan or forecast. Base profile scope: Pilot full scenario-policy-seed output for quasi-real decision-support evaluation; not calibrated real-world results or an operational forecast."
goseong_mobilization,goseong_access_origin_to_station,access_road,capacity_reduction,bus_only,bus_only,rail access road,0.0,0.0,0.01,0.02,0.03,scaffold-only,"Engineering-only pilot output for quasi-real decision-support method review (non-publication, non-acceptance, non-operational); not publication evidence, not final-study evidence, not formal acceptance evidence, not calibrated real-world results, and not an operational route plan or forecast. Base profile scope: Pilot full scenario-policy-seed output for quasi-real decision-support evaluation; not calibrated real-world results or an operational forecast."
goseong_mobilization,goseong_access_origin_to_station,access_road,capacity_reduction,fleet_shortage_severe,multimodal,rail access road,0.0,0.0,0.0,0.0,0.0,scaffold-only,"Engineering-only pilot output for quasi-real decision-support method review (non-publication, non-acceptance, non-operational); not publication evidence, not final-study evidence, not formal acceptance evidence, not calibrated real-world results, and not an operational route plan or forecast. Base profile scope: Pilot full scenario-policy-seed output for quasi-real decision-support evaluation; not calibrated real-world results or an operational forecast."
goseong_mobilization,goseong_access_origin_to_station,access_road,capacity_reduction,fleet_shortage_stress,multimodal,rail access road,0.0,0.0,0.0,0.0,0.0,scaffold-only,"Engineering-only pilot output for quasi-real decision-support method review (non-publication, non-acceptance, non-operational); not publication evidence, not final-study evidence, not formal acceptance evidence, not calibrated real-world results, and not an operational route plan or forecast. Base profile scope: Pilot full scenario-policy-seed output for quasi-real decision-support evaluation; not calibrated real-world results or an operational forecast."
goseong_mobilization,goseong_access_origin_to_station,access_road,capacity_reduction,heavy_congestion_bus,bus_only,rail access road,0.0,0.24,72.97,0.49,73.7,scaffold-only,"Engineering-only pilot output for quasi-real decision-support method review (non-publication, non-acceptance, non-operational); not publication evidence, not final-study evidence, not formal acceptance evidence, not calibrated real-world results, and not an operational route plan or forecast. Base profile scope: Pilot full scenario-policy-seed output for quasi-real decision-support evaluation; not calibrated real-world results or an operational forecast."
goseong_mobilization,goseong_access_origin_to_station,access_road,capacity_reduction,heavy_congestion_multimodal,multimodal,rail access road,0.0,0.0,12.04,32.07,44.11,scaffold-only,"Engineering-only pilot output for quasi-real decision-support method review (non-publication, non-acceptance, non-operational); not publication evidence, not final-study evidence, not formal acceptance evidence, not calibrated real-world results, and not an operational route plan or forecast. Base profile scope: Pilot full scenario-policy-seed output for quasi-real decision-support evaluation; not calibrated real-world results or an operational forecast."
goseong_mobilization,goseong_access_origin_to_station,access_road,capacity_reduction,lastmile_capacity_mild,multimodal,rail access road,0.0,0.0,0.0,0.0,0.0,scaffold-only,"Engineering-only pilot output for quasi-real decision-support method review (non-publication, non-acceptance, non-operational); not publication evidence, not final-study evidence, not formal acceptance evidence, not calibrated real-world results, and not an operational route plan or forecast. Base profile scope: Pilot full scenario-policy-seed output for quasi-real decision-support evaluation; not calibrated real-world results or an operational forecast."
goseong_mobilization,goseong_access_origin_to_station,access_road,capacity_reduction,lastmile_capacity_moderate,multimodal,rail access road,0.0,0.0,0.0,0.0,0.0,scaffold-only,"Engineering-only pilot output for quasi-real decision-support method review (non-publication, non-acceptance, non-operational); not publication evidence, not final-study evidence, not formal acceptance evidence, not calibrated real-world results, and not an operational route plan or forecast. Base profile scope: Pilot full scenario-policy-seed output for quasi-real decision-support evaluation; not calibrated real-world results or an operational forecast."
goseong_mobilization,goseong_access_origin_to_station,access_road,capacity_reduction,lastmile_capacity_severe,multimodal,rail access road,0.0,0.0,0.0,0.0,0.0,scaffold-only,"Engineering-only pilot output for quasi-real decision-support method review (non-publication, non-acceptance, non-operational); not publication evidence, not final-study evidence, not formal acceptance evidence, not calibrated real-world results, and not an operational route plan or forecast. Base profile scope: Pilot full scenario-policy-seed output for quasi-real decision-support evaluation; not calibrated real-world results or an operational forecast."
goseong_mobilization,goseong_access_origin_to_station,access_road,capacity_reduction,moderate_congestion_bus,bus_only,rail access road,0.0,0.0,0.19,0.21,0.4,scaffold-only,"Engineering-only pilot output for quasi-real decision-support method review (non-publication, non-acceptance, non-operational); not publication evidence, not final-study evidence, not formal acceptance evidence, not calibrated real-world results, and not an operational route plan or forecast. Base profile scope: Pilot full scenario-policy-seed output for quasi-real decision-support evaluation; not calibrated real-world results or an operational forecast."
goseong_mobilization,goseong_access_origin_to_station,access_road,capacity_reduction,moderate_congestion_multimodal,multimodal,rail access road,0.0,0.0,0.34,0.0,0.34,scaffold-only,"Engineering-only pilot output for quasi-real decision-support method review (non-publication, non-acceptance, non-operational); not publication evidence, not final-study evidence, not formal acceptance evidence, not calibrated real-world results, and not an operational route plan or forecast. Base profile scope: Pilot full scenario-policy-seed output for quasi-real decision-support evaluation; not calibrated real-world results or an operational forecast."
goseong_mobilization,goseong_access_origin_to_station,access_road,capacity_reduction,multimodal_increased_feeder_capacity,multimodal,rail access road,0.0,0.0,0.0,0.0,0.0,scaffold-only,"Engineering-only pilot output for quasi-real decision-support method review (non-publication, non-acceptance, non-operational); not publication evidence, not final-study evidence, not formal acceptance evidence, not calibrated real-world results, and not an operational route plan or forecast. Base profile scope: Pilot full scenario-policy-seed output for quasi-real decision-support evaluation; not calibrated real-world results or an operational forecast."
goseong_mobilization,goseong_access_origin_to_station,access_road,capacity_reduction,multimodal_lastmile_redundancy,multimodal,rail access road,0.0,0.0,0.0,0.0,0.0,scaffold-only,"Engineering-only pilot output for quasi-real decision-support method review (non-publication, non-acceptance, non-operational); not publication evidence, not final-study evidence, not formal acceptance evidence, not calibrated real-world results, and not an operational route plan or forecast. Base profile scope: Pilot full scenario-policy-seed output for quasi-real decision-support evaluation; not calibrated real-world results or an operational forecast."
goseong_mobilization,goseong_access_origin_to_station,access_road,capacity_reduction,peak_congestion_bus,bus_only,rail access road,0.0,0.0,0.0,21.54,21.54,scaffold-only,"Engineering-only pilot output for quasi-real decision-support method review (non-publication, non-acceptance, non-operational); not publication evidence, not final-study evidence, not formal acceptance evidence, not calibrated real-world results, and not an operational route plan or forecast. Base profile scope: Pilot full scenario-policy-seed output for quasi-real decision-support evaluation; not calibrated real-world results or an operational forecast."
goseong_mobilization,goseong_access_origin_to_station,access_road,capacity_reduction,peak_congestion_multimodal,multimodal,rail access road,0.62,14.97,4490.0,inf,inf,scaffold-only,"Engineering-only pilot output for quasi-real decision-support method review (non-publication, non-acceptance, non-operational); not publication evidence, not final-study evidence, not formal acceptance evidence, not calibrated real-world results, and not an operational route plan or forecast. Base profile scope: Pilot full scenario-policy-seed output for quasi-real decision-support evaluation; not calibrated real-world results or an operational forecast."
goseong_mobilization,goseong_access_origin_to_station,access_road,capacity_reduction,rail_delay_or_partial_unavailability,multimodal,rail access road,0.0,0.0,0.0,0.0,0.0,scaffold-only,"Engineering-only pilot output for quasi-real decision-support method review (non-publication, non-acceptance, non-operational); not publication evidence, not final-study evidence, not formal acceptance evidence, not calibrated real-world results, and not an operational route plan or forecast. Base profile scope: Pilot full scenario-policy-seed output for quasi-real decision-support evaluation; not calibrated real-world results or an operational forecast."
goseong_mobilization,goseong_access_origin_to_station,access_road,capacity_reduction,severe_congestion_bus,bus_only,rail access road,0.0,0.0,5.0,13.64,18.64,scaffold-only,"Engineering-only pilot output for quasi-real decision-support method review (non-publication, non-acceptance, non-operational); not publication evidence, not final-study evidence, not formal acceptance evidence, not calibrated real-world results, and not an operational route plan or forecast. Base profile scope: Pilot full scenario-policy-seed output for quasi-real decision-support evaluation; not calibrated real-world results or an operational forecast."
goseong_mobilization,goseong_access_origin_to_station,access_road,capacity_reduction,severe_congestion_multimodal,multimodal,rail access road,0.47,11.44,3435.23,8.65,3925.32,scaffold-only,"Engineering-only pilot output for quasi-real decision-support method review (non-publication, non-acceptance, non-operational); not publication evidence, not final-study evidence, not formal acceptance evidence, not calibrated real-world results, and not an operational route plan or forecast. Base profile scope: Pilot full scenario-policy-seed output for quasi-real decision-support evaluation; not calibrated real-world results or an operational forecast."
goseong_mobilization,goseong_access_origin_to_station,access_road,capacity_reduction,staggered_or_adaptive_dispatch,multimodal,rail access road,0.0,0.0,0.0,0.0,0.0,scaffold-only,"Engineering-only pilot output for quasi-real decision-support method review (non-publication, non-acceptance, non-operational); not publication evidence, not final-study evidence, not formal acceptance evidence, not calibrated real-world results, and not an operational route plan or forecast. Base profile scope: Pilot full scenario-policy-seed output for quasi-real decision-support evaluation; not calibrated real-world results or an operational forecast."
goseong_mobilization,goseong_access_origin_to_station,access_road,capacity_reduction,transfer_stress_extreme,multimodal,rail access road,0.0,0.0,0.0,0.0,0.0,scaffold-only,"Engineering-only pilot output for quasi-real decision-support method review (non-publication, non-acceptance, non-operational); not publication evidence, not final-study evidence, not formal acceptance evidence, not calibrated real-world results, and not an operational route plan or forecast. Base profile scope: Pilot full scenario-policy-seed output for quasi-real decision-support evaluation; not calibrated real-world results or an operational forecast."
goseong_mobilization,goseong_access_origin_to_station,access_road,capacity_reduction,transfer_stress_mild,multimodal,rail access road,0.0,0.0,1.62,1.61,3.23,scaffold-only,"Engineering-only pilot output for quasi-real decision-support method review (non-publication, non-acceptance, non-operational); not publication evidence, not final-study evidence, not formal acceptance evidence, not calibrated real-world results, and not an operational route plan or forecast. Base profile scope: Pilot full scenario-policy-seed output for quasi-real decision-support evaluation; not calibrated real-world results or an operational forecast."
goseong_mobilization,goseong_access_origin_to_station,access_road,capacity_reduction,transfer_stress_moderate,multimodal,rail access road,0.0,0.0,0.0,0.0,0.0,scaffold-only,"Engineering-only pilot output for quasi-real decision-support method review (non-publication, non-acceptance, non-operational); not publication evidence, not final-study evidence, not formal acceptance evidence, not calibrated real-world results, and not an operational route plan or forecast. Base profile scope: Pilot full scenario-policy-seed output for quasi-real decision-support evaluation; not calibrated real-world results or an operational forecast."
goseong_mobilization,goseong_access_origin_to_station,access_road,capacity_reduction,transfer_stress_severe,multimodal,rail access road,0.0,0.0,0.0,0.0,0.0,scaffold-only,"Engineering-only pilot output for quasi-real decision-support method review (non-publication, non-acceptance, non-operational); not publication evidence, not final-study evidence, not formal acceptance evidence, not calibrated real-world results, and not an operational route plan or forecast. Base profile scope: Pilot full scenario-policy-seed output for quasi-real decision-support evaluation; not calibrated real-world results or an operational forecast."
goseong_mobilization,goseong_random_blockage,random,blocked,baseline_multimodal,multimodal,random road degradation,1.0,24.0,7340.51,inf,inf,scaffold-only,"Engineering-only pilot output for quasi-real decision-support method review (non-publication, non-acceptance, non-operational); not publication evidence, not final-study evidence, not formal acceptance evidence, not calibrated real-world results, and not an operational route plan or forecast. Base profile scope: Pilot full scenario-policy-seed output for quasi-real decision-support evaluation; not calibrated real-world results or an operational forecast."
goseong_mobilization,goseong_random_blockage,random,blocked,bus_only,bus_only,random road degradation,0.99,23.87,7263.13,inf,inf,scaffold-only,"Engineering-only pilot output for quasi-real decision-support method review (non-publication, non-acceptance, non-operational); not publication evidence, not final-study evidence, not formal acceptance evidence, not calibrated real-world results, and not an operational route plan or forecast. Base profile scope: Pilot full scenario-policy-seed output for quasi-real decision-support evaluation; not calibrated real-world results or an operational forecast."
goseong_mobilization,goseong_random_blockage,random,blocked,fleet_shortage_severe,multimodal,random road degradation,0.91,21.9,6578.13,inf,inf,scaffold-only,"Engineering-only pilot output for quasi-real decision-support method review (non-publication, non-acceptance, non-operational); not publication evidence, not final-study evidence, not formal acceptance evidence, not calibrated real-world results, and not an operational route plan or forecast. Base profile scope: Pilot full scenario-policy-seed output for quasi-real decision-support evaluation; not calibrated real-world results or an operational forecast."
goseong_mobilization,goseong_random_blockage,random,blocked,fleet_shortage_stress,multimodal,random road degradation,1.0,24.0,7340.51,inf,inf,scaffold-only,"Engineering-only pilot output for quasi-real decision-support method review (non-publication, non-acceptance, non-operational); not publication evidence, not final-study evidence, not formal acceptance evidence, not calibrated real-world results, and not an operational route plan or forecast. Base profile scope: Pilot full scenario-policy-seed output for quasi-real decision-support evaluation; not calibrated real-world results or an operational forecast."
goseong_mobilization,goseong_random_blockage,random,blocked,heavy_congestion_bus,bus_only,random road degradation,0.99,23.87,7224.3,inf,inf,scaffold-only,"Engineering-only pilot output for quasi-real decision-support method review (non-publication, non-acceptance, non-operational); not publication evidence, not final-study evidence, not formal acceptance evidence, not calibrated real-world results, and not an operational route plan or forecast. Base profile scope: Pilot full scenario-policy-seed output for quasi-real decision-support evaluation; not calibrated real-world results or an operational forecast."
goseong_mobilization,goseong_random_blockage,random,blocked,heavy_congestion_multimodal,multimodal,random road degradation,1.0,23.97,7292.74,inf,inf,scaffold-only,"Engineering-only pilot output for quasi-real decision-support method review (non-publication, non-acceptance, non-operational); not publication evidence, not final-study evidence, not formal acceptance evidence, not calibrated real-world results, and not an operational route plan or forecast. Base profile scope: Pilot full scenario-policy-seed output for quasi-real decision-support evaluation; not calibrated real-world results or an operational forecast."
goseong_mobilization,goseong_random_blockage,random,blocked,lastmile_capacity_mild,multimodal,random road degradation,1.0,24.0,7392.76,inf,inf,scaffold-only,"Engineering-only pilot output for quasi-real decision-support method review (non-publication, non-acceptance, non-operational); not publication evidence, not final-study evidence, not formal acceptance evidence, not calibrated real-world results, and not an operational route plan or forecast. Base profile scope: Pilot full scenario-policy-seed output for quasi-real decision-support evaluation; not calibrated real-world results or an operational forecast."
goseong_mobilization,goseong_random_blockage,random,blocked,lastmile_capacity_moderate,multimodal,random road degradation,1.0,24.0,7392.76,inf,inf,scaffold-only,"Engineering-only pilot output for quasi-real decision-support method review (non-publication, non-acceptance, non-operational); not publication evidence, not final-study evidence, not formal acceptance evidence, not calibrated real-world results, and not an operational route plan or forecast. Base profile scope: Pilot full scenario-policy-seed output for quasi-real decision-support evaluation; not calibrated real-world results or an operational forecast."
goseong_mobilization,goseong_random_blockage,random,blocked,lastmile_capacity_severe,multimodal,random road degradation,1.0,24.0,7390.3,inf,inf,scaffold-only,"Engineering-only pilot output for quasi-real decision-support method review (non-publication, non-acceptance, non-operational); not publication evidence, not final-study evidence, not formal acceptance evidence, not calibrated real-world results, and not an operational route plan or forecast. Base profile scope: Pilot full scenario-policy-seed output for quasi-real decision-support evaluation; not calibrated real-world results or an operational forecast."
goseong_mobilization,goseong_random_blockage,random,blocked,moderate_congestion_bus,bus_only,random road degradation,0.99,23.87,7260.83,inf,inf,scaffold-only,"Engineering-only pilot output for quasi-real decision-support method review (non-publication, non-acceptance, non-operational); not publication evidence, not final-study evidence, not formal acceptance evidence, not calibrated real-world results, and not an operational route plan or forecast. Base profile scope: Pilot full scenario-policy-seed output for quasi-real decision-support evaluation; not calibrated real-world results or an operational forecast."
goseong_mobilization,goseong_random_blockage,random,blocked,moderate_congestion_multimodal,multimodal,random road degradation,1.0,24.0,7338.29,inf,inf,scaffold-only,"Engineering-only pilot output for quasi-real decision-support method review (non-publication, non-acceptance, non-operational); not publication evidence, not final-study evidence, not formal acceptance evidence, not calibrated real-world results, and not an operational route plan or forecast. Base profile scope: Pilot full scenario-policy-seed output for quasi-real decision-support evaluation; not calibrated real-world results or an operational forecast."
goseong_mobilization,goseong_random_blockage,random,blocked,multimodal_increased_feeder_capacity,multimodal,random road degradation,1.0,24.0,7351.1,inf,inf,scaffold-only,"Engineering-only pilot output for quasi-real decision-support method review (non-publication, non-acceptance, non-operational); not publication evidence, not final-study evidence, not formal acceptance evidence, not calibrated real-world results, and not an operational route plan or forecast. Base profile scope: Pilot full scenario-policy-seed output for quasi-real decision-support evaluation; not calibrated real-world results or an operational forecast."
goseong_mobilization,goseong_random_blockage,random,blocked,multimodal_lastmile_redundancy,multimodal,random road degradation,1.0,24.0,7379.64,inf,inf,scaffold-only,"Engineering-only pilot output for quasi-real decision-support method review (non-publication, non-acceptance, non-operational); not publication evidence, not final-study evidence, not formal acceptance evidence, not calibrated real-world results, and not an operational route plan or forecast. Base profile scope: Pilot full scenario-policy-seed output for quasi-real decision-support evaluation; not calibrated real-world results or an operational forecast."
goseong_mobilization,goseong_random_blockage,random,blocked,peak_congestion_bus,bus_only,random road degradation,0.65,15.6,4680.0,inf,inf,scaffold-only,"Engineering-only pilot output for quasi-real decision-support method review (non-publication, non-acceptance, non-operational); not publication evidence, not final-study evidence, not formal acceptance evidence, not calibrated real-world results, and not an operational route plan or forecast. Base profile scope: Pilot full scenario-policy-seed output for quasi-real decision-support evaluation; not calibrated real-world results or an operational forecast."
goseong_mobilization,goseong_random_blockage,random,blocked,peak_congestion_multimodal,multimodal,random road degradation,0.62,14.97,4490.0,inf,inf,scaffold-only,"Engineering-only pilot output for quasi-real decision-support method review (non-publication, non-acceptance, non-operational); not publication evidence, not final-study evidence, not formal acceptance evidence, not calibrated real-world results, and not an operational route plan or forecast. Base profile scope: Pilot full scenario-policy-seed output for quasi-real decision-support evaluation; not calibrated real-world results or an operational forecast."
goseong_mobilization,goseong_random_blockage,random,blocked,rail_delay_or_partial_unavailability,multimodal,random road degradation,1.0,24.0,7327.55,inf,inf,scaffold-only,"Engineering-only pilot output for quasi-real decision-support method review (non-publication, non-acceptance, non-operational); not publication evidence, not final-study evidence, not formal acceptance evidence, not calibrated real-world results, and not an operational route plan or forecast. Base profile scope: Pilot full scenario-policy-seed output for quasi-real decision-support evaluation; not calibrated real-world results or an operational forecast."
goseong_mobilization,goseong_random_blockage,random,blocked,severe_congestion_bus,bus_only,random road degradation,0.93,22.33,6707.47,inf,inf,scaffold-only,"Engineering-only pilot output for quasi-real decision-support method review (non-publication, non-acceptance, non-operational); not publication evidence, not final-study evidence, not formal acceptance evidence, not calibrated real-world results, and not an operational route plan or forecast. Base profile scope: Pilot full scenario-policy-seed output for quasi-real decision-support evaluation; not calibrated real-world results or an operational forecast."
goseong_mobilization,goseong_random_blockage,random,blocked,severe_congestion_multimodal,multimodal,random road degradation,0.93,22.37,6715.23,inf,inf,scaffold-only,"Engineering-only pilot output for quasi-real decision-support method review (non-publication, non-acceptance, non-operational); not publication evidence, not final-study evidence, not formal acceptance evidence, not calibrated real-world results, and not an operational route plan or forecast. Base profile scope: Pilot full scenario-policy-seed output for quasi-real decision-support evaluation; not calibrated real-world results or an operational forecast."
goseong_mobilization,goseong_random_blockage,random,blocked,staggered_or_adaptive_dispatch,multimodal,random road degradation,1.0,24.0,7364.52,inf,inf,scaffold-only,"Engineering-only pilot output for quasi-real decision-support method review (non-publication, non-acceptance, non-operational); not publication evidence, not final-study evidence, not formal acceptance evidence, not calibrated real-world results, and not an operational route plan or forecast. Base profile scope: Pilot full scenario-policy-seed output for quasi-real decision-support evaluation; not calibrated real-world results or an operational forecast."
goseong_mobilization,goseong_random_blockage,random,blocked,transfer_stress_extreme,multimodal,random road degradation,1.0,24.0,7302.22,inf,inf,scaffold-only,"Engineering-only pilot output for quasi-real decision-support method review (non-publication, non-acceptance, non-operational); not publication evidence, not final-study evidence, not formal acceptance evidence, not calibrated real-world results, and not an operational route plan or forecast. Base profile scope: Pilot full scenario-policy-seed output for quasi-real decision-support evaluation; not calibrated real-world results or an operational forecast."
goseong_mobilization,goseong_random_blockage,random,blocked,transfer_stress_mild,multimodal,random road degradation,1.0,24.0,7340.53,inf,inf,scaffold-only,"Engineering-only pilot output for quasi-real decision-support method review (non-publication, non-acceptance, non-operational); not publication evidence, not final-study evidence, not formal acceptance evidence, not calibrated real-world results, and not an operational route plan or forecast. Base profile scope: Pilot full scenario-policy-seed output for quasi-real decision-support evaluation; not calibrated real-world results or an operational forecast."
goseong_mobilization,goseong_random_blockage,random,blocked,transfer_stress_moderate,multimodal,random road degradation,1.0,24.0,7329.84,inf,inf,scaffold-only,"Engineering-only pilot output for quasi-real decision-support method review (non-publication, non-acceptance, non-operational); not publication evidence, not final-study evidence, not formal acceptance evidence, not calibrated real-world results, and not an operational route plan or forecast. Base profile scope: Pilot full scenario-policy-seed output for quasi-real decision-support evaluation; not calibrated real-world results or an operational forecast."
goseong_mobilization,goseong_random_blockage,random,blocked,transfer_stress_severe,multimodal,random road degradation,1.0,24.0,7312.91,inf,inf,scaffold-only,"Engineering-only pilot output for quasi-real decision-support method review (non-publication, non-acceptance, non-operational); not publication evidence, not final-study evidence, not formal acceptance evidence, not calibrated real-world results, and not an operational route plan or forecast. Base profile scope: Pilot full scenario-policy-seed output for quasi-real decision-support evaluation; not calibrated real-world results or an operational forecast."
goseong_mobilization,goseong_random_capacity_reduction,random,capacity_reduction,baseline_multimodal,multimodal,random road degradation,0.0,0.0,0.0,0.0,0.0,scaffold-only,"Engineering-only pilot output for quasi-real decision-support method review (non-publication, non-acceptance, non-operational); not publication evidence, not final-study evidence, not formal acceptance evidence, not calibrated real-world results, and not an operational route plan or forecast. Base profile scope: Pilot full scenario-policy-seed output for quasi-real decision-support evaluation; not calibrated real-world results or an operational forecast."
goseong_mobilization,goseong_random_capacity_reduction,random,capacity_reduction,bus_only,bus_only,random road degradation,0.0,0.0,0.0,0.01,0.01,scaffold-only,"Engineering-only pilot output for quasi-real decision-support method review (non-publication, non-acceptance, non-operational); not publication evidence, not final-study evidence, not formal acceptance evidence, not calibrated real-world results, and not an operational route plan or forecast. Base profile scope: Pilot full scenario-policy-seed output for quasi-real decision-support evaluation; not calibrated real-world results or an operational forecast."
goseong_mobilization,goseong_random_capacity_reduction,random,capacity_reduction,fleet_shortage_severe,multimodal,random road degradation,0.0,0.0,0.0,0.01,0.01,scaffold-only,"Engineering-only pilot output for quasi-real decision-support method review (non-publication, non-acceptance, non-operational); not publication evidence, not final-study evidence, not formal acceptance evidence, not calibrated real-world results, and not an operational route plan or forecast. Base profile scope: Pilot full scenario-policy-seed output for quasi-real decision-support evaluation; not calibrated real-world results or an operational forecast."
goseong_mobilization,goseong_random_capacity_reduction,random,capacity_reduction,fleet_shortage_stress,multimodal,random road degradation,0.0,0.0,0.0,0.0,0.0,scaffold-only,"Engineering-only pilot output for quasi-real decision-support method review (non-publication, non-acceptance, non-operational); not publication evidence, not final-study evidence, not formal acceptance evidence, not calibrated real-world results, and not an operational route plan or forecast. Base profile scope: Pilot full scenario-policy-seed output for quasi-real decision-support evaluation; not calibrated real-world results or an operational forecast."
goseong_mobilization,goseong_random_capacity_reduction,random,capacity_reduction,heavy_congestion_bus,bus_only,random road degradation,0.0,0.0,0.85,0.96,1.81,scaffold-only,"Engineering-only pilot output for quasi-real decision-support method review (non-publication, non-acceptance, non-operational); not publication evidence, not final-study evidence, not formal acceptance evidence, not calibrated real-world results, and not an operational route plan or forecast. Base profile scope: Pilot full scenario-policy-seed output for quasi-real decision-support evaluation; not calibrated real-world results or an operational forecast."
goseong_mobilization,goseong_random_capacity_reduction,random,capacity_reduction,heavy_congestion_multimodal,multimodal,random road degradation,0.0,0.0,0.78,0.71,1.49,scaffold-only,"Engineering-only pilot output for quasi-real decision-support method review (non-publication, non-acceptance, non-operational); not publication evidence, not final-study evidence, not formal acceptance evidence, not calibrated real-world results, and not an operational route plan or forecast. Base profile scope: Pilot full scenario-policy-seed output for quasi-real decision-support evaluation; not calibrated real-world results or an operational forecast."
goseong_mobilization,goseong_random_capacity_reduction,random,capacity_reduction,lastmile_capacity_mild,multimodal,random road degradation,0.0,0.0,0.0,0.0,0.0,scaffold-only,"Engineering-only pilot output for quasi-real decision-support method review (non-publication, non-acceptance, non-operational); not publication evidence, not final-study evidence, not formal acceptance evidence, not calibrated real-world results, and not an operational route plan or forecast. Base profile scope: Pilot full scenario-policy-seed output for quasi-real decision-support evaluation; not calibrated real-world results or an operational forecast."
goseong_mobilization,goseong_random_capacity_reduction,random,capacity_reduction,lastmile_capacity_moderate,multimodal,random road degradation,0.0,0.0,0.0,0.0,0.0,scaffold-only,"Engineering-only pilot output for quasi-real decision-support method review (non-publication, non-acceptance, non-operational); not publication evidence, not final-study evidence, not formal acceptance evidence, not calibrated real-world results, and not an operational route plan or forecast. Base profile scope: Pilot full scenario-policy-seed output for quasi-real decision-support evaluation; not calibrated real-world results or an operational forecast."
goseong_mobilization,goseong_random_capacity_reduction,random,capacity_reduction,lastmile_capacity_severe,multimodal,random road degradation,0.0,0.0,0.0,0.0,0.0,scaffold-only,"Engineering-only pilot output for quasi-real decision-support method review (non-publication, non-acceptance, non-operational); not publication evidence, not final-study evidence, not formal acceptance evidence, not calibrated real-world results, and not an operational route plan or forecast. Base profile scope: Pilot full scenario-policy-seed output for quasi-real decision-support evaluation; not calibrated real-world results or an operational forecast."
goseong_mobilization,goseong_random_capacity_reduction,random,capacity_reduction,moderate_congestion_bus,bus_only,random road degradation,0.0,0.0,0.05,0.06,0.11,scaffold-only,"Engineering-only pilot output for quasi-real decision-support method review (non-publication, non-acceptance, non-operational); not publication evidence, not final-study evidence, not formal acceptance evidence, not calibrated real-world results, and not an operational route plan or forecast. Base profile scope: Pilot full scenario-policy-seed output for quasi-real decision-support evaluation; not calibrated real-world results or an operational forecast."
goseong_mobilization,goseong_random_capacity_reduction,random,capacity_reduction,moderate_congestion_multimodal,multimodal,random road degradation,0.0,0.0,0.06,0.04,0.1,scaffold-only,"Engineering-only pilot output for quasi-real decision-support method review (non-publication, non-acceptance, non-operational); not publication evidence, not final-study evidence, not formal acceptance evidence, not calibrated real-world results, and not an operational route plan or forecast. Base profile scope: Pilot full scenario-policy-seed output for quasi-real decision-support evaluation; not calibrated real-world results or an operational forecast."
goseong_mobilization,goseong_random_capacity_reduction,random,capacity_reduction,multimodal_increased_feeder_capacity,multimodal,random road degradation,0.0,0.0,0.0,0.0,0.0,scaffold-only,"Engineering-only pilot output for quasi-real decision-support method review (non-publication, non-acceptance, non-operational); not publication evidence, not final-study evidence, not formal acceptance evidence, not calibrated real-world results, and not an operational route plan or forecast. Base profile scope: Pilot full scenario-policy-seed output for quasi-real decision-support evaluation; not calibrated real-world results or an operational forecast."
goseong_mobilization,goseong_random_capacity_reduction,random,capacity_reduction,multimodal_lastmile_redundancy,multimodal,random road degradation,0.0,0.0,0.0,0.0,0.0,scaffold-only,"Engineering-only pilot output for quasi-real decision-support method review (non-publication, non-acceptance, non-operational); not publication evidence, not final-study evidence, not formal acceptance evidence, not calibrated real-world results, and not an operational route plan or forecast. Base profile scope: Pilot full scenario-policy-seed output for quasi-real decision-support evaluation; not calibrated real-world results or an operational forecast."
goseong_mobilization,goseong_random_capacity_reduction,random,capacity_reduction,peak_congestion_bus,bus_only,random road degradation,0.0,0.0,0.0,6.1,6.1,scaffold-only,"Engineering-only pilot output for quasi-real decision-support method review (non-publication, non-acceptance, non-operational); not publication evidence, not final-study evidence, not formal acceptance evidence, not calibrated real-world results, and not an operational route plan or forecast. Base profile scope: Pilot full scenario-policy-seed output for quasi-real decision-support evaluation; not calibrated real-world results or an operational forecast."
goseong_mobilization,goseong_random_capacity_reduction,random,capacity_reduction,peak_congestion_multimodal,multimodal,random road degradation,0.5,12.04,3610.0,0.0,4122.04,scaffold-only,"Engineering-only pilot output for quasi-real decision-support method review (non-publication, non-acceptance, non-operational); not publication evidence, not final-study evidence, not formal acceptance evidence, not calibrated real-world results, and not an operational route plan or forecast. Base profile scope: Pilot full scenario-policy-seed output for quasi-real decision-support evaluation; not calibrated real-world results or an operational forecast."
goseong_mobilization,goseong_random_capacity_reduction,random,capacity_reduction,rail_delay_or_partial_unavailability,multimodal,random road degradation,0.0,0.0,0.0,0.0,0.0,scaffold-only,"Engineering-only pilot output for quasi-real decision-support method review (non-publication, non-acceptance, non-operational); not publication evidence, not final-study evidence, not formal acceptance evidence, not calibrated real-world results, and not an operational route plan or forecast. Base profile scope: Pilot full scenario-policy-seed output for quasi-real decision-support evaluation; not calibrated real-world results or an operational forecast."
goseong_mobilization,goseong_random_capacity_reduction,random,capacity_reduction,severe_congestion_bus,bus_only,random road degradation,0.0,0.0,1.41,3.87,5.28,scaffold-only,"Engineering-only pilot output for quasi-real decision-support method review (non-publication, non-acceptance, non-operational); not publication evidence, not final-study evidence, not formal acceptance evidence, not calibrated real-world results, and not an operational route plan or forecast. Base profile scope: Pilot full scenario-policy-seed output for quasi-real decision-support evaluation; not calibrated real-world results or an operational forecast."
goseong_mobilization,goseong_random_capacity_reduction,random,capacity_reduction,severe_congestion_multimodal,multimodal,random road degradation,0.0,0.0,0.0,11.2,11.2,scaffold-only,"Engineering-only pilot output for quasi-real decision-support method review (non-publication, non-acceptance, non-operational); not publication evidence, not final-study evidence, not formal acceptance evidence, not calibrated real-world results, and not an operational route plan or forecast. Base profile scope: Pilot full scenario-policy-seed output for quasi-real decision-support evaluation; not calibrated real-world results or an operational forecast."
goseong_mobilization,goseong_random_capacity_reduction,random,capacity_reduction,staggered_or_adaptive_dispatch,multimodal,random road degradation,0.0,0.0,0.0,0.0,0.0,scaffold-only,"Engineering-only pilot output for quasi-real decision-support method review (non-publication, non-acceptance, non-operational); not publication evidence, not final-study evidence, not formal acceptance evidence, not calibrated real-world results, and not an operational route plan or forecast. Base profile scope: Pilot full scenario-policy-seed output for quasi-real decision-support evaluation; not calibrated real-world results or an operational forecast."
goseong_mobilization,goseong_random_capacity_reduction,random,capacity_reduction,transfer_stress_extreme,multimodal,random road degradation,0.0,0.0,0.0,0.0,0.0,scaffold-only,"Engineering-only pilot output for quasi-real decision-support method review (non-publication, non-acceptance, non-operational); not publication evidence, not final-study evidence, not formal acceptance evidence, not calibrated real-world results, and not an operational route plan or forecast. Base profile scope: Pilot full scenario-policy-seed output for quasi-real decision-support evaluation; not calibrated real-world results or an operational forecast."
goseong_mobilization,goseong_random_capacity_reduction,random,capacity_reduction,transfer_stress_mild,multimodal,random road degradation,0.0,0.0,0.0,0.0,0.0,scaffold-only,"Engineering-only pilot output for quasi-real decision-support method review (non-publication, non-acceptance, non-operational); not publication evidence, not final-study evidence, not formal acceptance evidence, not calibrated real-world results, and not an operational route plan or forecast. Base profile scope: Pilot full scenario-policy-seed output for quasi-real decision-support evaluation; not calibrated real-world results or an operational forecast."
goseong_mobilization,goseong_random_capacity_reduction,random,capacity_reduction,transfer_stress_moderate,multimodal,random road degradation,0.0,0.0,0.0,0.0,0.0,scaffold-only,"Engineering-only pilot output for quasi-real decision-support method review (non-publication, non-acceptance, non-operational); not publication evidence, not final-study evidence, not formal acceptance evidence, not calibrated real-world results, and not an operational route plan or forecast. Base profile scope: Pilot full scenario-policy-seed output for quasi-real decision-support evaluation; not calibrated real-world results or an operational forecast."
goseong_mobilization,goseong_random_capacity_reduction,random,capacity_reduction,transfer_stress_severe,multimodal,random road degradation,0.0,0.0,0.0,0.0,0.0,scaffold-only,"Engineering-only pilot output for quasi-real decision-support method review (non-publication, non-acceptance, non-operational); not publication evidence, not final-study evidence, not formal acceptance evidence, not calibrated real-world results, and not an operational route plan or forecast. Base profile scope: Pilot full scenario-policy-seed output for quasi-real decision-support evaluation; not calibrated real-world results or an operational forecast."
goseong_mobilization,goseong_combo_access_rail_capacity,access_road,capacity_reduction,baseline_multimodal,multimodal,scenario-defined bottleneck,0.0,0.0,3.58,3.08,6.66,scaffold-only,"Engineering-only pilot output for quasi-real decision-support method review (non-publication, non-acceptance, non-operational); not publication evidence, not final-study evidence, not formal acceptance evidence, not calibrated real-world results, and not an operational route plan or forecast. Base profile scope: Pilot full scenario-policy-seed output for quasi-real decision-support evaluation; not calibrated real-world results or an operational forecast."
goseong_mobilization,goseong_combo_access_rail_capacity,access_road,capacity_reduction,bus_only,bus_only,scenario-defined bottleneck,0.0,0.0,5.92,6.59,12.51,scaffold-only,"Engineering-only pilot output for quasi-real decision-support method review (non-publication, non-acceptance, non-operational); not publication evidence, not final-study evidence, not formal acceptance evidence, not calibrated real-world results, and not an operational route plan or forecast. Base profile scope: Pilot full scenario-policy-seed output for quasi-real decision-support evaluation; not calibrated real-world results or an operational forecast."
goseong_mobilization,goseong_combo_access_rail_capacity,access_road,capacity_reduction,fleet_shortage_severe,multimodal,scenario-defined bottleneck,0.0,0.0,0.89,5.2,6.09,scaffold-only,"Engineering-only pilot output for quasi-real decision-support method review (non-publication, non-acceptance, non-operational); not publication evidence, not final-study evidence, not formal acceptance evidence, not calibrated real-world results, and not an operational route plan or forecast. Base profile scope: Pilot full scenario-policy-seed output for quasi-real decision-support evaluation; not calibrated real-world results or an operational forecast."
goseong_mobilization,goseong_combo_access_rail_capacity,access_road,capacity_reduction,fleet_shortage_stress,multimodal,scenario-defined bottleneck,0.0,0.0,3.58,3.08,6.66,scaffold-only,"Engineering-only pilot output for quasi-real decision-support method review (non-publication, non-acceptance, non-operational); not publication evidence, not final-study evidence, not formal acceptance evidence, not calibrated real-world results, and not an operational route plan or forecast. Base profile scope: Pilot full scenario-policy-seed output for quasi-real decision-support evaluation; not calibrated real-world results or an operational forecast."
goseong_mobilization,goseong_combo_access_rail_capacity,access_road,capacity_reduction,heavy_congestion_bus,bus_only,scenario-defined bottleneck,0.99,23.87,7224.3,inf,inf,scaffold-only,"Engineering-only pilot output for quasi-real decision-support method review (non-publication, non-acceptance, non-operational); not publication evidence, not final-study evidence, not formal acceptance evidence, not calibrated real-world results, and not an operational route plan or forecast. Base profile scope: Pilot full scenario-policy-seed output for quasi-real decision-support evaluation; not calibrated real-world results or an operational forecast."
goseong_mobilization,goseong_combo_access_rail_capacity,access_road,capacity_reduction,heavy_congestion_multimodal,multimodal,scenario-defined bottleneck,1.0,23.97,7292.74,inf,inf,scaffold-only,"Engineering-only pilot output for quasi-real decision-support method review (non-publication, non-acceptance, non-operational); not publication evidence, not final-study evidence, not formal acceptance evidence, not calibrated real-world results, and not an operational route plan or forecast. Base profile scope: Pilot full scenario-policy-seed output for quasi-real decision-support evaluation; not calibrated real-world results or an operational forecast."
goseong_mobilization,goseong_combo_access_rail_capacity,access_road,capacity_reduction,lastmile_capacity_mild,multimodal,scenario-defined bottleneck,0.0,0.0,2.11,2.01,4.12,scaffold-only,"Engineering-only pilot output for quasi-real decision-support method review (non-publication, non-acceptance, non-operational); not publication evidence, not final-study evidence, not formal acceptance evidence, not calibrated real-world results, and not an operational route plan or forecast. Base profile scope: Pilot full scenario-policy-seed output for quasi-real decision-support evaluation; not calibrated real-world results or an operational forecast."
goseong_mobilization,goseong_combo_access_rail_capacity,access_road,capacity_reduction,lastmile_capacity_moderate,multimodal,scenario-defined bottleneck,0.0,0.0,2.11,2.01,4.12,scaffold-only,"Engineering-only pilot output for quasi-real decision-support method review (non-publication, non-acceptance, non-operational); not publication evidence, not final-study evidence, not formal acceptance evidence, not calibrated real-world results, and not an operational route plan or forecast. Base profile scope: Pilot full scenario-policy-seed output for quasi-real decision-support evaluation; not calibrated real-world results or an operational forecast."
goseong_mobilization,goseong_combo_access_rail_capacity,access_road,capacity_reduction,lastmile_capacity_severe,multimodal,scenario-defined bottleneck,0.0,0.0,2.15,2.11,4.26,scaffold-only,"Engineering-only pilot output for quasi-real decision-support method review (non-publication, non-acceptance, non-operational); not publication evidence, not final-study evidence, not formal acceptance evidence, not calibrated real-world results, and not an operational route plan or forecast. Base profile scope: Pilot full scenario-policy-seed output for quasi-real decision-support evaluation; not calibrated real-world results or an operational forecast."
goseong_mobilization,goseong_combo_access_rail_capacity,access_road,capacity_reduction,moderate_congestion_bus,bus_only,scenario-defined bottleneck,0.06,1.54,520.21,16.77,598.52,scaffold-only,"Engineering-only pilot output for quasi-real decision-support method review (non-publication, non-acceptance, non-operational); not publication evidence, not final-study evidence, not formal acceptance evidence, not calibrated real-world results, and not an operational route plan or forecast. Base profile scope: Pilot full scenario-policy-seed output for quasi-real decision-support evaluation; not calibrated real-world results or an operational forecast."
goseong_mobilization,goseong_combo_access_rail_capacity,access_road,capacity_reduction,moderate_congestion_multimodal,multimodal,scenario-defined bottleneck,0.0,0.03,65.32,48.47,113.82,scaffold-only,"Engineering-only pilot output for quasi-real decision-support method review (non-publication, non-acceptance, non-operational); not publication evidence, not final-study evidence, not formal acceptance evidence, not calibrated real-world results, and not an operational route plan or forecast. Base profile scope: Pilot full scenario-policy-seed output for quasi-real decision-support evaluation; not calibrated real-world results or an operational forecast."
goseong_mobilization,goseong_combo_access_rail_capacity,access_road,capacity_reduction,multimodal_increased_feeder_capacity,multimodal,scenario-defined bottleneck,0.0,0.0,3.35,2.94,6.29,scaffold-only,"Engineering-only pilot output for quasi-real decision-support method review (non-publication, non-acceptance, non-operational); not publication evidence, not final-study evidence, not formal acceptance evidence, not calibrated real-world results, and not an operational route plan or forecast. Base profile scope: Pilot full scenario-policy-seed output for quasi-real decision-support evaluation; not calibrated real-world results or an operational forecast."
goseong_mobilization,goseong_combo_access_rail_capacity,access_road,capacity_reduction,multimodal_lastmile_redundancy,multimodal,scenario-defined bottleneck,0.0,0.0,2.48,2.66,5.14,scaffold-only,"Engineering-only pilot output for quasi-real decision-support method review (non-publication, non-acceptance, non-operational); not publication evidence, not final-study evidence, not formal acceptance evidence, not calibrated real-world results, and not an operational route plan or forecast. Base profile scope: Pilot full scenario-policy-seed output for quasi-real decision-support evaluation; not calibrated real-world results or an operational forecast."
goseong_mobilization,goseong_combo_access_rail_capacity,access_road,capacity_reduction,peak_congestion_bus,bus_only,scenario-defined bottleneck,0.65,15.6,4680.0,inf,inf,scaffold-only,"Engineering-only pilot output for quasi-real decision-support method review (non-publication, non-acceptance, non-operational); not publication evidence, not final-study evidence, not formal acceptance evidence, not calibrated real-world results, and not an operational route plan or forecast. Base profile scope: Pilot full scenario-policy-seed output for quasi-real decision-support evaluation; not calibrated real-world results or an operational forecast."
goseong_mobilization,goseong_combo_access_rail_capacity,access_road,capacity_reduction,peak_congestion_multimodal,multimodal,scenario-defined bottleneck,0.62,14.97,4490.0,inf,inf,scaffold-only,"Engineering-only pilot output for quasi-real decision-support method review (non-publication, non-acceptance, non-operational); not publication evidence, not final-study evidence, not formal acceptance evidence, not calibrated real-world results, and not an operational route plan or forecast. Base profile scope: Pilot full scenario-policy-seed output for quasi-real decision-support evaluation; not calibrated real-world results or an operational forecast."
goseong_mobilization,goseong_combo_access_rail_capacity,access_road,capacity_reduction,rail_delay_or_partial_unavailability,multimodal,scenario-defined bottleneck,0.0,0.0,3.0,2.65,5.65,scaffold-only,"Engineering-only pilot output for quasi-real decision-support method review (non-publication, non-acceptance, non-operational); not publication evidence, not final-study evidence, not formal acceptance evidence, not calibrated real-world results, and not an operational route plan or forecast. Base profile scope: Pilot full scenario-policy-seed output for quasi-real decision-support evaluation; not calibrated real-world results or an operational forecast."
goseong_mobilization,goseong_combo_access_rail_capacity,access_road,capacity_reduction,severe_congestion_bus,bus_only,scenario-defined bottleneck,0.93,22.33,6707.47,inf,inf,scaffold-only,"Engineering-only pilot output for quasi-real decision-support method review (non-publication, non-acceptance, non-operational); not publication evidence, not final-study evidence, not formal acceptance evidence, not calibrated real-world results, and not an operational route plan or forecast. Base profile scope: Pilot full scenario-policy-seed output for quasi-real decision-support evaluation; not calibrated real-world results or an operational forecast."
goseong_mobilization,goseong_combo_access_rail_capacity,access_road,capacity_reduction,severe_congestion_multimodal,multimodal,scenario-defined bottleneck,0.93,22.37,6715.23,inf,inf,scaffold-only,"Engineering-only pilot output for quasi-real decision-support method review (non-publication, non-acceptance, non-operational); not publication evidence, not final-study evidence, not formal acceptance evidence, not calibrated real-world results, and not an operational route plan or forecast. Base profile scope: Pilot full scenario-policy-seed output for quasi-real decision-support evaluation; not calibrated real-world results or an operational forecast."
goseong_mobilization,goseong_combo_access_rail_capacity,access_road,capacity_reduction,staggered_or_adaptive_dispatch,multimodal,scenario-defined bottleneck,0.0,0.0,2.82,2.73,5.55,scaffold-only,"Engineering-only pilot output for quasi-real decision-support method review (non-publication, non-acceptance, non-operational); not publication evidence, not final-study evidence, not formal acceptance evidence, not calibrated real-world results, and not an operational route plan or forecast. Base profile scope: Pilot full scenario-policy-seed output for quasi-real decision-support evaluation; not calibrated real-world results or an operational forecast."
goseong_mobilization,goseong_combo_access_rail_capacity,access_road,capacity_reduction,transfer_stress_extreme,multimodal,scenario-defined bottleneck,0.0,0.0,3.32,3.14,6.46,scaffold-only,"Engineering-only pilot output for quasi-real decision-support method review (non-publication, non-acceptance, non-operational); not publication evidence, not final-study evidence, not formal acceptance evidence, not calibrated real-world results, and not an operational route plan or forecast. Base profile scope: Pilot full scenario-policy-seed output for quasi-real decision-support evaluation; not calibrated real-world results or an operational forecast."
goseong_mobilization,goseong_combo_access_rail_capacity,access_road,capacity_reduction,transfer_stress_mild,multimodal,scenario-defined bottleneck,0.0,0.0,3.14,2.93,6.07,scaffold-only,"Engineering-only pilot output for quasi-real decision-support method review (non-publication, non-acceptance, non-operational); not publication evidence, not final-study evidence, not formal acceptance evidence, not calibrated real-world results, and not an operational route plan or forecast. Base profile scope: Pilot full scenario-policy-seed output for quasi-real decision-support evaluation; not calibrated real-world results or an operational forecast."
goseong_mobilization,goseong_combo_access_rail_capacity,access_road,capacity_reduction,transfer_stress_moderate,multimodal,scenario-defined bottleneck,0.0,0.0,3.28,2.92,6.2,scaffold-only,"Engineering-only pilot output for quasi-real decision-support method review (non-publication, non-acceptance, non-operational); not publication evidence, not final-study evidence, not formal acceptance evidence, not calibrated real-world results, and not an operational route plan or forecast. Base profile scope: Pilot full scenario-policy-seed output for quasi-real decision-support evaluation; not calibrated real-world results or an operational forecast."
goseong_mobilization,goseong_combo_access_rail_capacity,access_road,capacity_reduction,transfer_stress_severe,multimodal,scenario-defined bottleneck,0.0,0.0,3.19,2.95,6.14,scaffold-only,"Engineering-only pilot output for quasi-real decision-support method review (non-publication, non-acceptance, non-operational); not publication evidence, not final-study evidence, not formal acceptance evidence, not calibrated real-world results, and not an operational route plan or forecast. Base profile scope: Pilot full scenario-policy-seed output for quasi-real decision-support evaluation; not calibrated real-world results or an operational forecast."
goseong_mobilization,goseong_rail_capacity_reduction,rail_service,none,baseline_multimodal,multimodal,scenario-defined bottleneck,0.0,0.0,0.0,0.0,0.0,scaffold-only,"Engineering-only pilot output for quasi-real decision-support method review (non-publication, non-acceptance, non-operational); not publication evidence, not final-study evidence, not formal acceptance evidence, not calibrated real-world results, and not an operational route plan or forecast. Base profile scope: Pilot full scenario-policy-seed output for quasi-real decision-support evaluation; not calibrated real-world results or an operational forecast."
goseong_mobilization,goseong_rail_capacity_reduction,rail_service,none,bus_only,bus_only,scenario-defined bottleneck,0.0,0.0,0.0,0.0,0.0,scaffold-only,"Engineering-only pilot output for quasi-real decision-support method review (non-publication, non-acceptance, non-operational); not publication evidence, not final-study evidence, not formal acceptance evidence, not calibrated real-world results, and not an operational route plan or forecast. Base profile scope: Pilot full scenario-policy-seed output for quasi-real decision-support evaluation; not calibrated real-world results or an operational forecast."
goseong_mobilization,goseong_rail_capacity_reduction,rail_service,none,fleet_shortage_severe,multimodal,scenario-defined bottleneck,0.0,0.0,0.0,0.0,0.0,scaffold-only,"Engineering-only pilot output for quasi-real decision-support method review (non-publication, non-acceptance, non-operational); not publication evidence, not final-study evidence, not formal acceptance evidence, not calibrated real-world results, and not an operational route plan or forecast. Base profile scope: Pilot full scenario-policy-seed output for quasi-real decision-support evaluation; not calibrated real-world results or an operational forecast."
goseong_mobilization,goseong_rail_capacity_reduction,rail_service,none,fleet_shortage_stress,multimodal,scenario-defined bottleneck,0.0,0.0,0.0,0.0,0.0,scaffold-only,"Engineering-only pilot output for quasi-real decision-support method review (non-publication, non-acceptance, non-operational); not publication evidence, not final-study evidence, not formal acceptance evidence, not calibrated real-world results, and not an operational route plan or forecast. Base profile scope: Pilot full scenario-policy-seed output for quasi-real decision-support evaluation; not calibrated real-world results or an operational forecast."
goseong_mobilization,goseong_rail_capacity_reduction,rail_service,none,heavy_congestion_bus,bus_only,scenario-defined bottleneck,0.0,0.0,0.0,0.0,0.0,scaffold-only,"Engineering-only pilot output for quasi-real decision-support method review (non-publication, non-acceptance, non-operational); not publication evidence, not final-study evidence, not formal acceptance evidence, not calibrated real-world results, and not an operational route plan or forecast. Base profile scope: Pilot full scenario-policy-seed output for quasi-real decision-support evaluation; not calibrated real-world results or an operational forecast."
goseong_mobilization,goseong_rail_capacity_reduction,rail_service,none,heavy_congestion_multimodal,multimodal,scenario-defined bottleneck,0.0,0.0,0.0,0.0,0.0,scaffold-only,"Engineering-only pilot output for quasi-real decision-support method review (non-publication, non-acceptance, non-operational); not publication evidence, not final-study evidence, not formal acceptance evidence, not calibrated real-world results, and not an operational route plan or forecast. Base profile scope: Pilot full scenario-policy-seed output for quasi-real decision-support evaluation; not calibrated real-world results or an operational forecast."
goseong_mobilization,goseong_rail_capacity_reduction,rail_service,none,lastmile_capacity_mild,multimodal,scenario-defined bottleneck,0.0,0.0,0.0,0.0,0.0,scaffold-only,"Engineering-only pilot output for quasi-real decision-support method review (non-publication, non-acceptance, non-operational); not publication evidence, not final-study evidence, not formal acceptance evidence, not calibrated real-world results, and not an operational route plan or forecast. Base profile scope: Pilot full scenario-policy-seed output for quasi-real decision-support evaluation; not calibrated real-world results or an operational forecast."
goseong_mobilization,goseong_rail_capacity_reduction,rail_service,none,lastmile_capacity_moderate,multimodal,scenario-defined bottleneck,0.0,0.0,0.0,0.0,0.0,scaffold-only,"Engineering-only pilot output for quasi-real decision-support method review (non-publication, non-acceptance, non-operational); not publication evidence, not final-study evidence, not formal acceptance evidence, not calibrated real-world results, and not an operational route plan or forecast. Base profile scope: Pilot full scenario-policy-seed output for quasi-real decision-support evaluation; not calibrated real-world results or an operational forecast."
goseong_mobilization,goseong_rail_capacity_reduction,rail_service,none,lastmile_capacity_severe,multimodal,scenario-defined bottleneck,0.0,0.0,0.0,0.0,0.0,scaffold-only,"Engineering-only pilot output for quasi-real decision-support method review (non-publication, non-acceptance, non-operational); not publication evidence, not final-study evidence, not formal acceptance evidence, not calibrated real-world results, and not an operational route plan or forecast. Base profile scope: Pilot full scenario-policy-seed output for quasi-real decision-support evaluation; not calibrated real-world results or an operational forecast."
goseong_mobilization,goseong_rail_capacity_reduction,rail_service,none,moderate_congestion_bus,bus_only,scenario-defined bottleneck,0.0,0.0,0.0,0.0,0.0,scaffold-only,"Engineering-only pilot output for quasi-real decision-support method review (non-publication, non-acceptance, non-operational); not publication evidence, not final-study evidence, not formal acceptance evidence, not calibrated real-world results, and not an operational route plan or forecast. Base profile scope: Pilot full scenario-policy-seed output for quasi-real decision-support evaluation; not calibrated real-world results or an operational forecast."
goseong_mobilization,goseong_rail_capacity_reduction,rail_service,none,moderate_congestion_multimodal,multimodal,scenario-defined bottleneck,0.0,0.0,0.0,0.0,0.0,scaffold-only,"Engineering-only pilot output for quasi-real decision-support method review (non-publication, non-acceptance, non-operational); not publication evidence, not final-study evidence, not formal acceptance evidence, not calibrated real-world results, and not an operational route plan or forecast. Base profile scope: Pilot full scenario-policy-seed output for quasi-real decision-support evaluation; not calibrated real-world results or an operational forecast."
goseong_mobilization,goseong_rail_capacity_reduction,rail_service,none,multimodal_increased_feeder_capacity,multimodal,scenario-defined bottleneck,0.0,0.0,0.0,0.0,0.0,scaffold-only,"Engineering-only pilot output for quasi-real decision-support method review (non-publication, non-acceptance, non-operational); not publication evidence, not final-study evidence, not formal acceptance evidence, not calibrated real-world results, and not an operational route plan or forecast. Base profile scope: Pilot full scenario-policy-seed output for quasi-real decision-support evaluation; not calibrated real-world results or an operational forecast."
goseong_mobilization,goseong_rail_capacity_reduction,rail_service,none,multimodal_lastmile_redundancy,multimodal,scenario-defined bottleneck,0.0,0.0,0.0,0.0,0.0,scaffold-only,"Engineering-only pilot output for quasi-real decision-support method review (non-publication, non-acceptance, non-operational); not publication evidence, not final-study evidence, not formal acceptance evidence, not calibrated real-world results, and not an operational route plan or forecast. Base profile scope: Pilot full scenario-policy-seed output for quasi-real decision-support evaluation; not calibrated real-world results or an operational forecast."
goseong_mobilization,goseong_rail_capacity_reduction,rail_service,none,peak_congestion_bus,bus_only,scenario-defined bottleneck,0.0,0.0,0.0,0.0,0.0,scaffold-only,"Engineering-only pilot output for quasi-real decision-support method review (non-publication, non-acceptance, non-operational); not publication evidence, not final-study evidence, not formal acceptance evidence, not calibrated real-world results, and not an operational route plan or forecast. Base profile scope: Pilot full scenario-policy-seed output for quasi-real decision-support evaluation; not calibrated real-world results or an operational forecast."
goseong_mobilization,goseong_rail_capacity_reduction,rail_service,none,peak_congestion_multimodal,multimodal,scenario-defined bottleneck,0.0,0.0,0.0,0.0,0.0,scaffold-only,"Engineering-only pilot output for quasi-real decision-support method review (non-publication, non-acceptance, non-operational); not publication evidence, not final-study evidence, not formal acceptance evidence, not calibrated real-world results, and not an operational route plan or forecast. Base profile scope: Pilot full scenario-policy-seed output for quasi-real decision-support evaluation; not calibrated real-world results or an operational forecast."
goseong_mobilization,goseong_rail_capacity_reduction,rail_service,none,rail_delay_or_partial_unavailability,multimodal,scenario-defined bottleneck,0.0,0.0,0.0,0.0,0.0,scaffold-only,"Engineering-only pilot output for quasi-real decision-support method review (non-publication, non-acceptance, non-operational); not publication evidence, not final-study evidence, not formal acceptance evidence, not calibrated real-world results, and not an operational route plan or forecast. Base profile scope: Pilot full scenario-policy-seed output for quasi-real decision-support evaluation; not calibrated real-world results or an operational forecast."
goseong_mobilization,goseong_rail_capacity_reduction,rail_service,none,severe_congestion_bus,bus_only,scenario-defined bottleneck,0.0,0.0,0.0,0.0,0.0,scaffold-only,"Engineering-only pilot output for quasi-real decision-support method review (non-publication, non-acceptance, non-operational); not publication evidence, not final-study evidence, not formal acceptance evidence, not calibrated real-world results, and not an operational route plan or forecast. Base profile scope: Pilot full scenario-policy-seed output for quasi-real decision-support evaluation; not calibrated real-world results or an operational forecast."
goseong_mobilization,goseong_rail_capacity_reduction,rail_service,none,severe_congestion_multimodal,multimodal,scenario-defined bottleneck,0.0,0.0,0.0,0.0,0.0,scaffold-only,"Engineering-only pilot output for quasi-real decision-support method review (non-publication, non-acceptance, non-operational); not publication evidence, not final-study evidence, not formal acceptance evidence, not calibrated real-world results, and not an operational route plan or forecast. Base profile scope: Pilot full scenario-policy-seed output for quasi-real decision-support evaluation; not calibrated real-world results or an operational forecast."
goseong_mobilization,goseong_rail_capacity_reduction,rail_service,none,staggered_or_adaptive_dispatch,multimodal,scenario-defined bottleneck,0.0,0.0,0.0,0.0,0.0,scaffold-only,"Engineering-only pilot output for quasi-real decision-support method review (non-publication, non-acceptance, non-operational); not publication evidence, not final-study evidence, not formal acceptance evidence, not calibrated real-world results, and not an operational route plan or forecast. Base profile scope: Pilot full scenario-policy-seed output for quasi-real decision-support evaluation; not calibrated real-world results or an operational forecast."
goseong_mobilization,goseong_rail_capacity_reduction,rail_service,none,transfer_stress_extreme,multimodal,scenario-defined bottleneck,0.0,0.0,0.0,0.0,0.0,scaffold-only,"Engineering-only pilot output for quasi-real decision-support method review (non-publication, non-acceptance, non-operational); not publication evidence, not final-study evidence, not formal acceptance evidence, not calibrated real-world results, and not an operational route plan or forecast. Base profile scope: Pilot full scenario-policy-seed output for quasi-real decision-support evaluation; not calibrated real-world results or an operational forecast."
goseong_mobilization,goseong_rail_capacity_reduction,rail_service,none,transfer_stress_mild,multimodal,scenario-defined bottleneck,0.0,0.0,0.0,0.0,0.0,scaffold-only,"Engineering-only pilot output for quasi-real decision-support method review (non-publication, non-acceptance, non-operational); not publication evidence, not final-study evidence, not formal acceptance evidence, not calibrated real-world results, and not an operational route plan or forecast. Base profile scope: Pilot full scenario-policy-seed output for quasi-real decision-support evaluation; not calibrated real-world results or an operational forecast."
goseong_mobilization,goseong_rail_capacity_reduction,rail_service,none,transfer_stress_moderate,multimodal,scenario-defined bottleneck,0.0,0.0,0.0,0.0,0.0,scaffold-only,"Engineering-only pilot output for quasi-real decision-support method review (non-publication, non-acceptance, non-operational); not publication evidence, not final-study evidence, not formal acceptance evidence, not calibrated real-world results, and not an operational route plan or forecast. Base profile scope: Pilot full scenario-policy-seed output for quasi-real decision-support evaluation; not calibrated real-world results or an operational forecast."
goseong_mobilization,goseong_rail_capacity_reduction,rail_service,none,transfer_stress_severe,multimodal,scenario-defined bottleneck,0.0,0.0,0.0,0.0,0.0,scaffold-only,"Engineering-only pilot output for quasi-real decision-support method review (non-publication, non-acceptance, non-operational); not publication evidence, not final-study evidence, not formal acceptance evidence, not calibrated real-world results, and not an operational route plan or forecast. Base profile scope: Pilot full scenario-policy-seed output for quasi-real decision-support evaluation; not calibrated real-world results or an operational forecast."
goseong_mobilization,goseong_rail_combined_stress,rail_service,none,baseline_multimodal,multimodal,scenario-defined bottleneck,0.0,0.0,42.96,50.34,93.3,scaffold-only,"Engineering-only pilot output for quasi-real decision-support method review (non-publication, non-acceptance, non-operational); not publication evidence, not final-study evidence, not formal acceptance evidence, not calibrated real-world results, and not an operational route plan or forecast. Base profile scope: Pilot full scenario-policy-seed output for quasi-real decision-support evaluation; not calibrated real-world results or an operational forecast."
goseong_mobilization,goseong_rail_combined_stress,rail_service,none,bus_only,bus_only,scenario-defined bottleneck,0.0,0.0,0.0,0.0,0.0,scaffold-only,"Engineering-only pilot output for quasi-real decision-support method review (non-publication, non-acceptance, non-operational); not publication evidence, not final-study evidence, not formal acceptance evidence, not calibrated real-world results, and not an operational route plan or forecast. Base profile scope: Pilot full scenario-policy-seed output for quasi-real decision-support evaluation; not calibrated real-world results or an operational forecast."
goseong_mobilization,goseong_rail_combined_stress,rail_service,none,fleet_shortage_severe,multimodal,scenario-defined bottleneck,0.06,1.53,461.82,0.0,523.35,scaffold-only,"Engineering-only pilot output for quasi-real decision-support method review (non-publication, non-acceptance, non-operational); not publication evidence, not final-study evidence, not formal acceptance evidence, not calibrated real-world results, and not an operational route plan or forecast. Base profile scope: Pilot full scenario-policy-seed output for quasi-real decision-support evaluation; not calibrated real-world results or an operational forecast."
goseong_mobilization,goseong_rail_combined_stress,rail_service,none,fleet_shortage_stress,multimodal,scenario-defined bottleneck,0.0,0.0,42.96,50.34,93.3,scaffold-only,"Engineering-only pilot output for quasi-real decision-support method review (non-publication, non-acceptance, non-operational); not publication evidence, not final-study evidence, not formal acceptance evidence, not calibrated real-world results, and not an operational route plan or forecast. Base profile scope: Pilot full scenario-policy-seed output for quasi-real decision-support evaluation; not calibrated real-world results or an operational forecast."
goseong_mobilization,goseong_rail_combined_stress,rail_service,none,heavy_congestion_bus,bus_only,scenario-defined bottleneck,0.0,0.0,0.0,0.0,0.0,scaffold-only,"Engineering-only pilot output for quasi-real decision-support method review (non-publication, non-acceptance, non-operational); not publication evidence, not final-study evidence, not formal acceptance evidence, not calibrated real-world results, and not an operational route plan or forecast. Base profile scope: Pilot full scenario-policy-seed output for quasi-real decision-support evaluation; not calibrated real-world results or an operational forecast."
goseong_mobilization,goseong_rail_combined_stress,rail_service,none,heavy_congestion_multimodal,multimodal,scenario-defined bottleneck,0.0,0.0,36.68,47.73,84.41,scaffold-only,"Engineering-only pilot output for quasi-real decision-support method review (non-publication, non-acceptance, non-operational); not publication evidence, not final-study evidence, not formal acceptance evidence, not calibrated real-world results, and not an operational route plan or forecast. Base profile scope: Pilot full scenario-policy-seed output for quasi-real decision-support evaluation; not calibrated real-world results or an operational forecast."
goseong_mobilization,goseong_rail_combined_stress,rail_service,none,lastmile_capacity_mild,multimodal,scenario-defined bottleneck,0.0,0.0,59.82,66.63,126.45,scaffold-only,"Engineering-only pilot output for quasi-real decision-support method review (non-publication, non-acceptance, non-operational); not publication evidence, not final-study evidence, not formal acceptance evidence, not calibrated real-world results, and not an operational route plan or forecast. Base profile scope: Pilot full scenario-policy-seed output for quasi-real decision-support evaluation; not calibrated real-world results or an operational forecast."
goseong_mobilization,goseong_rail_combined_stress,rail_service,none,lastmile_capacity_moderate,multimodal,scenario-defined bottleneck,0.0,0.0,59.82,66.63,126.45,scaffold-only,"Engineering-only pilot output for quasi-real decision-support method review (non-publication, non-acceptance, non-operational); not publication evidence, not final-study evidence, not formal acceptance evidence, not calibrated real-world results, and not an operational route plan or forecast. Base profile scope: Pilot full scenario-policy-seed output for quasi-real decision-support evaluation; not calibrated real-world results or an operational forecast."
goseong_mobilization,goseong_rail_combined_stress,rail_service,none,lastmile_capacity_severe,multimodal,scenario-defined bottleneck,0.0,0.0,76.4,85.87,162.27,scaffold-only,"Engineering-only pilot output for quasi-real decision-support method review (non-publication, non-acceptance, non-operational); not publication evidence, not final-study evidence, not formal acceptance evidence, not calibrated real-world results, and not an operational route plan or forecast. Base profile scope: Pilot full scenario-policy-seed output for quasi-real decision-support evaluation; not calibrated real-world results or an operational forecast."
goseong_mobilization,goseong_rail_combined_stress,rail_service,none,moderate_congestion_bus,bus_only,scenario-defined bottleneck,0.0,0.0,0.0,0.0,0.0,scaffold-only,"Engineering-only pilot output for quasi-real decision-support method review (non-publication, non-acceptance, non-operational); not publication evidence, not final-study evidence, not formal acceptance evidence, not calibrated real-world results, and not an operational route plan or forecast. Base profile scope: Pilot full scenario-policy-seed output for quasi-real decision-support evaluation; not calibrated real-world results or an operational forecast."
goseong_mobilization,goseong_rail_combined_stress,rail_service,none,moderate_congestion_multimodal,multimodal,scenario-defined bottleneck,0.0,0.0,42.6,50.07,92.67,scaffold-only,"Engineering-only pilot output for quasi-real decision-support method review (non-publication, non-acceptance, non-operational); not publication evidence, not final-study evidence, not formal acceptance evidence, not calibrated real-world results, and not an operational route plan or forecast. Base profile scope: Pilot full scenario-policy-seed output for quasi-real decision-support evaluation; not calibrated real-world results or an operational forecast."
goseong_mobilization,goseong_rail_combined_stress,rail_service,none,multimodal_increased_feeder_capacity,multimodal,scenario-defined bottleneck,0.0,0.0,49.91,60.27,110.18,scaffold-only,"Engineering-only pilot output for quasi-real decision-support method review (non-publication, non-acceptance, non-operational); not publication evidence, not final-study evidence, not formal acceptance evidence, not calibrated real-world results, and not an operational route plan or forecast. Base profile scope: Pilot full scenario-policy-seed output for quasi-real decision-support evaluation; not calibrated real-world results or an operational forecast."
goseong_mobilization,goseong_rail_combined_stress,rail_service,none,multimodal_lastmile_redundancy,multimodal,scenario-defined bottleneck,0.0,0.0,64.79,66.41,131.2,scaffold-only,"Engineering-only pilot output for quasi-real decision-support method review (non-publication, non-acceptance, non-operational); not publication evidence, not final-study evidence, not formal acceptance evidence, not calibrated real-world results, and not an operational route plan or forecast. Base profile scope: Pilot full scenario-policy-seed output for quasi-real decision-support evaluation; not calibrated real-world results or an operational forecast."
goseong_mobilization,goseong_rail_combined_stress,rail_service,none,peak_congestion_bus,bus_only,scenario-defined bottleneck,0.0,0.0,0.0,0.0,0.0,scaffold-only,"Engineering-only pilot output for quasi-real decision-support method review (non-publication, non-acceptance, non-operational); not publication evidence, not final-study evidence, not formal acceptance evidence, not calibrated real-world results, and not an operational route plan or forecast. Base profile scope: Pilot full scenario-policy-seed output for quasi-real decision-support evaluation; not calibrated real-world results or an operational forecast."
goseong_mobilization,goseong_rail_combined_stress,rail_service,none,peak_congestion_multimodal,multimodal,scenario-defined bottleneck,0.62,14.97,4490.0,inf,inf,scaffold-only,"Engineering-only pilot output for quasi-real decision-support method review (non-publication, non-acceptance, non-operational); not publication evidence, not final-study evidence, not formal acceptance evidence, not calibrated real-world results, and not an operational route plan or forecast. Base profile scope: Pilot full scenario-policy-seed output for quasi-real decision-support evaluation; not calibrated real-world results or an operational forecast."
goseong_mobilization,goseong_rail_combined_stress,rail_service,none,rail_delay_or_partial_unavailability,multimodal,scenario-defined bottleneck,0.0,0.07,97.9,89.74,187.71,scaffold-only,"Engineering-only pilot output for quasi-real decision-support method review (non-publication, non-acceptance, non-operational); not publication evidence, not final-study evidence, not formal acceptance evidence, not calibrated real-world results, and not an operational route plan or forecast. Base profile scope: Pilot full scenario-policy-seed output for quasi-real decision-support evaluation; not calibrated real-world results or an operational forecast."
goseong_mobilization,goseong_rail_combined_stress,rail_service,none,severe_congestion_bus,bus_only,scenario-defined bottleneck,0.0,0.0,0.0,0.0,0.0,scaffold-only,"Engineering-only pilot output for quasi-real decision-support method review (non-publication, non-acceptance, non-operational); not publication evidence, not final-study evidence, not formal acceptance evidence, not calibrated real-world results, and not an operational route plan or forecast. Base profile scope: Pilot full scenario-policy-seed output for quasi-real decision-support evaluation; not calibrated real-world results or an operational forecast."
goseong_mobilization,goseong_rail_combined_stress,rail_service,none,severe_congestion_multimodal,multimodal,scenario-defined bottleneck,0.31,7.4,2225.23,0.0,2542.63,scaffold-only,"Engineering-only pilot output for quasi-real decision-support method review (non-publication, non-acceptance, non-operational); not publication evidence, not final-study evidence, not formal acceptance evidence, not calibrated real-world results, and not an operational route plan or forecast. Base profile scope: Pilot full scenario-policy-seed output for quasi-real decision-support evaluation; not calibrated real-world results or an operational forecast."
goseong_mobilization,goseong_rail_combined_stress,rail_service,none,staggered_or_adaptive_dispatch,multimodal,scenario-defined bottleneck,0.0,0.0,50.28,60.3,110.58,scaffold-only,"Engineering-only pilot output for quasi-real decision-support method review (non-publication, non-acceptance, non-operational); not publication evidence, not final-study evidence, not formal acceptance evidence, not calibrated real-world results, and not an operational route plan or forecast. Base profile scope: Pilot full scenario-policy-seed output for quasi-real decision-support evaluation; not calibrated real-world results or an operational forecast."
goseong_mobilization,goseong_rail_combined_stress,rail_service,none,transfer_stress_extreme,multimodal,scenario-defined bottleneck,0.0,0.03,68.99,59.51,128.53,scaffold-only,"Engineering-only pilot output for quasi-real decision-support method review (non-publication, non-acceptance, non-operational); not publication evidence, not final-study evidence, not formal acceptance evidence, not calibrated real-world results, and not an operational route plan or forecast. Base profile scope: Pilot full scenario-policy-seed output for quasi-real decision-support evaluation; not calibrated real-world results or an operational forecast."
goseong_mobilization,goseong_rail_combined_stress,rail_service,none,transfer_stress_mild,multimodal,scenario-defined bottleneck,0.0,0.0,58.31,61.11,119.42,scaffold-only,"Engineering-only pilot output for quasi-real decision-support method review (non-publication, non-acceptance, non-operational); not publication evidence, not final-study evidence, not formal acceptance evidence, not calibrated real-world results, and not an operational route plan or forecast. Base profile scope: Pilot full scenario-policy-seed output for quasi-real decision-support evaluation; not calibrated real-world results or an operational forecast."
goseong_mobilization,goseong_rail_combined_stress,rail_service,none,transfer_stress_moderate,multimodal,scenario-defined bottleneck,0.0,0.0,67.6,70.62,138.22,scaffold-only,"Engineering-only pilot output for quasi-real decision-support method review (non-publication, non-acceptance, non-operational); not publication evidence, not final-study evidence, not formal acceptance evidence, not calibrated real-world results, and not an operational route plan or forecast. Base profile scope: Pilot full scenario-policy-seed output for quasi-real decision-support evaluation; not calibrated real-world results or an operational forecast."
goseong_mobilization,goseong_rail_combined_stress,rail_service,none,transfer_stress_severe,multimodal,scenario-defined bottleneck,0.0,0.0,48.0,52.94,100.94,scaffold-only,"Engineering-only pilot output for quasi-real decision-support method review (non-publication, non-acceptance, non-operational); not publication evidence, not final-study evidence, not formal acceptance evidence, not calibrated real-world results, and not an operational route plan or forecast. Base profile scope: Pilot full scenario-policy-seed output for quasi-real decision-support evaluation; not calibrated real-world results or an operational forecast."
goseong_mobilization,goseong_rail_combined_stress_mild,rail_service,none,baseline_multimodal,multimodal,scenario-defined bottleneck,0.0,0.0,0.0,8.12,8.12,scaffold-only,"Engineering-only pilot output for quasi-real decision-support method review (non-publication, non-acceptance, non-operational); not publication evidence, not final-study evidence, not formal acceptance evidence, not calibrated real-world results, and not an operational route plan or forecast. Base profile scope: Pilot full scenario-policy-seed output for quasi-real decision-support evaluation; not calibrated real-world results or an operational forecast."
goseong_mobilization,goseong_rail_combined_stress_mild,rail_service,none,bus_only,bus_only,scenario-defined bottleneck,0.0,0.0,0.0,0.0,0.0,scaffold-only,"Engineering-only pilot output for quasi-real decision-support method review (non-publication, non-acceptance, non-operational); not publication evidence, not final-study evidence, not formal acceptance evidence, not calibrated real-world results, and not an operational route plan or forecast. Base profile scope: Pilot full scenario-policy-seed output for quasi-real decision-support evaluation; not calibrated real-world results or an operational forecast."
goseong_mobilization,goseong_rail_combined_stress_mild,rail_service,none,fleet_shortage_severe,multimodal,scenario-defined bottleneck,0.0,0.0,0.0,23.38,23.38,scaffold-only,"Engineering-only pilot output for quasi-real decision-support method review (non-publication, non-acceptance, non-operational); not publication evidence, not final-study evidence, not formal acceptance evidence, not calibrated real-world results, and not an operational route plan or forecast. Base profile scope: Pilot full scenario-policy-seed output for quasi-real decision-support evaluation; not calibrated real-world results or an operational forecast."
goseong_mobilization,goseong_rail_combined_stress_mild,rail_service,none,fleet_shortage_stress,multimodal,scenario-defined bottleneck,0.0,0.0,0.0,8.12,8.12,scaffold-only,"Engineering-only pilot output for quasi-real decision-support method review (non-publication, non-acceptance, non-operational); not publication evidence, not final-study evidence, not formal acceptance evidence, not calibrated real-world results, and not an operational route plan or forecast. Base profile scope: Pilot full scenario-policy-seed output for quasi-real decision-support evaluation; not calibrated real-world results or an operational forecast."
goseong_mobilization,goseong_rail_combined_stress_mild,rail_service,none,heavy_congestion_bus,bus_only,scenario-defined bottleneck,0.0,0.0,0.0,0.0,0.0,scaffold-only,"Engineering-only pilot output for quasi-real decision-support method review (non-publication, non-acceptance, non-operational); not publication evidence, not final-study evidence, not formal acceptance evidence, not calibrated real-world results, and not an operational route plan or forecast. Base profile scope: Pilot full scenario-policy-seed output for quasi-real decision-support evaluation; not calibrated real-world results or an operational forecast."
goseong_mobilization,goseong_rail_combined_stress_mild,rail_service,none,heavy_congestion_multimodal,multimodal,scenario-defined bottleneck,0.0,0.0,0.0,5.86,5.86,scaffold-only,"Engineering-only pilot output for quasi-real decision-support method review (non-publication, non-acceptance, non-operational); not publication evidence, not final-study evidence, not formal acceptance evidence, not calibrated real-world results, and not an operational route plan or forecast. Base profile scope: Pilot full scenario-policy-seed output for quasi-real decision-support evaluation; not calibrated real-world results or an operational forecast."
goseong_mobilization,goseong_rail_combined_stress_mild,rail_service,none,lastmile_capacity_mild,multimodal,scenario-defined bottleneck,0.0,0.0,14.65,18.65,33.3,scaffold-only,"Engineering-only pilot output for quasi-real decision-support method review (non-publication, non-acceptance, non-operational); not publication evidence, not final-study evidence, not formal acceptance evidence, not calibrated real-world results, and not an operational route plan or forecast. Base profile scope: Pilot full scenario-policy-seed output for quasi-real decision-support evaluation; not calibrated real-world results or an operational forecast."
goseong_mobilization,goseong_rail_combined_stress_mild,rail_service,none,lastmile_capacity_moderate,multimodal,scenario-defined bottleneck,0.0,0.0,14.65,18.65,33.3,scaffold-only,"Engineering-only pilot output for quasi-real decision-support method review (non-publication, non-acceptance, non-operational); not publication evidence, not final-study evidence, not formal acceptance evidence, not calibrated real-world results, and not an operational route plan or forecast. Base profile scope: Pilot full scenario-policy-seed output for quasi-real decision-support evaluation; not calibrated real-world results or an operational forecast."
goseong_mobilization,goseong_rail_combined_stress_mild,rail_service,none,lastmile_capacity_severe,multimodal,scenario-defined bottleneck,0.0,0.0,29.18,34.63,63.81,scaffold-only,"Engineering-only pilot output for quasi-real decision-support method review (non-publication, non-acceptance, non-operational); not publication evidence, not final-study evidence, not formal acceptance evidence, not calibrated real-world results, and not an operational route plan or forecast. Base profile scope: Pilot full scenario-policy-seed output for quasi-real decision-support evaluation; not calibrated real-world results or an operational forecast."
goseong_mobilization,goseong_rail_combined_stress_mild,rail_service,none,moderate_congestion_bus,bus_only,scenario-defined bottleneck,0.0,0.0,0.0,0.0,0.0,scaffold-only,"Engineering-only pilot output for quasi-real decision-support method review (non-publication, non-acceptance, non-operational); not publication evidence, not final-study evidence, not formal acceptance evidence, not calibrated real-world results, and not an operational route plan or forecast. Base profile scope: Pilot full scenario-policy-seed output for quasi-real decision-support evaluation; not calibrated real-world results or an operational forecast."
goseong_mobilization,goseong_rail_combined_stress_mild,rail_service,none,moderate_congestion_multimodal,multimodal,scenario-defined bottleneck,0.0,0.0,0.0,7.96,7.96,scaffold-only,"Engineering-only pilot output for quasi-real decision-support method review (non-publication, non-acceptance, non-operational); not publication evidence, not final-study evidence, not formal acceptance evidence, not calibrated real-world results, and not an operational route plan or forecast. Base profile scope: Pilot full scenario-policy-seed output for quasi-real decision-support evaluation; not calibrated real-world results or an operational forecast."
goseong_mobilization,goseong_rail_combined_stress_mild,rail_service,none,multimodal_increased_feeder_capacity,multimodal,scenario-defined bottleneck,0.0,0.0,8.15,16.84,24.99,scaffold-only,"Engineering-only pilot output for quasi-real decision-support method review (non-publication, non-acceptance, non-operational); not publication evidence, not final-study evidence, not formal acceptance evidence, not calibrated real-world results, and not an operational route plan or forecast. Base profile scope: Pilot full scenario-policy-seed output for quasi-real decision-support evaluation; not calibrated real-world results or an operational forecast."
goseong_mobilization,goseong_rail_combined_stress_mild,rail_service,none,multimodal_lastmile_redundancy,multimodal,scenario-defined bottleneck,0.0,0.0,19.86,15.4,35.26,scaffold-only,"Engineering-only pilot output for quasi-real decision-support method review (non-publication, non-acceptance, non-operational); not publication evidence, not final-study evidence, not formal acceptance evidence, not calibrated real-world results, and not an operational route plan or forecast. Base profile scope: Pilot full scenario-policy-seed output for quasi-real decision-support evaluation; not calibrated real-world results or an operational forecast."
goseong_mobilization,goseong_rail_combined_stress_mild,rail_service,none,peak_congestion_bus,bus_only,scenario-defined bottleneck,0.0,0.0,0.0,0.0,0.0,scaffold-only,"Engineering-only pilot output for quasi-real decision-support method review (non-publication, non-acceptance, non-operational); not publication evidence, not final-study evidence, not formal acceptance evidence, not calibrated real-world results, and not an operational route plan or forecast. Base profile scope: Pilot full scenario-policy-seed output for quasi-real decision-support evaluation; not calibrated real-world results or an operational forecast."
goseong_mobilization,goseong_rail_combined_stress_mild,rail_service,none,peak_congestion_multimodal,multimodal,scenario-defined bottleneck,0.62,14.97,4490.0,inf,inf,scaffold-only,"Engineering-only pilot output for quasi-real decision-support method review (non-publication, non-acceptance, non-operational); not publication evidence, not final-study evidence, not formal acceptance evidence, not calibrated real-world results, and not an operational route plan or forecast. Base profile scope: Pilot full scenario-policy-seed output for quasi-real decision-support evaluation; not calibrated real-world results or an operational forecast."
goseong_mobilization,goseong_rail_combined_stress_mild,rail_service,none,rail_delay_or_partial_unavailability,multimodal,scenario-defined bottleneck,0.0,0.0,27.34,30.87,58.21,scaffold-only,"Engineering-only pilot output for quasi-real decision-support method review (non-publication, non-acceptance, non-operational); not publication evidence, not final-study evidence, not formal acceptance evidence, not calibrated real-world results, and not an operational route plan or forecast. Base profile scope: Pilot full scenario-policy-seed output for quasi-real decision-support evaluation; not calibrated real-world results or an operational forecast."
goseong_mobilization,goseong_rail_combined_stress_mild,rail_service,none,severe_congestion_bus,bus_only,scenario-defined bottleneck,0.0,0.0,0.0,0.0,0.0,scaffold-only,"Engineering-only pilot output for quasi-real decision-support method review (non-publication, non-acceptance, non-operational); not publication evidence, not final-study evidence, not formal acceptance evidence, not calibrated real-world results, and not an operational route plan or forecast. Base profile scope: Pilot full scenario-policy-seed output for quasi-real decision-support evaluation; not calibrated real-world results or an operational forecast."
goseong_mobilization,goseong_rail_combined_stress_mild,rail_service,none,severe_congestion_multimodal,multimodal,scenario-defined bottleneck,0.01,0.3,91.17,6.48,107.95,scaffold-only,"Engineering-only pilot output for quasi-real decision-support method review (non-publication, non-acceptance, non-operational); not publication evidence, not final-study evidence, not formal acceptance evidence, not calibrated real-world results, and not an operational route plan or forecast. Base profile scope: Pilot full scenario-policy-seed output for quasi-real decision-support evaluation; not calibrated real-world results or an operational forecast."
goseong_mobilization,goseong_rail_combined_stress_mild,rail_service,none,staggered_or_adaptive_dispatch,multimodal,scenario-defined bottleneck,0.0,0.0,20.65,25.16,45.81,scaffold-only,"Engineering-only pilot output for quasi-real decision-support method review (non-publication, non-acceptance, non-operational); not publication evidence, not final-study evidence, not formal acceptance evidence, not calibrated real-world results, and not an operational route plan or forecast. Base profile scope: Pilot full scenario-policy-seed output for quasi-real decision-support evaluation; not calibrated real-world results or an operational forecast."
goseong_mobilization,goseong_rail_combined_stress_mild,rail_service,none,transfer_stress_extreme,multimodal,scenario-defined bottleneck,0.0,0.0,19.74,24.79,44.53,scaffold-only,"Engineering-only pilot output for quasi-real decision-support method review (non-publication, non-acceptance, non-operational); not publication evidence, not final-study evidence, not formal acceptance evidence, not calibrated real-world results, and not an operational route plan or forecast. Base profile scope: Pilot full scenario-policy-seed output for quasi-real decision-support evaluation; not calibrated real-world results or an operational forecast."
goseong_mobilization,goseong_rail_combined_stress_mild,rail_service,none,transfer_stress_mild,multimodal,scenario-defined bottleneck,0.0,0.0,37.5,34.87,72.37,scaffold-only,"Engineering-only pilot output for quasi-real decision-support method review (non-publication, non-acceptance, non-operational); not publication evidence, not final-study evidence, not formal acceptance evidence, not calibrated real-world results, and not an operational route plan or forecast. Base profile scope: Pilot full scenario-policy-seed output for quasi-real decision-support evaluation; not calibrated real-world results or an operational forecast."
goseong_mobilization,goseong_rail_combined_stress_mild,rail_service,none,transfer_stress_moderate,multimodal,scenario-defined bottleneck,0.0,0.0,20.74,20.98,41.72,scaffold-only,"Engineering-only pilot output for quasi-real decision-support method review (non-publication, non-acceptance, non-operational); not publication evidence, not final-study evidence, not formal acceptance evidence, not calibrated real-world results, and not an operational route plan or forecast. Base profile scope: Pilot full scenario-policy-seed output for quasi-real decision-support evaluation; not calibrated real-world results or an operational forecast."
goseong_mobilization,goseong_rail_combined_stress_mild,rail_service,none,transfer_stress_severe,multimodal,scenario-defined bottleneck,0.0,0.0,15.84,16.05,31.89,scaffold-only,"Engineering-only pilot output for quasi-real decision-support method review (non-publication, non-acceptance, non-operational); not publication evidence, not final-study evidence, not formal acceptance evidence, not calibrated real-world results, and not an operational route plan or forecast. Base profile scope: Pilot full scenario-policy-seed output for quasi-real decision-support evaluation; not calibrated real-world results or an operational forecast."
goseong_mobilization,goseong_rail_combined_stress_severe,rail_service,none,baseline_multimodal,multimodal,scenario-defined bottleneck,0.0,0.1,130.81,116.03,246.94,scaffold-only,"Engineering-only pilot output for quasi-real decision-support method review (non-publication, non-acceptance, non-operational); not publication evidence, not final-study evidence, not formal acceptance evidence, not calibrated real-world results, and not an operational route plan or forecast. Base profile scope: Pilot full scenario-policy-seed output for quasi-real decision-support evaluation; not calibrated real-world results or an operational forecast."
goseong_mobilization,goseong_rail_combined_stress_severe,rail_service,none,bus_only,bus_only,scenario-defined bottleneck,0.0,0.0,0.0,0.0,0.0,scaffold-only,"Engineering-only pilot output for quasi-real decision-support method review (non-publication, non-acceptance, non-operational); not publication evidence, not final-study evidence, not formal acceptance evidence, not calibrated real-world results, and not an operational route plan or forecast. Base profile scope: Pilot full scenario-policy-seed output for quasi-real decision-support evaluation; not calibrated real-world results or an operational forecast."
goseong_mobilization,goseong_rail_combined_stress_severe,rail_service,none,fleet_shortage_severe,multimodal,scenario-defined bottleneck,0.25,6.03,1818.13,5.25,2079.41,scaffold-only,"Engineering-only pilot output for quasi-real decision-support method review (non-publication, non-acceptance, non-operational); not publication evidence, not final-study evidence, not formal acceptance evidence, not calibrated real-world results, and not an operational route plan or forecast. Base profile scope: Pilot full scenario-policy-seed output for quasi-real decision-support evaluation; not calibrated real-world results or an operational forecast."
goseong_mobilization,goseong_rail_combined_stress_severe,rail_service,none,fleet_shortage_stress,multimodal,scenario-defined bottleneck,0.0,0.1,130.81,116.03,246.94,scaffold-only,"Engineering-only pilot output for quasi-real decision-support method review (non-publication, non-acceptance, non-operational); not publication evidence, not final-study evidence, not formal acceptance evidence, not calibrated real-world results, and not an operational route plan or forecast. Base profile scope: Pilot full scenario-policy-seed output for quasi-real decision-support evaluation; not calibrated real-world results or an operational forecast."
goseong_mobilization,goseong_rail_combined_stress_severe,rail_service,none,heavy_congestion_bus,bus_only,scenario-defined bottleneck,0.0,0.0,0.0,0.0,0.0,scaffold-only,"Engineering-only pilot output for quasi-real decision-support method review (non-publication, non-acceptance, non-operational); not publication evidence, not final-study evidence, not formal acceptance evidence, not calibrated real-world results, and not an operational route plan or forecast. Base profile scope: Pilot full scenario-policy-seed output for quasi-real decision-support evaluation; not calibrated real-world results or an operational forecast."
goseong_mobilization,goseong_rail_combined_stress_severe,rail_service,none,heavy_congestion_multimodal,multimodal,scenario-defined bottleneck,0.01,0.14,126.91,112.12,249.17,scaffold-only,"Engineering-only pilot output for quasi-real decision-support method review (non-publication, non-acceptance, non-operational); not publication evidence, not final-study evidence, not formal acceptance evidence, not calibrated real-world results, and not an operational route plan or forecast. Base profile scope: Pilot full scenario-policy-seed output for quasi-real decision-support evaluation; not calibrated real-world results or an operational forecast."
goseong_mobilization,goseong_rail_combined_stress_severe,rail_service,none,lastmile_capacity_mild,multimodal,scenario-defined bottleneck,0.0,0.0,124.32,120.41,244.73,scaffold-only,"Engineering-only pilot output for quasi-real decision-support method review (non-publication, non-acceptance, non-operational); not publication evidence, not final-study evidence, not formal acceptance evidence, not calibrated real-world results, and not an operational route plan or forecast. Base profile scope: Pilot full scenario-policy-seed output for quasi-real decision-support evaluation; not calibrated real-world results or an operational forecast."
goseong_mobilization,goseong_rail_combined_stress_severe,rail_service,none,lastmile_capacity_moderate,multimodal,scenario-defined bottleneck,0.0,0.0,124.32,120.41,244.73,scaffold-only,"Engineering-only pilot output for quasi-real decision-support method review (non-publication, non-acceptance, non-operational); not publication evidence, not final-study evidence, not formal acceptance evidence, not calibrated real-world results, and not an operational route plan or forecast. Base profile scope: Pilot full scenario-policy-seed output for quasi-real decision-support evaluation; not calibrated real-world results or an operational forecast."
goseong_mobilization,goseong_rail_combined_stress_severe,rail_service,none,lastmile_capacity_severe,multimodal,scenario-defined bottleneck,0.0,0.0,131.16,125.66,256.82,scaffold-only,"Engineering-only pilot output for quasi-real decision-support method review (non-publication, non-acceptance, non-operational); not publication evidence, not final-study evidence, not formal acceptance evidence, not calibrated real-world results, and not an operational route plan or forecast. Base profile scope: Pilot full scenario-policy-seed output for quasi-real decision-support evaluation; not calibrated real-world results or an operational forecast."
goseong_mobilization,goseong_rail_combined_stress_severe,rail_service,none,moderate_congestion_bus,bus_only,scenario-defined bottleneck,0.0,0.0,0.0,0.0,0.0,scaffold-only,"Engineering-only pilot output for quasi-real decision-support method review (non-publication, non-acceptance, non-operational); not publication evidence, not final-study evidence, not formal acceptance evidence, not calibrated real-world results, and not an operational route plan or forecast. Base profile scope: Pilot full scenario-policy-seed output for quasi-real decision-support evaluation; not calibrated real-world results or an operational forecast."
goseong_mobilization,goseong_rail_combined_stress_severe,rail_service,none,moderate_congestion_multimodal,multimodal,scenario-defined bottleneck,0.0,0.1,130.04,115.79,245.93,scaffold-only,"Engineering-only pilot output for quasi-real decision-support method review (non-publication, non-acceptance, non-operational); not publication evidence, not final-study evidence, not formal acceptance evidence, not calibrated real-world results, and not an operational route plan or forecast. Base profile scope: Pilot full scenario-policy-seed output for quasi-real decision-support evaluation; not calibrated real-world results or an operational forecast."
goseong_mobilization,goseong_rail_combined_stress_severe,rail_service,none,multimodal_increased_feeder_capacity,multimodal,scenario-defined bottleneck,0.0,0.1,140.4,123.81,264.31,scaffold-only,"Engineering-only pilot output for quasi-real decision-support method review (non-publication, non-acceptance, non-operational); not publication evidence, not final-study evidence, not formal acceptance evidence, not calibrated real-world results, and not an operational route plan or forecast. Base profile scope: Pilot full scenario-policy-seed output for quasi-real decision-support evaluation; not calibrated real-world results or an operational forecast."
goseong_mobilization,goseong_rail_combined_stress_severe,rail_service,none,multimodal_lastmile_redundancy,multimodal,scenario-defined bottleneck,0.0,0.0,121.67,110.27,231.94,scaffold-only,"Engineering-only pilot output for quasi-real decision-support method review (non-publication, non-acceptance, non-operational); not publication evidence, not final-study evidence, not formal acceptance evidence, not calibrated real-world results, and not an operational route plan or forecast. Base profile scope: Pilot full scenario-policy-seed output for quasi-real decision-support evaluation; not calibrated real-world results or an operational forecast."
goseong_mobilization,goseong_rail_combined_stress_severe,rail_service,none,peak_congestion_bus,bus_only,scenario-defined bottleneck,0.0,0.0,0.0,0.0,0.0,scaffold-only,"Engineering-only pilot output for quasi-real decision-support method review (non-publication, non-acceptance, non-operational); not publication evidence, not final-study evidence, not formal acceptance evidence, not calibrated real-world results, and not an operational route plan or forecast. Base profile scope: Pilot full scenario-policy-seed output for quasi-real decision-support evaluation; not calibrated real-world results or an operational forecast."
goseong_mobilization,goseong_rail_combined_stress_severe,rail_service,none,peak_congestion_multimodal,multimodal,scenario-defined bottleneck,0.62,14.97,4490.0,inf,inf,scaffold-only,"Engineering-only pilot output for quasi-real decision-support method review (non-publication, non-acceptance, non-operational); not publication evidence, not final-study evidence, not formal acceptance evidence, not calibrated real-world results, and not an operational route plan or forecast. Base profile scope: Pilot full scenario-policy-seed output for quasi-real decision-support evaluation; not calibrated real-world results or an operational forecast."
goseong_mobilization,goseong_rail_combined_stress_severe,rail_service,none,rail_delay_or_partial_unavailability,multimodal,scenario-defined bottleneck,0.33,8.0,2527.55,109.68,2975.23,scaffold-only,"Engineering-only pilot output for quasi-real decision-support method review (non-publication, non-acceptance, non-operational); not publication evidence, not final-study evidence, not formal acceptance evidence, not calibrated real-world results, and not an operational route plan or forecast. Base profile scope: Pilot full scenario-policy-seed output for quasi-real decision-support evaluation; not calibrated real-world results or an operational forecast."
goseong_mobilization,goseong_rail_combined_stress_severe,rail_service,none,severe_congestion_bus,bus_only,scenario-defined bottleneck,0.0,0.0,0.0,0.0,0.0,scaffold-only,"Engineering-only pilot output for quasi-real decision-support method review (non-publication, non-acceptance, non-operational); not publication evidence, not final-study evidence, not formal acceptance evidence, not calibrated real-world results, and not an operational route plan or forecast. Base profile scope: Pilot full scenario-policy-seed output for quasi-real decision-support evaluation; not calibrated real-world results or an operational forecast."
goseong_mobilization,goseong_rail_combined_stress_severe,rail_service,none,severe_congestion_multimodal,multimodal,scenario-defined bottleneck,0.26,6.37,1915.23,0.0,2181.6,scaffold-only,"Engineering-only pilot output for quasi-real decision-support method review (non-publication, non-acceptance, non-operational); not publication evidence, not final-study evidence, not formal acceptance evidence, not calibrated real-world results, and not an operational route plan or forecast. Base profile scope: Pilot full scenario-policy-seed output for quasi-real decision-support evaluation; not calibrated real-world results or an operational forecast."
goseong_mobilization,goseong_rail_combined_stress_severe,rail_service,none,staggered_or_adaptive_dispatch,multimodal,scenario-defined bottleneck,0.0,0.1,150.02,130.82,280.94,scaffold-only,"Engineering-only pilot output for quasi-real decision-support method review (non-publication, non-acceptance, non-operational); not publication evidence, not final-study evidence, not formal acceptance evidence, not calibrated real-world results, and not an operational route plan or forecast. Base profile scope: Pilot full scenario-policy-seed output for quasi-real decision-support evaluation; not calibrated real-world results or an operational forecast."
goseong_mobilization,goseong_rail_combined_stress_severe,rail_service,none,transfer_stress_extreme,multimodal,scenario-defined bottleneck,0.45,10.9,3372.22,56.01,3889.13,scaffold-only,"Engineering-only pilot output for quasi-real decision-support method review (non-publication, non-acceptance, non-operational); not publication evidence, not final-study evidence, not formal acceptance evidence, not calibrated real-world results, and not an operational route plan or forecast. Base profile scope: Pilot full scenario-policy-seed output for quasi-real decision-support evaluation; not calibrated real-world results or an operational forecast."
goseong_mobilization,goseong_rail_combined_stress_severe,rail_service,none,transfer_stress_mild,multimodal,scenario-defined bottleneck,0.0,0.1,130.67,105.98,236.75,scaffold-only,"Engineering-only pilot output for quasi-real decision-support method review (non-publication, non-acceptance, non-operational); not publication evidence, not final-study evidence, not formal acceptance evidence, not calibrated real-world results, and not an operational route plan or forecast. Base profile scope: Pilot full scenario-policy-seed output for quasi-real decision-support evaluation; not calibrated real-world results or an operational forecast."
goseong_mobilization,goseong_rail_combined_stress_severe,rail_service,none,transfer_stress_moderate,multimodal,scenario-defined bottleneck,0.09,2.17,762.35,94.81,949.33,scaffold-only,"Engineering-only pilot output for quasi-real decision-support method review (non-publication, non-acceptance, non-operational); not publication evidence, not final-study evidence, not formal acceptance evidence, not calibrated real-world results, and not an operational route plan or forecast. Base profile scope: Pilot full scenario-policy-seed output for quasi-real decision-support evaluation; not calibrated real-world results or an operational forecast."
goseong_mobilization,goseong_rail_combined_stress_severe,rail_service,none,transfer_stress_severe,multimodal,scenario-defined bottleneck,0.2,4.77,1542.91,73.58,1821.26,scaffold-only,"Engineering-only pilot output for quasi-real decision-support method review (non-publication, non-acceptance, non-operational); not publication evidence, not final-study evidence, not formal acceptance evidence, not calibrated real-world results, and not an operational route plan or forecast. Base profile scope: Pilot full scenario-policy-seed output for quasi-real decision-support evaluation; not calibrated real-world results or an operational forecast."
goseong_mobilization,goseong_rail_delay,rail_service,none,baseline_multimodal,multimodal,scenario-defined bottleneck,0.0,0.03,69.63,59.86,129.52,scaffold-only,"Engineering-only pilot output for quasi-real decision-support method review (non-publication, non-acceptance, non-operational); not publication evidence, not final-study evidence, not formal acceptance evidence, not calibrated real-world results, and not an operational route plan or forecast. Base profile scope: Pilot full scenario-policy-seed output for quasi-real decision-support evaluation; not calibrated real-world results or an operational forecast."
goseong_mobilization,goseong_rail_delay,rail_service,none,bus_only,bus_only,scenario-defined bottleneck,0.0,0.0,0.0,0.0,0.0,scaffold-only,"Engineering-only pilot output for quasi-real decision-support method review (non-publication, non-acceptance, non-operational); not publication evidence, not final-study evidence, not formal acceptance evidence, not calibrated real-world results, and not an operational route plan or forecast. Base profile scope: Pilot full scenario-policy-seed output for quasi-real decision-support evaluation; not calibrated real-world results or an operational forecast."
goseong_mobilization,goseong_rail_delay,rail_service,none,fleet_shortage_severe,multimodal,scenario-defined bottleneck,0.16,3.83,1158.13,0.0,1321.96,scaffold-only,"Engineering-only pilot output for quasi-real decision-support method review (non-publication, non-acceptance, non-operational); not publication evidence, not final-study evidence, not formal acceptance evidence, not calibrated real-world results, and not an operational route plan or forecast. Base profile scope: Pilot full scenario-policy-seed output for quasi-real decision-support evaluation; not calibrated real-world results or an operational forecast."
goseong_mobilization,goseong_rail_delay,rail_service,none,fleet_shortage_stress,multimodal,scenario-defined bottleneck,0.0,0.03,69.63,59.86,129.52,scaffold-only,"Engineering-only pilot output for quasi-real decision-support method review (non-publication, non-acceptance, non-operational); not publication evidence, not final-study evidence, not formal acceptance evidence, not calibrated real-world results, and not an operational route plan or forecast. Base profile scope: Pilot full scenario-policy-seed output for quasi-real decision-support evaluation; not calibrated real-world results or an operational forecast."
goseong_mobilization,goseong_rail_delay,rail_service,none,heavy_congestion_bus,bus_only,scenario-defined bottleneck,0.0,0.0,0.0,0.0,0.0,scaffold-only,"Engineering-only pilot output for quasi-real decision-support method review (non-publication, non-acceptance, non-operational); not publication evidence, not final-study evidence, not formal acceptance evidence, not calibrated real-world results, and not an operational route plan or forecast. Base profile scope: Pilot full scenario-policy-seed output for quasi-real decision-support evaluation; not calibrated real-world results or an operational forecast."
goseong_mobilization,goseong_rail_delay,rail_service,none,heavy_congestion_multimodal,multimodal,scenario-defined bottleneck,0.0,0.04,67.66,59.81,127.51,scaffold-only,"Engineering-only pilot output for quasi-real decision-support method review (non-publication, non-acceptance, non-operational); not publication evidence, not final-study evidence, not formal acceptance evidence, not calibrated real-world results, and not an operational route plan or forecast. Base profile scope: Pilot full scenario-policy-seed output for quasi-real decision-support evaluation; not calibrated real-world results or an operational forecast."
goseong_mobilization,goseong_rail_delay,rail_service,none,lastmile_capacity_mild,multimodal,scenario-defined bottleneck,0.0,0.0,60.0,60.0,120.0,scaffold-only,"Engineering-only pilot output for quasi-real decision-support method review (non-publication, non-acceptance, non-operational); not publication evidence, not final-study evidence, not formal acceptance evidence, not calibrated real-world results, and not an operational route plan or forecast. Base profile scope: Pilot full scenario-policy-seed output for quasi-real decision-support evaluation; not calibrated real-world results or an operational forecast."
goseong_mobilization,goseong_rail_delay,rail_service,none,lastmile_capacity_moderate,multimodal,scenario-defined bottleneck,0.0,0.0,60.0,60.0,120.0,scaffold-only,"Engineering-only pilot output for quasi-real decision-support method review (non-publication, non-acceptance, non-operational); not publication evidence, not final-study evidence, not formal acceptance evidence, not calibrated real-world results, and not an operational route plan or forecast. Base profile scope: Pilot full scenario-policy-seed output for quasi-real decision-support evaluation; not calibrated real-world results or an operational forecast."
goseong_mobilization,goseong_rail_delay,rail_service,none,lastmile_capacity_severe,multimodal,scenario-defined bottleneck,0.0,0.0,60.0,60.0,120.0,scaffold-only,"Engineering-only pilot output for quasi-real decision-support method review (non-publication, non-acceptance, non-operational); not publication evidence, not final-study evidence, not formal acceptance evidence, not calibrated real-world results, and not an operational route plan or forecast. Base profile scope: Pilot full scenario-policy-seed output for quasi-real decision-support evaluation; not calibrated real-world results or an operational forecast."
goseong_mobilization,goseong_rail_delay,rail_service,none,moderate_congestion_bus,bus_only,scenario-defined bottleneck,0.0,0.0,0.0,0.0,0.0,scaffold-only,"Engineering-only pilot output for quasi-real decision-support method review (non-publication, non-acceptance, non-operational); not publication evidence, not final-study evidence, not formal acceptance evidence, not calibrated real-world results, and not an operational route plan or forecast. Base profile scope: Pilot full scenario-policy-seed output for quasi-real decision-support evaluation; not calibrated real-world results or an operational forecast."
goseong_mobilization,goseong_rail_delay,rail_service,none,moderate_congestion_multimodal,multimodal,scenario-defined bottleneck,0.0,0.03,69.52,59.86,129.41,scaffold-only,"Engineering-only pilot output for quasi-real decision-support method review (non-publication, non-acceptance, non-operational); not publication evidence, not final-study evidence, not formal acceptance evidence, not calibrated real-world results, and not an operational route plan or forecast. Base profile scope: Pilot full scenario-policy-seed output for quasi-real decision-support evaluation; not calibrated real-world results or an operational forecast."
goseong_mobilization,goseong_rail_delay,rail_service,none,multimodal_increased_feeder_capacity,multimodal,scenario-defined bottleneck,0.0,0.0,60.0,60.0,120.0,scaffold-only,"Engineering-only pilot output for quasi-real decision-support method review (non-publication, non-acceptance, non-operational); not publication evidence, not final-study evidence, not formal acceptance evidence, not calibrated real-world results, and not an operational route plan or forecast. Base profile scope: Pilot full scenario-policy-seed output for quasi-real decision-support evaluation; not calibrated real-world results or an operational forecast."
goseong_mobilization,goseong_rail_delay,rail_service,none,multimodal_lastmile_redundancy,multimodal,scenario-defined bottleneck,0.0,0.0,60.0,60.0,120.0,scaffold-only,"Engineering-only pilot output for quasi-real decision-support method review (non-publication, non-acceptance, non-operational); not publication evidence, not final-study evidence, not formal acceptance evidence, not calibrated real-world results, and not an operational route plan or forecast. Base profile scope: Pilot full scenario-policy-seed output for quasi-real decision-support evaluation; not calibrated real-world results or an operational forecast."
goseong_mobilization,goseong_rail_delay,rail_service,none,peak_congestion_bus,bus_only,scenario-defined bottleneck,0.0,0.0,0.0,0.0,0.0,scaffold-only,"Engineering-only pilot output for quasi-real decision-support method review (non-publication, non-acceptance, non-operational); not publication evidence, not final-study evidence, not formal acceptance evidence, not calibrated real-world results, and not an operational route plan or forecast. Base profile scope: Pilot full scenario-policy-seed output for quasi-real decision-support evaluation; not calibrated real-world results or an operational forecast."
goseong_mobilization,goseong_rail_delay,rail_service,none,peak_congestion_multimodal,multimodal,scenario-defined bottleneck,0.62,14.97,4490.0,inf,inf,scaffold-only,"Engineering-only pilot output for quasi-real decision-support method review (non-publication, non-acceptance, non-operational); not publication evidence, not final-study evidence, not formal acceptance evidence, not calibrated real-world results, and not an operational route plan or forecast. Base profile scope: Pilot full scenario-policy-seed output for quasi-real decision-support evaluation; not calibrated real-world results or an operational forecast."
goseong_mobilization,goseong_rail_delay,rail_service,none,rail_delay_or_partial_unavailability,multimodal,scenario-defined bottleneck,0.0,0.0,70.0,70.0,140.0,scaffold-only,"Engineering-only pilot output for quasi-real decision-support method review (non-publication, non-acceptance, non-operational); not publication evidence, not final-study evidence, not formal acceptance evidence, not calibrated real-world results, and not an operational route plan or forecast. Base profile scope: Pilot full scenario-policy-seed output for quasi-real decision-support evaluation; not calibrated real-world results or an operational forecast."
goseong_mobilization,goseong_rail_delay,rail_service,none,severe_congestion_bus,bus_only,scenario-defined bottleneck,0.0,0.0,0.0,0.0,0.0,scaffold-only,"Engineering-only pilot output for quasi-real decision-support method review (non-publication, non-acceptance, non-operational); not publication evidence, not final-study evidence, not formal acceptance evidence, not calibrated real-world results, and not an operational route plan or forecast. Base profile scope: Pilot full scenario-policy-seed output for quasi-real decision-support evaluation; not calibrated real-world results or an operational forecast."
goseong_mobilization,goseong_rail_delay,rail_service,none,severe_congestion_multimodal,multimodal,scenario-defined bottleneck,0.47,11.44,3435.23,0.0,3916.67,scaffold-only,"Engineering-only pilot output for quasi-real decision-support method review (non-publication, non-acceptance, non-operational); not publication evidence, not final-study evidence, not formal acceptance evidence, not calibrated real-world results, and not an operational route plan or forecast. Base profile scope: Pilot full scenario-policy-seed output for quasi-real decision-support evaluation; not calibrated real-world results or an operational forecast."
goseong_mobilization,goseong_rail_delay,rail_service,none,staggered_or_adaptive_dispatch,multimodal,scenario-defined bottleneck,0.0,0.0,57.0,57.0,114.0,scaffold-only,"Engineering-only pilot output for quasi-real decision-support method review (non-publication, non-acceptance, non-operational); not publication evidence, not final-study evidence, not formal acceptance evidence, not calibrated real-world results, and not an operational route plan or forecast. Base profile scope: Pilot full scenario-policy-seed output for quasi-real decision-support evaluation; not calibrated real-world results or an operational forecast."
goseong_mobilization,goseong_rail_delay,rail_service,none,transfer_stress_extreme,multimodal,scenario-defined bottleneck,0.0,0.0,55.0,55.0,110.0,scaffold-only,"Engineering-only pilot output for quasi-real decision-support method review (non-publication, non-acceptance, non-operational); not publication evidence, not final-study evidence, not formal acceptance evidence, not calibrated real-world results, and not an operational route plan or forecast. Base profile scope: Pilot full scenario-policy-seed output for quasi-real decision-support evaluation; not calibrated real-world results or an operational forecast."
goseong_mobilization,goseong_rail_delay,rail_service,none,transfer_stress_mild,multimodal,scenario-defined bottleneck,0.0,0.03,69.63,59.15,128.81,scaffold-only,"Engineering-only pilot output for quasi-real decision-support method review (non-publication, non-acceptance, non-operational); not publication evidence, not final-study evidence, not formal acceptance evidence, not calibrated real-world results, and not an operational route plan or forecast. Base profile scope: Pilot full scenario-policy-seed output for quasi-real decision-support evaluation; not calibrated real-world results or an operational forecast."
goseong_mobilization,goseong_rail_delay,rail_service,none,transfer_stress_moderate,multimodal,scenario-defined bottleneck,0.0,0.0,60.0,60.0,120.0,scaffold-only,"Engineering-only pilot output for quasi-real decision-support method review (non-publication, non-acceptance, non-operational); not publication evidence, not final-study evidence, not formal acceptance evidence, not calibrated real-world results, and not an operational route plan or forecast. Base profile scope: Pilot full scenario-policy-seed output for quasi-real decision-support evaluation; not calibrated real-world results or an operational forecast."
goseong_mobilization,goseong_rail_delay,rail_service,none,transfer_stress_severe,multimodal,scenario-defined bottleneck,0.0,0.0,55.0,55.0,110.0,scaffold-only,"Engineering-only pilot output for quasi-real decision-support method review (non-publication, non-acceptance, non-operational); not publication evidence, not final-study evidence, not formal acceptance evidence, not calibrated real-world results, and not an operational route plan or forecast. Base profile scope: Pilot full scenario-policy-seed output for quasi-real decision-support evaluation; not calibrated real-world results or an operational forecast."
goseong_mobilization,goseong_rail_delay_mild,rail_service,none,baseline_multimodal,multimodal,scenario-defined bottleneck,0.0,0.0,25.0,25.0,50.0,scaffold-only,"Engineering-only pilot output for quasi-real decision-support method review (non-publication, non-acceptance, non-operational); not publication evidence, not final-study evidence, not formal acceptance evidence, not calibrated real-world results, and not an operational route plan or forecast. Base profile scope: Pilot full scenario-policy-seed output for quasi-real decision-support evaluation; not calibrated real-world results or an operational forecast."
goseong_mobilization,goseong_rail_delay_mild,rail_service,none,bus_only,bus_only,scenario-defined bottleneck,0.0,0.0,0.0,0.0,0.0,scaffold-only,"Engineering-only pilot output for quasi-real decision-support method review (non-publication, non-acceptance, non-operational); not publication evidence, not final-study evidence, not formal acceptance evidence, not calibrated real-world results, and not an operational route plan or forecast. Base profile scope: Pilot full scenario-policy-seed output for quasi-real decision-support evaluation; not calibrated real-world results or an operational forecast."
goseong_mobilization,goseong_rail_delay_mild,rail_service,none,fleet_shortage_severe,multimodal,scenario-defined bottleneck,0.0,0.0,4.17,25.0,29.17,scaffold-only,"Engineering-only pilot output for quasi-real decision-support method review (non-publication, non-acceptance, non-operational); not publication evidence, not final-study evidence, not formal acceptance evidence, not calibrated real-world results, and not an operational route plan or forecast. Base profile scope: Pilot full scenario-policy-seed output for quasi-real decision-support evaluation; not calibrated real-world results or an operational forecast."
goseong_mobilization,goseong_rail_delay_mild,rail_service,none,fleet_shortage_stress,multimodal,scenario-defined bottleneck,0.0,0.0,25.0,25.0,50.0,scaffold-only,"Engineering-only pilot output for quasi-real decision-support method review (non-publication, non-acceptance, non-operational); not publication evidence, not final-study evidence, not formal acceptance evidence, not calibrated real-world results, and not an operational route plan or forecast. Base profile scope: Pilot full scenario-policy-seed output for quasi-real decision-support evaluation; not calibrated real-world results or an operational forecast."
goseong_mobilization,goseong_rail_delay_mild,rail_service,none,heavy_congestion_bus,bus_only,scenario-defined bottleneck,0.0,0.0,0.0,0.0,0.0,scaffold-only,"Engineering-only pilot output for quasi-real decision-support method review (non-publication, non-acceptance, non-operational); not publication evidence, not final-study evidence, not formal acceptance evidence, not calibrated real-world results, and not an operational route plan or forecast. Base profile scope: Pilot full scenario-policy-seed output for quasi-real decision-support evaluation; not calibrated real-world results or an operational forecast."
goseong_mobilization,goseong_rail_delay_mild,rail_service,none,heavy_congestion_multimodal,multimodal,scenario-defined bottleneck,0.0,0.0,24.16,25.0,49.16,scaffold-only,"Engineering-only pilot output for quasi-real decision-support method review (non-publication, non-acceptance, non-operational); not publication evidence, not final-study evidence, not formal acceptance evidence, not calibrated real-world results, and not an operational route plan or forecast. Base profile scope: Pilot full scenario-policy-seed output for quasi-real decision-support evaluation; not calibrated real-world results or an operational forecast."
goseong_mobilization,goseong_rail_delay_mild,rail_service,none,lastmile_capacity_mild,multimodal,scenario-defined bottleneck,0.0,0.0,25.0,25.0,50.0,scaffold-only,"Engineering-only pilot output for quasi-real decision-support method review (non-publication, non-acceptance, non-operational); not publication evidence, not final-study evidence, not formal acceptance evidence, not calibrated real-world results, and not an operational route plan or forecast. Base profile scope: Pilot full scenario-policy-seed output for quasi-real decision-support evaluation; not calibrated real-world results or an operational forecast."
goseong_mobilization,goseong_rail_delay_mild,rail_service,none,lastmile_capacity_moderate,multimodal,scenario-defined bottleneck,0.0,0.0,25.0,25.0,50.0,scaffold-only,"Engineering-only pilot output for quasi-real decision-support method review (non-publication, non-acceptance, non-operational); not publication evidence, not final-study evidence, not formal acceptance evidence, not calibrated real-world results, and not an operational route plan or forecast. Base profile scope: Pilot full scenario-policy-seed output for quasi-real decision-support evaluation; not calibrated real-world results or an operational forecast."
goseong_mobilization,goseong_rail_delay_mild,rail_service,none,lastmile_capacity_severe,multimodal,scenario-defined bottleneck,0.0,0.0,25.0,25.0,50.0,scaffold-only,"Engineering-only pilot output for quasi-real decision-support method review (non-publication, non-acceptance, non-operational); not publication evidence, not final-study evidence, not formal acceptance evidence, not calibrated real-world results, and not an operational route plan or forecast. Base profile scope: Pilot full scenario-policy-seed output for quasi-real decision-support evaluation; not calibrated real-world results or an operational forecast."
goseong_mobilization,goseong_rail_delay_mild,rail_service,none,moderate_congestion_bus,bus_only,scenario-defined bottleneck,0.0,0.0,0.0,0.0,0.0,scaffold-only,"Engineering-only pilot output for quasi-real decision-support method review (non-publication, non-acceptance, non-operational); not publication evidence, not final-study evidence, not formal acceptance evidence, not calibrated real-world results, and not an operational route plan or forecast. Base profile scope: Pilot full scenario-policy-seed output for quasi-real decision-support evaluation; not calibrated real-world results or an operational forecast."
goseong_mobilization,goseong_rail_delay_mild,rail_service,none,moderate_congestion_multimodal,multimodal,scenario-defined bottleneck,0.0,0.0,25.0,25.0,50.0,scaffold-only,"Engineering-only pilot output for quasi-real decision-support method review (non-publication, non-acceptance, non-operational); not publication evidence, not final-study evidence, not formal acceptance evidence, not calibrated real-world results, and not an operational route plan or forecast. Base profile scope: Pilot full scenario-policy-seed output for quasi-real decision-support evaluation; not calibrated real-world results or an operational forecast."
goseong_mobilization,goseong_rail_delay_mild,rail_service,none,multimodal_increased_feeder_capacity,multimodal,scenario-defined bottleneck,0.0,0.0,25.0,25.0,50.0,scaffold-only,"Engineering-only pilot output for quasi-real decision-support method review (non-publication, non-acceptance, non-operational); not publication evidence, not final-study evidence, not formal acceptance evidence, not calibrated real-world results, and not an operational route plan or forecast. Base profile scope: Pilot full scenario-policy-seed output for quasi-real decision-support evaluation; not calibrated real-world results or an operational forecast."
goseong_mobilization,goseong_rail_delay_mild,rail_service,none,multimodal_lastmile_redundancy,multimodal,scenario-defined bottleneck,0.0,0.0,25.0,25.0,50.0,scaffold-only,"Engineering-only pilot output for quasi-real decision-support method review (non-publication, non-acceptance, non-operational); not publication evidence, not final-study evidence, not formal acceptance evidence, not calibrated real-world results, and not an operational route plan or forecast. Base profile scope: Pilot full scenario-policy-seed output for quasi-real decision-support evaluation; not calibrated real-world results or an operational forecast."
goseong_mobilization,goseong_rail_delay_mild,rail_service,none,peak_congestion_bus,bus_only,scenario-defined bottleneck,0.0,0.0,0.0,0.0,0.0,scaffold-only,"Engineering-only pilot output for quasi-real decision-support method review (non-publication, non-acceptance, non-operational); not publication evidence, not final-study evidence, not formal acceptance evidence, not calibrated real-world results, and not an operational route plan or forecast. Base profile scope: Pilot full scenario-policy-seed output for quasi-real decision-support evaluation; not calibrated real-world results or an operational forecast."
goseong_mobilization,goseong_rail_delay_mild,rail_service,none,peak_congestion_multimodal,multimodal,scenario-defined bottleneck,0.62,14.97,4490.0,inf,inf,scaffold-only,"Engineering-only pilot output for quasi-real decision-support method review (non-publication, non-acceptance, non-operational); not publication evidence, not final-study evidence, not formal acceptance evidence, not calibrated real-world results, and not an operational route plan or forecast. Base profile scope: Pilot full scenario-policy-seed output for quasi-real decision-support evaluation; not calibrated real-world results or an operational forecast."
goseong_mobilization,goseong_rail_delay_mild,rail_service,none,rail_delay_or_partial_unavailability,multimodal,scenario-defined bottleneck,0.0,0.0,30.0,30.0,60.0,scaffold-only,"Engineering-only pilot output for quasi-real decision-support method review (non-publication, non-acceptance, non-operational); not publication evidence, not final-study evidence, not formal acceptance evidence, not calibrated real-world results, and not an operational route plan or forecast. Base profile scope: Pilot full scenario-policy-seed output for quasi-real decision-support evaluation; not calibrated real-world results or an operational forecast."
goseong_mobilization,goseong_rail_delay_mild,rail_service,none,severe_congestion_bus,bus_only,scenario-defined bottleneck,0.0,0.0,0.0,0.0,0.0,scaffold-only,"Engineering-only pilot output for quasi-real decision-support method review (non-publication, non-acceptance, non-operational); not publication evidence, not final-study evidence, not formal acceptance evidence, not calibrated real-world results, and not an operational route plan or forecast. Base profile scope: Pilot full scenario-policy-seed output for quasi-real decision-support evaluation; not calibrated real-world results or an operational forecast."
goseong_mobilization,goseong_rail_delay_mild,rail_service,none,severe_congestion_multimodal,multimodal,scenario-defined bottleneck,0.15,3.7,1115.23,0.0,1268.93,scaffold-only,"Engineering-only pilot output for quasi-real decision-support method review (non-publication, non-acceptance, non-operational); not publication evidence, not final-study evidence, not formal acceptance evidence, not calibrated real-world results, and not an operational route plan or forecast. Base profile scope: Pilot full scenario-policy-seed output for quasi-real decision-support evaluation; not calibrated real-world results or an operational forecast."
goseong_mobilization,goseong_rail_delay_mild,rail_service,none,staggered_or_adaptive_dispatch,multimodal,scenario-defined bottleneck,0.0,0.0,22.8,22.8,45.6,scaffold-only,"Engineering-only pilot output for quasi-real decision-support method review (non-publication, non-acceptance, non-operational); not publication evidence, not final-study evidence, not formal acceptance evidence, not calibrated real-world results, and not an operational route plan or forecast. Base profile scope: Pilot full scenario-policy-seed output for quasi-real decision-support evaluation; not calibrated real-world results or an operational forecast."
goseong_mobilization,goseong_rail_delay_mild,rail_service,none,transfer_stress_extreme,multimodal,scenario-defined bottleneck,0.0,0.0,20.0,20.0,40.0,scaffold-only,"Engineering-only pilot output for quasi-real decision-support method review (non-publication, non-acceptance, non-operational); not publication evidence, not final-study evidence, not formal acceptance evidence, not calibrated real-world results, and not an operational route plan or forecast. Base profile scope: Pilot full scenario-policy-seed output for quasi-real decision-support evaluation; not calibrated real-world results or an operational forecast."
goseong_mobilization,goseong_rail_delay_mild,rail_service,none,transfer_stress_mild,multimodal,scenario-defined bottleneck,0.0,0.0,25.0,25.0,50.0,scaffold-only,"Engineering-only pilot output for quasi-real decision-support method review (non-publication, non-acceptance, non-operational); not publication evidence, not final-study evidence, not formal acceptance evidence, not calibrated real-world results, and not an operational route plan or forecast. Base profile scope: Pilot full scenario-policy-seed output for quasi-real decision-support evaluation; not calibrated real-world results or an operational forecast."
goseong_mobilization,goseong_rail_delay_mild,rail_service,none,transfer_stress_moderate,multimodal,scenario-defined bottleneck,0.0,0.0,25.0,25.0,50.0,scaffold-only,"Engineering-only pilot output for quasi-real decision-support method review (non-publication, non-acceptance, non-operational); not publication evidence, not final-study evidence, not formal acceptance evidence, not calibrated real-world results, and not an operational route plan or forecast. Base profile scope: Pilot full scenario-policy-seed output for quasi-real decision-support evaluation; not calibrated real-world results or an operational forecast."
goseong_mobilization,goseong_rail_delay_mild,rail_service,none,transfer_stress_severe,multimodal,scenario-defined bottleneck,0.0,0.0,20.0,20.0,40.0,scaffold-only,"Engineering-only pilot output for quasi-real decision-support method review (non-publication, non-acceptance, non-operational); not publication evidence, not final-study evidence, not formal acceptance evidence, not calibrated real-world results, and not an operational route plan or forecast. Base profile scope: Pilot full scenario-policy-seed output for quasi-real decision-support evaluation; not calibrated real-world results or an operational forecast."
goseong_mobilization,goseong_rail_delay_severe,rail_service,none,baseline_multimodal,multimodal,scenario-defined bottleneck,0.0,0.07,132.04,114.71,246.82,scaffold-only,"Engineering-only pilot output for quasi-real decision-support method review (non-publication, non-acceptance, non-operational); not publication evidence, not final-study evidence, not formal acceptance evidence, not calibrated real-world results, and not an operational route plan or forecast. Base profile scope: Pilot full scenario-policy-seed output for quasi-real decision-support evaluation; not calibrated real-world results or an operational forecast."
goseong_mobilization,goseong_rail_delay_severe,rail_service,none,bus_only,bus_only,scenario-defined bottleneck,0.0,0.0,0.0,0.0,0.0,scaffold-only,"Engineering-only pilot output for quasi-real decision-support method review (non-publication, non-acceptance, non-operational); not publication evidence, not final-study evidence, not formal acceptance evidence, not calibrated real-world results, and not an operational route plan or forecast. Base profile scope: Pilot full scenario-policy-seed output for quasi-real decision-support evaluation; not calibrated real-world results or an operational forecast."
goseong_mobilization,goseong_rail_delay_severe,rail_service,none,fleet_shortage_severe,multimodal,scenario-defined bottleneck,0.16,3.83,1158.13,45.12,1367.08,scaffold-only,"Engineering-only pilot output for quasi-real decision-support method review (non-publication, non-acceptance, non-operational); not publication evidence, not final-study evidence, not formal acceptance evidence, not calibrated real-world results, and not an operational route plan or forecast. Base profile scope: Pilot full scenario-policy-seed output for quasi-real decision-support evaluation; not calibrated real-world results or an operational forecast."
goseong_mobilization,goseong_rail_delay_severe,rail_service,none,fleet_shortage_stress,multimodal,scenario-defined bottleneck,0.0,0.07,132.04,114.71,246.82,scaffold-only,"Engineering-only pilot output for quasi-real decision-support method review (non-publication, non-acceptance, non-operational); not publication evidence, not final-study evidence, not formal acceptance evidence, not calibrated real-world results, and not an operational route plan or forecast. Base profile scope: Pilot full scenario-policy-seed output for quasi-real decision-support evaluation; not calibrated real-world results or an operational forecast."
goseong_mobilization,goseong_rail_delay_severe,rail_service,none,heavy_congestion_bus,bus_only,scenario-defined bottleneck,0.0,0.0,0.0,0.0,0.0,scaffold-only,"Engineering-only pilot output for quasi-real decision-support method review (non-publication, non-acceptance, non-operational); not publication evidence, not final-study evidence, not formal acceptance evidence, not calibrated real-world results, and not an operational route plan or forecast. Base profile scope: Pilot full scenario-policy-seed output for quasi-real decision-support evaluation; not calibrated real-world results or an operational forecast."
goseong_mobilization,goseong_rail_delay_severe,rail_service,none,heavy_congestion_multimodal,multimodal,scenario-defined bottleneck,0.05,1.27,468.63,88.68,608.58,scaffold-only,"Engineering-only pilot output for quasi-real decision-support method review (non-publication, non-acceptance, non-operational); not publication evidence, not final-study evidence, not formal acceptance evidence, not calibrated real-world results, and not an operational route plan or forecast. Base profile scope: Pilot full scenario-policy-seed output for quasi-real decision-support evaluation; not calibrated real-world results or an operational forecast."
goseong_mobilization,goseong_rail_delay_severe,rail_service,none,lastmile_capacity_mild,multimodal,scenario-defined bottleneck,0.0,0.0,115.0,115.0,230.0,scaffold-only,"Engineering-only pilot output for quasi-real decision-support method review (non-publication, non-acceptance, non-operational); not publication evidence, not final-study evidence, not formal acceptance evidence, not calibrated real-world results, and not an operational route plan or forecast. Base profile scope: Pilot full scenario-policy-seed output for quasi-real decision-support evaluation; not calibrated real-world results or an operational forecast."
goseong_mobilization,goseong_rail_delay_severe,rail_service,none,lastmile_capacity_moderate,multimodal,scenario-defined bottleneck,0.0,0.0,115.0,115.0,230.0,scaffold-only,"Engineering-only pilot output for quasi-real decision-support method review (non-publication, non-acceptance, non-operational); not publication evidence, not final-study evidence, not formal acceptance evidence, not calibrated real-world results, and not an operational route plan or forecast. Base profile scope: Pilot full scenario-policy-seed output for quasi-real decision-support evaluation; not calibrated real-world results or an operational forecast."
goseong_mobilization,goseong_rail_delay_severe,rail_service,none,lastmile_capacity_severe,multimodal,scenario-defined bottleneck,0.0,0.0,115.0,115.0,230.0,scaffold-only,"Engineering-only pilot output for quasi-real decision-support method review (non-publication, non-acceptance, non-operational); not publication evidence, not final-study evidence, not formal acceptance evidence, not calibrated real-world results, and not an operational route plan or forecast. Base profile scope: Pilot full scenario-policy-seed output for quasi-real decision-support evaluation; not calibrated real-world results or an operational forecast."
goseong_mobilization,goseong_rail_delay_severe,rail_service,none,moderate_congestion_bus,bus_only,scenario-defined bottleneck,0.0,0.0,0.0,0.0,0.0,scaffold-only,"Engineering-only pilot output for quasi-real decision-support method review (non-publication, non-acceptance, non-operational); not publication evidence, not final-study evidence, not formal acceptance evidence, not calibrated real-world results, and not an operational route plan or forecast. Base profile scope: Pilot full scenario-policy-seed output for quasi-real decision-support evaluation; not calibrated real-world results or an operational forecast."
goseong_mobilization,goseong_rail_delay_severe,rail_service,none,moderate_congestion_multimodal,multimodal,scenario-defined bottleneck,0.01,0.17,161.84,114.45,286.46,scaffold-only,"Engineering-only pilot output for quasi-real decision-support method review (non-publication, non-acceptance, non-operational); not publication evidence, not final-study evidence, not formal acceptance evidence, not calibrated real-world results, and not an operational route plan or forecast. Base profile scope: Pilot full scenario-policy-seed output for quasi-real decision-support evaluation; not calibrated real-world results or an operational forecast."
goseong_mobilization,goseong_rail_delay_severe,rail_service,none,multimodal_increased_feeder_capacity,multimodal,scenario-defined bottleneck,0.0,0.0,115.0,115.0,230.0,scaffold-only,"Engineering-only pilot output for quasi-real decision-support method review (non-publication, non-acceptance, non-operational); not publication evidence, not final-study evidence, not formal acceptance evidence, not calibrated real-world results, and not an operational route plan or forecast. Base profile scope: Pilot full scenario-policy-seed output for quasi-real decision-support evaluation; not calibrated real-world results or an operational forecast."
goseong_mobilization,goseong_rail_delay_severe,rail_service,none,multimodal_lastmile_redundancy,multimodal,scenario-defined bottleneck,0.0,0.0,115.0,115.0,230.0,scaffold-only,"Engineering-only pilot output for quasi-real decision-support method review (non-publication, non-acceptance, non-operational); not publication evidence, not final-study evidence, not formal acceptance evidence, not calibrated real-world results, and not an operational route plan or forecast. Base profile scope: Pilot full scenario-policy-seed output for quasi-real decision-support evaluation; not calibrated real-world results or an operational forecast."
goseong_mobilization,goseong_rail_delay_severe,rail_service,none,peak_congestion_bus,bus_only,scenario-defined bottleneck,0.0,0.0,0.0,0.0,0.0,scaffold-only,"Engineering-only pilot output for quasi-real decision-support method review (non-publication, non-acceptance, non-operational); not publication evidence, not final-study evidence, not formal acceptance evidence, not calibrated real-world results, and not an operational route plan or forecast. Base profile scope: Pilot full scenario-policy-seed output for quasi-real decision-support evaluation; not calibrated real-world results or an operational forecast."
goseong_mobilization,goseong_rail_delay_severe,rail_service,none,peak_congestion_multimodal,multimodal,scenario-defined bottleneck,0.62,14.97,4490.0,inf,inf,scaffold-only,"Engineering-only pilot output for quasi-real decision-support method review (non-publication, non-acceptance, non-operational); not publication evidence, not final-study evidence, not formal acceptance evidence, not calibrated real-world results, and not an operational route plan or forecast. Base profile scope: Pilot full scenario-policy-seed output for quasi-real decision-support evaluation; not calibrated real-world results or an operational forecast."
goseong_mobilization,goseong_rail_delay_severe,rail_service,none,rail_delay_or_partial_unavailability,multimodal,scenario-defined bottleneck,0.02,0.43,253.1,137.05,410.58,scaffold-only,"Engineering-only pilot output for quasi-real decision-support method review (non-publication, non-acceptance, non-operational); not publication evidence, not final-study evidence, not formal acceptance evidence, not calibrated real-world results, and not an operational route plan or forecast. Base profile scope: Pilot full scenario-policy-seed output for quasi-real decision-support evaluation; not calibrated real-world results or an operational forecast."
goseong_mobilization,goseong_rail_delay_severe,rail_service,none,severe_congestion_bus,bus_only,scenario-defined bottleneck,0.0,0.0,0.0,0.0,0.0,scaffold-only,"Engineering-only pilot output for quasi-real decision-support method review (non-publication, non-acceptance, non-operational); not publication evidence, not final-study evidence, not formal acceptance evidence, not calibrated real-world results, and not an operational route plan or forecast. Base profile scope: Pilot full scenario-policy-seed output for quasi-real decision-support evaluation; not calibrated real-world results or an operational forecast."
goseong_mobilization,goseong_rail_delay_severe,rail_service,none,severe_congestion_multimodal,multimodal,scenario-defined bottleneck,0.47,11.44,3435.23,0.0,3916.67,scaffold-only,"Engineering-only pilot output for quasi-real decision-support method review (non-publication, non-acceptance, non-operational); not publication evidence, not final-study evidence, not formal acceptance evidence, not calibrated real-world results, and not an operational route plan or forecast. Base profile scope: Pilot full scenario-policy-seed output for quasi-real decision-support evaluation; not calibrated real-world results or an operational forecast."
goseong_mobilization,goseong_rail_delay_severe,rail_service,none,staggered_or_adaptive_dispatch,multimodal,scenario-defined bottleneck,0.0,0.0,114.0,114.0,228.0,scaffold-only,"Engineering-only pilot output for quasi-real decision-support method review (non-publication, non-acceptance, non-operational); not publication evidence, not final-study evidence, not formal acceptance evidence, not calibrated real-world results, and not an operational route plan or forecast. Base profile scope: Pilot full scenario-policy-seed output for quasi-real decision-support evaluation; not calibrated real-world results or an operational forecast."
goseong_mobilization,goseong_rail_delay_severe,rail_service,none,transfer_stress_extreme,multimodal,scenario-defined bottleneck,0.15,3.73,1217.73,93.64,1465.1,scaffold-only,"Engineering-only pilot output for quasi-real decision-support method review (non-publication, non-acceptance, non-operational); not publication evidence, not final-study evidence, not formal acceptance evidence, not calibrated real-world results, and not an operational route plan or forecast. Base profile scope: Pilot full scenario-policy-seed output for quasi-real decision-support evaluation; not calibrated real-world results or an operational forecast."
goseong_mobilization,goseong_rail_delay_severe,rail_service,none,transfer_stress_mild,multimodal,scenario-defined bottleneck,0.01,0.3,198.26,111.89,320.45,scaffold-only,"Engineering-only pilot output for quasi-real decision-support method review (non-publication, non-acceptance, non-operational); not publication evidence, not final-study evidence, not formal acceptance evidence, not calibrated real-world results, and not an operational route plan or forecast. Base profile scope: Pilot full scenario-policy-seed output for quasi-real decision-support evaluation; not calibrated real-world results or an operational forecast."
goseong_mobilization,goseong_rail_delay_severe,rail_service,none,transfer_stress_moderate,multimodal,scenario-defined bottleneck,0.01,0.3,199.54,110.07,319.91,scaffold-only,"Engineering-only pilot output for quasi-real decision-support method review (non-publication, non-acceptance, non-operational); not publication evidence, not final-study evidence, not formal acceptance evidence, not calibrated real-world results, and not an operational route plan or forecast. Base profile scope: Pilot full scenario-policy-seed output for quasi-real decision-support evaluation; not calibrated real-world results or an operational forecast."
goseong_mobilization,goseong_rail_delay_severe,rail_service,none,transfer_stress_severe,multimodal,scenario-defined bottleneck,0.02,0.53,259.89,104.08,384.5,scaffold-only,"Engineering-only pilot output for quasi-real decision-support method review (non-publication, non-acceptance, non-operational); not publication evidence, not final-study evidence, not formal acceptance evidence, not calibrated real-world results, and not an operational route plan or forecast. Base profile scope: Pilot full scenario-policy-seed output for quasi-real decision-support evaluation; not calibrated real-world results or an operational forecast."
goseong_mobilization,goseong_rail_unavailable,rail_service,none,baseline_multimodal,multimodal,scenario-defined bottleneck,1.0,24.0,7340.51,inf,inf,scaffold-only,"Engineering-only pilot output for quasi-real decision-support method review (non-publication, non-acceptance, non-operational); not publication evidence, not final-study evidence, not formal acceptance evidence, not calibrated real-world results, and not an operational route plan or forecast. Base profile scope: Pilot full scenario-policy-seed output for quasi-real decision-support evaluation; not calibrated real-world results or an operational forecast."
goseong_mobilization,goseong_rail_unavailable,rail_service,none,bus_only,bus_only,scenario-defined bottleneck,0.0,0.0,0.0,0.0,0.0,scaffold-only,"Engineering-only pilot output for quasi-real decision-support method review (non-publication, non-acceptance, non-operational); not publication evidence, not final-study evidence, not formal acceptance evidence, not calibrated real-world results, and not an operational route plan or forecast. Base profile scope: Pilot full scenario-policy-seed output for quasi-real decision-support evaluation; not calibrated real-world results or an operational forecast."
goseong_mobilization,goseong_rail_unavailable,rail_service,none,fleet_shortage_severe,multimodal,scenario-defined bottleneck,0.91,21.9,6578.13,inf,inf,scaffold-only,"Engineering-only pilot output for quasi-real decision-support method review (non-publication, non-acceptance, non-operational); not publication evidence, not final-study evidence, not formal acceptance evidence, not calibrated real-world results, and not an operational route plan or forecast. Base profile scope: Pilot full scenario-policy-seed output for quasi-real decision-support evaluation; not calibrated real-world results or an operational forecast."
goseong_mobilization,goseong_rail_unavailable,rail_service,none,fleet_shortage_stress,multimodal,scenario-defined bottleneck,1.0,24.0,7340.51,inf,inf,scaffold-only,"Engineering-only pilot output for quasi-real decision-support method review (non-publication, non-acceptance, non-operational); not publication evidence, not final-study evidence, not formal acceptance evidence, not calibrated real-world results, and not an operational route plan or forecast. Base profile scope: Pilot full scenario-policy-seed output for quasi-real decision-support evaluation; not calibrated real-world results or an operational forecast."
goseong_mobilization,goseong_rail_unavailable,rail_service,none,heavy_congestion_bus,bus_only,scenario-defined bottleneck,0.0,0.0,0.0,0.0,0.0,scaffold-only,"Engineering-only pilot output for quasi-real decision-support method review (non-publication, non-acceptance, non-operational); not publication evidence, not final-study evidence, not formal acceptance evidence, not calibrated real-world results, and not an operational route plan or forecast. Base profile scope: Pilot full scenario-policy-seed output for quasi-real decision-support evaluation; not calibrated real-world results or an operational forecast."
goseong_mobilization,goseong_rail_unavailable,rail_service,none,heavy_congestion_multimodal,multimodal,scenario-defined bottleneck,1.0,23.97,7292.74,inf,inf,scaffold-only,"Engineering-only pilot output for quasi-real decision-support method review (non-publication, non-acceptance, non-operational); not publication evidence, not final-study evidence, not formal acceptance evidence, not calibrated real-world results, and not an operational route plan or forecast. Base profile scope: Pilot full scenario-policy-seed output for quasi-real decision-support evaluation; not calibrated real-world results or an operational forecast."
goseong_mobilization,goseong_rail_unavailable,rail_service,none,lastmile_capacity_mild,multimodal,scenario-defined bottleneck,1.0,24.0,7392.76,inf,inf,scaffold-only,"Engineering-only pilot output for quasi-real decision-support method review (non-publication, non-acceptance, non-operational); not publication evidence, not final-study evidence, not formal acceptance evidence, not calibrated real-world results, and not an operational route plan or forecast. Base profile scope: Pilot full scenario-policy-seed output for quasi-real decision-support evaluation; not calibrated real-world results or an operational forecast."
goseong_mobilization,goseong_rail_unavailable,rail_service,none,lastmile_capacity_moderate,multimodal,scenario-defined bottleneck,1.0,24.0,7392.76,inf,inf,scaffold-only,"Engineering-only pilot output for quasi-real decision-support method review (non-publication, non-acceptance, non-operational); not publication evidence, not final-study evidence, not formal acceptance evidence, not calibrated real-world results, and not an operational route plan or forecast. Base profile scope: Pilot full scenario-policy-seed output for quasi-real decision-support evaluation; not calibrated real-world results or an operational forecast."
goseong_mobilization,goseong_rail_unavailable,rail_service,none,lastmile_capacity_severe,multimodal,scenario-defined bottleneck,1.0,24.0,7390.3,inf,inf,scaffold-only,"Engineering-only pilot output for quasi-real decision-support method review (non-publication, non-acceptance, non-operational); not publication evidence, not final-study evidence, not formal acceptance evidence, not calibrated real-world results, and not an operational route plan or forecast. Base profile scope: Pilot full scenario-policy-seed output for quasi-real decision-support evaluation; not calibrated real-world results or an operational forecast."
goseong_mobilization,goseong_rail_unavailable,rail_service,none,moderate_congestion_bus,bus_only,scenario-defined bottleneck,0.0,0.0,0.0,0.0,0.0,scaffold-only,"Engineering-only pilot output for quasi-real decision-support method review (non-publication, non-acceptance, non-operational); not publication evidence, not final-study evidence, not formal acceptance evidence, not calibrated real-world results, and not an operational route plan or forecast. Base profile scope: Pilot full scenario-policy-seed output for quasi-real decision-support evaluation; not calibrated real-world results or an operational forecast."
goseong_mobilization,goseong_rail_unavailable,rail_service,none,moderate_congestion_multimodal,multimodal,scenario-defined bottleneck,1.0,24.0,7338.29,inf,inf,scaffold-only,"Engineering-only pilot output for quasi-real decision-support method review (non-publication, non-acceptance, non-operational); not publication evidence, not final-study evidence, not formal acceptance evidence, not calibrated real-world results, and not an operational route plan or forecast. Base profile scope: Pilot full scenario-policy-seed output for quasi-real decision-support evaluation; not calibrated real-world results or an operational forecast."
goseong_mobilization,goseong_rail_unavailable,rail_service,none,multimodal_increased_feeder_capacity,multimodal,scenario-defined bottleneck,1.0,24.0,7351.1,inf,inf,scaffold-only,"Engineering-only pilot output for quasi-real decision-support method review (non-publication, non-acceptance, non-operational); not publication evidence, not final-study evidence, not formal acceptance evidence, not calibrated real-world results, and not an operational route plan or forecast. Base profile scope: Pilot full scenario-policy-seed output for quasi-real decision-support evaluation; not calibrated real-world results or an operational forecast."
goseong_mobilization,goseong_rail_unavailable,rail_service,none,multimodal_lastmile_redundancy,multimodal,scenario-defined bottleneck,1.0,24.0,7379.64,inf,inf,scaffold-only,"Engineering-only pilot output for quasi-real decision-support method review (non-publication, non-acceptance, non-operational); not publication evidence, not final-study evidence, not formal acceptance evidence, not calibrated real-world results, and not an operational route plan or forecast. Base profile scope: Pilot full scenario-policy-seed output for quasi-real decision-support evaluation; not calibrated real-world results or an operational forecast."
goseong_mobilization,goseong_rail_unavailable,rail_service,none,peak_congestion_bus,bus_only,scenario-defined bottleneck,0.0,0.0,0.0,0.0,0.0,scaffold-only,"Engineering-only pilot output for quasi-real decision-support method review (non-publication, non-acceptance, non-operational); not publication evidence, not final-study evidence, not formal acceptance evidence, not calibrated real-world results, and not an operational route plan or forecast. Base profile scope: Pilot full scenario-policy-seed output for quasi-real decision-support evaluation; not calibrated real-world results or an operational forecast."
goseong_mobilization,goseong_rail_unavailable,rail_service,none,peak_congestion_multimodal,multimodal,scenario-defined bottleneck,0.62,14.97,4490.0,inf,inf,scaffold-only,"Engineering-only pilot output for quasi-real decision-support method review (non-publication, non-acceptance, non-operational); not publication evidence, not final-study evidence, not formal acceptance evidence, not calibrated real-world results, and not an operational route plan or forecast. Base profile scope: Pilot full scenario-policy-seed output for quasi-real decision-support evaluation; not calibrated real-world results or an operational forecast."
goseong_mobilization,goseong_rail_unavailable,rail_service,none,rail_delay_or_partial_unavailability,multimodal,scenario-defined bottleneck,1.0,24.0,7327.55,inf,inf,scaffold-only,"Engineering-only pilot output for quasi-real decision-support method review (non-publication, non-acceptance, non-operational); not publication evidence, not final-study evidence, not formal acceptance evidence, not calibrated real-world results, and not an operational route plan or forecast. Base profile scope: Pilot full scenario-policy-seed output for quasi-real decision-support evaluation; not calibrated real-world results or an operational forecast."
goseong_mobilization,goseong_rail_unavailable,rail_service,none,severe_congestion_bus,bus_only,scenario-defined bottleneck,0.0,0.0,0.0,0.0,0.0,scaffold-only,"Engineering-only pilot output for quasi-real decision-support method review (non-publication, non-acceptance, non-operational); not publication evidence, not final-study evidence, not formal acceptance evidence, not calibrated real-world results, and not an operational route plan or forecast. Base profile scope: Pilot full scenario-policy-seed output for quasi-real decision-support evaluation; not calibrated real-world results or an operational forecast."
goseong_mobilization,goseong_rail_unavailable,rail_service,none,severe_congestion_multimodal,multimodal,scenario-defined bottleneck,0.93,22.37,6715.23,inf,inf,scaffold-only,"Engineering-only pilot output for quasi-real decision-support method review (non-publication, non-acceptance, non-operational); not publication evidence, not final-study evidence, not formal acceptance evidence, not calibrated real-world results, and not an operational route plan or forecast. Base profile scope: Pilot full scenario-policy-seed output for quasi-real decision-support evaluation; not calibrated real-world results or an operational forecast."
goseong_mobilization,goseong_rail_unavailable,rail_service,none,staggered_or_adaptive_dispatch,multimodal,scenario-defined bottleneck,1.0,24.0,7364.52,inf,inf,scaffold-only,"Engineering-only pilot output for quasi-real decision-support method review (non-publication, non-acceptance, non-operational); not publication evidence, not final-study evidence, not formal acceptance evidence, not calibrated real-world results, and not an operational route plan or forecast. Base profile scope: Pilot full scenario-policy-seed output for quasi-real decision-support evaluation; not calibrated real-world results or an operational forecast."
goseong_mobilization,goseong_rail_unavailable,rail_service,none,transfer_stress_extreme,multimodal,scenario-defined bottleneck,1.0,24.0,7302.22,inf,inf,scaffold-only,"Engineering-only pilot output for quasi-real decision-support method review (non-publication, non-acceptance, non-operational); not publication evidence, not final-study evidence, not formal acceptance evidence, not calibrated real-world results, and not an operational route plan or forecast. Base profile scope: Pilot full scenario-policy-seed output for quasi-real decision-support evaluation; not calibrated real-world results or an operational forecast."
goseong_mobilization,goseong_rail_unavailable,rail_service,none,transfer_stress_mild,multimodal,scenario-defined bottleneck,1.0,24.0,7340.53,inf,inf,scaffold-only,"Engineering-only pilot output for quasi-real decision-support method review (non-publication, non-acceptance, non-operational); not publication evidence, not final-study evidence, not formal acceptance evidence, not calibrated real-world results, and not an operational route plan or forecast. Base profile scope: Pilot full scenario-policy-seed output for quasi-real decision-support evaluation; not calibrated real-world results or an operational forecast."
goseong_mobilization,goseong_rail_unavailable,rail_service,none,transfer_stress_moderate,multimodal,scenario-defined bottleneck,1.0,24.0,7329.84,inf,inf,scaffold-only,"Engineering-only pilot output for quasi-real decision-support method review (non-publication, non-acceptance, non-operational); not publication evidence, not final-study evidence, not formal acceptance evidence, not calibrated real-world results, and not an operational route plan or forecast. Base profile scope: Pilot full scenario-policy-seed output for quasi-real decision-support evaluation; not calibrated real-world results or an operational forecast."
goseong_mobilization,goseong_rail_unavailable,rail_service,none,transfer_stress_severe,multimodal,scenario-defined bottleneck,1.0,24.0,7312.91,inf,inf,scaffold-only,"Engineering-only pilot output for quasi-real decision-support method review (non-publication, non-acceptance, non-operational); not publication evidence, not final-study evidence, not formal acceptance evidence, not calibrated real-world results, and not an operational route plan or forecast. Base profile scope: Pilot full scenario-policy-seed output for quasi-real decision-support evaluation; not calibrated real-world results or an operational forecast."
goseong_mobilization,goseong_spatial_assembly_egress,spatial_hazard_overlay,capacity_reduction,baseline_multimodal,multimodal,spatial exposure corridor,0.0,0.0,0.0,0.0,0.0,scaffold-only,"Engineering-only pilot output for quasi-real decision-support method review (non-publication, non-acceptance, non-operational); not publication evidence, not final-study evidence, not formal acceptance evidence, not calibrated real-world results, and not an operational route plan or forecast. Base profile scope: Pilot full scenario-policy-seed output for quasi-real decision-support evaluation; not calibrated real-world results or an operational forecast."
goseong_mobilization,goseong_spatial_assembly_egress,spatial_hazard_overlay,capacity_reduction,bus_only,bus_only,spatial exposure corridor,0.0,0.0,0.01,0.02,0.03,scaffold-only,"Engineering-only pilot output for quasi-real decision-support method review (non-publication, non-acceptance, non-operational); not publication evidence, not final-study evidence, not formal acceptance evidence, not calibrated real-world results, and not an operational route plan or forecast. Base profile scope: Pilot full scenario-policy-seed output for quasi-real decision-support evaluation; not calibrated real-world results or an operational forecast."
goseong_mobilization,goseong_spatial_assembly_egress,spatial_hazard_overlay,capacity_reduction,fleet_shortage_severe,multimodal,spatial exposure corridor,0.0,0.0,0.0,0.0,0.0,scaffold-only,"Engineering-only pilot output for quasi-real decision-support method review (non-publication, non-acceptance, non-operational); not publication evidence, not final-study evidence, not formal acceptance evidence, not calibrated real-world results, and not an operational route plan or forecast. Base profile scope: Pilot full scenario-policy-seed output for quasi-real decision-support evaluation; not calibrated real-world results or an operational forecast."
goseong_mobilization,goseong_spatial_assembly_egress,spatial_hazard_overlay,capacity_reduction,fleet_shortage_stress,multimodal,spatial exposure corridor,0.0,0.0,0.0,0.0,0.0,scaffold-only,"Engineering-only pilot output for quasi-real decision-support method review (non-publication, non-acceptance, non-operational); not publication evidence, not final-study evidence, not formal acceptance evidence, not calibrated real-world results, and not an operational route plan or forecast. Base profile scope: Pilot full scenario-policy-seed output for quasi-real decision-support evaluation; not calibrated real-world results or an operational forecast."
goseong_mobilization,goseong_spatial_assembly_egress,spatial_hazard_overlay,capacity_reduction,heavy_congestion_bus,bus_only,spatial exposure corridor,0.0,0.24,73.37,1.0,74.61,scaffold-only,"Engineering-only pilot output for quasi-real decision-support method review (non-publication, non-acceptance, non-operational); not publication evidence, not final-study evidence, not formal acceptance evidence, not calibrated real-world results, and not an operational route plan or forecast. Base profile scope: Pilot full scenario-policy-seed output for quasi-real decision-support evaluation; not calibrated real-world results or an operational forecast."
goseong_mobilization,goseong_spatial_assembly_egress,spatial_hazard_overlay,capacity_reduction,heavy_congestion_multimodal,multimodal,spatial exposure corridor,0.0,0.0,0.0,0.0,0.0,scaffold-only,"Engineering-only pilot output for quasi-real decision-support method review (non-publication, non-acceptance, non-operational); not publication evidence, not final-study evidence, not formal acceptance evidence, not calibrated real-world results, and not an operational route plan or forecast. Base profile scope: Pilot full scenario-policy-seed output for quasi-real decision-support evaluation; not calibrated real-world results or an operational forecast."
goseong_mobilization,goseong_spatial_assembly_egress,spatial_hazard_overlay,capacity_reduction,lastmile_capacity_mild,multimodal,spatial exposure corridor,0.0,0.0,0.0,0.0,0.0,scaffold-only,"Engineering-only pilot output for quasi-real decision-support method review (non-publication, non-acceptance, non-operational); not publication evidence, not final-study evidence, not formal acceptance evidence, not calibrated real-world results, and not an operational route plan or forecast. Base profile scope: Pilot full scenario-policy-seed output for quasi-real decision-support evaluation; not calibrated real-world results or an operational forecast."
goseong_mobilization,goseong_spatial_assembly_egress,spatial_hazard_overlay,capacity_reduction,lastmile_capacity_moderate,multimodal,spatial exposure corridor,0.0,0.0,0.0,0.0,0.0,scaffold-only,"Engineering-only pilot output for quasi-real decision-support method review (non-publication, non-acceptance, non-operational); not publication evidence, not final-study evidence, not formal acceptance evidence, not calibrated real-world results, and not an operational route plan or forecast. Base profile scope: Pilot full scenario-policy-seed output for quasi-real decision-support evaluation; not calibrated real-world results or an operational forecast."
goseong_mobilization,goseong_spatial_assembly_egress,spatial_hazard_overlay,capacity_reduction,lastmile_capacity_severe,multimodal,spatial exposure corridor,0.0,0.0,0.0,0.0,0.0,scaffold-only,"Engineering-only pilot output for quasi-real decision-support method review (non-publication, non-acceptance, non-operational); not publication evidence, not final-study evidence, not formal acceptance evidence, not calibrated real-world results, and not an operational route plan or forecast. Base profile scope: Pilot full scenario-policy-seed output for quasi-real decision-support evaluation; not calibrated real-world results or an operational forecast."
goseong_mobilization,goseong_spatial_assembly_egress,spatial_hazard_overlay,capacity_reduction,moderate_congestion_bus,bus_only,spatial exposure corridor,0.0,0.0,0.21,0.24,0.45,scaffold-only,"Engineering-only pilot output for quasi-real decision-support method review (non-publication, non-acceptance, non-operational); not publication evidence, not final-study evidence, not formal acceptance evidence, not calibrated real-world results, and not an operational route plan or forecast. Base profile scope: Pilot full scenario-policy-seed output for quasi-real decision-support evaluation; not calibrated real-world results or an operational forecast."
goseong_mobilization,goseong_spatial_assembly_egress,spatial_hazard_overlay,capacity_reduction,moderate_congestion_multimodal,multimodal,spatial exposure corridor,0.0,0.0,0.0,0.0,0.0,scaffold-only,"Engineering-only pilot output for quasi-real decision-support method review (non-publication, non-acceptance, non-operational); not publication evidence, not final-study evidence, not formal acceptance evidence, not calibrated real-world results, and not an operational route plan or forecast. Base profile scope: Pilot full scenario-policy-seed output for quasi-real decision-support evaluation; not calibrated real-world results or an operational forecast."
goseong_mobilization,goseong_spatial_assembly_egress,spatial_hazard_overlay,capacity_reduction,multimodal_increased_feeder_capacity,multimodal,spatial exposure corridor,0.0,0.0,0.0,0.0,0.0,scaffold-only,"Engineering-only pilot output for quasi-real decision-support method review (non-publication, non-acceptance, non-operational); not publication evidence, not final-study evidence, not formal acceptance evidence, not calibrated real-world results, and not an operational route plan or forecast. Base profile scope: Pilot full scenario-policy-seed output for quasi-real decision-support evaluation; not calibrated real-world results or an operational forecast."
goseong_mobilization,goseong_spatial_assembly_egress,spatial_hazard_overlay,capacity_reduction,multimodal_lastmile_redundancy,multimodal,spatial exposure corridor,0.0,0.0,0.0,0.0,0.0,scaffold-only,"Engineering-only pilot output for quasi-real decision-support method review (non-publication, non-acceptance, non-operational); not publication evidence, not final-study evidence, not formal acceptance evidence, not calibrated real-world results, and not an operational route plan or forecast. Base profile scope: Pilot full scenario-policy-seed output for quasi-real decision-support evaluation; not calibrated real-world results or an operational forecast."
goseong_mobilization,goseong_spatial_assembly_egress,spatial_hazard_overlay,capacity_reduction,peak_congestion_bus,bus_only,spatial exposure corridor,0.0,0.0,0.0,24.9,24.9,scaffold-only,"Engineering-only pilot output for quasi-real decision-support method review (non-publication, non-acceptance, non-operational); not publication evidence, not final-study evidence, not formal acceptance evidence, not calibrated real-world results, and not an operational route plan or forecast. Base profile scope: Pilot full scenario-policy-seed output for quasi-real decision-support evaluation; not calibrated real-world results or an operational forecast."
goseong_mobilization,goseong_spatial_assembly_egress,spatial_hazard_overlay,capacity_reduction,peak_congestion_multimodal,multimodal,spatial exposure corridor,0.62,14.97,4490.0,inf,inf,scaffold-only,"Engineering-only pilot output for quasi-real decision-support method review (non-publication, non-acceptance, non-operational); not publication evidence, not final-study evidence, not formal acceptance evidence, not calibrated real-world results, and not an operational route plan or forecast. Base profile scope: Pilot full scenario-policy-seed output for quasi-real decision-support evaluation; not calibrated real-world results or an operational forecast."
goseong_mobilization,goseong_spatial_assembly_egress,spatial_hazard_overlay,capacity_reduction,rail_delay_or_partial_unavailability,multimodal,spatial exposure corridor,0.0,0.0,0.0,0.0,0.0,scaffold-only,"Engineering-only pilot output for quasi-real decision-support method review (non-publication, non-acceptance, non-operational); not publication evidence, not final-study evidence, not formal acceptance evidence, not calibrated real-world results, and not an operational route plan or forecast. Base profile scope: Pilot full scenario-policy-seed output for quasi-real decision-support evaluation; not calibrated real-world results or an operational forecast."
goseong_mobilization,goseong_spatial_assembly_egress,spatial_hazard_overlay,capacity_reduction,severe_congestion_bus,bus_only,spatial exposure corridor,0.0,0.0,5.78,15.77,21.55,scaffold-only,"Engineering-only pilot output for quasi-real decision-support method review (non-publication, non-acceptance, non-operational); not publication evidence, not final-study evidence, not formal acceptance evidence, not calibrated real-world results, and not an operational route plan or forecast. Base profile scope: Pilot full scenario-policy-seed output for quasi-real decision-support evaluation; not calibrated real-world results or an operational forecast."
goseong_mobilization,goseong_spatial_assembly_egress,spatial_hazard_overlay,capacity_reduction,severe_congestion_multimodal,multimodal,spatial exposure corridor,0.0,0.0,0.0,8.07,8.07,scaffold-only,"Engineering-only pilot output for quasi-real decision-support method review (non-publication, non-acceptance, non-operational); not publication evidence, not final-study evidence, not formal acceptance evidence, not calibrated real-world results, and not an operational route plan or forecast. Base profile scope: Pilot full scenario-policy-seed output for quasi-real decision-support evaluation; not calibrated real-world results or an operational forecast."
goseong_mobilization,goseong_spatial_assembly_egress,spatial_hazard_overlay,capacity_reduction,staggered_or_adaptive_dispatch,multimodal,spatial exposure corridor,0.0,0.0,0.0,0.0,0.0,scaffold-only,"Engineering-only pilot output for quasi-real decision-support method review (non-publication, non-acceptance, non-operational); not publication evidence, not final-study evidence, not formal acceptance evidence, not calibrated real-world results, and not an operational route plan or forecast. Base profile scope: Pilot full scenario-policy-seed output for quasi-real decision-support evaluation; not calibrated real-world results or an operational forecast."
goseong_mobilization,goseong_spatial_assembly_egress,spatial_hazard_overlay,capacity_reduction,transfer_stress_extreme,multimodal,spatial exposure corridor,0.0,0.0,0.0,0.0,0.0,scaffold-only,"Engineering-only pilot output for quasi-real decision-support method review (non-publication, non-acceptance, non-operational); not publication evidence, not final-study evidence, not formal acceptance evidence, not calibrated real-world results, and not an operational route plan or forecast. Base profile scope: Pilot full scenario-policy-seed output for quasi-real decision-support evaluation; not calibrated real-world results or an operational forecast."
goseong_mobilization,goseong_spatial_assembly_egress,spatial_hazard_overlay,capacity_reduction,transfer_stress_mild,multimodal,spatial exposure corridor,0.0,0.0,0.0,0.0,0.0,scaffold-only,"Engineering-only pilot output for quasi-real decision-support method review (non-publication, non-acceptance, non-operational); not publication evidence, not final-study evidence, not formal acceptance evidence, not calibrated real-world results, and not an operational route plan or forecast. Base profile scope: Pilot full scenario-policy-seed output for quasi-real decision-support evaluation; not calibrated real-world results or an operational forecast."
goseong_mobilization,goseong_spatial_assembly_egress,spatial_hazard_overlay,capacity_reduction,transfer_stress_moderate,multimodal,spatial exposure corridor,0.0,0.0,0.0,0.0,0.0,scaffold-only,"Engineering-only pilot output for quasi-real decision-support method review (non-publication, non-acceptance, non-operational); not publication evidence, not final-study evidence, not formal acceptance evidence, not calibrated real-world results, and not an operational route plan or forecast. Base profile scope: Pilot full scenario-policy-seed output for quasi-real decision-support evaluation; not calibrated real-world results or an operational forecast."
goseong_mobilization,goseong_spatial_assembly_egress,spatial_hazard_overlay,capacity_reduction,transfer_stress_severe,multimodal,spatial exposure corridor,0.0,0.0,0.0,0.0,0.0,scaffold-only,"Engineering-only pilot output for quasi-real decision-support method review (non-publication, non-acceptance, non-operational); not publication evidence, not final-study evidence, not formal acceptance evidence, not calibrated real-world results, and not an operational route plan or forecast. Base profile scope: Pilot full scenario-policy-seed output for quasi-real decision-support evaluation; not calibrated real-world results or an operational forecast."
goseong_mobilization,goseong_rail_station_access,rail_station_access,capacity_reduction,baseline_multimodal,multimodal,station access road,0.0,0.0,0.0,0.0,0.0,scaffold-only,"Engineering-only pilot output for quasi-real decision-support method review (non-publication, non-acceptance, non-operational); not publication evidence, not final-study evidence, not formal acceptance evidence, not calibrated real-world results, and not an operational route plan or forecast. Base profile scope: Pilot full scenario-policy-seed output for quasi-real decision-support evaluation; not calibrated real-world results or an operational forecast."
goseong_mobilization,goseong_rail_station_access,rail_station_access,capacity_reduction,bus_only,bus_only,station access road,0.0,0.0,0.0,0.0,0.0,scaffold-only,"Engineering-only pilot output for quasi-real decision-support method review (non-publication, non-acceptance, non-operational); not publication evidence, not final-study evidence, not formal acceptance evidence, not calibrated real-world results, and not an operational route plan or forecast. Base profile scope: Pilot full scenario-policy-seed output for quasi-real decision-support evaluation; not calibrated real-world results or an operational forecast."
goseong_mobilization,goseong_rail_station_access,rail_station_access,capacity_reduction,fleet_shortage_severe,multimodal,station access road,0.0,0.0,0.0,0.0,0.0,scaffold-only,"Engineering-only pilot output for quasi-real decision-support method review (non-publication, non-acceptance, non-operational); not publication evidence, not final-study evidence, not formal acceptance evidence, not calibrated real-world results, and not an operational route plan or forecast. Base profile scope: Pilot full scenario-policy-seed output for quasi-real decision-support evaluation; not calibrated real-world results or an operational forecast."
goseong_mobilization,goseong_rail_station_access,rail_station_access,capacity_reduction,fleet_shortage_stress,multimodal,station access road,0.0,0.0,0.0,0.0,0.0,scaffold-only,"Engineering-only pilot output for quasi-real decision-support method review (non-publication, non-acceptance, non-operational); not publication evidence, not final-study evidence, not formal acceptance evidence, not calibrated real-world results, and not an operational route plan or forecast. Base profile scope: Pilot full scenario-policy-seed output for quasi-real decision-support evaluation; not calibrated real-world results or an operational forecast."
goseong_mobilization,goseong_rail_station_access,rail_station_access,capacity_reduction,heavy_congestion_bus,bus_only,station access road,0.0,0.0,0.0,0.0,0.0,scaffold-only,"Engineering-only pilot output for quasi-real decision-support method review (non-publication, non-acceptance, non-operational); not publication evidence, not final-study evidence, not formal acceptance evidence, not calibrated real-world results, and not an operational route plan or forecast. Base profile scope: Pilot full scenario-policy-seed output for quasi-real decision-support evaluation; not calibrated real-world results or an operational forecast."
goseong_mobilization,goseong_rail_station_access,rail_station_access,capacity_reduction,heavy_congestion_multimodal,multimodal,station access road,0.0,0.0,0.0,0.0,0.0,scaffold-only,"Engineering-only pilot output for quasi-real decision-support method review (non-publication, non-acceptance, non-operational); not publication evidence, not final-study evidence, not formal acceptance evidence, not calibrated real-world results, and not an operational route plan or forecast. Base profile scope: Pilot full scenario-policy-seed output for quasi-real decision-support evaluation; not calibrated real-world results or an operational forecast."
goseong_mobilization,goseong_rail_station_access,rail_station_access,capacity_reduction,lastmile_capacity_mild,multimodal,station access road,0.0,0.0,0.0,0.0,0.0,scaffold-only,"Engineering-only pilot output for quasi-real decision-support method review (non-publication, non-acceptance, non-operational); not publication evidence, not final-study evidence, not formal acceptance evidence, not calibrated real-world results, and not an operational route plan or forecast. Base profile scope: Pilot full scenario-policy-seed output for quasi-real decision-support evaluation; not calibrated real-world results or an operational forecast."
goseong_mobilization,goseong_rail_station_access,rail_station_access,capacity_reduction,lastmile_capacity_moderate,multimodal,station access road,0.0,0.0,0.0,0.0,0.0,scaffold-only,"Engineering-only pilot output for quasi-real decision-support method review (non-publication, non-acceptance, non-operational); not publication evidence, not final-study evidence, not formal acceptance evidence, not calibrated real-world results, and not an operational route plan or forecast. Base profile scope: Pilot full scenario-policy-seed output for quasi-real decision-support evaluation; not calibrated real-world results or an operational forecast."
goseong_mobilization,goseong_rail_station_access,rail_station_access,capacity_reduction,lastmile_capacity_severe,multimodal,station access road,0.0,0.0,0.0,0.0,0.0,scaffold-only,"Engineering-only pilot output for quasi-real decision-support method review (non-publication, non-acceptance, non-operational); not publication evidence, not final-study evidence, not formal acceptance evidence, not calibrated real-world results, and not an operational route plan or forecast. Base profile scope: Pilot full scenario-policy-seed output for quasi-real decision-support evaluation; not calibrated real-world results or an operational forecast."
goseong_mobilization,goseong_rail_station_access,rail_station_access,capacity_reduction,moderate_congestion_bus,bus_only,station access road,0.0,0.0,0.0,0.0,0.0,scaffold-only,"Engineering-only pilot output for quasi-real decision-support method review (non-publication, non-acceptance, non-operational); not publication evidence, not final-study evidence, not formal acceptance evidence, not calibrated real-world results, and not an operational route plan or forecast. Base profile scope: Pilot full scenario-policy-seed output for quasi-real decision-support evaluation; not calibrated real-world results or an operational forecast."
goseong_mobilization,goseong_rail_station_access,rail_station_access,capacity_reduction,moderate_congestion_multimodal,multimodal,station access road,0.0,0.0,0.0,0.0,0.0,scaffold-only,"Engineering-only pilot output for quasi-real decision-support method review (non-publication, non-acceptance, non-operational); not publication evidence, not final-study evidence, not formal acceptance evidence, not calibrated real-world results, and not an operational route plan or forecast. Base profile scope: Pilot full scenario-policy-seed output for quasi-real decision-support evaluation; not calibrated real-world results or an operational forecast."
goseong_mobilization,goseong_rail_station_access,rail_station_access,capacity_reduction,multimodal_increased_feeder_capacity,multimodal,station access road,0.0,0.0,0.0,0.0,0.0,scaffold-only,"Engineering-only pilot output for quasi-real decision-support method review (non-publication, non-acceptance, non-operational); not publication evidence, not final-study evidence, not formal acceptance evidence, not calibrated real-world results, and not an operational route plan or forecast. Base profile scope: Pilot full scenario-policy-seed output for quasi-real decision-support evaluation; not calibrated real-world results or an operational forecast."
goseong_mobilization,goseong_rail_station_access,rail_station_access,capacity_reduction,multimodal_lastmile_redundancy,multimodal,station access road,0.0,0.0,0.0,0.0,0.0,scaffold-only,"Engineering-only pilot output for quasi-real decision-support method review (non-publication, non-acceptance, non-operational); not publication evidence, not final-study evidence, not formal acceptance evidence, not calibrated real-world results, and not an operational route plan or forecast. Base profile scope: Pilot full scenario-policy-seed output for quasi-real decision-support evaluation; not calibrated real-world results or an operational forecast."
goseong_mobilization,goseong_rail_station_access,rail_station_access,capacity_reduction,peak_congestion_bus,bus_only,station access road,0.0,0.0,0.0,0.0,0.0,scaffold-only,"Engineering-only pilot output for quasi-real decision-support method review (non-publication, non-acceptance, non-operational); not publication evidence, not final-study evidence, not formal acceptance evidence, not calibrated real-world results, and not an operational route plan or forecast. Base profile scope: Pilot full scenario-policy-seed output for quasi-real decision-support evaluation; not calibrated real-world results or an operational forecast."
goseong_mobilization,goseong_rail_station_access,rail_station_access,capacity_reduction,peak_congestion_multimodal,multimodal,station access road,0.0,0.0,0.0,0.04,0.04,scaffold-only,"Engineering-only pilot output for quasi-real decision-support method review (non-publication, non-acceptance, non-operational); not publication evidence, not final-study evidence, not formal acceptance evidence, not calibrated real-world results, and not an operational route plan or forecast. Base profile scope: Pilot full scenario-policy-seed output for quasi-real decision-support evaluation; not calibrated real-world results or an operational forecast."
goseong_mobilization,goseong_rail_station_access,rail_station_access,capacity_reduction,rail_delay_or_partial_unavailability,multimodal,station access road,0.0,0.0,0.0,0.0,0.0,scaffold-only,"Engineering-only pilot output for quasi-real decision-support method review (non-publication, non-acceptance, non-operational); not publication evidence, not final-study evidence, not formal acceptance evidence, not calibrated real-world results, and not an operational route plan or forecast. Base profile scope: Pilot full scenario-policy-seed output for quasi-real decision-support evaluation; not calibrated real-world results or an operational forecast."
goseong_mobilization,goseong_rail_station_access,rail_station_access,capacity_reduction,severe_congestion_bus,bus_only,station access road,0.0,0.0,0.0,0.0,0.0,scaffold-only,"Engineering-only pilot output for quasi-real decision-support method review (non-publication, non-acceptance, non-operational); not publication evidence, not final-study evidence, not formal acceptance evidence, not calibrated real-world results, and not an operational route plan or forecast. Base profile scope: Pilot full scenario-policy-seed output for quasi-real decision-support evaluation; not calibrated real-world results or an operational forecast."
goseong_mobilization,goseong_rail_station_access,rail_station_access,capacity_reduction,severe_congestion_multimodal,multimodal,station access road,0.0,0.07,20.01,0.03,20.11,scaffold-only,"Engineering-only pilot output for quasi-real decision-support method review (non-publication, non-acceptance, non-operational); not publication evidence, not final-study evidence, not formal acceptance evidence, not calibrated real-world results, and not an operational route plan or forecast. Base profile scope: Pilot full scenario-policy-seed output for quasi-real decision-support evaluation; not calibrated real-world results or an operational forecast."
goseong_mobilization,goseong_rail_station_access,rail_station_access,capacity_reduction,staggered_or_adaptive_dispatch,multimodal,station access road,0.0,0.0,0.0,0.0,0.0,scaffold-only,"Engineering-only pilot output for quasi-real decision-support method review (non-publication, non-acceptance, non-operational); not publication evidence, not final-study evidence, not formal acceptance evidence, not calibrated real-world results, and not an operational route plan or forecast. Base profile scope: Pilot full scenario-policy-seed output for quasi-real decision-support evaluation; not calibrated real-world results or an operational forecast."
goseong_mobilization,goseong_rail_station_access,rail_station_access,capacity_reduction,transfer_stress_extreme,multimodal,station access road,0.0,0.0,0.0,0.0,0.0,scaffold-only,"Engineering-only pilot output for quasi-real decision-support method review (non-publication, non-acceptance, non-operational); not publication evidence, not final-study evidence, not formal acceptance evidence, not calibrated real-world results, and not an operational route plan or forecast. Base profile scope: Pilot full scenario-policy-seed output for quasi-real decision-support evaluation; not calibrated real-world results or an operational forecast."
goseong_mobilization,goseong_rail_station_access,rail_station_access,capacity_reduction,transfer_stress_mild,multimodal,station access road,0.0,0.0,0.0,0.0,0.0,scaffold-only,"Engineering-only pilot output for quasi-real decision-support method review (non-publication, non-acceptance, non-operational); not publication evidence, not final-study evidence, not formal acceptance evidence, not calibrated real-world results, and not an operational route plan or forecast. Base profile scope: Pilot full scenario-policy-seed output for quasi-real decision-support evaluation; not calibrated real-world results or an operational forecast."
goseong_mobilization,goseong_rail_station_access,rail_station_access,capacity_reduction,transfer_stress_moderate,multimodal,station access road,0.0,0.0,0.0,0.0,0.0,scaffold-only,"Engineering-only pilot output for quasi-real decision-support method review (non-publication, non-acceptance, non-operational); not publication evidence, not final-study evidence, not formal acceptance evidence, not calibrated real-world results, and not an operational route plan or forecast. Base profile scope: Pilot full scenario-policy-seed output for quasi-real decision-support evaluation; not calibrated real-world results or an operational forecast."
goseong_mobilization,goseong_rail_station_access,rail_station_access,capacity_reduction,transfer_stress_severe,multimodal,station access road,0.0,0.0,0.0,0.0,0.0,scaffold-only,"Engineering-only pilot output for quasi-real decision-support method review (non-publication, non-acceptance, non-operational); not publication evidence, not final-study evidence, not formal acceptance evidence, not calibrated real-world results, and not an operational route plan or forecast. Base profile scope: Pilot full scenario-policy-seed output for quasi-real decision-support evaluation; not calibrated real-world results or an operational forecast."
