bus_fleet_size,bus_dispatch_interval_min,p_fail_scale,rep,seed,s,bus_makespan,multi_makespan,delta_makespan,bus_penalized_makespan,multi_penalized_makespan,delta_penalized_makespan,bus_success_count,multi_success_count,bus_success_rate,multi_success_rate,delta_success_rate,bus_completion_rate,multi_completion_rate,delta_completion_rate,bus_resource_eff,multi_resource_eff,delta_resource_eff,bus_leftover,multi_leftover,bus_censored_count,multi_censored_count,bus_total_personnel,multi_total_personnel,bus_bus_trips,multi_bus_trips,bus_train_trips,multi_train_trips,bus_bus_minutes,multi_bus_minutes,bus_train_minutes,multi_train_minutes,bus_lastmile_minutes,multi_lastmile_minutes,bus_lastmile_vehicle_minutes,multi_lastmile_vehicle_minutes,bus_road_vehicle_service_minutes,multi_road_vehicle_service_minutes,delta_road_vehicle_service_minutes,bus_train_service_minutes,multi_train_service_minutes,delta_train_service_minutes,bus_total_service_minutes,multi_total_service_minutes,delta_total_service_minutes,bus_passenger_travel_minutes,multi_passenger_travel_minutes,delta_passenger_travel_minutes,bus_passengers_per_vehicle_minute,multi_passengers_per_vehicle_minute,delta_passengers_per_vehicle_minute,bus_passengers_per_total_service_minute,multi_passengers_per_total_service_minute,delta_passengers_per_total_service_minute,bus_arrival_q50_min,multi_arrival_q50_min,delta_arrival_q50_min,bus_arrival_q90_min,multi_arrival_q90_min,delta_arrival_q90_min,bus_arrival_q95_min,multi_arrival_q95_min,delta_arrival_q95_min,bus_prob_completion_within_window,multi_prob_completion_within_window,delta_prob_completion_within_window
15,3.0,0.5,0,1,1.2,597.8869932008124,696.0349748954934,-98.147981694681,597.8869932008124,696.0349748954934,-98.147981694681,1000.0,1000.0,1.0,1.0,0.0,1.0,1.0,0.0,0.9703,0.9479,0.022400000000000087,0.0,0.0,0.0,0.0,1000.0,1000.0,24.0,23.0,0.0,9.0,1030.64,31.19,0.0,540.0,0.0,483.8,0.0,483.8,1030.64,514.99,515.6500000000001,0.0,540.0,-540.0,1030.64,1054.99,-24.34999999999991,42943.41,82391.01,-39447.59999999999,0.9703,1.9418,-0.9714999999999999,0.9703,0.9479,0.022400000000000087,561.9434197920257,641.0349489585966,-79.09152916657092,588.8868910533511,681.5349748954935,-92.64808384214246,594.8869581986547,691.0349748954934,-96.14801669683868,1.0,1.0,0.0
15,3.0,0.5,1,2,1.2,597.7512847774318,696.0349748954934,-98.2836901180616,597.7512847774318,696.0349748954934,-98.2836901180616,1000.0,1000.0,1.0,1.0,0.0,1.0,1.0,0.0,1.0141,0.9479,0.06620000000000004,0.0,0.0,0.0,0.0,1000.0,1000.0,23.0,23.0,0.0,9.0,986.14,31.19,0.0,540.0,0.0,483.8,0.0,483.8,986.14,514.99,471.15,0.0,540.0,-540.0,986.14,1054.99,-68.85000000000002,42875.56,82391.01,-39515.45,1.0141,1.9418,-0.9277,1.0141,0.9479,0.06620000000000004,561.8755607761644,641.0349489585966,-79.15938818243217,589.051205006943,681.5349748954935,-92.48376988855057,594.7512565205773,691.0349748954934,-96.28371837491613,1.0,1.0,0.0
15,3.0,0.5,2,3,1.2,597.0485906195004,700.9585883729338,-103.90999775343346,597.0485906195004,700.9585883729338,-103.90999775343346,1000.0,1000.0,1.0,1.0,0.0,1.0,1.0,0.0,0.9798,0.856,0.12380000000000002,0.0,0.0,0.0,0.0,1000.0,1000.0,24.0,23.0,0.0,9.0,1020.58,31.19,0.0,540.0,0.0,597.05,0.0,597.05,1020.58,628.24,392.34000000000003,0.0,540.0,-540.0,1020.58,1168.24,-147.65999999999997,42524.23,87314.6,-44790.37,0.9798,1.5918,-0.6120000000000001,0.9798,0.856,0.12380000000000002,561.524234577091,645.9585554191221,-84.43432084203118,588.0485098511405,686.458588372934,-98.41007852179348,594.0485629431697,695.9585883729338,-101.91002542976412,1.0,1.0,0.0
15,3.0,0.5,3,4,1.2,inf,inf,,1441440.0,1441440.0,0.0,0.0,0.0,0.0,0.0,0.0,0.0,0.0,0.0,0.0,0.0,0.0,1000.0,1000.0,1000.0,1000.0,1000.0,1000.0,0.0,0.0,0.0,0.0,0.0,0.0,0.0,0.0,0.0,0.0,0.0,0.0,0.0,0.0,0.0,0.0,0.0,0.0,0.0,0.0,0.0,0.0,0.0,0.0,0.0,0.0,0.0,0.0,0.0,0.0,1440.0,1440.0,0.0,1440.0,1440.0,0.0,1440.0,1440.0,0.0,0.0,0.0,0.0
15,3.0,0.5,4,5,1.2,597.969787958216,696.0349748954934,-98.06518693727742,597.969787958216,696.0349748954934,-98.06518693727742,1000.0,1000.0,1.0,1.0,0.0,1.0,1.0,0.0,0.9693,0.9479,0.021400000000000086,0.0,0.0,0.0,0.0,1000.0,1000.0,24.0,23.0,0.0,9.0,1031.64,31.19,0.0,540.0,0.0,483.8,0.0,483.8,1031.64,514.99,516.6500000000001,0.0,540.0,-540.0,1031.64,1054.99,-23.34999999999991,42984.82,82391.01,-39406.189999999995,0.9693,1.9418,-0.9724999999999999,0.9693,0.9479,0.021400000000000086,561.9848300373077,641.0349489585966,-79.05011892128891,588.9697029220193,681.5349748954935,-92.56527197347418,594.9697588194556,691.0349748954934,-96.06521607603781,1.0,1.0,0.0
15,3.0,0.5,5,6,1.2,inf,inf,,1441440.0,1441440.0,0.0,0.0,0.0,0.0,0.0,0.0,0.0,0.0,0.0,0.0,0.0,0.0,1000.0,1000.0,1000.0,1000.0,1000.0,1000.0,0.0,23.0,0.0,9.0,0.0,31.19,0.0,540.0,0.0,0.0,0.0,0.0,0.0,31.19,-31.19,0.0,540.0,-540.0,0.0,571.19,-571.19,0.0,61356.11,-61356.11,0.0,0.0,0.0,0.0,0.0,0.0,1440.0,1440.0,0.0,1440.0,1440.0,0.0,1440.0,1440.0,0.0,0.0,0.0,0.0
15,3.0,0.5,6,7,1.2,597.0485906195004,700.2586599581538,-103.2100693386534,597.0485906195004,700.2586599581538,-103.2100693386534,1000.0,1000.0,1.0,1.0,0.0,1.0,1.0,0.0,0.9798,0.868,0.11180000000000001,0.0,0.0,0.0,0.0,1000.0,1000.0,24.0,23.0,0.0,9.0,1020.58,31.19,0.0,540.0,0.0,580.95,0.0,580.95,1020.58,612.14,408.44000000000005,0.0,540.0,-540.0,1020.58,1152.14,-131.56000000000006,42524.23,86614.68,-44090.44999999999,0.9798,1.6336,-0.6537999999999999,0.9798,0.868,0.11180000000000001,561.524234577091,645.258627987424,-83.73439341033304,588.0485098511405,685.7586599581539,-97.71015010701342,594.0485629431697,695.2586599581538,-101.21009701498406,1.0,1.0,0.0
15,3.0,0.5,7,8,1.2,inf,inf,,1441440.0,1441440.0,0.0,0.0,0.0,0.0,0.0,0.0,0.0,0.0,0.0,0.0,0.0,0.0,1000.0,1000.0,1000.0,1000.0,1000.0,1000.0,0.0,23.0,0.0,9.0,0.0,31.19,0.0,540.0,0.0,0.0,0.0,0.0,0.0,31.19,-31.19,0.0,540.0,-540.0,0.0,571.19,-571.19,0.0,61356.11,-61356.11,0.0,0.0,0.0,0.0,0.0,0.0,1440.0,1440.0,0.0,1440.0,1440.0,0.0,1440.0,1440.0,0.0,0.0,0.0,0.0
15,3.0,0.5,8,9,1.2,597.0485906195004,696.0349748954934,-98.98638427599303,597.0485906195004,696.0349748954934,-98.98638427599303,1000.0,1000.0,1.0,1.0,0.0,1.0,1.0,0.0,0.9798,0.9479,0.03190000000000004,0.0,0.0,0.0,0.0,1000.0,1000.0,24.0,23.0,0.0,9.0,1020.58,31.19,0.0,540.0,0.0,483.8,0.0,483.8,1020.58,514.99,505.59000000000003,0.0,540.0,-540.0,1020.58,1054.99,-34.40999999999997,42524.23,82391.01,-39866.77999999999,0.9798,1.9418,-0.962,0.9798,0.9479,0.03190000000000004,561.524234577091,641.0349489585966,-79.51071438150564,588.0485098511405,681.5349748954935,-93.48646504435305,594.0485629431697,691.0349748954934,-96.98641195232369,1.0,1.0,0.0
15,3.0,0.5,9,10,1.2,597.0485906195004,696.0349748954934,-98.98638427599303,597.0485906195004,696.0349748954934,-98.98638427599303,1000.0,1000.0,1.0,1.0,0.0,1.0,1.0,0.0,0.9798,0.9479,0.03190000000000004,0.0,0.0,0.0,0.0,1000.0,1000.0,24.0,23.0,0.0,9.0,1020.58,31.19,0.0,540.0,0.0,483.8,0.0,483.8,1020.58,514.99,505.59000000000003,0.0,540.0,-540.0,1020.58,1054.99,-34.40999999999997,42524.23,82391.01,-39866.77999999999,0.9798,1.9418,-0.962,0.9798,0.9479,0.03190000000000004,561.524234577091,641.0349489585966,-79.51071438150564,588.0485098511405,681.5349748954935,-93.48646504435305,594.0485629431697,691.0349748954934,-96.98641195232369,1.0,1.0,0.0
15,3.0,0.5,10,11,1.2,599.0979667236853,696.0349748954934,-96.93700817180809,599.0979667236853,696.0349748954934,-96.93700817180809,1000.0,1000.0,1.0,1.0,0.0,1.0,1.0,0.0,0.9984,0.9479,0.05049999999999999,0.0,0.0,0.0,0.0,1000.0,1000.0,23.0,23.0,0.0,9.0,1001.62,31.19,0.0,540.0,0.0,483.8,0.0,483.8,1001.62,514.99,486.63,0.0,540.0,-540.0,1001.62,1054.99,-53.370000000000005,43548.89,82391.01,-38842.119999999995,0.9984,1.9418,-0.9434,0.9984,0.9479,0.05049999999999999,562.5489002805878,641.0349489585966,-78.48604867800884,590.39786018192,681.5349748954935,-91.13711471357351,596.097928983724,691.0349748954934,-94.93704591176936,1.0,1.0,0.0
15,3.0,0.5,11,12,1.2,597.0485629431697,700.933978306757,-103.8854153635873,597.0485629431697,700.933978306757,-103.8854153635873,1000.0,1000.0,1.0,1.0,0.0,1.0,1.0,0.0,1.0224,0.8564,0.16599999999999993,0.0,0.0,0.0,0.0,1000.0,1000.0,23.0,23.0,0.0,9.0,978.06,31.19,0.0,540.0,0.0,596.48,0.0,596.48,978.06,627.67,350.39,0.0,540.0,-540.0,978.06,1167.67,-189.61000000000013,42524.2,87290.0,-44765.8,1.0224,1.5932,-0.5708,1.0224,0.8564,0.16599999999999993,561.5242037255962,645.9339464844287,-84.40974275883252,588.3484869519721,686.4339783067571,-98.08549135478506,594.0485360250419,695.933978306757,-101.88544228171509,1.0,1.0,0.0
15,3.0,0.5,12,13,1.2,597.8869932008124,696.0349748954934,-98.147981694681,597.8869932008124,696.0349748954934,-98.147981694681,1000.0,1000.0,1.0,1.0,0.0,1.0,1.0,0.0,0.9703,0.9479,0.022400000000000087,0.0,0.0,0.0,0.0,1000.0,1000.0,24.0,23.0,0.0,9.0,1030.64,31.19,0.0,540.0,0.0,483.8,0.0,483.8,1030.64,514.99,515.6500000000001,0.0,540.0,-540.0,1030.64,1054.99,-24.34999999999991,42943.41,82391.01,-39447.59999999999,0.9703,1.9418,-0.9714999999999999,0.9703,0.9479,0.022400000000000087,561.9434197920257,641.0349489585966,-79.09152916657092,588.8868910533511,681.5349748954935,-92.64808384214246,594.8869581986547,691.0349748954934,-96.14801669683868,1.0,1.0,0.0
15,3.0,0.5,13,14,1.2,597.0485906195004,696.0349748954934,-98.98638427599303,597.0485906195004,696.0349748954934,-98.98638427599303,1000.0,1000.0,1.0,1.0,0.0,1.0,1.0,0.0,0.9798,0.9479,0.03190000000000004,0.0,0.0,0.0,0.0,1000.0,1000.0,24.0,23.0,0.0,9.0,1020.58,31.19,0.0,540.0,0.0,483.8,0.0,483.8,1020.58,514.99,505.59000000000003,0.0,540.0,-540.0,1020.58,1054.99,-34.40999999999997,42524.23,82391.01,-39866.77999999999,0.9798,1.9418,-0.962,0.9798,0.9479,0.03190000000000004,561.524234577091,641.0349489585966,-79.51071438150564,588.0485098511405,681.5349748954935,-93.48646504435305,594.0485629431697,691.0349748954934,-96.98641195232369,1.0,1.0,0.0
15,3.0,0.5,14,15,1.2,604.0996711928827,696.0349748954934,-91.93530370261067,604.0996711928827,696.0349748954934,-91.93530370261067,1000.0,1000.0,1.0,1.0,0.0,1.0,1.0,0.0,0.9442,0.9479,-0.0036999999999999256,0.0,0.0,0.0,0.0,1000.0,1000.0,23.0,23.0,0.0,9.0,1059.14,31.19,0.0,540.0,0.0,483.8,0.0,483.8,1059.14,514.99,544.1500000000001,0.0,540.0,-540.0,1059.14,1054.99,4.150000000000091,46049.77,82391.01,-36341.24,0.9442,1.9418,-0.9975999999999999,0.9442,0.9479,-0.0036999999999999256,565.0497841901513,641.0349489585966,-75.98516476844532,595.3995764459992,681.5349748954935,-86.13539844949435,601.0996376309866,691.0349748954934,-89.93533726450676,1.0,1.0,0.0
15,3.0,0.5,15,16,1.2,597.0485906195004,696.0349748954934,-98.98638427599303,597.0485906195004,696.0349748954934,-98.98638427599303,1000.0,1000.0,1.0,1.0,0.0,1.0,1.0,0.0,0.9798,0.9479,0.03190000000000004,0.0,0.0,0.0,0.0,1000.0,1000.0,24.0,23.0,0.0,9.0,1020.58,31.19,0.0,540.0,0.0,483.8,0.0,483.8,1020.58,514.99,505.59000000000003,0.0,540.0,-540.0,1020.58,1054.99,-34.40999999999997,42524.23,82391.01,-39866.77999999999,0.9798,1.9418,-0.962,0.9798,0.9479,0.03190000000000004,561.524234577091,641.0349489585966,-79.51071438150564,588.0485098511405,681.5349748954935,-93.48646504435305,594.0485629431697,691.0349748954934,-96.98641195232369,1.0,1.0,0.0
15,3.0,0.5,16,17,1.2,597.0485629431697,696.0349771303399,-98.98641418717023,597.0485629431697,696.0349771303399,-98.98641418717023,1000.0,1000.0,1.0,1.0,0.0,1.0,1.0,0.0,1.0224,0.9479,0.07450000000000001,0.0,0.0,0.0,0.0,1000.0,1000.0,23.0,23.0,0.0,9.0,978.06,31.19,0.0,540.0,0.0,483.8,0.0,483.8,978.06,514.99,463.06999999999994,0.0,540.0,-540.0,978.06,1054.99,-76.93000000000006,42524.2,82391.01,-39866.81,1.0224,1.9418,-0.9194,1.0224,0.9479,0.07450000000000001,561.5242037255962,641.0349516079461,-79.51074788234996,588.3484869519721,681.53497713034,-93.18649017836799,594.0485360250419,691.0349771303399,-96.98644110529801,1.0,1.0,0.0
15,3.0,0.5,17,18,1.2,inf,inf,,1441440.0,1441440.0,0.0,0.0,0.0,0.0,0.0,0.0,0.0,0.0,0.0,0.0,0.0,0.0,1000.0,1000.0,1000.0,1000.0,1000.0,1000.0,0.0,0.0,0.0,0.0,0.0,0.0,0.0,0.0,0.0,0.0,0.0,0.0,0.0,0.0,0.0,0.0,0.0,0.0,0.0,0.0,0.0,0.0,0.0,0.0,0.0,0.0,0.0,0.0,0.0,0.0,1440.0,1440.0,0.0,1440.0,1440.0,0.0,1440.0,1440.0,0.0,0.0,0.0,0.0
15,3.0,0.5,18,19,1.2,597.0485906195004,inf,-inf,597.0485906195004,1441440.0,-1440842.9514093804,1000.0,0.0,1.0,0.0,1.0,1.0,0.0,1.0,0.9798,0.0,0.9798,0.0,1000.0,0.0,1000.0,1000.0,1000.0,24.0,23.0,0.0,9.0,1020.58,31.19,0.0,540.0,0.0,0.0,0.0,0.0,1020.58,31.19,989.39,0.0,540.0,-540.0,1020.58,571.19,449.39,42524.23,61356.11,-18831.879999999997,0.9798,0.0,0.9798,0.9798,0.0,0.9798,561.524234577091,1440.0,-878.475765422909,588.0485098511405,1440.0,-851.9514901488595,594.0485629431697,1440.0,-845.9514370568303,1.0,0.0,1.0
15,3.0,0.5,19,20,1.2,597.0485906195004,696.0349748954934,-98.98638427599303,597.0485906195004,696.0349748954934,-98.98638427599303,1000.0,1000.0,1.0,1.0,0.0,1.0,1.0,0.0,0.9798,0.9479,0.03190000000000004,0.0,0.0,0.0,0.0,1000.0,1000.0,24.0,23.0,0.0,9.0,1020.58,31.19,0.0,540.0,0.0,483.8,0.0,483.8,1020.58,514.99,505.59000000000003,0.0,540.0,-540.0,1020.58,1054.99,-34.40999999999997,42524.23,82391.01,-39866.77999999999,0.9798,1.9418,-0.962,0.9798,0.9479,0.03190000000000004,561.524234577091,641.0349489585966,-79.51071438150564,588.0485098511405,681.5349748954935,-93.48646504435305,594.0485629431697,691.0349748954934,-96.98641195232369,1.0,1.0,0.0
15,3.0,1.0,0,1,1.2,598.7835499791383,696.0349748954934,-97.25142491635506,598.7835499791383,696.0349748954934,-97.25142491635506,1000.0,1000.0,1.0,1.0,0.0,1.0,1.0,0.0,0.9602,0.9479,0.012300000000000089,0.0,0.0,0.0,0.0,1000.0,1000.0,24.0,23.0,0.0,9.0,1041.4,31.19,0.0,540.0,0.0,483.8,0.0,483.8,1041.4,514.99,526.4100000000001,0.0,540.0,-540.0,1041.4,1054.99,-13.589999999999918,43391.71,82391.01,-38999.299999999996,0.9602,1.9418,-0.9815999999999999,0.9602,0.9479,0.012300000000000089,562.3917264781223,641.0349489585966,-78.64322248047426,589.7834572290527,681.5349748954935,-91.7515176664408,595.7835181971134,691.0349748954934,-95.25145669838003,1.0,1.0,0.0
15,3.0,1.0,1,2,1.2,599.0531048579664,inf,-inf,599.0531048579664,1441440.0,-1440840.946895142,1000.0,0.0,1.0,0.0,1.0,1.0,0.0,1.0,0.9989,0.0,0.9989,0.0,1000.0,0.0,1000.0,1000.0,1000.0,23.0,23.0,0.0,9.0,1001.11,31.19,0.0,540.0,0.0,0.0,0.0,0.0,1001.11,31.19,969.92,0.0,540.0,-540.0,1001.11,571.19,429.91999999999996,43526.47,61356.11,-17829.64,0.9989,0.0,0.9989,0.9989,0.0,0.9989,562.5264747406088,1440.0,-877.4735252593912,590.3530052319244,1440.0,-849.6469947680756,596.0530695677401,1440.0,-843.9469304322599,1.0,0.0,1.0
15,3.0,1.0,2,3,1.2,597.0485906195004,700.9585883729338,-103.90999775343346,597.0485906195004,700.9585883729338,-103.90999775343346,1000.0,1000.0,1.0,1.0,0.0,1.0,1.0,0.0,0.9798,0.856,0.12380000000000002,0.0,0.0,0.0,0.0,1000.0,1000.0,24.0,23.0,0.0,9.0,1020.58,31.19,0.0,540.0,0.0,597.05,0.0,597.05,1020.58,628.24,392.34000000000003,0.0,540.0,-540.0,1020.58,1168.24,-147.65999999999997,42524.23,87314.6,-44790.37,0.9798,1.5918,-0.6120000000000001,0.9798,0.856,0.12380000000000002,561.524234577091,645.9585554191221,-84.43432084203118,588.0485098511405,686.458588372934,-98.41007852179348,594.0485629431697,695.9585883729338,-101.91002542976412,1.0,1.0,0.0
15,3.0,1.0,3,4,1.2,inf,inf,,1441440.0,1441440.0,0.0,0.0,0.0,0.0,0.0,0.0,0.0,0.0,0.0,0.0,0.0,0.0,1000.0,1000.0,1000.0,1000.0,1000.0,1000.0,0.0,0.0,0.0,0.0,0.0,0.0,0.0,0.0,0.0,0.0,0.0,0.0,0.0,0.0,0.0,0.0,0.0,0.0,0.0,0.0,0.0,0.0,0.0,0.0,0.0,0.0,0.0,0.0,0.0,0.0,1440.0,1440.0,0.0,1440.0,1440.0,0.0,1440.0,1440.0,0.0,0.0,0.0,0.0
15,3.0,1.0,4,5,1.2,597.969787958216,696.1744686893275,-98.20468073111147,597.969787958216,696.1744686893275,-98.20468073111147,1000.0,1000.0,1.0,1.0,0.0,1.0,1.0,0.0,0.9693,0.945,0.0243000000000001,0.0,0.0,0.0,0.0,1000.0,1000.0,24.0,23.0,0.0,9.0,1031.64,31.19,0.0,540.0,0.0,487.01,0.0,487.01,1031.64,518.2,513.44,0.0,540.0,-540.0,1031.64,1058.2,-26.559999999999945,42984.82,82530.5,-39545.68,0.9693,1.9298,-0.9604999999999999,0.9693,0.945,0.0243000000000001,561.9848300373077,641.1744410415415,-79.18961100423383,588.9697029220193,681.6744686893276,-92.70476576730823,594.9697588194556,691.1744686893275,-96.20470986987186,1.0,1.0,0.0
15,3.0,1.0,5,6,1.2,inf,inf,,1441440.0,1441440.0,0.0,0.0,0.0,0.0,0.0,0.0,0.0,0.0,0.0,0.0,0.0,0.0,1000.0,1000.0,1000.0,1000.0,1000.0,1000.0,0.0,23.0,0.0,9.0,0.0,31.19,0.0,540.0,0.0,0.0,0.0,0.0,0.0,31.19,-31.19,0.0,540.0,-540.0,0.0,571.19,-571.19,0.0,61356.11,-61356.11,0.0,0.0,0.0,0.0,0.0,0.0,1440.0,1440.0,0.0,1440.0,1440.0,0.0,1440.0,1440.0,0.0,0.0,0.0,0.0
15,3.0,1.0,6,7,1.2,597.8869932008124,700.2586599581538,-102.37166675734136,597.8869932008124,700.2586599581538,-102.37166675734136,1000.0,1000.0,1.0,1.0,0.0,1.0,1.0,0.0,0.9703,0.868,0.10230000000000006,0.0,0.0,0.0,0.0,1000.0,1000.0,24.0,23.0,0.0,9.0,1030.64,31.19,0.0,540.0,0.0,580.95,0.0,580.95,1030.64,612.14,418.5000000000001,0.0,540.0,-540.0,1030.64,1152.14,-121.5,42943.41,86614.68,-43671.26999999999,0.9703,1.6336,-0.6632999999999999,0.9703,0.868,0.10230000000000006,561.9434197920257,645.258627987424,-83.31520819539833,588.8868910533511,685.7586599581539,-96.87176890480282,594.8869581986547,695.2586599581538,-100.37170175949905,1.0,1.0,0.0
15,3.0,1.0,7,8,1.2,inf,inf,,1441440.0,1441440.0,0.0,0.0,0.0,0.0,0.0,0.0,0.0,0.0,0.0,0.0,0.0,0.0,1000.0,1000.0,1000.0,1000.0,1000.0,1000.0,0.0,23.0,0.0,9.0,0.0,31.19,0.0,540.0,0.0,0.0,0.0,0.0,0.0,31.19,-31.19,0.0,540.0,-540.0,0.0,571.19,-571.19,0.0,61356.11,-61356.11,0.0,0.0,0.0,0.0,0.0,0.0,1440.0,1440.0,0.0,1440.0,1440.0,0.0,1440.0,1440.0,0.0,0.0,0.0,0.0
15,3.0,1.0,8,9,1.2,600.0218591057279,696.0349748954934,-96.0131157897655,600.0218591057279,696.0349748954934,-96.0131157897655,1000.0,1000.0,1.0,1.0,0.0,1.0,1.0,0.0,0.9467,0.9479,-0.0011999999999999789,0.0,0.0,0.0,0.0,1000.0,1000.0,24.0,23.0,0.0,9.0,1056.26,31.19,0.0,540.0,0.0,483.8,0.0,483.8,1056.26,514.99,541.27,0.0,540.0,-540.0,1056.26,1054.99,1.2699999999999818,44010.86,82391.01,-38380.149999999994,0.9467,1.9418,-0.9951,0.9467,0.9479,-0.0011999999999999789,563.0108805992406,641.0349489585966,-78.02406835935597,591.0217655102357,681.5349748954935,-90.51320938525782,597.0218270340139,691.0349748954934,-94.01314786147952,1.0,1.0,0.0
15,3.0,1.0,9,10,1.2,inf,inf,,1441440.0,1441440.0,0.0,0.0,0.0,0.0,0.0,0.0,0.0,0.0,0.0,0.0,0.0,0.0,1000.0,1000.0,1000.0,1000.0,1000.0,1000.0,0.0,23.0,0.0,9.0,0.0,31.19,0.0,540.0,0.0,0.0,0.0,0.0,0.0,31.19,-31.19,0.0,540.0,-540.0,0.0,571.19,-571.19,0.0,61356.11,-61356.11,0.0,0.0,0.0,0.0,0.0,0.0,1440.0,1440.0,0.0,1440.0,1440.0,0.0,1440.0,1440.0,0.0,0.0,0.0,0.0
15,3.0,1.0,10,11,1.2,599.0979667236853,696.0349748954934,-96.93700817180809,599.0979667236853,696.0349748954934,-96.93700817180809,1000.0,1000.0,1.0,1.0,0.0,1.0,1.0,0.0,0.9984,0.9479,0.05049999999999999,0.0,0.0,0.0,0.0,1000.0,1000.0,23.0,23.0,0.0,9.0,1001.62,31.19,0.0,540.0,0.0,483.8,0.0,483.8,1001.62,514.99,486.63,0.0,540.0,-540.0,1001.62,1054.99,-53.370000000000005,43548.89,82391.01,-38842.119999999995,0.9984,1.9418,-0.9434,0.9984,0.9479,0.05049999999999999,562.5489002805878,641.0349489585966,-78.48604867800884,590.39786018192,681.5349748954935,-91.13711471357351,596.097928983724,691.0349748954934,-94.93704591176936,1.0,1.0,0.0
15,3.0,1.0,11,12,1.2,597.3504206620778,700.933978306757,-103.58355764467922,597.3504206620778,700.933978306757,-103.58355764467922,1000.0,1000.0,1.0,1.0,0.0,1.0,1.0,0.0,1.0188,0.8564,0.16239999999999988,0.0,0.0,0.0,0.0,1000.0,1000.0,23.0,23.0,0.0,9.0,981.53,31.19,0.0,540.0,0.0,596.48,0.0,596.48,981.53,627.67,353.86,0.0,540.0,-540.0,981.53,1167.67,-186.1400000000001,42675.13,87290.0,-44614.87,1.0188,1.5932,-0.5744,1.0188,0.8564,0.16239999999999988,561.6751282372506,645.9339464844287,-84.25881824717806,588.6503404212143,686.4339783067571,-97.78363788554282,594.3503922386038,695.933978306757,-101.58358606815318,1.0,1.0,0.0
15,3.0,1.0,12,13,1.2,inf,inf,,1441440.0,1441440.0,0.0,0.0,0.0,0.0,0.0,0.0,0.0,0.0,0.0,0.0,0.0,0.0,1000.0,1000.0,1000.0,1000.0,1000.0,1000.0,0.0,23.0,0.0,9.0,0.0,31.19,0.0,540.0,0.0,0.0,0.0,0.0,0.0,31.19,-31.19,0.0,540.0,-540.0,0.0,571.19,-571.19,0.0,61356.11,-61356.11,0.0,0.0,0.0,0.0,0.0,0.0,1440.0,1440.0,0.0,1440.0,1440.0,0.0,1440.0,1440.0,0.0,0.0,0.0,0.0
15,3.0,1.0,13,14,1.2,597.0485906195004,inf,-inf,597.0485906195004,1441440.0,-1440842.9514093804,1000.0,0.0,1.0,0.0,1.0,1.0,0.0,1.0,0.9798,0.0,0.9798,0.0,1000.0,0.0,1000.0,1000.0,1000.0,24.0,23.0,0.0,9.0,1020.58,31.19,0.0,540.0,0.0,0.0,0.0,0.0,1020.58,31.19,989.39,0.0,540.0,-540.0,1020.58,571.19,449.39,42524.23,61356.11,-18831.879999999997,0.9798,0.0,0.9798,0.9798,0.0,0.9798,561.524234577091,1440.0,-878.475765422909,588.0485098511405,1440.0,-851.9514901488595,594.0485629431697,1440.0,-845.9514370568303,1.0,0.0,1.0
15,3.0,1.0,14,15,1.2,604.0996711928827,696.0349748954934,-91.93530370261067,604.0996711928827,696.0349748954934,-91.93530370261067,1000.0,1000.0,1.0,1.0,0.0,1.0,1.0,0.0,0.9442,0.9479,-0.0036999999999999256,0.0,0.0,0.0,0.0,1000.0,1000.0,23.0,23.0,0.0,9.0,1059.14,31.19,0.0,540.0,0.0,483.8,0.0,483.8,1059.14,514.99,544.1500000000001,0.0,540.0,-540.0,1059.14,1054.99,4.150000000000091,46049.77,82391.01,-36341.24,0.9442,1.9418,-0.9975999999999999,0.9442,0.9479,-0.0036999999999999256,565.0497841901513,641.0349489585966,-75.98516476844532,595.3995764459992,681.5349748954935,-86.13539844949435,601.0996376309866,691.0349748954934,-89.93533726450676,1.0,1.0,0.0
15,3.0,1.0,15,16,1.2,597.0485906195004,696.0349748954934,-98.98638427599303,597.0485906195004,696.0349748954934,-98.98638427599303,1000.0,1000.0,1.0,1.0,0.0,1.0,1.0,0.0,0.9798,0.9479,0.03190000000000004,0.0,0.0,0.0,0.0,1000.0,1000.0,24.0,23.0,0.0,9.0,1020.58,31.19,0.0,540.0,0.0,483.8,0.0,483.8,1020.58,514.99,505.59000000000003,0.0,540.0,-540.0,1020.58,1054.99,-34.40999999999997,42524.23,82391.01,-39866.77999999999,0.9798,1.9418,-0.962,0.9798,0.9479,0.03190000000000004,561.524234577091,641.0349489585966,-79.51071438150564,588.0485098511405,681.5349748954935,-93.48646504435305,594.0485629431697,691.0349748954934,-96.98641195232369,1.0,1.0,0.0
15,3.0,1.0,16,17,1.2,597.0485629431697,696.0349771303399,-98.98641418717023,597.0485629431697,696.0349771303399,-98.98641418717023,1000.0,1000.0,1.0,1.0,0.0,1.0,1.0,0.0,1.0224,0.9479,0.07450000000000001,0.0,0.0,0.0,0.0,1000.0,1000.0,23.0,23.0,0.0,9.0,978.06,31.19,0.0,540.0,0.0,483.8,0.0,483.8,978.06,514.99,463.06999999999994,0.0,540.0,-540.0,978.06,1054.99,-76.93000000000006,42524.2,82391.01,-39866.81,1.0224,1.9418,-0.9194,1.0224,0.9479,0.07450000000000001,561.5242037255962,641.0349516079461,-79.51074788234996,588.3484869519721,681.53497713034,-93.18649017836799,594.0485360250419,691.0349771303399,-96.98644110529801,1.0,1.0,0.0
15,3.0,1.0,17,18,1.2,inf,inf,,1441440.0,1441440.0,0.0,0.0,0.0,0.0,0.0,0.0,0.0,0.0,0.0,0.0,0.0,0.0,1000.0,1000.0,1000.0,1000.0,1000.0,1000.0,0.0,0.0,0.0,0.0,0.0,0.0,0.0,0.0,0.0,0.0,0.0,0.0,0.0,0.0,0.0,0.0,0.0,0.0,0.0,0.0,0.0,0.0,0.0,0.0,0.0,0.0,0.0,0.0,0.0,0.0,1440.0,1440.0,0.0,1440.0,1440.0,0.0,1440.0,1440.0,0.0,0.0,0.0,0.0
15,3.0,1.0,18,19,1.2,598.8473428676094,inf,-inf,598.8473428676094,1441440.0,-1440841.1526571324,1000.0,0.0,1.0,0.0,1.0,1.0,0.0,1.0,0.9595,0.0,0.9595,0.0,1000.0,0.0,1000.0,1000.0,1000.0,24.0,23.0,0.0,9.0,1042.17,31.19,0.0,540.0,0.0,0.0,0.0,0.0,1042.17,31.19,1010.98,0.0,540.0,-540.0,1042.17,571.19,470.98,43423.61,61356.11,-17932.5,0.9595,0.0,0.9595,0.9595,0.0,0.9595,562.423626997761,1440.0,-877.576373002239,589.8472579093747,1440.0,-850.1527420906253,595.8473137555636,1440.0,-844.1526862444364,1.0,0.0,1.0
15,3.0,1.0,19,20,1.2,600.2087956328198,696.0349748954934,-95.82617926267358,600.2087956328198,696.0349748954934,-95.82617926267358,1000.0,1000.0,1.0,1.0,0.0,1.0,1.0,0.0,0.9447,0.9479,-0.0031999999999999806,0.0,0.0,0.0,0.0,1000.0,1000.0,24.0,23.0,0.0,9.0,1058.5,31.19,0.0,540.0,0.0,483.8,0.0,483.8,1058.5,514.99,543.51,0.0,540.0,-540.0,1058.5,1054.99,3.509999999999991,44104.32,82391.01,-38286.689999999995,0.9447,1.9418,-0.9971,0.9447,0.9479,-0.0031999999999999806,563.1043419310477,641.0349489585966,-77.93060702754894,591.2086887843851,681.5349748954935,-90.3262861111084,597.2087590198129,691.0349748954934,-93.82621587568053,1.0,1.0,0.0
15,3.0,2.0,0,1,1.2,inf,inf,,1441440.0,1441440.0,0.0,0.0,0.0,0.0,0.0,0.0,0.0,0.0,0.0,0.0,0.0,0.0,1000.0,1000.0,1000.0,1000.0,1000.0,1000.0,0.0,0.0,0.0,0.0,0.0,0.0,0.0,0.0,0.0,0.0,0.0,0.0,0.0,0.0,0.0,0.0,0.0,0.0,0.0,0.0,0.0,0.0,0.0,0.0,0.0,0.0,0.0,0.0,0.0,0.0,1440.0,1440.0,0.0,1440.0,1440.0,0.0,1440.0,1440.0,0.0,0.0,0.0,0.0
15,3.0,2.0,1,2,1.2,inf,inf,,1441440.0,1441440.0,0.0,0.0,0.0,0.0,0.0,0.0,0.0,0.0,0.0,0.0,0.0,0.0,1000.0,1000.0,1000.0,1000.0,1000.0,1000.0,0.0,23.0,0.0,9.0,0.0,31.19,0.0,540.0,0.0,0.0,0.0,0.0,0.0,31.19,-31.19,0.0,540.0,-540.0,0.0,571.19,-571.19,0.0,61356.11,-61356.11,0.0,0.0,0.0,0.0,0.0,0.0,1440.0,1440.0,0.0,1440.0,1440.0,0.0,1440.0,1440.0,0.0,0.0,0.0,0.0
15,3.0,2.0,2,3,1.2,600.356888155038,705.9585883729338,-105.60170021789588,600.356888155038,705.9585883729338,-105.60170021789588,1000.0,1000.0,1.0,1.0,0.0,1.0,1.0,0.0,0.9431,0.813,0.1301000000000001,0.0,0.0,0.0,0.0,1000.0,1000.0,24.0,23.0,0.0,8.0,1060.28,152.91,0.0,480.0,0.0,597.05,0.0,597.05,1060.28,749.95,310.3299999999999,0.0,480.0,-480.0,1060.28,1229.95,-169.67000000000007,44178.38,92606.6,-48428.22000000001,0.9431,1.3334,-0.39029999999999987,0.9431,0.813,0.1301000000000001,563.1783954892782,650.9585883729338,-87.78019288365567,591.356795258128,691.458588372934,-100.1017931148059,597.3568563227017,700.9585883729338,-103.60173205023216,1.0,1.0,0.0
15,3.0,2.0,3,4,1.2,inf,inf,,1441440.0,1441440.0,0.0,0.0,0.0,0.0,0.0,0.0,0.0,0.0,0.0,0.0,0.0,0.0,1000.0,1000.0,1000.0,1000.0,1000.0,1000.0,0.0,0.0,0.0,0.0,0.0,0.0,0.0,0.0,0.0,0.0,0.0,0.0,0.0,0.0,0.0,0.0,0.0,0.0,0.0,0.0,0.0,0.0,0.0,0.0,0.0,0.0,0.0,0.0,0.0,0.0,1440.0,1440.0,0.0,1440.0,1440.0,0.0,1440.0,1440.0,0.0,0.0,0.0,0.0
15,3.0,2.0,4,5,1.2,602.4024237661753,inf,-inf,602.4024237661753,1441440.0,-1440837.5975762338,1000.0,0.0,1.0,0.0,1.0,1.0,0.0,1.0,0.9218,0.0,0.9218,0.0,1000.0,0.0,1000.0,1000.0,1000.0,24.0,23.0,0.0,9.0,1084.83,31.19,0.0,540.0,0.0,0.0,0.0,0.0,1084.83,31.19,1053.6399999999999,0.0,540.0,-540.0,1084.83,571.19,513.6399999999999,45201.13,61356.11,-16154.980000000003,0.9218,0.0,0.9218,0.9218,0.0,0.9218,564.2011519464473,1440.0,-875.7988480535527,593.4023091720152,1440.0,-846.5976908279848,599.4023844989949,1440.0,-840.5976155010051,1.0,0.0,1.0
15,3.0,2.0,5,6,1.2,inf,inf,,1441440.0,1441440.0,0.0,0.0,0.0,0.0,0.0,0.0,0.0,0.0,0.0,0.0,0.0,0.0,1000.0,1000.0,1000.0,1000.0,1000.0,1000.0,0.0,23.0,0.0,9.0,0.0,31.19,0.0,540.0,0.0,0.0,0.0,0.0,0.0,31.19,-31.19,0.0,540.0,-540.0,0.0,571.19,-571.19,0.0,61356.11,-61356.11,0.0,0.0,0.0,0.0,0.0,0.0,1440.0,1440.0,0.0,1440.0,1440.0,0.0,1440.0,1440.0,0.0,0.0,0.0,0.0
15,3.0,2.0,6,7,1.2,inf,inf,,1441440.0,1441440.0,0.0,0.0,0.0,0.0,0.0,0.0,0.0,0.0,0.0,0.0,0.0,0.0,1000.0,1000.0,1000.0,1000.0,1000.0,1000.0,0.0,0.0,0.0,0.0,0.0,0.0,0.0,0.0,0.0,0.0,0.0,0.0,0.0,0.0,0.0,0.0,0.0,0.0,0.0,0.0,0.0,0.0,0.0,0.0,0.0,0.0,0.0,0.0,0.0,0.0,1440.0,1440.0,0.0,1440.0,1440.0,0.0,1440.0,1440.0,0.0,0.0,0.0,0.0
15,3.0,2.0,7,8,1.2,inf,inf,,1441440.0,1441440.0,0.0,0.0,0.0,0.0,0.0,0.0,0.0,0.0,0.0,0.0,0.0,0.0,1000.0,1000.0,1000.0,1000.0,1000.0,1000.0,0.0,23.0,0.0,9.0,0.0,31.19,0.0,540.0,0.0,0.0,0.0,0.0,0.0,31.19,-31.19,0.0,540.0,-540.0,0.0,571.19,-571.19,0.0,61356.11,-61356.11,0.0,0.0,0.0,0.0,0.0,0.0,1440.0,1440.0,0.0,1440.0,1440.0,0.0,1440.0,1440.0,0.0,0.0,0.0,0.0
15,3.0,2.0,8,9,1.2,604.0999992609983,inf,-inf,604.0999992609983,1441440.0,-1440835.900000739,1000.0,0.0,1.0,0.0,1.0,1.0,0.0,1.0,0.9048,0.0,0.9048,0.0,1000.0,0.0,1000.0,1000.0,1000.0,24.0,23.0,0.0,8.0,1105.2,166.91,0.0,480.0,0.0,0.0,0.0,0.0,1105.2,166.91,938.2900000000001,0.0,480.0,-480.0,1105.2,646.91,458.2900000000001,46049.93,67256.94,-21207.010000000002,0.9048,0.0,0.9048,0.9048,0.0,0.9048,565.0499648421251,1440.0,-874.9500351578749,595.0998832340736,1440.0,-844.9001167659264,601.0999595028613,1440.0,-838.9000404971387,1.0,0.0,1.0
15,3.0,2.0,9,10,1.2,inf,inf,,1441440.0,1441440.0,0.0,0.0,0.0,0.0,0.0,0.0,0.0,0.0,0.0,0.0,0.0,0.0,1000.0,1000.0,1000.0,1000.0,1000.0,1000.0,0.0,23.0,0.0,9.0,0.0,31.19,0.0,540.0,0.0,0.0,0.0,0.0,0.0,31.19,-31.19,0.0,540.0,-540.0,0.0,571.19,-571.19,0.0,61356.11,-61356.11,0.0,0.0,0.0,0.0,0.0,0.0,1440.0,1440.0,0.0,1440.0,1440.0,0.0,1440.0,1440.0,0.0,0.0,0.0,0.0
15,3.0,2.0,10,11,1.2,601.3799138971266,inf,-inf,601.3799138971266,1441440.0,-1440838.620086103,1000.0,0.0,1.0,0.0,1.0,1.0,0.0,1.0,0.9729,0.0,0.9729,0.0,1000.0,0.0,1000.0,1000.0,1000.0,23.0,23.0,0.0,9.0,1027.87,31.19,0.0,540.0,0.0,0.0,0.0,0.0,1027.87,31.19,996.6799999999998,0.0,540.0,-540.0,1027.87,571.19,456.67999999999984,44689.88,61356.11,-16666.230000000003,0.9729,0.0,0.9729,0.9729,0.0,0.9729,563.6898844483829,1440.0,-876.3101155516171,592.6798209243234,1440.0,-847.3201790756766,598.379880963657,1440.0,-841.620119036343,1.0,0.0,1.0
15,3.0,2.0,11,12,1.2,599.9623024318573,700.9585883729338,-100.99628594107651,599.9623024318573,700.9585883729338,-100.99628594107651,1000.0,1000.0,1.0,1.0,0.0,1.0,1.0,0.0,0.9886,0.856,0.13260000000000005,0.0,0.0,0.0,0.0,1000.0,1000.0,23.0,23.0,0.0,9.0,1011.57,31.19,0.0,540.0,0.0,597.05,0.0,597.05,1011.57,628.24,383.33000000000004,0.0,540.0,-540.0,1011.57,1168.24,-156.66999999999996,43981.08,87314.6,-43333.520000000004,0.9886,1.5918,-0.6032000000000001,0.9886,0.856,0.13260000000000005,562.9810911311428,645.9585554191221,-82.97746428797939,591.262225380311,686.458588372934,-95.196362992623,596.9622751381256,695.9585883729338,-98.99631323480821,1.0,1.0,0.0
15,3.0,2.0,12,13,1.2,inf,inf,,1441440.0,1441440.0,0.0,0.0,0.0,0.0,0.0,0.0,0.0,0.0,0.0,0.0,0.0,0.0,1000.0,1000.0,1000.0,1000.0,1000.0,1000.0,0.0,23.0,0.0,9.0,0.0,31.19,0.0,540.0,0.0,0.0,0.0,0.0,0.0,31.19,-31.19,0.0,540.0,-540.0,0.0,571.19,-571.19,0.0,61356.11,-61356.11,0.0,0.0,0.0,0.0,0.0,0.0,1440.0,1440.0,0.0,1440.0,1440.0,0.0,1440.0,1440.0,0.0,0.0,0.0,0.0
15,3.0,2.0,13,14,1.2,604.97813446954,inf,-inf,604.97813446954,1441440.0,-1440835.0218655304,1000.0,0.0,1.0,0.0,1.0,1.0,0.0,1.0,0.8963,0.0,0.8963,0.0,1000.0,0.0,1000.0,1000.0,1000.0,24.0,23.0,0.0,9.0,1115.74,31.19,0.0,540.0,0.0,0.0,0.0,0.0,1115.74,31.19,1084.55,0.0,540.0,-540.0,1115.74,571.19,544.55,46489.01,61356.11,-14867.099999999999,0.8963,0.0,0.8963,0.8963,0.0,0.8963,565.4890399343255,1440.0,-874.5109600656745,595.9780434165172,1440.0,-844.0219565834828,601.9781032690362,1440.0,-838.0218967309638,1.0,0.0,1.0
15,3.0,2.0,14,15,1.2,inf,inf,,1441440.0,1441440.0,0.0,0.0,0.0,0.0,0.0,0.0,0.0,0.0,0.0,0.0,0.0,0.0,1000.0,1000.0,1000.0,1000.0,1000.0,1000.0,0.0,0.0,0.0,0.0,0.0,0.0,0.0,0.0,0.0,0.0,0.0,0.0,0.0,0.0,0.0,0.0,0.0,0.0,0.0,0.0,0.0,0.0,0.0,0.0,0.0,0.0,0.0,0.0,0.0,0.0,1440.0,1440.0,0.0,1440.0,1440.0,0.0,1440.0,1440.0,0.0,0.0,0.0,0.0
15,3.0,2.0,15,16,1.2,599.8733143507569,inf,-inf,599.8733143507569,1441440.0,-1440840.1266856492,1000.0,0.0,1.0,0.0,1.0,1.0,0.0,1.0,0.9483,0.0,0.9483,0.0,1000.0,0.0,1000.0,1000.0,1000.0,24.0,23.0,0.0,9.0,1054.48,31.19,0.0,540.0,0.0,0.0,0.0,0.0,1054.48,31.19,1023.29,0.0,540.0,-540.0,1054.48,571.19,483.28999999999996,43936.6,61356.11,-17419.510000000002,0.9483,0.0,0.9483,0.9483,0.0,0.9483,562.9366126091626,1440.0,-877.0633873908374,590.8732291436435,1440.0,-849.1267708563565,596.8732851534294,1440.0,-843.1267148465706,1.0,0.0,1.0
15,3.0,2.0,16,17,1.2,597.0485629431697,inf,-inf,597.0485629431697,1441440.0,-1440842.9514370568,1000.0,0.0,1.0,0.0,1.0,1.0,0.0,1.0,1.0224,0.0,1.0224,0.0,1000.0,0.0,1000.0,1000.0,1000.0,23.0,23.0,0.0,9.0,978.06,31.19,0.0,540.0,0.0,0.0,0.0,0.0,978.06,31.19,946.8699999999999,0.0,540.0,-540.0,978.06,571.19,406.8699999999999,42524.2,61356.11,-18831.910000000003,1.0224,0.0,1.0224,1.0224,0.0,1.0224,561.5242037255962,1440.0,-878.4757962744038,588.3484869519721,1440.0,-851.6515130480279,594.0485360250419,1440.0,-845.9514639749581,1.0,0.0,1.0
15,3.0,2.0,17,18,1.2,inf,inf,,1441440.0,1441440.0,0.0,0.0,0.0,0.0,0.0,0.0,0.0,0.0,0.0,0.0,0.0,0.0,1000.0,1000.0,1000.0,1000.0,1000.0,1000.0,0.0,0.0,0.0,0.0,0.0,0.0,0.0,0.0,0.0,0.0,0.0,0.0,0.0,0.0,0.0,0.0,0.0,0.0,0.0,0.0,0.0,0.0,0.0,0.0,0.0,0.0,0.0,0.0,0.0,0.0,1440.0,1440.0,0.0,1440.0,1440.0,0.0,1440.0,1440.0,0.0,0.0,0.0,0.0
15,3.0,2.0,18,19,1.2,601.6751422333033,inf,-inf,601.6751422333033,1441440.0,-1440838.3248577667,1000.0,0.0,1.0,0.0,1.0,1.0,0.0,1.0,0.9293,0.0,0.9293,0.0,1000.0,0.0,1000.0,1000.0,1000.0,24.0,23.0,0.0,9.0,1076.1,31.19,0.0,540.0,0.0,0.0,0.0,0.0,1076.1,31.19,1044.9099999999999,0.0,540.0,-540.0,1076.1,571.19,504.90999999999985,44837.51,61356.11,-16518.6,0.9293,0.0,0.9293,0.9293,0.0,0.9293,563.8375256418606,1440.0,-876.1624743581394,592.6750552890655,1440.0,-847.3249447109345,598.6751124407281,1440.0,-841.3248875592719,1.0,0.0,1.0
15,3.0,2.0,19,20,1.2,611.6585013456507,inf,-inf,611.6585013456507,1441440.0,-1440828.3414986543,1000.0,0.0,1.0,0.0,1.0,1.0,0.0,1.0,0.8362,0.0,0.8362,0.0,1000.0,0.0,1000.0,1000.0,1000.0,24.0,23.0,0.0,9.0,1195.9,31.19,0.0,540.0,0.0,0.0,0.0,0.0,1195.9,31.19,1164.71,0.0,540.0,-540.0,1195.9,571.19,624.71,49829.19,61356.11,-11526.919999999998,0.8362,0.0,0.8362,0.8362,0.0,0.8362,568.8292399029035,1440.0,-871.1707600970965,602.65837037169,1440.0,-837.34162962831,608.6584564657181,1440.0,-831.3415435342819,1.0,0.0,1.0
15,5.0,0.5,0,1,1.2,637.9433807742483,696.0349748954934,-58.091594121245066,637.9433807742483,696.0349748954934,-58.091594121245066,1000.0,1000.0,1.0,1.0,0.0,1.0,1.0,0.0,1.0125,0.9479,0.06459999999999999,0.0,0.0,0.0,0.0,1000.0,1000.0,23.0,23.0,0.0,9.0,987.7,31.19,0.0,540.0,0.0,483.8,0.0,483.8,987.7,514.99,472.71000000000004,0.0,540.0,-540.0,987.7,1054.99,-67.28999999999996,42943.28,82391.01,-39447.729999999996,1.0125,1.9418,-0.9293,1.0125,0.9479,0.06459999999999999,582.9433807742483,641.0349489585966,-58.09156818434826,623.4433807742485,681.5349748954935,-58.091594121245066,632.9433807742483,691.0349748954934,-58.091594121245066,1.0,1.0,0.0
15,5.0,0.5,1,2,1.2,637.8755607761644,696.0349748954934,-58.15941411932897,637.8755607761644,696.0349748954934,-58.15941411932897,1000.0,1000.0,1.0,1.0,0.0,1.0,1.0,0.0,1.0141,0.9479,0.06620000000000004,0.0,0.0,0.0,0.0,1000.0,1000.0,23.0,23.0,0.0,9.0,986.14,31.19,0.0,540.0,0.0,483.8,0.0,483.8,986.14,514.99,471.15,0.0,540.0,-540.0,986.14,1054.99,-68.85000000000002,42875.48,82391.01,-39515.52999999999,1.0141,1.9418,-0.9277,1.0141,0.9479,0.06620000000000004,582.8755607761644,641.0349489585966,-58.15938818243217,623.3755607761645,681.5349748954935,-58.15941411932897,632.8755607761644,691.0349748954934,-58.15941411932897,1.0,1.0,0.0
15,5.0,0.5,2,3,1.2,637.5242037255962,700.9585883729338,-63.43438464733765,637.5242037255962,700.9585883729338,-63.43438464733765,1000.0,1000.0,1.0,1.0,0.0,1.0,1.0,0.0,1.0224,0.856,0.1664,0.0,0.0,0.0,0.0,1000.0,1000.0,23.0,23.0,0.0,9.0,978.05,31.19,0.0,540.0,0.0,597.05,0.0,597.05,978.05,628.24,349.80999999999995,0.0,540.0,-540.0,978.05,1168.24,-190.19000000000005,42524.12,87314.6,-44790.48,1.0224,1.5918,-0.5694000000000001,1.0224,0.856,0.1664,582.5242037255962,645.9585554191221,-63.43435169352597,623.0242037255963,686.458588372934,-63.43438464733765,632.5242037255962,695.9585883729338,-63.43438464733765,1.0,1.0,0.0
15,5.0,0.5,3,4,1.2,inf,inf,,1441440.0,1441440.0,0.0,0.0,0.0,0.0,0.0,0.0,0.0,0.0,0.0,0.0,0.0,0.0,1000.0,1000.0,1000.0,1000.0,1000.0,1000.0,0.0,0.0,0.0,0.0,0.0,0.0,0.0,0.0,0.0,0.0,0.0,0.0,0.0,0.0,0.0,0.0,0.0,0.0,0.0,0.0,0.0,0.0,0.0,0.0,0.0,0.0,0.0,0.0,0.0,0.0,1440.0,1440.0,0.0,1440.0,1440.0,0.0,1440.0,1440.0,0.0,0.0,0.0,0.0
15,5.0,0.5,4,5,1.2,637.9847975556058,696.0349748954934,-58.05017733988757,637.9847975556058,696.0349748954934,-58.05017733988757,1000.0,1000.0,1.0,1.0,0.0,1.0,1.0,0.0,1.0115,0.9479,0.0636000000000001,0.0,0.0,0.0,0.0,1000.0,1000.0,23.0,23.0,0.0,9.0,988.65,31.19,0.0,540.0,0.0,483.8,0.0,483.8,988.65,514.99,473.65999999999997,0.0,540.0,-540.0,988.65,1054.99,-66.34000000000003,42984.71,82391.01,-39406.299999999996,1.0115,1.9418,-0.9302999999999999,1.0115,0.9479,0.0636000000000001,582.9847975556058,641.0349489585966,-58.050151402990764,623.484797555606,681.5349748954935,-58.05017733988757,632.9847975556058,691.0349748954934,-58.05017733988757,1.0,1.0,0.0
15,5.0,0.5,5,6,1.2,inf,inf,,1441440.0,1441440.0,0.0,0.0,0.0,0.0,0.0,0.0,0.0,0.0,0.0,0.0,0.0,0.0,1000.0,1000.0,1000.0,1000.0,1000.0,1000.0,0.0,23.0,0.0,9.0,0.0,31.19,0.0,540.0,0.0,0.0,0.0,0.0,0.0,31.19,-31.19,0.0,540.0,-540.0,0.0,571.19,-571.19,0.0,61356.11,-61356.11,0.0,0.0,0.0,0.0,0.0,0.0,1440.0,1440.0,0.0,1440.0,1440.0,0.0,1440.0,1440.0,0.0,0.0,0.0,0.0
15,5.0,0.5,6,7,1.2,637.5242037255962,700.2586599581538,-62.73445623255759,637.5242037255962,700.2586599581538,-62.73445623255759,1000.0,1000.0,1.0,1.0,0.0,1.0,1.0,0.0,1.0224,0.868,0.15439999999999998,0.0,0.0,0.0,0.0,1000.0,1000.0,23.0,23.0,0.0,9.0,978.05,31.19,0.0,540.0,0.0,580.95,0.0,580.95,978.05,612.14,365.90999999999997,0.0,540.0,-540.0,978.05,1152.14,-174.09000000000015,42524.12,86614.68,-44090.55999999999,1.0224,1.6336,-0.6112,1.0224,0.868,0.15439999999999998,582.5242037255962,645.258627987424,-62.734424261827826,623.0242037255963,685.7586599581539,-62.73445623255759,632.5242037255962,695.2586599581538,-62.73445623255759,1.0,1.0,0.0
15,5.0,0.5,7,8,1.2,inf,inf,,1441440.0,1441440.0,0.0,0.0,0.0,0.0,0.0,0.0,0.0,0.0,0.0,0.0,0.0,0.0,1000.0,1000.0,1000.0,1000.0,1000.0,1000.0,0.0,23.0,0.0,9.0,0.0,31.19,0.0,540.0,0.0,0.0,0.0,0.0,0.0,31.19,-31.19,0.0,540.0,-540.0,0.0,571.19,-571.19,0.0,61356.11,-61356.11,0.0,0.0,0.0,0.0,0.0,0.0,1440.0,1440.0,0.0,1440.0,1440.0,0.0,1440.0,1440.0,0.0,0.0,0.0,0.0
15,5.0,0.5,8,9,1.2,637.5242037255962,696.0349748954934,-58.510771169897225,637.5242037255962,696.0349748954934,-58.510771169897225,1000.0,1000.0,1.0,1.0,0.0,1.0,1.0,0.0,1.0224,0.9479,0.07450000000000001,0.0,0.0,0.0,0.0,1000.0,1000.0,23.0,23.0,0.0,9.0,978.05,31.19,0.0,540.0,0.0,483.8,0.0,483.8,978.05,514.99,463.05999999999995,0.0,540.0,-540.0,978.05,1054.99,-76.94000000000005,42524.12,82391.01,-39866.88999999999,1.0224,1.9418,-0.9194,1.0224,0.9479,0.07450000000000001,582.5242037255962,641.0349489585966,-58.51074523300042,623.0242037255963,681.5349748954935,-58.510771169897225,632.5242037255962,691.0349748954934,-58.510771169897225,1.0,1.0,0.0
15,5.0,0.5,9,10,1.2,637.5242037255962,696.0349748954934,-58.510771169897225,637.5242037255962,696.0349748954934,-58.510771169897225,1000.0,1000.0,1.0,1.0,0.0,1.0,1.0,0.0,1.0224,0.9479,0.07450000000000001,0.0,0.0,0.0,0.0,1000.0,1000.0,23.0,23.0,0.0,9.0,978.05,31.19,0.0,540.0,0.0,483.8,0.0,483.8,978.05,514.99,463.05999999999995,0.0,540.0,-540.0,978.05,1054.99,-76.94000000000005,42524.12,82391.01,-39866.88999999999,1.0224,1.9418,-0.9194,1.0224,0.9479,0.07450000000000001,582.5242037255962,641.0349489585966,-58.51074523300042,623.0242037255963,681.5349748954935,-58.510771169897225,632.5242037255962,691.0349748954934,-58.510771169897225,1.0,1.0,0.0
15,5.0,0.5,10,11,1.2,638.5489002805878,696.0349748954934,-57.48607461490565,638.5489002805878,696.0349748954934,-57.48607461490565,1000.0,1000.0,1.0,1.0,0.0,1.0,1.0,0.0,0.9984,0.9479,0.05049999999999999,0.0,0.0,0.0,0.0,1000.0,1000.0,23.0,23.0,0.0,9.0,1001.62,31.19,0.0,540.0,0.0,483.8,0.0,483.8,1001.62,514.99,486.63,0.0,540.0,-540.0,1001.62,1054.99,-53.370000000000005,43548.79,82391.01,-38842.219999999994,0.9984,1.9418,-0.9434,0.9984,0.9479,0.05049999999999999,583.5489002805878,641.0349489585966,-57.48604867800884,624.0489002805879,681.5349748954935,-57.48607461490565,633.5489002805878,691.0349748954934,-57.48607461490565,1.0,1.0,0.0
15,5.0,0.5,11,12,1.2,637.5242037255962,700.933978306757,-63.40977458116083,637.5242037255962,700.933978306757,-63.40977458116083,1000.0,1000.0,1.0,1.0,0.0,1.0,1.0,0.0,1.0224,0.8564,0.16599999999999993,0.0,0.0,0.0,0.0,1000.0,1000.0,23.0,23.0,0.0,9.0,978.05,31.19,0.0,540.0,0.0,596.48,0.0,596.48,978.05,627.67,350.38,0.0,540.0,-540.0,978.05,1167.67,-189.62000000000012,42524.12,87290.0,-44765.88,1.0224,1.5932,-0.5708,1.0224,0.8564,0.16599999999999993,582.5242037255962,645.9339464844287,-63.40974275883252,623.0242037255963,686.4339783067571,-63.40977458116083,632.5242037255962,695.933978306757,-63.40977458116083,1.0,1.0,0.0
15,5.0,0.5,12,13,1.2,637.9433807742483,696.0349748954934,-58.091594121245066,637.9433807742483,696.0349748954934,-58.091594121245066,1000.0,1000.0,1.0,1.0,0.0,1.0,1.0,0.0,1.0125,0.9479,0.06459999999999999,0.0,0.0,0.0,0.0,1000.0,1000.0,23.0,23.0,0.0,9.0,987.7,31.19,0.0,540.0,0.0,483.8,0.0,483.8,987.7,514.99,472.71000000000004,0.0,540.0,-540.0,987.7,1054.99,-67.28999999999996,42943.28,82391.01,-39447.729999999996,1.0125,1.9418,-0.9293,1.0125,0.9479,0.06459999999999999,582.9433807742483,641.0349489585966,-58.09156818434826,623.4433807742485,681.5349748954935,-58.091594121245066,632.9433807742483,691.0349748954934,-58.091594121245066,1.0,1.0,0.0
15,5.0,0.5,13,14,1.2,637.5242037255962,696.0349748954934,-58.510771169897225,637.5242037255962,696.0349748954934,-58.510771169897225,1000.0,1000.0,1.0,1.0,0.0,1.0,1.0,0.0,1.0224,0.9479,0.07450000000000001,0.0,0.0,0.0,0.0,1000.0,1000.0,23.0,23.0,0.0,9.0,978.05,31.19,0.0,540.0,0.0,483.8,0.0,483.8,978.05,514.99,463.05999999999995,0.0,540.0,-540.0,978.05,1054.99,-76.94000000000005,42524.12,82391.01,-39866.88999999999,1.0224,1.9418,-0.9194,1.0224,0.9479,0.07450000000000001,582.5242037255962,641.0349489585966,-58.51074523300042,623.0242037255963,681.5349748954935,-58.510771169897225,632.5242037255962,691.0349748954934,-58.510771169897225,1.0,1.0,0.0
15,5.0,0.5,14,15,1.2,641.0497841901513,696.0349748954934,-54.98519070534212,641.0497841901513,696.0349748954934,-54.98519070534212,1000.0,1000.0,1.0,1.0,0.0,1.0,1.0,0.0,0.9442,0.9479,-0.0036999999999999256,0.0,0.0,0.0,0.0,1000.0,1000.0,23.0,23.0,0.0,9.0,1059.14,31.19,0.0,540.0,0.0,483.8,0.0,483.8,1059.14,514.99,544.1500000000001,0.0,540.0,-540.0,1059.14,1054.99,4.150000000000091,46049.68,82391.01,-36341.329999999994,0.9442,1.9418,-0.9975999999999999,0.9442,0.9479,-0.0036999999999999256,586.0497841901513,641.0349489585966,-54.985164768445316,626.5497841901514,681.5349748954935,-54.98519070534212,636.0497841901513,691.0349748954934,-54.98519070534212,1.0,1.0,0.0
15,5.0,0.5,15,16,1.2,637.5242037255962,696.0349748954934,-58.510771169897225,637.5242037255962,696.0349748954934,-58.510771169897225,1000.0,1000.0,1.0,1.0,0.0,1.0,1.0,0.0,1.0224,0.9479,0.07450000000000001,0.0,0.0,0.0,0.0,1000.0,1000.0,23.0,23.0,0.0,9.0,978.05,31.19,0.0,540.0,0.0,483.8,0.0,483.8,978.05,514.99,463.05999999999995,0.0,540.0,-540.0,978.05,1054.99,-76.94000000000005,42524.12,82391.01,-39866.88999999999,1.0224,1.9418,-0.9194,1.0224,0.9479,0.07450000000000001,582.5242037255962,641.0349489585966,-58.51074523300042,623.0242037255963,681.5349748954935,-58.510771169897225,632.5242037255962,691.0349748954934,-58.510771169897225,1.0,1.0,0.0
15,5.0,0.5,16,17,1.2,637.5242037255962,696.0349771303399,-58.51077340474376,637.5242037255962,696.0349771303399,-58.51077340474376,1000.0,1000.0,1.0,1.0,0.0,1.0,1.0,0.0,1.0224,0.9479,0.07450000000000001,0.0,0.0,0.0,0.0,1000.0,1000.0,23.0,23.0,0.0,9.0,978.05,31.19,0.0,540.0,0.0,483.8,0.0,483.8,978.05,514.99,463.05999999999995,0.0,540.0,-540.0,978.05,1054.99,-76.94000000000005,42524.12,82391.01,-39866.88999999999,1.0224,1.9418,-0.9194,1.0224,0.9479,0.07450000000000001,582.5242037255962,641.0349516079461,-58.51074788234996,623.0242037255963,681.53497713034,-58.51077340474376,632.5242037255962,691.0349771303399,-58.51077340474376,1.0,1.0,0.0
15,5.0,0.5,17,18,1.2,inf,inf,,1441440.0,1441440.0,0.0,0.0,0.0,0.0,0.0,0.0,0.0,0.0,0.0,0.0,0.0,0.0,1000.0,1000.0,1000.0,1000.0,1000.0,1000.0,0.0,0.0,0.0,0.0,0.0,0.0,0.0,0.0,0.0,0.0,0.0,0.0,0.0,0.0,0.0,0.0,0.0,0.0,0.0,0.0,0.0,0.0,0.0,0.0,0.0,0.0,0.0,0.0,0.0,0.0,1440.0,1440.0,0.0,1440.0,1440.0,0.0,1440.0,1440.0,0.0,0.0,0.0,0.0
15,5.0,0.5,18,19,1.2,637.5242037255962,inf,-inf,637.5242037255962,1441440.0,-1440802.4757962744,1000.0,0.0,1.0,0.0,1.0,1.0,0.0,1.0,1.0224,0.0,1.0224,0.0,1000.0,0.0,1000.0,1000.0,1000.0,23.0,23.0,0.0,9.0,978.05,31.19,0.0,540.0,0.0,0.0,0.0,0.0,978.05,31.19,946.8599999999999,0.0,540.0,-540.0,978.05,571.19,406.8599999999999,42524.12,61356.11,-18831.989999999998,1.0224,0.0,1.0224,1.0224,0.0,1.0224,582.5242037255962,1440.0,-857.4757962744038,623.0242037255963,1440.0,-816.9757962744037,632.5242037255962,1440.0,-807.4757962744038,1.0,0.0,1.0
15,5.0,0.5,19,20,1.2,637.5242037255962,696.0349748954934,-58.510771169897225,637.5242037255962,696.0349748954934,-58.510771169897225,1000.0,1000.0,1.0,1.0,0.0,1.0,1.0,0.0,1.0224,0.9479,0.07450000000000001,0.0,0.0,0.0,0.0,1000.0,1000.0,23.0,23.0,0.0,9.0,978.05,31.19,0.0,540.0,0.0,483.8,0.0,483.8,978.05,514.99,463.05999999999995,0.0,540.0,-540.0,978.05,1054.99,-76.94000000000005,42524.12,82391.01,-39866.88999999999,1.0224,1.9418,-0.9194,1.0224,0.9479,0.07450000000000001,582.5242037255962,641.0349489585966,-58.51074523300042,623.0242037255963,681.5349748954935,-58.510771169897225,632.5242037255962,691.0349748954934,-58.510771169897225,1.0,1.0,0.0
15,5.0,1.0,0,1,1.2,638.391691049908,696.0349748954934,-57.643283845585415,638.391691049908,696.0349748954934,-57.643283845585415,1000.0,1000.0,1.0,1.0,0.0,1.0,1.0,0.0,1.002,0.9479,0.05410000000000004,0.0,0.0,0.0,0.0,1000.0,1000.0,23.0,23.0,0.0,9.0,998.01,31.19,0.0,540.0,0.0,483.8,0.0,483.8,998.01,514.99,483.02,0.0,540.0,-540.0,998.01,1054.99,-56.98000000000002,43391.6,82391.01,-38999.409999999996,1.002,1.9418,-0.9398,1.002,0.9479,0.05410000000000004,583.391691049908,641.0349489585966,-57.64325790868861,623.8916910499081,681.5349748954935,-57.643283845585415,633.391691049908,691.0349748954934,-57.643283845585415,1.0,1.0,0.0
15,5.0,1.0,1,2,1.2,638.5264747406088,inf,-inf,638.5264747406088,1441440.0,-1440801.4735252594,1000.0,0.0,1.0,0.0,1.0,1.0,0.0,1.0,0.9989,0.0,0.9989,0.0,1000.0,0.0,1000.0,1000.0,1000.0,23.0,23.0,0.0,9.0,1001.11,31.19,0.0,540.0,0.0,0.0,0.0,0.0,1001.11,31.19,969.92,0.0,540.0,-540.0,1001.11,571.19,429.91999999999996,43526.37,61356.11,-17829.739999999998,0.9989,0.0,0.9989,0.9989,0.0,0.9989,583.5264747406088,1440.0,-856.4735252593912,624.0264747406089,1440.0,-815.9735252593911,633.5264747406088,1440.0,-806.4735252593912,1.0,0.0,1.0
15,5.0,1.0,2,3,1.2,637.5242037255962,700.9585883729338,-63.43438464733765,637.5242037255962,700.9585883729338,-63.43438464733765,1000.0,1000.0,1.0,1.0,0.0,1.0,1.0,0.0,1.0224,0.856,0.1664,0.0,0.0,0.0,0.0,1000.0,1000.0,23.0,23.0,0.0,9.0,978.05,31.19,0.0,540.0,0.0,597.05,0.0,597.05,978.05,628.24,349.80999999999995,0.0,540.0,-540.0,978.05,1168.24,-190.19000000000005,42524.12,87314.6,-44790.48,1.0224,1.5918,-0.5694000000000001,1.0224,0.856,0.1664,582.5242037255962,645.9585554191221,-63.43435169352597,623.0242037255963,686.458588372934,-63.43438464733765,632.5242037255962,695.9585883729338,-63.43438464733765,1.0,1.0,0.0
15,5.0,1.0,3,4,1.2,inf,inf,,1441440.0,1441440.0,0.0,0.0,0.0,0.0,0.0,0.0,0.0,0.0,0.0,0.0,0.0,0.0,1000.0,1000.0,1000.0,1000.0,1000.0,1000.0,0.0,0.0,0.0,0.0,0.0,0.0,0.0,0.0,0.0,0.0,0.0,0.0,0.0,0.0,0.0,0.0,0.0,0.0,0.0,0.0,0.0,0.0,0.0,0.0,0.0,0.0,0.0,0.0,0.0,0.0,1440.0,1440.0,0.0,1440.0,1440.0,0.0,1440.0,1440.0,0.0,0.0,0.0,0.0
15,5.0,1.0,4,5,1.2,637.9847975556058,696.1744686893275,-58.18967113372162,637.9847975556058,696.1744686893275,-58.18967113372162,1000.0,1000.0,1.0,1.0,0.0,1.0,1.0,0.0,1.0115,0.945,0.06650000000000011,0.0,0.0,0.0,0.0,1000.0,1000.0,23.0,23.0,0.0,9.0,988.65,31.19,0.0,540.0,0.0,487.01,0.0,487.01,988.65,518.2,470.44999999999993,0.0,540.0,-540.0,988.65,1058.2,-69.55000000000007,42984.71,82530.5,-39545.79,1.0115,1.9298,-0.9182999999999999,1.0115,0.945,0.06650000000000011,582.9847975556058,641.1744410415415,-58.189643485935676,623.484797555606,681.6744686893276,-58.18967113372162,632.9847975556058,691.1744686893275,-58.18967113372162,1.0,1.0,0.0
15,5.0,1.0,5,6,1.2,inf,inf,,1441440.0,1441440.0,0.0,0.0,0.0,0.0,0.0,0.0,0.0,0.0,0.0,0.0,0.0,0.0,1000.0,1000.0,1000.0,1000.0,1000.0,1000.0,0.0,23.0,0.0,9.0,0.0,31.19,0.0,540.0,0.0,0.0,0.0,0.0,0.0,31.19,-31.19,0.0,540.0,-540.0,0.0,571.19,-571.19,0.0,61356.11,-61356.11,0.0,0.0,0.0,0.0,0.0,0.0,1440.0,1440.0,0.0,1440.0,1440.0,0.0,1440.0,1440.0,0.0,0.0,0.0,0.0
15,5.0,1.0,6,7,1.2,637.9433807742483,700.2586599581538,-62.31527918390543,637.9433807742483,700.2586599581538,-62.31527918390543,1000.0,1000.0,1.0,1.0,0.0,1.0,1.0,0.0,1.0125,0.868,0.14449999999999996,0.0,0.0,0.0,0.0,1000.0,1000.0,23.0,23.0,0.0,9.0,987.7,31.19,0.0,540.0,0.0,580.95,0.0,580.95,987.7,612.14,375.56000000000006,0.0,540.0,-540.0,987.7,1152.14,-164.44000000000005,42943.28,86614.68,-43671.399999999994,1.0125,1.6336,-0.6211,1.0125,0.868,0.14449999999999996,582.9433807742483,645.258627987424,-62.31524721317567,623.4433807742485,685.7586599581539,-62.31527918390543,632.9433807742483,695.2586599581538,-62.31527918390543,1.0,1.0,0.0
15,5.0,1.0,7,8,1.2,inf,inf,,1441440.0,1441440.0,0.0,0.0,0.0,0.0,0.0,0.0,0.0,0.0,0.0,0.0,0.0,0.0,1000.0,1000.0,1000.0,1000.0,1000.0,1000.0,0.0,23.0,0.0,9.0,0.0,31.19,0.0,540.0,0.0,0.0,0.0,0.0,0.0,31.19,-31.19,0.0,540.0,-540.0,0.0,571.19,-571.19,0.0,61356.11,-61356.11,0.0,0.0,0.0,0.0,0.0,0.0,1440.0,1440.0,0.0,1440.0,1440.0,0.0,1440.0,1440.0,0.0,0.0,0.0,0.0
15,5.0,1.0,8,9,1.2,639.0108448481018,696.0349748954934,-57.02413004739162,639.0108448481018,696.0349748954934,-57.02413004739162,1000.0,1000.0,1.0,1.0,0.0,1.0,1.0,0.0,0.9879,0.9479,0.040000000000000036,0.0,0.0,0.0,0.0,1000.0,1000.0,23.0,23.0,0.0,9.0,1012.25,31.19,0.0,540.0,0.0,483.8,0.0,483.8,1012.25,514.99,497.26,0.0,540.0,-540.0,1012.25,1054.99,-42.74000000000001,44010.75,82391.01,-38380.259999999995,0.9879,1.9418,-0.9539,0.9879,0.9479,0.040000000000000036,584.0108448481018,641.0349489585966,-57.02410411049482,624.5108448481019,681.5349748954935,-57.02413004739162,634.0108448481018,691.0349748954934,-57.02413004739162,1.0,1.0,0.0
15,5.0,1.0,9,10,1.2,inf,inf,,1441440.0,1441440.0,0.0,0.0,0.0,0.0,0.0,0.0,0.0,0.0,0.0,0.0,0.0,0.0,1000.0,1000.0,1000.0,1000.0,1000.0,1000.0,0.0,23.0,0.0,9.0,0.0,31.19,0.0,540.0,0.0,0.0,0.0,0.0,0.0,31.19,-31.19,0.0,540.0,-540.0,0.0,571.19,-571.19,0.0,61356.11,-61356.11,0.0,0.0,0.0,0.0,0.0,0.0,1440.0,1440.0,0.0,1440.0,1440.0,0.0,1440.0,1440.0,0.0,0.0,0.0,0.0
15,5.0,1.0,10,11,1.2,638.5489002805878,696.0349748954934,-57.48607461490565,638.5489002805878,696.0349748954934,-57.48607461490565,1000.0,1000.0,1.0,1.0,0.0,1.0,1.0,0.0,0.9984,0.9479,0.05049999999999999,0.0,0.0,0.0,0.0,1000.0,1000.0,23.0,23.0,0.0,9.0,1001.62,31.19,0.0,540.0,0.0,483.8,0.0,483.8,1001.62,514.99,486.63,0.0,540.0,-540.0,1001.62,1054.99,-53.370000000000005,43548.79,82391.01,-38842.219999999994,0.9984,1.9418,-0.9434,0.9984,0.9479,0.05049999999999999,583.5489002805878,641.0349489585966,-57.48604867800884,624.0489002805879,681.5349748954935,-57.48607461490565,633.5489002805878,691.0349748954934,-57.48607461490565,1.0,1.0,0.0
15,5.0,1.0,11,12,1.2,637.6751282372506,700.933978306757,-63.258850069506366,637.6751282372506,700.933978306757,-63.258850069506366,1000.0,1000.0,1.0,1.0,0.0,1.0,1.0,0.0,1.0188,0.8564,0.16239999999999988,0.0,0.0,0.0,0.0,1000.0,1000.0,23.0,23.0,0.0,9.0,981.53,31.19,0.0,540.0,0.0,596.48,0.0,596.48,981.53,627.67,353.86,0.0,540.0,-540.0,981.53,1167.67,-186.1400000000001,42675.04,87290.0,-44614.96,1.0188,1.5932,-0.5744,1.0188,0.8564,0.16239999999999988,582.6751282372506,645.9339464844287,-63.258818247178056,623.1751282372508,686.4339783067571,-63.258850069506366,632.6751282372506,695.933978306757,-63.258850069506366,1.0,1.0,0.0
15,5.0,1.0,12,13,1.2,inf,inf,,1441440.0,1441440.0,0.0,0.0,0.0,0.0,0.0,0.0,0.0,0.0,0.0,0.0,0.0,0.0,1000.0,1000.0,1000.0,1000.0,1000.0,1000.0,0.0,23.0,0.0,9.0,0.0,31.19,0.0,540.0,0.0,0.0,0.0,0.0,0.0,31.19,-31.19,0.0,540.0,-540.0,0.0,571.19,-571.19,0.0,61356.11,-61356.11,0.0,0.0,0.0,0.0,0.0,0.0,1440.0,1440.0,0.0,1440.0,1440.0,0.0,1440.0,1440.0,0.0,0.0,0.0,0.0
15,5.0,1.0,13,14,1.2,637.5242037255962,inf,-inf,637.5242037255962,1441440.0,-1440802.4757962744,1000.0,0.0,1.0,0.0,1.0,1.0,0.0,1.0,1.0224,0.0,1.0224,0.0,1000.0,0.0,1000.0,1000.0,1000.0,23.0,23.0,0.0,9.0,978.05,31.19,0.0,540.0,0.0,0.0,0.0,0.0,978.05,31.19,946.8599999999999,0.0,540.0,-540.0,978.05,571.19,406.8599999999999,42524.12,61356.11,-18831.989999999998,1.0224,0.0,1.0224,1.0224,0.0,1.0224,582.5242037255962,1440.0,-857.4757962744038,623.0242037255963,1440.0,-816.9757962744037,632.5242037255962,1440.0,-807.4757962744038,1.0,0.0,1.0
15,5.0,1.0,14,15,1.2,641.0497841901513,696.0349748954934,-54.98519070534212,641.0497841901513,696.0349748954934,-54.98519070534212,1000.0,1000.0,1.0,1.0,0.0,1.0,1.0,0.0,0.9442,0.9479,-0.0036999999999999256,0.0,0.0,0.0,0.0,1000.0,1000.0,23.0,23.0,0.0,9.0,1059.14,31.19,0.0,540.0,0.0,483.8,0.0,483.8,1059.14,514.99,544.1500000000001,0.0,540.0,-540.0,1059.14,1054.99,4.150000000000091,46049.68,82391.01,-36341.329999999994,0.9442,1.9418,-0.9975999999999999,0.9442,0.9479,-0.0036999999999999256,586.0497841901513,641.0349489585966,-54.985164768445316,626.5497841901514,681.5349748954935,-54.98519070534212,636.0497841901513,691.0349748954934,-54.98519070534212,1.0,1.0,0.0
15,5.0,1.0,15,16,1.2,637.5242037255962,696.0349748954934,-58.510771169897225,637.5242037255962,696.0349748954934,-58.510771169897225,1000.0,1000.0,1.0,1.0,0.0,1.0,1.0,0.0,1.0224,0.9479,0.07450000000000001,0.0,0.0,0.0,0.0,1000.0,1000.0,23.0,23.0,0.0,9.0,978.05,31.19,0.0,540.0,0.0,483.8,0.0,483.8,978.05,514.99,463.05999999999995,0.0,540.0,-540.0,978.05,1054.99,-76.94000000000005,42524.12,82391.01,-39866.88999999999,1.0224,1.9418,-0.9194,1.0224,0.9479,0.07450000000000001,582.5242037255962,641.0349489585966,-58.51074523300042,623.0242037255963,681.5349748954935,-58.510771169897225,632.5242037255962,691.0349748954934,-58.510771169897225,1.0,1.0,0.0
15,5.0,1.0,16,17,1.2,637.5242037255962,696.0349771303399,-58.51077340474376,637.5242037255962,696.0349771303399,-58.51077340474376,1000.0,1000.0,1.0,1.0,0.0,1.0,1.0,0.0,1.0224,0.9479,0.07450000000000001,0.0,0.0,0.0,0.0,1000.0,1000.0,23.0,23.0,0.0,9.0,978.05,31.19,0.0,540.0,0.0,483.8,0.0,483.8,978.05,514.99,463.05999999999995,0.0,540.0,-540.0,978.05,1054.99,-76.94000000000005,42524.12,82391.01,-39866.88999999999,1.0224,1.9418,-0.9194,1.0224,0.9479,0.07450000000000001,582.5242037255962,641.0349516079461,-58.51074788234996,623.0242037255963,681.53497713034,-58.51077340474376,632.5242037255962,691.0349771303399,-58.51077340474376,1.0,1.0,0.0
15,5.0,1.0,17,18,1.2,inf,inf,,1441440.0,1441440.0,0.0,0.0,0.0,0.0,0.0,0.0,0.0,0.0,0.0,0.0,0.0,0.0,1000.0,1000.0,1000.0,1000.0,1000.0,1000.0,0.0,0.0,0.0,0.0,0.0,0.0,0.0,0.0,0.0,0.0,0.0,0.0,0.0,0.0,0.0,0.0,0.0,0.0,0.0,0.0,0.0,0.0,0.0,0.0,0.0,0.0,0.0,0.0,0.0,0.0,1440.0,1440.0,0.0,1440.0,1440.0,0.0,1440.0,1440.0,0.0,0.0,0.0,0.0
15,5.0,1.0,18,19,1.2,638.4235945458386,inf,-inf,638.4235945458386,1441440.0,-1440801.5764054542,1000.0,0.0,1.0,0.0,1.0,1.0,0.0,1.0,1.0013,0.0,1.0013,0.0,1000.0,0.0,1000.0,1000.0,1000.0,23.0,23.0,0.0,9.0,998.74,31.19,0.0,540.0,0.0,0.0,0.0,0.0,998.74,31.19,967.55,0.0,540.0,-540.0,998.74,571.19,427.54999999999995,43423.51,61356.11,-17932.6,1.0013,0.0,1.0013,1.0013,0.0,1.0013,583.4235945458386,1440.0,-856.5764054541614,623.9235945458387,1440.0,-816.0764054541613,633.4235945458386,1440.0,-806.5764054541614,1.0,0.0,1.0
15,5.0,1.0,19,20,1.2,639.1043011176155,696.0349748954934,-56.93067377787793,639.1043011176155,696.0349748954934,-56.93067377787793,1000.0,1000.0,1.0,1.0,0.0,1.0,1.0,0.0,0.9858,0.9479,0.037900000000000045,0.0,0.0,0.0,0.0,1000.0,1000.0,23.0,23.0,0.0,9.0,1014.4,31.19,0.0,540.0,0.0,483.8,0.0,483.8,1014.4,514.99,499.40999999999997,0.0,540.0,-540.0,1014.4,1054.99,-40.59000000000003,44104.19,82391.01,-38286.81999999999,0.9858,1.9418,-0.956,0.9858,0.9479,0.037900000000000045,584.1043011176155,641.0349489585966,-56.93064784098112,624.6043011176156,681.5349748954935,-56.93067377787793,634.1043011176155,691.0349748954934,-56.93067377787793,1.0,1.0,0.0
15,5.0,2.0,0,1,1.2,inf,inf,,1441440.0,1441440.0,0.0,0.0,0.0,0.0,0.0,0.0,0.0,0.0,0.0,0.0,0.0,0.0,1000.0,1000.0,1000.0,1000.0,1000.0,1000.0,0.0,0.0,0.0,0.0,0.0,0.0,0.0,0.0,0.0,0.0,0.0,0.0,0.0,0.0,0.0,0.0,0.0,0.0,0.0,0.0,0.0,0.0,0.0,0.0,0.0,0.0,0.0,0.0,0.0,0.0,1440.0,1440.0,0.0,1440.0,1440.0,0.0,1440.0,1440.0,0.0,0.0,0.0,0.0
15,5.0,2.0,1,2,1.2,inf,inf,,1441440.0,1441440.0,0.0,0.0,0.0,0.0,0.0,0.0,0.0,0.0,0.0,0.0,0.0,0.0,1000.0,1000.0,1000.0,1000.0,1000.0,1000.0,0.0,23.0,0.0,9.0,0.0,31.19,0.0,540.0,0.0,0.0,0.0,0.0,0.0,31.19,-31.19,0.0,540.0,-540.0,0.0,571.19,-571.19,0.0,61356.11,-61356.11,0.0,0.0,0.0,0.0,0.0,0.0,1440.0,1440.0,0.0,1440.0,1440.0,0.0,1440.0,1440.0,0.0,0.0,0.0,0.0
15,5.0,2.0,2,3,1.2,639.17836000498,705.9585883729338,-66.78022836795378,639.17836000498,705.9585883729338,-66.78022836795378,1000.0,1000.0,1.0,1.0,0.0,1.0,1.0,0.0,0.9842,0.813,0.17120000000000002,0.0,0.0,0.0,0.0,1000.0,1000.0,23.0,23.0,0.0,8.0,1016.1,152.91,0.0,480.0,0.0,597.05,0.0,597.05,1016.1,749.95,266.15,0.0,480.0,-480.0,1016.1,1229.95,-213.85000000000002,44178.27,92606.6,-48428.33000000001,0.9842,1.3334,-0.34919999999999995,0.9842,0.813,0.17120000000000002,584.17836000498,650.9585883729338,-66.78022836795378,624.6783600049802,691.458588372934,-66.78022836795378,634.17836000498,700.9585883729338,-66.78022836795378,1.0,1.0,0.0
15,5.0,2.0,3,4,1.2,inf,inf,,1441440.0,1441440.0,0.0,0.0,0.0,0.0,0.0,0.0,0.0,0.0,0.0,0.0,0.0,0.0,1000.0,1000.0,1000.0,1000.0,1000.0,1000.0,0.0,0.0,0.0,0.0,0.0,0.0,0.0,0.0,0.0,0.0,0.0,0.0,0.0,0.0,0.0,0.0,0.0,0.0,0.0,0.0,0.0,0.0,0.0,0.0,0.0,0.0,0.0,0.0,0.0,0.0,1440.0,1440.0,0.0,1440.0,1440.0,0.0,1440.0,1440.0,0.0,0.0,0.0,0.0
15,5.0,2.0,4,5,1.2,640.2011081743418,inf,-inf,640.2011081743418,1441440.0,-1440799.7988918256,1000.0,0.0,1.0,0.0,1.0,1.0,0.0,1.0,0.9619,0.0,0.9619,0.0,1000.0,0.0,1000.0,1000.0,1000.0,23.0,23.0,0.0,9.0,1039.62,31.19,0.0,540.0,0.0,0.0,0.0,0.0,1039.62,31.19,1008.4299999999998,0.0,540.0,-540.0,1039.62,571.19,468.42999999999984,45200.99,61356.11,-16155.120000000003,0.9619,0.0,0.9619,0.9619,0.0,0.9619,585.2011081743418,1440.0,-854.7988918256582,625.7011081743419,1440.0,-814.2988918256581,635.2011081743418,1440.0,-804.7988918256582,1.0,0.0,1.0
15,5.0,2.0,5,6,1.2,inf,inf,,1441440.0,1441440.0,0.0,0.0,0.0,0.0,0.0,0.0,0.0,0.0,0.0,0.0,0.0,0.0,1000.0,1000.0,1000.0,1000.0,1000.0,1000.0,0.0,23.0,0.0,9.0,0.0,31.19,0.0,540.0,0.0,0.0,0.0,0.0,0.0,31.19,-31.19,0.0,540.0,-540.0,0.0,571.19,-571.19,0.0,61356.11,-61356.11,0.0,0.0,0.0,0.0,0.0,0.0,1440.0,1440.0,0.0,1440.0,1440.0,0.0,1440.0,1440.0,0.0,0.0,0.0,0.0
15,5.0,2.0,6,7,1.2,inf,inf,,1441440.0,1441440.0,0.0,0.0,0.0,0.0,0.0,0.0,0.0,0.0,0.0,0.0,0.0,0.0,1000.0,1000.0,1000.0,1000.0,1000.0,1000.0,0.0,0.0,0.0,0.0,0.0,0.0,0.0,0.0,0.0,0.0,0.0,0.0,0.0,0.0,0.0,0.0,0.0,0.0,0.0,0.0,0.0,0.0,0.0,0.0,0.0,0.0,0.0,0.0,0.0,0.0,1440.0,1440.0,0.0,1440.0,1440.0,0.0,1440.0,1440.0,0.0,0.0,0.0,0.0
15,5.0,2.0,7,8,1.2,inf,inf,,1441440.0,1441440.0,0.0,0.0,0.0,0.0,0.0,0.0,0.0,0.0,0.0,0.0,0.0,0.0,1000.0,1000.0,1000.0,1000.0,1000.0,1000.0,0.0,23.0,0.0,9.0,0.0,31.19,0.0,540.0,0.0,0.0,0.0,0.0,0.0,31.19,-31.19,0.0,540.0,-540.0,0.0,571.19,-571.19,0.0,61356.11,-61356.11,0.0,0.0,0.0,0.0,0.0,0.0,1440.0,1440.0,0.0,1440.0,1440.0,0.0,1440.0,1440.0,0.0,0.0,0.0,0.0
15,5.0,2.0,8,9,1.2,641.0499205227401,inf,-inf,641.0499205227401,1441440.0,-1440798.9500794772,1000.0,0.0,1.0,0.0,1.0,1.0,0.0,1.0,0.9442,0.0,0.9442,0.0,1000.0,0.0,1000.0,1000.0,1000.0,23.0,23.0,0.0,8.0,1059.15,166.91,0.0,480.0,0.0,0.0,0.0,0.0,1059.15,166.91,892.2400000000001,0.0,480.0,-480.0,1059.15,646.91,412.2400000000001,46049.8,67256.94,-21207.14,0.9442,0.0,0.9442,0.9442,0.0,0.9442,586.0499205227401,1440.0,-853.9500794772599,626.5499205227402,1440.0,-813.4500794772598,636.0499205227401,1440.0,-803.9500794772599,1.0,0.0,1.0
15,5.0,2.0,9,10,1.2,inf,inf,,1441440.0,1441440.0,0.0,0.0,0.0,0.0,0.0,0.0,0.0,0.0,0.0,0.0,0.0,0.0,1000.0,1000.0,1000.0,1000.0,1000.0,1000.0,0.0,23.0,0.0,9.0,0.0,31.19,0.0,540.0,0.0,0.0,0.0,0.0,0.0,31.19,-31.19,0.0,540.0,-540.0,0.0,571.19,-571.19,0.0,61356.11,-61356.11,0.0,0.0,0.0,0.0,0.0,0.0,1440.0,1440.0,0.0,1440.0,1440.0,0.0,1440.0,1440.0,0.0,0.0,0.0,0.0
15,5.0,2.0,10,11,1.2,639.6898844483829,inf,-inf,639.6898844483829,1441440.0,-1440800.3101155516,1000.0,0.0,1.0,0.0,1.0,1.0,0.0,1.0,0.9729,0.0,0.9729,0.0,1000.0,0.0,1000.0,1000.0,1000.0,23.0,23.0,0.0,9.0,1027.87,31.19,0.0,540.0,0.0,0.0,0.0,0.0,1027.87,31.19,996.6799999999998,0.0,540.0,-540.0,1027.87,571.19,456.67999999999984,44689.78,61356.11,-16666.33,0.9729,0.0,0.9729,0.9729,0.0,0.9729,584.6898844483829,1440.0,-855.3101155516171,625.189884448383,1440.0,-814.810115551617,634.6898844483829,1440.0,-805.3101155516171,1.0,0.0,1.0
15,5.0,2.0,11,12,1.2,638.9810911311428,700.9585883729338,-61.97749724179107,638.9810911311428,700.9585883729338,-61.97749724179107,1000.0,1000.0,1.0,1.0,0.0,1.0,1.0,0.0,0.9886,0.856,0.13260000000000005,0.0,0.0,0.0,0.0,1000.0,1000.0,23.0,23.0,0.0,9.0,1011.56,31.19,0.0,540.0,0.0,597.05,0.0,597.05,1011.56,628.24,383.31999999999994,0.0,540.0,-540.0,1011.56,1168.24,-156.68000000000006,43981.01,87314.6,-43333.590000000004,0.9886,1.5918,-0.6032000000000001,0.9886,0.856,0.13260000000000005,583.9810911311428,645.9585554191221,-61.97746428797939,624.4810911311429,686.458588372934,-61.97749724179107,633.9810911311428,695.9585883729338,-61.97749724179107,1.0,1.0,0.0
15,5.0,2.0,12,13,1.2,inf,inf,,1441440.0,1441440.0,0.0,0.0,0.0,0.0,0.0,0.0,0.0,0.0,0.0,0.0,0.0,0.0,1000.0,1000.0,1000.0,1000.0,1000.0,1000.0,0.0,23.0,0.0,9.0,0.0,31.19,0.0,540.0,0.0,0.0,0.0,0.0,0.0,31.19,-31.19,0.0,540.0,-540.0,0.0,571.19,-571.19,0.0,61356.11,-61356.11,0.0,0.0,0.0,0.0,0.0,0.0,1440.0,1440.0,0.0,1440.0,1440.0,0.0,1440.0,1440.0,0.0,0.0,0.0,0.0
15,5.0,2.0,13,14,1.2,641.4890051543464,inf,-inf,641.4890051543464,1441440.0,-1440798.5109948458,1000.0,0.0,1.0,0.0,1.0,1.0,0.0,1.0,0.9352,0.0,0.9352,0.0,1000.0,0.0,1000.0,1000.0,1000.0,23.0,23.0,0.0,9.0,1069.25,31.19,0.0,540.0,0.0,0.0,0.0,0.0,1069.25,31.19,1038.06,0.0,540.0,-540.0,1069.25,571.19,498.05999999999995,46488.91,61356.11,-14867.199999999997,0.9352,0.0,0.9352,0.9352,0.0,0.9352,586.4890051543464,1440.0,-853.5109948456536,626.9890051543465,1440.0,-813.0109948456535,636.4890051543464,1440.0,-803.5109948456536,1.0,0.0,1.0
15,5.0,2.0,14,15,1.2,inf,inf,,1441440.0,1441440.0,0.0,0.0,0.0,0.0,0.0,0.0,0.0,0.0,0.0,0.0,0.0,0.0,1000.0,1000.0,1000.0,1000.0,1000.0,1000.0,0.0,0.0,0.0,0.0,0.0,0.0,0.0,0.0,0.0,0.0,0.0,0.0,0.0,0.0,0.0,0.0,0.0,0.0,0.0,0.0,0.0,0.0,0.0,0.0,0.0,0.0,0.0,0.0,0.0,0.0,1440.0,1440.0,0.0,1440.0,1440.0,0.0,1440.0,1440.0,0.0,0.0,0.0,0.0
15,5.0,2.0,15,16,1.2,638.9365800621749,inf,-inf,638.9365800621749,1441440.0,-1440801.0634199379,1000.0,0.0,1.0,0.0,1.0,1.0,0.0,1.0,0.9896,0.0,0.9896,0.0,1000.0,0.0,1000.0,1000.0,1000.0,23.0,23.0,0.0,9.0,1010.54,31.19,0.0,540.0,0.0,0.0,0.0,0.0,1010.54,31.19,979.3499999999999,0.0,540.0,-540.0,1010.54,571.19,439.3499999999999,43936.49,61356.11,-17419.620000000003,0.9896,0.0,0.9896,0.9896,0.0,0.9896,583.9365800621749,1440.0,-856.0634199378251,624.436580062175,1440.0,-815.563419937825,633.9365800621749,1440.0,-806.0634199378251,1.0,0.0,1.0
15,5.0,2.0,16,17,1.2,637.5242037255962,inf,-inf,637.5242037255962,1441440.0,-1440802.4757962744,1000.0,0.0,1.0,0.0,1.0,1.0,0.0,1.0,1.0224,0.0,1.0224,0.0,1000.0,0.0,1000.0,1000.0,1000.0,23.0,23.0,0.0,9.0,978.05,31.19,0.0,540.0,0.0,0.0,0.0,0.0,978.05,31.19,946.8599999999999,0.0,540.0,-540.0,978.05,571.19,406.8599999999999,42524.12,61356.11,-18831.989999999998,1.0224,0.0,1.0224,1.0224,0.0,1.0224,582.5242037255962,1440.0,-857.4757962744038,623.0242037255963,1440.0,-816.9757962744037,632.5242037255962,1440.0,-807.4757962744038,1.0,0.0,1.0
15,5.0,2.0,17,18,1.2,inf,inf,,1441440.0,1441440.0,0.0,0.0,0.0,0.0,0.0,0.0,0.0,0.0,0.0,0.0,0.0,0.0,1000.0,1000.0,1000.0,1000.0,1000.0,1000.0,0.0,0.0,0.0,0.0,0.0,0.0,0.0,0.0,0.0,0.0,0.0,0.0,0.0,0.0,0.0,0.0,0.0,0.0,0.0,0.0,0.0,0.0,0.0,0.0,0.0,0.0,0.0,0.0,0.0,0.0,1440.0,1440.0,0.0,1440.0,1440.0,0.0,1440.0,1440.0,0.0,0.0,0.0,0.0
15,5.0,2.0,18,19,1.2,639.8374924313351,inf,-inf,639.8374924313351,1441440.0,-1440800.1625075687,1000.0,0.0,1.0,0.0,1.0,1.0,0.0,1.0,0.9697,0.0,0.9697,0.0,1000.0,0.0,1000.0,1000.0,1000.0,23.0,23.0,0.0,9.0,1031.26,31.19,0.0,540.0,0.0,0.0,0.0,0.0,1031.26,31.19,1000.0699999999999,0.0,540.0,-540.0,1031.26,571.19,460.06999999999994,44837.4,61356.11,-16518.71,0.9697,0.0,0.9697,0.9697,0.0,0.9697,584.8374924313351,1440.0,-855.1625075686649,625.3374924313352,1440.0,-814.6625075686648,634.8374924313351,1440.0,-805.1625075686649,1.0,0.0,1.0
15,5.0,2.0,19,20,1.2,644.8291898741236,inf,-inf,644.8291898741236,1441440.0,-1440795.1708101258,1000.0,0.0,1.0,0.0,1.0,1.0,0.0,1.0,0.8725,0.0,0.8725,0.0,1000.0,0.0,1000.0,1000.0,1000.0,23.0,23.0,0.0,9.0,1146.07,31.19,0.0,540.0,0.0,0.0,0.0,0.0,1146.07,31.19,1114.8799999999999,0.0,540.0,-540.0,1146.07,571.19,574.8799999999999,49829.06,61356.11,-11527.050000000003,0.8725,0.0,0.8725,0.8725,0.0,0.8725,589.8291898741236,1440.0,-850.1708101258764,630.3291898741237,1440.0,-809.6708101258763,639.8291898741236,1440.0,-800.1708101258764,1.0,0.0,1.0
15,10.0,0.5,0,1,1.2,752.9431676877244,696.0349748954934,56.908192792231034,752.9431676877244,696.0349748954934,56.908192792231034,1000.0,1000.0,1.0,1.0,0.0,1.0,1.0,0.0,1.0125,0.9479,0.06459999999999999,0.0,0.0,0.0,0.0,1000.0,1000.0,23.0,23.0,0.0,9.0,987.69,31.19,0.0,540.0,0.0,483.8,0.0,483.8,987.69,514.99,472.70000000000005,0.0,540.0,-540.0,987.69,1054.99,-67.29999999999995,42943.15,82391.01,-39447.85999999999,1.0125,1.9418,-0.9293,1.0125,0.9479,0.06459999999999999,642.9431676877244,641.0349489585966,1.9082187291278387,723.9431676877247,681.5349748954935,42.40819279223115,742.9431676877244,691.0349748954934,51.908192792231034,1.0,1.0,0.0
15,10.0,0.5,1,2,1.2,752.8753839084211,696.0349748954934,56.840409012927694,752.8753839084211,696.0349748954934,56.840409012927694,1000.0,1000.0,1.0,1.0,0.0,1.0,1.0,0.0,1.0141,0.9479,0.06620000000000004,0.0,0.0,0.0,0.0,1000.0,1000.0,23.0,23.0,0.0,9.0,986.13,31.19,0.0,540.0,0.0,483.8,0.0,483.8,986.13,514.99,471.14,0.0,540.0,-540.0,986.13,1054.99,-68.86000000000001,42875.37,82391.01,-39515.63999999999,1.0141,1.9418,-0.9277,1.0141,0.9479,0.06620000000000004,642.8753839084211,641.0349489585966,1.8404349498244983,723.8753839084213,681.5349748954935,42.34040901292781,742.8753839084211,691.0349748954934,51.840409012927694,1.0,1.0,0.0
15,10.0,0.5,2,3,1.2,752.5240352373265,700.9585883729338,51.5654468643927,752.5240352373265,700.9585883729338,51.5654468643927,1000.0,1000.0,1.0,1.0,0.0,1.0,1.0,0.0,1.0224,0.856,0.1664,0.0,0.0,0.0,0.0,1000.0,1000.0,23.0,23.0,0.0,9.0,978.05,31.19,0.0,540.0,0.0,597.05,0.0,597.05,978.05,628.24,349.80999999999995,0.0,540.0,-540.0,978.05,1168.24,-190.19000000000005,42524.02,87314.6,-44790.58000000001,1.0224,1.5918,-0.5694000000000001,1.0224,0.856,0.1664,642.5240352373265,645.9585554191221,-3.4345201817956195,723.5240352373268,686.458588372934,37.06544686439281,742.5240352373265,695.9585883729338,46.5654468643927,1.0,1.0,0.0
15,10.0,0.5,3,4,1.2,inf,inf,,1441440.0,1441440.0,0.0,0.0,0.0,0.0,0.0,0.0,0.0,0.0,0.0,0.0,0.0,0.0,1000.0,1000.0,1000.0,1000.0,1000.0,1000.0,0.0,0.0,0.0,0.0,0.0,0.0,0.0,0.0,0.0,0.0,0.0,0.0,0.0,0.0,0.0,0.0,0.0,0.0,0.0,0.0,0.0,0.0,0.0,0.0,0.0,0.0,0.0,0.0,0.0,0.0,1440.0,1440.0,0.0,1440.0,1440.0,0.0,1440.0,1440.0,0.0,0.0,0.0,0.0
15,10.0,0.5,4,5,1.2,752.9846201643397,696.0349748954934,56.949645268846325,752.9846201643397,696.0349748954934,56.949645268846325,1000.0,1000.0,1.0,1.0,0.0,1.0,1.0,0.0,1.0115,0.9479,0.0636000000000001,0.0,0.0,0.0,0.0,1000.0,1000.0,23.0,23.0,0.0,9.0,988.65,31.19,0.0,540.0,0.0,483.8,0.0,483.8,988.65,514.99,473.65999999999997,0.0,540.0,-540.0,988.65,1054.99,-66.34000000000003,42984.6,82391.01,-39406.409999999996,1.0115,1.9418,-0.9302999999999999,1.0115,0.9479,0.0636000000000001,642.9846201643397,641.0349489585966,1.9496712057431296,723.98462016434,681.5349748954935,42.44964526884644,742.9846201643397,691.0349748954934,51.949645268846325,1.0,1.0,0.0
15,10.0,0.5,5,6,1.2,inf,inf,,1441440.0,1441440.0,0.0,0.0,0.0,0.0,0.0,0.0,0.0,0.0,0.0,0.0,0.0,0.0,1000.0,1000.0,1000.0,1000.0,1000.0,1000.0,0.0,23.0,0.0,9.0,0.0,31.19,0.0,540.0,0.0,0.0,0.0,0.0,0.0,31.19,-31.19,0.0,540.0,-540.0,0.0,571.19,-571.19,0.0,61356.11,-61356.11,0.0,0.0,0.0,0.0,0.0,0.0,1440.0,1440.0,0.0,1440.0,1440.0,0.0,1440.0,1440.0,0.0,0.0,0.0,0.0
15,10.0,0.5,6,7,1.2,752.5240352373265,700.2586599581538,52.26537527917276,752.5240352373265,700.2586599581538,52.26537527917276,1000.0,1000.0,1.0,1.0,0.0,1.0,1.0,0.0,1.0224,0.868,0.15439999999999998,0.0,0.0,0.0,0.0,1000.0,1000.0,23.0,23.0,0.0,9.0,978.05,31.19,0.0,540.0,0.0,580.95,0.0,580.95,978.05,612.14,365.90999999999997,0.0,540.0,-540.0,978.05,1152.14,-174.09000000000015,42524.02,86614.68,-44090.659999999996,1.0224,1.6336,-0.6112,1.0224,0.868,0.15439999999999998,642.5240352373265,645.258627987424,-2.7345927500974767,723.5240352373268,685.7586599581539,37.76537527917287,742.5240352373265,695.2586599581538,47.26537527917276,1.0,1.0,0.0
15,10.0,0.5,7,8,1.2,inf,inf,,1441440.0,1441440.0,0.0,0.0,0.0,0.0,0.0,0.0,0.0,0.0,0.0,0.0,0.0,0.0,1000.0,1000.0,1000.0,1000.0,1000.0,1000.0,0.0,23.0,0.0,9.0,0.0,31.19,0.0,540.0,0.0,0.0,0.0,0.0,0.0,31.19,-31.19,0.0,540.0,-540.0,0.0,571.19,-571.19,0.0,61356.11,-61356.11,0.0,0.0,0.0,0.0,0.0,0.0,1440.0,1440.0,0.0,1440.0,1440.0,0.0,1440.0,1440.0,0.0,0.0,0.0,0.0
15,10.0,0.5,8,9,1.2,752.5240352373265,696.0349748954934,56.489060341833124,752.5240352373265,696.0349748954934,56.489060341833124,1000.0,1000.0,1.0,1.0,0.0,1.0,1.0,0.0,1.0224,0.9479,0.07450000000000001,0.0,0.0,0.0,0.0,1000.0,1000.0,23.0,23.0,0.0,9.0,978.05,31.19,0.0,540.0,0.0,483.8,0.0,483.8,978.05,514.99,463.05999999999995,0.0,540.0,-540.0,978.05,1054.99,-76.94000000000005,42524.02,82391.01,-39866.99,1.0224,1.9418,-0.9194,1.0224,0.9479,0.07450000000000001,642.5240352373265,641.0349489585966,1.4890862787299284,723.5240352373268,681.5349748954935,41.98906034183324,742.5240352373265,691.0349748954934,51.489060341833124,1.0,1.0,0.0
15,10.0,0.5,9,10,1.2,752.5240352373265,696.0349748954934,56.489060341833124,752.5240352373265,696.0349748954934,56.489060341833124,1000.0,1000.0,1.0,1.0,0.0,1.0,1.0,0.0,1.0224,0.9479,0.07450000000000001,0.0,0.0,0.0,0.0,1000.0,1000.0,23.0,23.0,0.0,9.0,978.05,31.19,0.0,540.0,0.0,483.8,0.0,483.8,978.05,514.99,463.05999999999995,0.0,540.0,-540.0,978.05,1054.99,-76.94000000000005,42524.02,82391.01,-39866.99,1.0224,1.9418,-0.9194,1.0224,0.9479,0.07450000000000001,642.5240352373265,641.0349489585966,1.4890862787299284,723.5240352373268,681.5349748954935,41.98906034183324,742.5240352373265,691.0349748954934,51.489060341833124,1.0,1.0,0.0
15,10.0,0.5,10,11,1.2,753.5486640553657,696.0349748954934,57.51368915987234,753.5486640553657,696.0349748954934,57.51368915987234,1000.0,1000.0,1.0,1.0,0.0,1.0,1.0,0.0,0.9984,0.9479,0.05049999999999999,0.0,0.0,0.0,0.0,1000.0,1000.0,23.0,23.0,0.0,9.0,1001.62,31.19,0.0,540.0,0.0,483.8,0.0,483.8,1001.62,514.99,486.63,0.0,540.0,-540.0,1001.62,1054.99,-53.370000000000005,43548.64,82391.01,-38842.369999999995,0.9984,1.9418,-0.9434,0.9984,0.9479,0.05049999999999999,643.5486640553657,641.0349489585966,2.513715096769147,724.548664055366,681.5349748954935,43.013689159872456,743.5486640553657,691.0349748954934,52.51368915987234,1.0,1.0,0.0
15,10.0,0.5,11,12,1.2,752.5240352373265,700.933978306757,51.59005693056952,752.5240352373265,700.933978306757,51.59005693056952,1000.0,1000.0,1.0,1.0,0.0,1.0,1.0,0.0,1.0224,0.8564,0.16599999999999993,0.0,0.0,0.0,0.0,1000.0,1000.0,23.0,23.0,0.0,9.0,978.05,31.19,0.0,540.0,0.0,596.48,0.0,596.48,978.05,627.67,350.38,0.0,540.0,-540.0,978.05,1167.67,-189.62000000000012,42524.02,87290.0,-44765.98,1.0224,1.5932,-0.5708,1.0224,0.8564,0.16599999999999993,642.5240352373265,645.9339464844287,-3.4099112471021726,723.5240352373268,686.4339783067571,37.09005693056963,742.5240352373265,695.933978306757,46.59005693056952,1.0,1.0,0.0
15,10.0,0.5,12,13,1.2,752.9431676877244,696.0349748954934,56.908192792231034,752.9431676877244,696.0349748954934,56.908192792231034,1000.0,1000.0,1.0,1.0,0.0,1.0,1.0,0.0,1.0125,0.9479,0.06459999999999999,0.0,0.0,0.0,0.0,1000.0,1000.0,23.0,23.0,0.0,9.0,987.69,31.19,0.0,540.0,0.0,483.8,0.0,483.8,987.69,514.99,472.70000000000005,0.0,540.0,-540.0,987.69,1054.99,-67.29999999999995,42943.15,82391.01,-39447.85999999999,1.0125,1.9418,-0.9293,1.0125,0.9479,0.06459999999999999,642.9431676877244,641.0349489585966,1.9082187291278387,723.9431676877247,681.5349748954935,42.40819279223115,742.9431676877244,691.0349748954934,51.908192792231034,1.0,1.0,0.0
15,10.0,0.5,13,14,1.2,752.5240352373265,696.0349748954934,56.489060341833124,752.5240352373265,696.0349748954934,56.489060341833124,1000.0,1000.0,1.0,1.0,0.0,1.0,1.0,0.0,1.0224,0.9479,0.07450000000000001,0.0,0.0,0.0,0.0,1000.0,1000.0,23.0,23.0,0.0,9.0,978.05,31.19,0.0,540.0,0.0,483.8,0.0,483.8,978.05,514.99,463.05999999999995,0.0,540.0,-540.0,978.05,1054.99,-76.94000000000005,42524.02,82391.01,-39866.99,1.0224,1.9418,-0.9194,1.0224,0.9479,0.07450000000000001,642.5240352373265,641.0349489585966,1.4890862787299284,723.5240352373268,681.5349748954935,41.98906034183324,742.5240352373265,691.0349748954934,51.489060341833124,1.0,1.0,0.0
15,10.0,0.5,14,15,1.2,756.0495741166286,696.0349748954934,60.0145992211352,756.0495741166286,696.0349748954934,60.0145992211352,1000.0,1000.0,1.0,1.0,0.0,1.0,1.0,0.0,0.9442,0.9479,-0.0036999999999999256,0.0,0.0,0.0,0.0,1000.0,1000.0,23.0,23.0,0.0,9.0,1059.14,31.19,0.0,540.0,0.0,483.8,0.0,483.8,1059.14,514.99,544.1500000000001,0.0,540.0,-540.0,1059.14,1054.99,4.150000000000091,46049.55,82391.01,-36341.45999999999,0.9442,1.9418,-0.9975999999999999,0.9442,0.9479,-0.0036999999999999256,646.0495741166286,641.0349489585966,5.014625158032004,727.0495741166288,681.5349748954935,45.51459922113531,746.0495741166286,691.0349748954934,55.0145992211352,1.0,1.0,0.0
15,10.0,0.5,15,16,1.2,752.5240352373265,696.0349748954934,56.489060341833124,752.5240352373265,696.0349748954934,56.489060341833124,1000.0,1000.0,1.0,1.0,0.0,1.0,1.0,0.0,1.0224,0.9479,0.07450000000000001,0.0,0.0,0.0,0.0,1000.0,1000.0,23.0,23.0,0.0,9.0,978.05,31.19,0.0,540.0,0.0,483.8,0.0,483.8,978.05,514.99,463.05999999999995,0.0,540.0,-540.0,978.05,1054.99,-76.94000000000005,42524.02,82391.01,-39866.99,1.0224,1.9418,-0.9194,1.0224,0.9479,0.07450000000000001,642.5240352373265,641.0349489585966,1.4890862787299284,723.5240352373268,681.5349748954935,41.98906034183324,742.5240352373265,691.0349748954934,51.489060341833124,1.0,1.0,0.0
15,10.0,0.5,16,17,1.2,752.5240352373265,696.0349771303399,56.48905810698659,752.5240352373265,696.0349771303399,56.48905810698659,1000.0,1000.0,1.0,1.0,0.0,1.0,1.0,0.0,1.0224,0.9479,0.07450000000000001,0.0,0.0,0.0,0.0,1000.0,1000.0,23.0,23.0,0.0,9.0,978.05,31.19,0.0,540.0,0.0,483.8,0.0,483.8,978.05,514.99,463.05999999999995,0.0,540.0,-540.0,978.05,1054.99,-76.94000000000005,42524.02,82391.01,-39866.99,1.0224,1.9418,-0.9194,1.0224,0.9479,0.07450000000000001,642.5240352373265,641.0349516079461,1.4890836293803886,723.5240352373268,681.53497713034,41.989058106986704,742.5240352373265,691.0349771303399,51.48905810698659,1.0,1.0,0.0
15,10.0,0.5,17,18,1.2,inf,inf,,1441440.0,1441440.0,0.0,0.0,0.0,0.0,0.0,0.0,0.0,0.0,0.0,0.0,0.0,0.0,1000.0,1000.0,1000.0,1000.0,1000.0,1000.0,0.0,0.0,0.0,0.0,0.0,0.0,0.0,0.0,0.0,0.0,0.0,0.0,0.0,0.0,0.0,0.0,0.0,0.0,0.0,0.0,0.0,0.0,0.0,0.0,0.0,0.0,0.0,0.0,0.0,0.0,1440.0,1440.0,0.0,1440.0,1440.0,0.0,1440.0,1440.0,0.0,0.0,0.0,0.0
15,10.0,0.5,18,19,1.2,752.5240352373265,inf,-inf,752.5240352373265,1441440.0,-1440687.4759647627,1000.0,0.0,1.0,0.0,1.0,1.0,0.0,1.0,1.0224,0.0,1.0224,0.0,1000.0,0.0,1000.0,1000.0,1000.0,23.0,23.0,0.0,9.0,978.05,31.19,0.0,540.0,0.0,0.0,0.0,0.0,978.05,31.19,946.8599999999999,0.0,540.0,-540.0,978.05,571.19,406.8599999999999,42524.02,61356.11,-18832.090000000004,1.0224,0.0,1.0224,1.0224,0.0,1.0224,642.5240352373265,1440.0,-797.4759647626735,723.5240352373268,1440.0,-716.4759647626732,742.5240352373265,1440.0,-697.4759647626735,1.0,0.0,1.0
15,10.0,0.5,19,20,1.2,752.5240352373265,696.0349748954934,56.489060341833124,752.5240352373265,696.0349748954934,56.489060341833124,1000.0,1000.0,1.0,1.0,0.0,1.0,1.0,0.0,1.0224,0.9479,0.07450000000000001,0.0,0.0,0.0,0.0,1000.0,1000.0,23.0,23.0,0.0,9.0,978.05,31.19,0.0,540.0,0.0,483.8,0.0,483.8,978.05,514.99,463.05999999999995,0.0,540.0,-540.0,978.05,1054.99,-76.94000000000005,42524.02,82391.01,-39866.99,1.0224,1.9418,-0.9194,1.0224,0.9479,0.07450000000000001,642.5240352373265,641.0349489585966,1.4890862787299284,723.5240352373268,681.5349748954935,41.98906034183324,742.5240352373265,691.0349748954934,51.489060341833124,1.0,1.0,0.0
15,10.0,1.0,0,1,1.2,753.3914975669466,696.0349748954934,57.35652267145315,753.3914975669466,696.0349748954934,57.35652267145315,1000.0,1000.0,1.0,1.0,0.0,1.0,1.0,0.0,1.002,0.9479,0.05410000000000004,0.0,0.0,0.0,0.0,1000.0,1000.0,23.0,23.0,0.0,9.0,998.0,31.19,0.0,540.0,0.0,483.8,0.0,483.8,998.0,514.99,483.01,0.0,540.0,-540.0,998.0,1054.99,-56.99000000000001,43391.48,82391.01,-38999.52999999999,1.002,1.9418,-0.9398,1.002,0.9479,0.05410000000000004,643.3914975669466,641.0349489585966,2.3565486083499536,724.3914975669468,681.5349748954935,42.85652267145326,743.3914975669466,691.0349748954934,52.35652267145315,1.0,1.0,0.0
15,10.0,1.0,1,2,1.2,753.5262538489822,inf,-inf,753.5262538489822,1441440.0,-1440686.473746151,1000.0,0.0,1.0,0.0,1.0,1.0,0.0,1.0,0.9989,0.0,0.9989,0.0,1000.0,0.0,1000.0,1000.0,1000.0,23.0,23.0,0.0,9.0,1001.1,31.19,0.0,540.0,0.0,0.0,0.0,0.0,1001.1,31.19,969.91,0.0,540.0,-540.0,1001.1,571.19,429.90999999999997,43526.23,61356.11,-17829.879999999997,0.9989,0.0,0.9989,0.9989,0.0,0.9989,643.5262538489822,1440.0,-796.4737461510178,724.5262538489824,1440.0,-715.4737461510176,743.5262538489822,1440.0,-696.4737461510178,1.0,0.0,1.0
15,10.0,1.0,2,3,1.2,752.5240352373265,700.9585883729338,51.5654468643927,752.5240352373265,700.9585883729338,51.5654468643927,1000.0,1000.0,1.0,1.0,0.0,1.0,1.0,0.0,1.0224,0.856,0.1664,0.0,0.0,0.0,0.0,1000.0,1000.0,23.0,23.0,0.0,9.0,978.05,31.19,0.0,540.0,0.0,597.05,0.0,597.05,978.05,628.24,349.80999999999995,0.0,540.0,-540.0,978.05,1168.24,-190.19000000000005,42524.02,87314.6,-44790.58000000001,1.0224,1.5918,-0.5694000000000001,1.0224,0.856,0.1664,642.5240352373265,645.9585554191221,-3.4345201817956195,723.5240352373268,686.458588372934,37.06544686439281,742.5240352373265,695.9585883729338,46.5654468643927,1.0,1.0,0.0
15,10.0,1.0,3,4,1.2,inf,inf,,1441440.0,1441440.0,0.0,0.0,0.0,0.0,0.0,0.0,0.0,0.0,0.0,0.0,0.0,0.0,1000.0,1000.0,1000.0,1000.0,1000.0,1000.0,0.0,0.0,0.0,0.0,0.0,0.0,0.0,0.0,0.0,0.0,0.0,0.0,0.0,0.0,0.0,0.0,0.0,0.0,0.0,0.0,0.0,0.0,0.0,0.0,0.0,0.0,0.0,0.0,0.0,0.0,1440.0,1440.0,0.0,1440.0,1440.0,0.0,1440.0,1440.0,0.0,0.0,0.0,0.0
15,10.0,1.0,4,5,1.2,752.9846201643397,696.1744686893275,56.810151475012276,752.9846201643397,696.1744686893275,56.810151475012276,1000.0,1000.0,1.0,1.0,0.0,1.0,1.0,0.0,1.0115,0.945,0.06650000000000011,0.0,0.0,0.0,0.0,1000.0,1000.0,23.0,23.0,0.0,9.0,988.65,31.19,0.0,540.0,0.0,487.01,0.0,487.01,988.65,518.2,470.44999999999993,0.0,540.0,-540.0,988.65,1058.2,-69.55000000000007,42984.6,82530.5,-39545.9,1.0115,1.9298,-0.9182999999999999,1.0115,0.945,0.06650000000000011,642.9846201643397,641.1744410415415,1.8101791227982176,723.98462016434,681.6744686893276,42.31015147501239,742.9846201643397,691.1744686893275,51.810151475012276,1.0,1.0,0.0
15,10.0,1.0,5,6,1.2,inf,inf,,1441440.0,1441440.0,0.0,0.0,0.0,0.0,0.0,0.0,0.0,0.0,0.0,0.0,0.0,0.0,1000.0,1000.0,1000.0,1000.0,1000.0,1000.0,0.0,23.0,0.0,9.0,0.0,31.19,0.0,540.0,0.0,0.0,0.0,0.0,0.0,31.19,-31.19,0.0,540.0,-540.0,0.0,571.19,-571.19,0.0,61356.11,-61356.11,0.0,0.0,0.0,0.0,0.0,0.0,1440.0,1440.0,0.0,1440.0,1440.0,0.0,1440.0,1440.0,0.0,0.0,0.0,0.0
15,10.0,1.0,6,7,1.2,752.9431676877244,700.2586599581538,52.68450772957067,752.9431676877244,700.2586599581538,52.68450772957067,1000.0,1000.0,1.0,1.0,0.0,1.0,1.0,0.0,1.0125,0.868,0.14449999999999996,0.0,0.0,0.0,0.0,1000.0,1000.0,23.0,23.0,0.0,9.0,987.69,31.19,0.0,540.0,0.0,580.95,0.0,580.95,987.69,612.14,375.55000000000007,0.0,540.0,-540.0,987.69,1152.14,-164.45000000000005,42943.15,86614.68,-43671.52999999999,1.0125,1.6336,-0.6211,1.0125,0.868,0.14449999999999996,642.9431676877244,645.258627987424,-2.3154602996995663,723.9431676877247,685.7586599581539,38.18450772957078,742.9431676877244,695.2586599581538,47.68450772957067,1.0,1.0,0.0
15,10.0,1.0,7,8,1.2,inf,inf,,1441440.0,1441440.0,0.0,0.0,0.0,0.0,0.0,0.0,0.0,0.0,0.0,0.0,0.0,0.0,1000.0,1000.0,1000.0,1000.0,1000.0,1000.0,0.0,23.0,0.0,9.0,0.0,31.19,0.0,540.0,0.0,0.0,0.0,0.0,0.0,31.19,-31.19,0.0,540.0,-540.0,0.0,571.19,-571.19,0.0,61356.11,-61356.11,0.0,0.0,0.0,0.0,0.0,0.0,1440.0,1440.0,0.0,1440.0,1440.0,0.0,1440.0,1440.0,0.0,0.0,0.0,0.0
15,10.0,1.0,8,9,1.2,754.0106496015634,696.0349748954934,57.97567470606998,754.0106496015634,696.0349748954934,57.97567470606998,1000.0,1000.0,1.0,1.0,0.0,1.0,1.0,0.0,0.9879,0.9479,0.040000000000000036,0.0,0.0,0.0,0.0,1000.0,1000.0,23.0,23.0,0.0,9.0,1012.24,31.19,0.0,540.0,0.0,483.8,0.0,483.8,1012.24,514.99,497.25,0.0,540.0,-540.0,1012.24,1054.99,-42.75,44010.63,82391.01,-38380.38,0.9879,1.9418,-0.9539,0.9879,0.9479,0.040000000000000036,644.0106496015634,641.0349489585966,2.9757006429667854,725.0106496015636,681.5349748954935,43.475674706070095,744.0106496015634,691.0349748954934,52.97567470606998,1.0,1.0,0.0
15,10.0,1.0,9,10,1.2,inf,inf,,1441440.0,1441440.0,0.0,0.0,0.0,0.0,0.0,0.0,0.0,0.0,0.0,0.0,0.0,0.0,1000.0,1000.0,1000.0,1000.0,1000.0,1000.0,0.0,23.0,0.0,9.0,0.0,31.19,0.0,540.0,0.0,0.0,0.0,0.0,0.0,31.19,-31.19,0.0,540.0,-540.0,0.0,571.19,-571.19,0.0,61356.11,-61356.11,0.0,0.0,0.0,0.0,0.0,0.0,1440.0,1440.0,0.0,1440.0,1440.0,0.0,1440.0,1440.0,0.0,0.0,0.0,0.0
15,10.0,1.0,10,11,1.2,753.5486640553657,696.0349748954934,57.51368915987234,753.5486640553657,696.0349748954934,57.51368915987234,1000.0,1000.0,1.0,1.0,0.0,1.0,1.0,0.0,0.9984,0.9479,0.05049999999999999,0.0,0.0,0.0,0.0,1000.0,1000.0,23.0,23.0,0.0,9.0,1001.62,31.19,0.0,540.0,0.0,483.8,0.0,483.8,1001.62,514.99,486.63,0.0,540.0,-540.0,1001.62,1054.99,-53.370000000000005,43548.64,82391.01,-38842.369999999995,0.9984,1.9418,-0.9434,0.9984,0.9479,0.05049999999999999,643.5486640553657,641.0349489585966,2.513715096769147,724.548664055366,681.5349748954935,43.013689159872456,743.5486640553657,691.0349748954934,52.51368915987234,1.0,1.0,0.0
15,10.0,1.0,11,12,1.2,752.674950326589,700.933978306757,51.74097201983204,752.674950326589,700.933978306757,51.74097201983204,1000.0,1000.0,1.0,1.0,0.0,1.0,1.0,0.0,1.0188,0.8564,0.16239999999999988,0.0,0.0,0.0,0.0,1000.0,1000.0,23.0,23.0,0.0,9.0,981.52,31.19,0.0,540.0,0.0,596.48,0.0,596.48,981.52,627.67,353.85,0.0,540.0,-540.0,981.52,1167.67,-186.1500000000001,42674.93,87290.0,-44615.07,1.0188,1.5932,-0.5744,1.0188,0.8564,0.16239999999999988,642.674950326589,645.9339464844287,-3.258996157839647,723.6749503265893,686.4339783067571,37.24097201983216,742.674950326589,695.933978306757,46.74097201983204,1.0,1.0,0.0
15,10.0,1.0,12,13,1.2,inf,inf,,1441440.0,1441440.0,0.0,0.0,0.0,0.0,0.0,0.0,0.0,0.0,0.0,0.0,0.0,0.0,1000.0,1000.0,1000.0,1000.0,1000.0,1000.0,0.0,23.0,0.0,9.0,0.0,31.19,0.0,540.0,0.0,0.0,0.0,0.0,0.0,31.19,-31.19,0.0,540.0,-540.0,0.0,571.19,-571.19,0.0,61356.11,-61356.11,0.0,0.0,0.0,0.0,0.0,0.0,1440.0,1440.0,0.0,1440.0,1440.0,0.0,1440.0,1440.0,0.0,0.0,0.0,0.0
15,10.0,1.0,13,14,1.2,752.5240352373265,inf,-inf,752.5240352373265,1441440.0,-1440687.4759647627,1000.0,0.0,1.0,0.0,1.0,1.0,0.0,1.0,1.0224,0.0,1.0224,0.0,1000.0,0.0,1000.0,1000.0,1000.0,23.0,23.0,0.0,9.0,978.05,31.19,0.0,540.0,0.0,0.0,0.0,0.0,978.05,31.19,946.8599999999999,0.0,540.0,-540.0,978.05,571.19,406.8599999999999,42524.02,61356.11,-18832.090000000004,1.0224,0.0,1.0224,1.0224,0.0,1.0224,642.5240352373265,1440.0,-797.4759647626735,723.5240352373268,1440.0,-716.4759647626732,742.5240352373265,1440.0,-697.4759647626735,1.0,0.0,1.0
15,10.0,1.0,14,15,1.2,756.0495741166286,696.0349748954934,60.0145992211352,756.0495741166286,696.0349748954934,60.0145992211352,1000.0,1000.0,1.0,1.0,0.0,1.0,1.0,0.0,0.9442,0.9479,-0.0036999999999999256,0.0,0.0,0.0,0.0,1000.0,1000.0,23.0,23.0,0.0,9.0,1059.14,31.19,0.0,540.0,0.0,483.8,0.0,483.8,1059.14,514.99,544.1500000000001,0.0,540.0,-540.0,1059.14,1054.99,4.150000000000091,46049.55,82391.01,-36341.45999999999,0.9442,1.9418,-0.9975999999999999,0.9442,0.9479,-0.0036999999999999256,646.0495741166286,641.0349489585966,5.014625158032004,727.0495741166288,681.5349748954935,45.51459922113531,746.0495741166286,691.0349748954934,55.0145992211352,1.0,1.0,0.0
15,10.0,1.0,15,16,1.2,752.5240352373265,696.0349748954934,56.489060341833124,752.5240352373265,696.0349748954934,56.489060341833124,1000.0,1000.0,1.0,1.0,0.0,1.0,1.0,0.0,1.0224,0.9479,0.07450000000000001,0.0,0.0,0.0,0.0,1000.0,1000.0,23.0,23.0,0.0,9.0,978.05,31.19,0.0,540.0,0.0,483.8,0.0,483.8,978.05,514.99,463.05999999999995,0.0,540.0,-540.0,978.05,1054.99,-76.94000000000005,42524.02,82391.01,-39866.99,1.0224,1.9418,-0.9194,1.0224,0.9479,0.07450000000000001,642.5240352373265,641.0349489585966,1.4890862787299284,723.5240352373268,681.5349748954935,41.98906034183324,742.5240352373265,691.0349748954934,51.489060341833124,1.0,1.0,0.0
15,10.0,1.0,16,17,1.2,752.5240352373265,696.0349771303399,56.48905810698659,752.5240352373265,696.0349771303399,56.48905810698659,1000.0,1000.0,1.0,1.0,0.0,1.0,1.0,0.0,1.0224,0.9479,0.07450000000000001,0.0,0.0,0.0,0.0,1000.0,1000.0,23.0,23.0,0.0,9.0,978.05,31.19,0.0,540.0,0.0,483.8,0.0,483.8,978.05,514.99,463.05999999999995,0.0,540.0,-540.0,978.05,1054.99,-76.94000000000005,42524.02,82391.01,-39866.99,1.0224,1.9418,-0.9194,1.0224,0.9479,0.07450000000000001,642.5240352373265,641.0349516079461,1.4890836293803886,723.5240352373268,681.53497713034,41.989058106986704,742.5240352373265,691.0349771303399,51.48905810698659,1.0,1.0,0.0
15,10.0,1.0,17,18,1.2,inf,inf,,1441440.0,1441440.0,0.0,0.0,0.0,0.0,0.0,0.0,0.0,0.0,0.0,0.0,0.0,0.0,1000.0,1000.0,1000.0,1000.0,1000.0,1000.0,0.0,0.0,0.0,0.0,0.0,0.0,0.0,0.0,0.0,0.0,0.0,0.0,0.0,0.0,0.0,0.0,0.0,0.0,0.0,0.0,0.0,0.0,0.0,0.0,0.0,0.0,0.0,0.0,0.0,0.0,1440.0,1440.0,0.0,1440.0,1440.0,0.0,1440.0,1440.0,0.0,0.0,0.0,0.0
15,10.0,1.0,18,19,1.2,753.4234173172056,inf,-inf,753.4234173172056,1441440.0,-1440686.5765826828,1000.0,0.0,1.0,0.0,1.0,1.0,0.0,1.0,1.0013,0.0,1.0013,0.0,1000.0,0.0,1000.0,1000.0,1000.0,23.0,23.0,0.0,9.0,998.74,31.19,0.0,540.0,0.0,0.0,0.0,0.0,998.74,31.19,967.55,0.0,540.0,-540.0,998.74,571.19,427.54999999999995,43423.4,61356.11,-17932.71,1.0013,0.0,1.0013,1.0013,0.0,1.0013,643.4234173172056,1440.0,-796.5765826827944,724.4234173172058,1440.0,-715.5765826827942,743.4234173172056,1440.0,-696.5765826827944,1.0,0.0,1.0
15,10.0,1.0,19,20,1.2,754.1040782245416,696.0349748954934,58.069103329048176,754.1040782245416,696.0349748954934,58.069103329048176,1000.0,1000.0,1.0,1.0,0.0,1.0,1.0,0.0,0.9858,0.9479,0.037900000000000045,0.0,0.0,0.0,0.0,1000.0,1000.0,23.0,23.0,0.0,9.0,1014.39,31.19,0.0,540.0,0.0,483.8,0.0,483.8,1014.39,514.99,499.4,0.0,540.0,-540.0,1014.39,1054.99,-40.60000000000002,44104.06,82391.01,-38286.95,0.9858,1.9418,-0.956,0.9858,0.9479,0.037900000000000045,644.1040782245416,641.0349489585966,3.06912926594498,725.1040782245418,681.5349748954935,43.56910332904829,744.1040782245416,691.0349748954934,53.069103329048176,1.0,1.0,0.0
15,10.0,2.0,0,1,1.2,inf,inf,,1441440.0,1441440.0,0.0,0.0,0.0,0.0,0.0,0.0,0.0,0.0,0.0,0.0,0.0,0.0,1000.0,1000.0,1000.0,1000.0,1000.0,1000.0,0.0,0.0,0.0,0.0,0.0,0.0,0.0,0.0,0.0,0.0,0.0,0.0,0.0,0.0,0.0,0.0,0.0,0.0,0.0,0.0,0.0,0.0,0.0,0.0,0.0,0.0,0.0,0.0,0.0,0.0,1440.0,1440.0,0.0,1440.0,1440.0,0.0,1440.0,1440.0,0.0,0.0,0.0,0.0
15,10.0,2.0,1,2,1.2,inf,inf,,1441440.0,1441440.0,0.0,0.0,0.0,0.0,0.0,0.0,0.0,0.0,0.0,0.0,0.0,0.0,1000.0,1000.0,1000.0,1000.0,1000.0,1000.0,0.0,23.0,0.0,9.0,0.0,31.19,0.0,540.0,0.0,0.0,0.0,0.0,0.0,31.19,-31.19,0.0,540.0,-540.0,0.0,571.19,-571.19,0.0,61356.11,-61356.11,0.0,0.0,0.0,0.0,0.0,0.0,1440.0,1440.0,0.0,1440.0,1440.0,0.0,1440.0,1440.0,0.0,0.0,0.0,0.0
15,10.0,2.0,2,3,1.2,754.1781662157337,705.9585883729338,48.21957784279982,754.1781662157337,705.9585883729338,48.21957784279982,1000.0,1000.0,1.0,1.0,0.0,1.0,1.0,0.0,0.9842,0.813,0.17120000000000002,0.0,0.0,0.0,0.0,1000.0,1000.0,23.0,23.0,0.0,8.0,1016.1,152.91,0.0,480.0,0.0,597.05,0.0,597.05,1016.1,749.95,266.15,0.0,480.0,-480.0,1016.1,1229.95,-213.85000000000002,44178.15,92606.6,-48428.450000000004,0.9842,1.3334,-0.34919999999999995,0.9842,0.813,0.17120000000000002,644.1781662157337,650.9585883729338,-6.780422157200178,725.1781662157339,691.458588372934,33.719577842799936,744.1781662157337,700.9585883729338,43.21957784279982,1.0,1.0,0.0
15,10.0,2.0,3,4,1.2,inf,inf,,1441440.0,1441440.0,0.0,0.0,0.0,0.0,0.0,0.0,0.0,0.0,0.0,0.0,0.0,0.0,1000.0,1000.0,1000.0,1000.0,1000.0,1000.0,0.0,0.0,0.0,0.0,0.0,0.0,0.0,0.0,0.0,0.0,0.0,0.0,0.0,0.0,0.0,0.0,0.0,0.0,0.0,0.0,0.0,0.0,0.0,0.0,0.0,0.0,0.0,0.0,0.0,0.0,1440.0,1440.0,0.0,1440.0,1440.0,0.0,1440.0,1440.0,0.0,0.0,0.0,0.0
15,10.0,2.0,4,5,1.2,755.2008691231597,inf,-inf,755.2008691231597,1441440.0,-1440684.7991308768,1000.0,0.0,1.0,0.0,1.0,1.0,0.0,1.0,0.9619,0.0,0.9619,0.0,1000.0,0.0,1000.0,1000.0,1000.0,23.0,23.0,0.0,9.0,1039.62,31.19,0.0,540.0,0.0,0.0,0.0,0.0,1039.62,31.19,1008.4299999999998,0.0,540.0,-540.0,1039.62,571.19,468.42999999999984,45200.85,61356.11,-16155.260000000002,0.9619,0.0,0.9619,0.9619,0.0,0.9619,645.2008691231597,1440.0,-794.7991308768403,726.2008691231599,1440.0,-713.7991308768401,745.2008691231597,1440.0,-694.7991308768403,1.0,0.0,1.0
15,10.0,2.0,5,6,1.2,inf,inf,,1441440.0,1441440.0,0.0,0.0,0.0,0.0,0.0,0.0,0.0,0.0,0.0,0.0,0.0,0.0,1000.0,1000.0,1000.0,1000.0,1000.0,1000.0,0.0,23.0,0.0,9.0,0.0,31.19,0.0,540.0,0.0,0.0,0.0,0.0,0.0,31.19,-31.19,0.0,540.0,-540.0,0.0,571.19,-571.19,0.0,61356.11,-61356.11,0.0,0.0,0.0,0.0,0.0,0.0,1440.0,1440.0,0.0,1440.0,1440.0,0.0,1440.0,1440.0,0.0,0.0,0.0,0.0
15,10.0,2.0,6,7,1.2,inf,inf,,1441440.0,1441440.0,0.0,0.0,0.0,0.0,0.0,0.0,0.0,0.0,0.0,0.0,0.0,0.0,1000.0,1000.0,1000.0,1000.0,1000.0,1000.0,0.0,0.0,0.0,0.0,0.0,0.0,0.0,0.0,0.0,0.0,0.0,0.0,0.0,0.0,0.0,0.0,0.0,0.0,0.0,0.0,0.0,0.0,0.0,0.0,0.0,0.0,0.0,0.0,0.0,0.0,1440.0,1440.0,0.0,1440.0,1440.0,0.0,1440.0,1440.0,0.0,0.0,0.0,0.0
15,10.0,2.0,7,8,1.2,inf,inf,,1441440.0,1441440.0,0.0,0.0,0.0,0.0,0.0,0.0,0.0,0.0,0.0,0.0,0.0,0.0,1000.0,1000.0,1000.0,1000.0,1000.0,1000.0,0.0,23.0,0.0,9.0,0.0,31.19,0.0,540.0,0.0,0.0,0.0,0.0,0.0,31.19,-31.19,0.0,540.0,-540.0,0.0,571.19,-571.19,0.0,61356.11,-61356.11,0.0,0.0,0.0,0.0,0.0,0.0,1440.0,1440.0,0.0,1440.0,1440.0,0.0,1440.0,1440.0,0.0,0.0,0.0,0.0
15,10.0,2.0,8,9,1.2,756.0496784827145,inf,-inf,756.0496784827145,1441440.0,-1440683.9503215172,1000.0,0.0,1.0,0.0,1.0,1.0,0.0,1.0,0.9442,0.0,0.9442,0.0,1000.0,0.0,1000.0,1000.0,1000.0,23.0,23.0,0.0,8.0,1059.14,166.91,0.0,480.0,0.0,0.0,0.0,0.0,1059.14,166.91,892.2300000000001,0.0,480.0,-480.0,1059.14,646.91,412.23000000000013,46049.65,67256.94,-21207.29,0.9442,0.0,0.9442,0.9442,0.0,0.9442,646.0496784827145,1440.0,-793.9503215172855,727.0496784827147,1440.0,-712.9503215172853,746.0496784827145,1440.0,-693.9503215172855,1.0,0.0,1.0
15,10.0,2.0,9,10,1.2,inf,inf,,1441440.0,1441440.0,0.0,0.0,0.0,0.0,0.0,0.0,0.0,0.0,0.0,0.0,0.0,0.0,1000.0,1000.0,1000.0,1000.0,1000.0,1000.0,0.0,23.0,0.0,9.0,0.0,31.19,0.0,540.0,0.0,0.0,0.0,0.0,0.0,31.19,-31.19,0.0,540.0,-540.0,0.0,571.19,-571.19,0.0,61356.11,-61356.11,0.0,0.0,0.0,0.0,0.0,0.0,1440.0,1440.0,0.0,1440.0,1440.0,0.0,1440.0,1440.0,0.0,0.0,0.0,0.0
15,10.0,2.0,10,11,1.2,754.6896783083668,inf,-inf,754.6896783083668,1441440.0,-1440685.3103216917,1000.0,0.0,1.0,0.0,1.0,1.0,0.0,1.0,0.9729,0.0,0.9729,0.0,1000.0,0.0,1000.0,1000.0,1000.0,23.0,23.0,0.0,9.0,1027.86,31.19,0.0,540.0,0.0,0.0,0.0,0.0,1027.86,31.19,996.6699999999998,0.0,540.0,-540.0,1027.86,571.19,456.66999999999985,44689.66,61356.11,-16666.449999999997,0.9729,0.0,0.9729,0.9729,0.0,0.9729,644.6896783083668,1440.0,-795.3103216916332,725.689678308367,1440.0,-714.310321691633,744.6896783083668,1440.0,-695.3103216916332,1.0,0.0,1.0
15,10.0,2.0,11,12,1.2,753.9809202918601,700.9585883729338,53.022331918926284,753.9809202918601,700.9585883729338,53.022331918926284,1000.0,1000.0,1.0,1.0,0.0,1.0,1.0,0.0,0.9886,0.856,0.13260000000000005,0.0,0.0,0.0,0.0,1000.0,1000.0,23.0,23.0,0.0,9.0,1011.56,31.19,0.0,540.0,0.0,597.05,0.0,597.05,1011.56,628.24,383.31999999999994,0.0,540.0,-540.0,1011.56,1168.24,-156.68000000000006,43980.9,87314.6,-43333.700000000004,0.9886,1.5918,-0.6032000000000001,0.9886,0.856,0.13260000000000005,643.9809202918601,645.9585554191221,-1.9776351272620332,724.9809202918603,686.458588372934,38.5223319189264,743.9809202918601,695.9585883729338,48.022331918926284,1.0,1.0,0.0
15,10.0,2.0,12,13,1.2,inf,inf,,1441440.0,1441440.0,0.0,0.0,0.0,0.0,0.0,0.0,0.0,0.0,0.0,0.0,0.0,0.0,1000.0,1000.0,1000.0,1000.0,1000.0,1000.0,0.0,23.0,0.0,9.0,0.0,31.19,0.0,540.0,0.0,0.0,0.0,0.0,0.0,31.19,-31.19,0.0,540.0,-540.0,0.0,571.19,-571.19,0.0,61356.11,-61356.11,0.0,0.0,0.0,0.0,0.0,0.0,1440.0,1440.0,0.0,1440.0,1440.0,0.0,1440.0,1440.0,0.0,0.0,0.0,0.0
15,10.0,2.0,13,14,1.2,756.4888152115722,inf,-inf,756.4888152115722,1441440.0,-1440683.5111847885,1000.0,0.0,1.0,0.0,1.0,1.0,0.0,1.0,0.9352,0.0,0.9352,0.0,1000.0,0.0,1000.0,1000.0,1000.0,23.0,23.0,0.0,9.0,1069.24,31.19,0.0,540.0,0.0,0.0,0.0,0.0,1069.24,31.19,1038.05,0.0,540.0,-540.0,1069.24,571.19,498.04999999999995,46488.8,61356.11,-14867.309999999998,0.9352,0.0,0.9352,0.9352,0.0,0.9352,646.4888152115722,1440.0,-793.5111847884278,727.4888152115724,1440.0,-712.5111847884276,746.4888152115722,1440.0,-693.5111847884278,1.0,0.0,1.0
15,10.0,2.0,14,15,1.2,inf,inf,,1441440.0,1441440.0,0.0,0.0,0.0,0.0,0.0,0.0,0.0,0.0,0.0,0.0,0.0,0.0,1000.0,1000.0,1000.0,1000.0,1000.0,1000.0,0.0,0.0,0.0,0.0,0.0,0.0,0.0,0.0,0.0,0.0,0.0,0.0,0.0,0.0,0.0,0.0,0.0,0.0,0.0,0.0,0.0,0.0,0.0,0.0,0.0,0.0,0.0,0.0,0.0,0.0,1440.0,1440.0,0.0,1440.0,1440.0,0.0,1440.0,1440.0,0.0,0.0,0.0,0.0
15,10.0,2.0,15,16,1.2,753.9364023143655,inf,-inf,753.9364023143655,1441440.0,-1440686.0635976857,1000.0,0.0,1.0,0.0,1.0,1.0,0.0,1.0,0.9896,0.0,0.9896,0.0,1000.0,0.0,1000.0,1000.0,1000.0,23.0,23.0,0.0,9.0,1010.54,31.19,0.0,540.0,0.0,0.0,0.0,0.0,1010.54,31.19,979.3499999999999,0.0,540.0,-540.0,1010.54,571.19,439.3499999999999,43936.38,61356.11,-17419.730000000003,0.9896,0.0,0.9896,0.9896,0.0,0.9896,643.9364023143655,1440.0,-796.0635976856345,724.9364023143658,1440.0,-715.0635976856342,743.9364023143655,1440.0,-696.0635976856345,1.0,0.0,1.0
15,10.0,2.0,16,17,1.2,752.5240352373265,inf,-inf,752.5240352373265,1441440.0,-1440687.4759647627,1000.0,0.0,1.0,0.0,1.0,1.0,0.0,1.0,1.0224,0.0,1.0224,0.0,1000.0,0.0,1000.0,1000.0,1000.0,23.0,23.0,0.0,9.0,978.05,31.19,0.0,540.0,0.0,0.0,0.0,0.0,978.05,31.19,946.8599999999999,0.0,540.0,-540.0,978.05,571.19,406.8599999999999,42524.02,61356.11,-18832.090000000004,1.0224,0.0,1.0224,1.0224,0.0,1.0224,642.5240352373265,1440.0,-797.4759647626735,723.5240352373268,1440.0,-716.4759647626732,742.5240352373265,1440.0,-697.4759647626735,1.0,0.0,1.0
15,10.0,2.0,17,18,1.2,inf,inf,,1441440.0,1441440.0,0.0,0.0,0.0,0.0,0.0,0.0,0.0,0.0,0.0,0.0,0.0,0.0,1000.0,1000.0,1000.0,1000.0,1000.0,1000.0,0.0,0.0,0.0,0.0,0.0,0.0,0.0,0.0,0.0,0.0,0.0,0.0,0.0,0.0,0.0,0.0,0.0,0.0,0.0,0.0,0.0,0.0,0.0,0.0,0.0,0.0,0.0,0.0,0.0,0.0,1440.0,1440.0,0.0,1440.0,1440.0,0.0,1440.0,1440.0,0.0,0.0,0.0,0.0
15,10.0,2.0,18,19,1.2,754.837311059766,inf,-inf,754.837311059766,1441440.0,-1440685.1626889403,1000.0,0.0,1.0,0.0,1.0,1.0,0.0,1.0,0.9697,0.0,0.9697,0.0,1000.0,0.0,1000.0,1000.0,1000.0,23.0,23.0,0.0,9.0,1031.26,31.19,0.0,540.0,0.0,0.0,0.0,0.0,1031.26,31.19,1000.0699999999999,0.0,540.0,-540.0,1031.26,571.19,460.06999999999994,44837.29,61356.11,-16518.82,0.9697,0.0,0.9697,0.9697,0.0,0.9697,644.837311059766,1440.0,-795.162688940234,725.8373110597662,1440.0,-714.1626889402338,744.837311059766,1440.0,-695.162688940234,1.0,0.0,1.0
15,10.0,2.0,19,20,1.2,759.8289166535676,inf,-inf,759.8289166535676,1441440.0,-1440680.1710833465,1000.0,0.0,1.0,0.0,1.0,1.0,0.0,1.0,0.8726,0.0,0.8726,0.0,1000.0,0.0,1000.0,1000.0,1000.0,23.0,23.0,0.0,9.0,1146.06,31.19,0.0,540.0,0.0,0.0,0.0,0.0,1146.06,31.19,1114.87,0.0,540.0,-540.0,1146.06,571.19,574.8699999999999,49828.89,61356.11,-11527.220000000001,0.8726,0.0,0.8726,0.8726,0.0,0.8726,649.8289166535676,1440.0,-790.1710833464324,730.8289166535678,1440.0,-709.1710833464322,749.8289166535676,1440.0,-690.1710833464324,1.0,0.0,1.0
23,3.0,0.5,0,1,1.2,594.9437233656265,696.0349748954934,-101.0912515298669,594.9437233656265,696.0349748954934,-101.0912515298669,1000.0,1000.0,1.0,1.0,0.0,1.0,1.0,0.0,0.9703,0.9479,0.022400000000000087,0.0,0.0,0.0,0.0,1000.0,1000.0,24.0,23.0,0.0,9.0,1030.64,31.19,0.0,540.0,0.0,483.8,0.0,483.8,1030.64,514.99,515.6500000000001,0.0,540.0,-540.0,1030.64,1054.99,-24.34999999999991,42943.41,82391.01,-39447.59999999999,0.9703,1.9418,-0.9714999999999999,0.9703,0.9479,0.022400000000000087,561.9434197920257,641.0349489585966,-79.09152916657092,585.9437233656265,681.5349748954935,-95.59125152986701,591.9437233656265,691.0349748954934,-99.0912515298669,1.0,1.0,0.0
23,3.0,0.5,1,2,1.2,594.875845136541,696.0349748954934,-101.15912975895242,594.875845136541,696.0349748954934,-101.15912975895242,1000.0,1000.0,1.0,1.0,0.0,1.0,1.0,0.0,1.0141,0.9479,0.06620000000000004,0.0,0.0,0.0,0.0,1000.0,1000.0,23.0,23.0,0.0,9.0,986.14,31.19,0.0,540.0,0.0,483.8,0.0,483.8,986.14,514.99,471.15,0.0,540.0,-540.0,986.14,1054.99,-68.85000000000002,42875.56,82391.01,-39515.45,1.0141,1.9418,-0.9277,1.0141,0.9479,0.06620000000000004,561.8755607761644,641.0349489585966,-79.15938818243217,586.175845136541,681.5349748954935,-95.35912975895246,591.875845136541,691.0349748954934,-99.15912975895242,1.0,1.0,0.0
23,3.0,0.5,2,3,1.2,594.5244746138139,700.9585883729338,-106.4341137591199,594.5244746138139,700.9585883729338,-106.4341137591199,1000.0,1000.0,1.0,1.0,0.0,1.0,1.0,0.0,0.9798,0.856,0.12380000000000002,0.0,0.0,0.0,0.0,1000.0,1000.0,24.0,23.0,0.0,9.0,1020.58,31.19,0.0,540.0,0.0,597.05,0.0,597.05,1020.58,628.24,392.34000000000003,0.0,540.0,-540.0,1020.58,1168.24,-147.65999999999997,42524.23,87314.6,-44790.37,0.9798,1.5918,-0.6120000000000001,0.9798,0.856,0.12380000000000002,561.524234577091,645.9585554191221,-84.43432084203118,585.5244746138139,686.458588372934,-100.93411375912001,591.5244746138139,695.9585883729338,-104.4341137591199,1.0,1.0,0.0
23,3.0,0.5,3,4,1.2,inf,inf,,1441440.0,1441440.0,0.0,0.0,0.0,0.0,0.0,0.0,0.0,0.0,0.0,0.0,0.0,0.0,1000.0,1000.0,1000.0,1000.0,1000.0,1000.0,0.0,0.0,0.0,0.0,0.0,0.0,0.0,0.0,0.0,0.0,0.0,0.0,0.0,0.0,0.0,0.0,0.0,0.0,0.0,0.0,0.0,0.0,0.0,0.0,0.0,0.0,0.0,0.0,0.0,0.0,1440.0,1440.0,0.0,1440.0,1440.0,0.0,1440.0,1440.0,0.0,0.0,0.0,0.0
23,3.0,0.5,4,5,1.2,594.9850827576796,696.0349748954934,-101.0498921378138,594.9850827576796,696.0349748954934,-101.0498921378138,1000.0,1000.0,1.0,1.0,0.0,1.0,1.0,0.0,0.9693,0.9479,0.021400000000000086,0.0,0.0,0.0,0.0,1000.0,1000.0,24.0,23.0,0.0,9.0,1031.64,31.19,0.0,540.0,0.0,483.8,0.0,483.8,1031.64,514.99,516.6500000000001,0.0,540.0,-540.0,1031.64,1054.99,-23.34999999999991,42984.82,82391.01,-39406.189999999995,0.9693,1.9418,-0.9724999999999999,0.9693,0.9479,0.021400000000000086,561.9848300373077,641.0349489585966,-79.05011892128891,585.9850827576796,681.5349748954935,-95.54989213781391,591.9850827576796,691.0349748954934,-99.0498921378138,1.0,1.0,0.0
23,3.0,0.5,5,6,1.2,inf,inf,,1441440.0,1441440.0,0.0,0.0,0.0,0.0,0.0,0.0,0.0,0.0,0.0,0.0,0.0,0.0,1000.0,1000.0,1000.0,1000.0,1000.0,1000.0,0.0,23.0,0.0,9.0,0.0,31.19,0.0,540.0,0.0,0.0,0.0,0.0,0.0,31.19,-31.19,0.0,540.0,-540.0,0.0,571.19,-571.19,0.0,61356.11,-61356.11,0.0,0.0,0.0,0.0,0.0,0.0,1440.0,1440.0,0.0,1440.0,1440.0,0.0,1440.0,1440.0,0.0,0.0,0.0,0.0
23,3.0,0.5,6,7,1.2,594.5244746138139,700.2586599581538,-105.73418534433983,594.5244746138139,700.2586599581538,-105.73418534433983,1000.0,1000.0,1.0,1.0,0.0,1.0,1.0,0.0,0.9798,0.868,0.11180000000000001,0.0,0.0,0.0,0.0,1000.0,1000.0,24.0,23.0,0.0,9.0,1020.58,31.19,0.0,540.0,0.0,580.95,0.0,580.95,1020.58,612.14,408.44000000000005,0.0,540.0,-540.0,1020.58,1152.14,-131.56000000000006,42524.23,86614.68,-44090.44999999999,0.9798,1.6336,-0.6537999999999999,0.9798,0.868,0.11180000000000001,561.524234577091,645.258627987424,-83.73439341033304,585.5244746138139,685.7586599581539,-100.23418534433995,591.5244746138139,695.2586599581538,-103.73418534433983,1.0,1.0,0.0
23,3.0,0.5,7,8,1.2,inf,inf,,1441440.0,1441440.0,0.0,0.0,0.0,0.0,0.0,0.0,0.0,0.0,0.0,0.0,0.0,0.0,1000.0,1000.0,1000.0,1000.0,1000.0,1000.0,0.0,23.0,0.0,9.0,0.0,31.19,0.0,540.0,0.0,0.0,0.0,0.0,0.0,31.19,-31.19,0.0,540.0,-540.0,0.0,571.19,-571.19,0.0,61356.11,-61356.11,0.0,0.0,0.0,0.0,0.0,0.0,1440.0,1440.0,0.0,1440.0,1440.0,0.0,1440.0,1440.0,0.0,0.0,0.0,0.0
23,3.0,0.5,8,9,1.2,594.5244746138139,696.0349748954934,-101.51050028167947,594.5244746138139,696.0349748954934,-101.51050028167947,1000.0,1000.0,1.0,1.0,0.0,1.0,1.0,0.0,0.9798,0.9479,0.03190000000000004,0.0,0.0,0.0,0.0,1000.0,1000.0,24.0,23.0,0.0,9.0,1020.58,31.19,0.0,540.0,0.0,483.8,0.0,483.8,1020.58,514.99,505.59000000000003,0.0,540.0,-540.0,1020.58,1054.99,-34.40999999999997,42524.23,82391.01,-39866.77999999999,0.9798,1.9418,-0.962,0.9798,0.9479,0.03190000000000004,561.524234577091,641.0349489585966,-79.51071438150564,585.5244746138139,681.5349748954935,-96.01050028167958,591.5244746138139,691.0349748954934,-99.51050028167947,1.0,1.0,0.0
23,3.0,0.5,9,10,1.2,594.5244746138139,696.0349748954934,-101.51050028167947,594.5244746138139,696.0349748954934,-101.51050028167947,1000.0,1000.0,1.0,1.0,0.0,1.0,1.0,0.0,0.9798,0.9479,0.03190000000000004,0.0,0.0,0.0,0.0,1000.0,1000.0,24.0,23.0,0.0,9.0,1020.58,31.19,0.0,540.0,0.0,483.8,0.0,483.8,1020.58,514.99,505.59000000000003,0.0,540.0,-540.0,1020.58,1054.99,-34.40999999999997,42524.23,82391.01,-39866.77999999999,0.9798,1.9418,-0.962,0.9798,0.9479,0.03190000000000004,561.524234577091,641.0349489585966,-79.51071438150564,585.5244746138139,681.5349748954935,-96.01050028167958,591.5244746138139,691.0349748954934,-99.51050028167947,1.0,1.0,0.0
23,3.0,0.5,10,11,1.2,595.5492800733738,696.0349748954934,-100.48569482211963,595.5492800733738,696.0349748954934,-100.48569482211963,1000.0,1000.0,1.0,1.0,0.0,1.0,1.0,0.0,0.9984,0.9479,0.05049999999999999,0.0,0.0,0.0,0.0,1000.0,1000.0,23.0,23.0,0.0,9.0,1001.62,31.19,0.0,540.0,0.0,483.8,0.0,483.8,1001.62,514.99,486.63,0.0,540.0,-540.0,1001.62,1054.99,-53.370000000000005,43548.9,82391.01,-38842.10999999999,0.9984,1.9418,-0.9434,0.9984,0.9479,0.05049999999999999,562.5489002805878,641.0349489585966,-78.48604867800884,586.8492800733738,681.5349748954935,-94.68569482211967,592.5492800733738,691.0349748954934,-98.48569482211963,1.0,1.0,0.0
23,3.0,0.5,11,12,1.2,594.5244746138139,700.933978306757,-106.40950369294308,594.5244746138139,700.933978306757,-106.40950369294308,1000.0,1000.0,1.0,1.0,0.0,1.0,1.0,0.0,1.0224,0.8564,0.16599999999999993,0.0,0.0,0.0,0.0,1000.0,1000.0,23.0,23.0,0.0,9.0,978.06,31.19,0.0,540.0,0.0,596.48,0.0,596.48,978.06,627.67,350.39,0.0,540.0,-540.0,978.06,1167.67,-189.61000000000013,42524.2,87290.0,-44765.8,1.0224,1.5932,-0.5708,1.0224,0.8564,0.16599999999999993,561.5242037255962,645.9339464844287,-84.40974275883252,585.824474613814,686.4339783067571,-100.60950369294312,591.5244746138139,695.933978306757,-104.40950369294308,1.0,1.0,0.0
23,3.0,0.5,12,13,1.2,594.9437233656265,696.0349748954934,-101.0912515298669,594.9437233656265,696.0349748954934,-101.0912515298669,1000.0,1000.0,1.0,1.0,0.0,1.0,1.0,0.0,0.9703,0.9479,0.022400000000000087,0.0,0.0,0.0,0.0,1000.0,1000.0,24.0,23.0,0.0,9.0,1030.64,31.19,0.0,540.0,0.0,483.8,0.0,483.8,1030.64,514.99,515.6500000000001,0.0,540.0,-540.0,1030.64,1054.99,-24.34999999999991,42943.41,82391.01,-39447.59999999999,0.9703,1.9418,-0.9714999999999999,0.9703,0.9479,0.022400000000000087,561.9434197920257,641.0349489585966,-79.09152916657092,585.9437233656265,681.5349748954935,-95.59125152986701,591.9437233656265,691.0349748954934,-99.0912515298669,1.0,1.0,0.0
23,3.0,0.5,13,14,1.2,594.5244746138139,696.0349748954934,-101.51050028167947,594.5244746138139,696.0349748954934,-101.51050028167947,1000.0,1000.0,1.0,1.0,0.0,1.0,1.0,0.0,0.9798,0.9479,0.03190000000000004,0.0,0.0,0.0,0.0,1000.0,1000.0,24.0,23.0,0.0,9.0,1020.58,31.19,0.0,540.0,0.0,483.8,0.0,483.8,1020.58,514.99,505.59000000000003,0.0,540.0,-540.0,1020.58,1054.99,-34.40999999999997,42524.23,82391.01,-39866.77999999999,0.9798,1.9418,-0.962,0.9798,0.9479,0.03190000000000004,561.524234577091,641.0349489585966,-79.51071438150564,585.5244746138139,681.5349748954935,-96.01050028167958,591.5244746138139,691.0349748954934,-99.51050028167947,1.0,1.0,0.0
23,3.0,0.5,14,15,1.2,598.0501219373559,696.0349748954934,-97.98485295813748,598.0501219373559,696.0349748954934,-97.98485295813748,1000.0,1000.0,1.0,1.0,0.0,1.0,1.0,0.0,0.9442,0.9479,-0.0036999999999999256,0.0,0.0,0.0,0.0,1000.0,1000.0,23.0,23.0,0.0,9.0,1059.15,31.19,0.0,540.0,0.0,483.8,0.0,483.8,1059.15,514.99,544.1600000000001,0.0,540.0,-540.0,1059.15,1054.99,4.160000000000082,46049.78,82391.01,-36341.229999999996,0.9442,1.9418,-0.9975999999999999,0.9442,0.9479,-0.0036999999999999256,565.0497841901513,641.0349489585966,-75.98516476844532,589.350121937356,681.5349748954935,-92.18485295813753,595.0501219373559,691.0349748954934,-95.98485295813748,1.0,1.0,0.0
23,3.0,0.5,15,16,1.2,594.5244746138139,696.0349748954934,-101.51050028167947,594.5244746138139,696.0349748954934,-101.51050028167947,1000.0,1000.0,1.0,1.0,0.0,1.0,1.0,0.0,0.9798,0.9479,0.03190000000000004,0.0,0.0,0.0,0.0,1000.0,1000.0,24.0,23.0,0.0,9.0,1020.58,31.19,0.0,540.0,0.0,483.8,0.0,483.8,1020.58,514.99,505.59000000000003,0.0,540.0,-540.0,1020.58,1054.99,-34.40999999999997,42524.23,82391.01,-39866.77999999999,0.9798,1.9418,-0.962,0.9798,0.9479,0.03190000000000004,561.524234577091,641.0349489585966,-79.51071438150564,585.5244746138139,681.5349748954935,-96.01050028167958,591.5244746138139,691.0349748954934,-99.51050028167947,1.0,1.0,0.0
23,3.0,0.5,16,17,1.2,594.5244746138139,696.0349771303399,-101.510502516526,594.5244746138139,696.0349771303399,-101.510502516526,1000.0,1000.0,1.0,1.0,0.0,1.0,1.0,0.0,1.0224,0.9479,0.07450000000000001,0.0,0.0,0.0,0.0,1000.0,1000.0,23.0,23.0,0.0,9.0,978.06,31.19,0.0,540.0,0.0,483.8,0.0,483.8,978.06,514.99,463.06999999999994,0.0,540.0,-540.0,978.06,1054.99,-76.93000000000006,42524.2,82391.01,-39866.81,1.0224,1.9418,-0.9194,1.0224,0.9479,0.07450000000000001,561.5242037255962,641.0349516079461,-79.51074788234996,585.824474613814,681.53497713034,-95.71050251652605,591.5244746138139,691.0349771303399,-99.510502516526,1.0,1.0,0.0
23,3.0,0.5,17,18,1.2,inf,inf,,1441440.0,1441440.0,0.0,0.0,0.0,0.0,0.0,0.0,0.0,0.0,0.0,0.0,0.0,0.0,1000.0,1000.0,1000.0,1000.0,1000.0,1000.0,0.0,0.0,0.0,0.0,0.0,0.0,0.0,0.0,0.0,0.0,0.0,0.0,0.0,0.0,0.0,0.0,0.0,0.0,0.0,0.0,0.0,0.0,0.0,0.0,0.0,0.0,0.0,0.0,0.0,0.0,1440.0,1440.0,0.0,1440.0,1440.0,0.0,1440.0,1440.0,0.0,0.0,0.0,0.0
23,3.0,0.5,18,19,1.2,594.5244746138139,inf,-inf,594.5244746138139,1441440.0,-1440845.4755253862,1000.0,0.0,1.0,0.0,1.0,1.0,0.0,1.0,0.9798,0.0,0.9798,0.0,1000.0,0.0,1000.0,1000.0,1000.0,24.0,23.0,0.0,9.0,1020.58,31.19,0.0,540.0,0.0,0.0,0.0,0.0,1020.58,31.19,989.39,0.0,540.0,-540.0,1020.58,571.19,449.39,42524.23,61356.11,-18831.879999999997,0.9798,0.0,0.9798,0.9798,0.0,0.9798,561.524234577091,1440.0,-878.475765422909,585.5244746138139,1440.0,-854.4755253861861,591.5244746138139,1440.0,-848.4755253861861,1.0,0.0,1.0
23,3.0,0.5,19,20,1.2,594.5244746138139,696.0349748954934,-101.51050028167947,594.5244746138139,696.0349748954934,-101.51050028167947,1000.0,1000.0,1.0,1.0,0.0,1.0,1.0,0.0,0.9798,0.9479,0.03190000000000004,0.0,0.0,0.0,0.0,1000.0,1000.0,24.0,23.0,0.0,9.0,1020.58,31.19,0.0,540.0,0.0,483.8,0.0,483.8,1020.58,514.99,505.59000000000003,0.0,540.0,-540.0,1020.58,1054.99,-34.40999999999997,42524.23,82391.01,-39866.77999999999,0.9798,1.9418,-0.962,0.9798,0.9479,0.03190000000000004,561.524234577091,641.0349489585966,-79.51071438150564,585.5244746138139,681.5349748954935,-96.01050028167958,591.5244746138139,691.0349748954934,-99.51050028167947,1.0,1.0,0.0
23,3.0,1.0,0,1,1.2,595.3920021235192,696.0349748954934,-100.6429727719742,595.3920021235192,696.0349748954934,-100.6429727719742,1000.0,1000.0,1.0,1.0,0.0,1.0,1.0,0.0,0.9602,0.9479,0.012300000000000089,0.0,0.0,0.0,0.0,1000.0,1000.0,24.0,23.0,0.0,9.0,1041.4,31.19,0.0,540.0,0.0,483.8,0.0,483.8,1041.4,514.99,526.4100000000001,0.0,540.0,-540.0,1041.4,1054.99,-13.589999999999918,43391.72,82391.01,-38999.28999999999,0.9602,1.9418,-0.9815999999999999,0.9602,0.9479,0.012300000000000089,562.3917264781223,641.0349489585966,-78.64322248047426,586.3920021235192,681.5349748954935,-95.14297277197431,592.3920021235192,691.0349748954934,-98.6429727719742,1.0,1.0,0.0
23,3.0,1.0,1,2,1.2,595.5268298806967,inf,-inf,595.5268298806967,1441440.0,-1440844.4731701193,1000.0,0.0,1.0,0.0,1.0,1.0,0.0,1.0,0.9989,0.0,0.9989,0.0,1000.0,0.0,1000.0,1000.0,1000.0,23.0,23.0,0.0,9.0,1001.11,31.19,0.0,540.0,0.0,0.0,0.0,0.0,1001.11,31.19,969.92,0.0,540.0,-540.0,1001.11,571.19,429.91999999999996,43526.47,61356.11,-17829.64,0.9989,0.0,0.9989,0.9989,0.0,0.9989,562.5264747406088,1440.0,-877.4735252593912,586.8268298806968,1440.0,-853.1731701193032,592.5268298806967,1440.0,-847.4731701193033,1.0,0.0,1.0
23,3.0,1.0,2,3,1.2,594.5244746138139,700.9585883729338,-106.4341137591199,594.5244746138139,700.9585883729338,-106.4341137591199,1000.0,1000.0,1.0,1.0,0.0,1.0,1.0,0.0,0.9798,0.856,0.12380000000000002,0.0,0.0,0.0,0.0,1000.0,1000.0,24.0,23.0,0.0,9.0,1020.58,31.19,0.0,540.0,0.0,597.05,0.0,597.05,1020.58,628.24,392.34000000000003,0.0,540.0,-540.0,1020.58,1168.24,-147.65999999999997,42524.23,87314.6,-44790.37,0.9798,1.5918,-0.6120000000000001,0.9798,0.856,0.12380000000000002,561.524234577091,645.9585554191221,-84.43432084203118,585.5244746138139,686.458588372934,-100.93411375912001,591.5244746138139,695.9585883729338,-104.4341137591199,1.0,1.0,0.0
23,3.0,1.0,3,4,1.2,inf,inf,,1441440.0,1441440.0,0.0,0.0,0.0,0.0,0.0,0.0,0.0,0.0,0.0,0.0,0.0,0.0,1000.0,1000.0,1000.0,1000.0,1000.0,1000.0,0.0,0.0,0.0,0.0,0.0,0.0,0.0,0.0,0.0,0.0,0.0,0.0,0.0,0.0,0.0,0.0,0.0,0.0,0.0,0.0,0.0,0.0,0.0,0.0,0.0,0.0,0.0,0.0,0.0,0.0,1440.0,1440.0,0.0,1440.0,1440.0,0.0,1440.0,1440.0,0.0,0.0,0.0,0.0
23,3.0,1.0,4,5,1.2,594.9850827576796,696.1744686893275,-101.18938593164785,594.9850827576796,696.1744686893275,-101.18938593164785,1000.0,1000.0,1.0,1.0,0.0,1.0,1.0,0.0,0.9693,0.945,0.0243000000000001,0.0,0.0,0.0,0.0,1000.0,1000.0,24.0,23.0,0.0,9.0,1031.64,31.19,0.0,540.0,0.0,487.01,0.0,487.01,1031.64,518.2,513.44,0.0,540.0,-540.0,1031.64,1058.2,-26.559999999999945,42984.82,82530.5,-39545.68,0.9693,1.9298,-0.9604999999999999,0.9693,0.945,0.0243000000000001,561.9848300373077,641.1744410415415,-79.18961100423383,585.9850827576796,681.6744686893276,-95.68938593164796,591.9850827576796,691.1744686893275,-99.18938593164785,1.0,1.0,0.0
23,3.0,1.0,5,6,1.2,inf,inf,,1441440.0,1441440.0,0.0,0.0,0.0,0.0,0.0,0.0,0.0,0.0,0.0,0.0,0.0,0.0,1000.0,1000.0,1000.0,1000.0,1000.0,1000.0,0.0,23.0,0.0,9.0,0.0,31.19,0.0,540.0,0.0,0.0,0.0,0.0,0.0,31.19,-31.19,0.0,540.0,-540.0,0.0,571.19,-571.19,0.0,61356.11,-61356.11,0.0,0.0,0.0,0.0,0.0,0.0,1440.0,1440.0,0.0,1440.0,1440.0,0.0,1440.0,1440.0,0.0,0.0,0.0,0.0
23,3.0,1.0,6,7,1.2,594.9437233656265,700.2586599581538,-105.31493659252726,594.9437233656265,700.2586599581538,-105.31493659252726,1000.0,1000.0,1.0,1.0,0.0,1.0,1.0,0.0,0.9703,0.868,0.10230000000000006,0.0,0.0,0.0,0.0,1000.0,1000.0,24.0,23.0,0.0,9.0,1030.64,31.19,0.0,540.0,0.0,580.95,0.0,580.95,1030.64,612.14,418.5000000000001,0.0,540.0,-540.0,1030.64,1152.14,-121.5,42943.41,86614.68,-43671.26999999999,0.9703,1.6336,-0.6632999999999999,0.9703,0.868,0.10230000000000006,561.9434197920257,645.258627987424,-83.31520819539833,585.9437233656265,685.7586599581539,-99.81493659252737,591.9437233656265,695.2586599581538,-103.31493659252726,1.0,1.0,0.0
23,3.0,1.0,7,8,1.2,inf,inf,,1441440.0,1441440.0,0.0,0.0,0.0,0.0,0.0,0.0,0.0,0.0,0.0,0.0,0.0,0.0,1000.0,1000.0,1000.0,1000.0,1000.0,1000.0,0.0,23.0,0.0,9.0,0.0,31.19,0.0,540.0,0.0,0.0,0.0,0.0,0.0,31.19,-31.19,0.0,540.0,-540.0,0.0,571.19,-571.19,0.0,61356.11,-61356.11,0.0,0.0,0.0,0.0,0.0,0.0,1440.0,1440.0,0.0,1440.0,1440.0,0.0,1440.0,1440.0,0.0,0.0,0.0,0.0
23,3.0,1.0,8,9,1.2,596.0111587571164,696.0349748954934,-100.02381613837701,596.0111587571164,696.0349748954934,-100.02381613837701,1000.0,1000.0,1.0,1.0,0.0,1.0,1.0,0.0,0.9467,0.9479,-0.0011999999999999789,0.0,0.0,0.0,0.0,1000.0,1000.0,24.0,23.0,0.0,9.0,1056.26,31.19,0.0,540.0,0.0,483.8,0.0,483.8,1056.26,514.99,541.27,0.0,540.0,-540.0,1056.26,1054.99,1.2699999999999818,44010.87,82391.01,-38380.13999999999,0.9467,1.9418,-0.9951,0.9467,0.9479,-0.0011999999999999789,563.0108805992406,641.0349489585966,-78.02406835935597,587.0111587571164,681.5349748954935,-94.52381613837713,593.0111587571164,691.0349748954934,-98.02381613837701,1.0,1.0,0.0
23,3.0,1.0,9,10,1.2,inf,inf,,1441440.0,1441440.0,0.0,0.0,0.0,0.0,0.0,0.0,0.0,0.0,0.0,0.0,0.0,0.0,1000.0,1000.0,1000.0,1000.0,1000.0,1000.0,0.0,23.0,0.0,9.0,0.0,31.19,0.0,540.0,0.0,0.0,0.0,0.0,0.0,31.19,-31.19,0.0,540.0,-540.0,0.0,571.19,-571.19,0.0,61356.11,-61356.11,0.0,0.0,0.0,0.0,0.0,0.0,1440.0,1440.0,0.0,1440.0,1440.0,0.0,1440.0,1440.0,0.0,0.0,0.0,0.0
23,3.0,1.0,10,11,1.2,595.5492800733738,696.0349748954934,-100.48569482211963,595.5492800733738,696.0349748954934,-100.48569482211963,1000.0,1000.0,1.0,1.0,0.0,1.0,1.0,0.0,0.9984,0.9479,0.05049999999999999,0.0,0.0,0.0,0.0,1000.0,1000.0,23.0,23.0,0.0,9.0,1001.62,31.19,0.0,540.0,0.0,483.8,0.0,483.8,1001.62,514.99,486.63,0.0,540.0,-540.0,1001.62,1054.99,-53.370000000000005,43548.9,82391.01,-38842.10999999999,0.9984,1.9418,-0.9434,0.9984,0.9479,0.05049999999999999,562.5489002805878,641.0349489585966,-78.48604867800884,586.8492800733738,681.5349748954935,-94.68569482211967,592.5492800733738,691.0349748954934,-98.48569482211963,1.0,1.0,0.0
23,3.0,1.0,11,12,1.2,594.6754142743864,700.933978306757,-106.2585640323706,594.6754142743864,700.933978306757,-106.2585640323706,1000.0,1000.0,1.0,1.0,0.0,1.0,1.0,0.0,1.0188,0.8564,0.16239999999999988,0.0,0.0,0.0,0.0,1000.0,1000.0,23.0,23.0,0.0,9.0,981.53,31.19,0.0,540.0,0.0,596.48,0.0,596.48,981.53,627.67,353.86,0.0,540.0,-540.0,981.53,1167.67,-186.1400000000001,42675.13,87290.0,-44614.87,1.0188,1.5932,-0.5744,1.0188,0.8564,0.16239999999999988,561.6751282372506,645.9339464844287,-84.25881824717806,585.9754142743865,686.4339783067571,-100.45856403237065,591.6754142743864,695.933978306757,-104.2585640323706,1.0,1.0,0.0
23,3.0,1.0,12,13,1.2,inf,inf,,1441440.0,1441440.0,0.0,0.0,0.0,0.0,0.0,0.0,0.0,0.0,0.0,0.0,0.0,0.0,1000.0,1000.0,1000.0,1000.0,1000.0,1000.0,0.0,23.0,0.0,9.0,0.0,31.19,0.0,540.0,0.0,0.0,0.0,0.0,0.0,31.19,-31.19,0.0,540.0,-540.0,0.0,571.19,-571.19,0.0,61356.11,-61356.11,0.0,0.0,0.0,0.0,0.0,0.0,1440.0,1440.0,0.0,1440.0,1440.0,0.0,1440.0,1440.0,0.0,0.0,0.0,0.0
23,3.0,1.0,13,14,1.2,594.5244746138139,inf,-inf,594.5244746138139,1441440.0,-1440845.4755253862,1000.0,0.0,1.0,0.0,1.0,1.0,0.0,1.0,0.9798,0.0,0.9798,0.0,1000.0,0.0,1000.0,1000.0,1000.0,24.0,23.0,0.0,9.0,1020.58,31.19,0.0,540.0,0.0,0.0,0.0,0.0,1020.58,31.19,989.39,0.0,540.0,-540.0,1020.58,571.19,449.39,42524.23,61356.11,-18831.879999999997,0.9798,0.0,0.9798,0.9798,0.0,0.9798,561.524234577091,1440.0,-878.475765422909,585.5244746138139,1440.0,-854.4755253861861,591.5244746138139,1440.0,-848.4755253861861,1.0,0.0,1.0
23,3.0,1.0,14,15,1.2,598.0501219373559,696.0349748954934,-97.98485295813748,598.0501219373559,696.0349748954934,-97.98485295813748,1000.0,1000.0,1.0,1.0,0.0,1.0,1.0,0.0,0.9442,0.9479,-0.0036999999999999256,0.0,0.0,0.0,0.0,1000.0,1000.0,23.0,23.0,0.0,9.0,1059.15,31.19,0.0,540.0,0.0,483.8,0.0,483.8,1059.15,514.99,544.1600000000001,0.0,540.0,-540.0,1059.15,1054.99,4.160000000000082,46049.78,82391.01,-36341.229999999996,0.9442,1.9418,-0.9975999999999999,0.9442,0.9479,-0.0036999999999999256,565.0497841901513,641.0349489585966,-75.98516476844532,589.350121937356,681.5349748954935,-92.18485295813753,595.0501219373559,691.0349748954934,-95.98485295813748,1.0,1.0,0.0
23,3.0,1.0,15,16,1.2,594.5244746138139,696.0349748954934,-101.51050028167947,594.5244746138139,696.0349748954934,-101.51050028167947,1000.0,1000.0,1.0,1.0,0.0,1.0,1.0,0.0,0.9798,0.9479,0.03190000000000004,0.0,0.0,0.0,0.0,1000.0,1000.0,24.0,23.0,0.0,9.0,1020.58,31.19,0.0,540.0,0.0,483.8,0.0,483.8,1020.58,514.99,505.59000000000003,0.0,540.0,-540.0,1020.58,1054.99,-34.40999999999997,42524.23,82391.01,-39866.77999999999,0.9798,1.9418,-0.962,0.9798,0.9479,0.03190000000000004,561.524234577091,641.0349489585966,-79.51071438150564,585.5244746138139,681.5349748954935,-96.01050028167958,591.5244746138139,691.0349748954934,-99.51050028167947,1.0,1.0,0.0
23,3.0,1.0,16,17,1.2,594.5244746138139,696.0349771303399,-101.510502516526,594.5244746138139,696.0349771303399,-101.510502516526,1000.0,1000.0,1.0,1.0,0.0,1.0,1.0,0.0,1.0224,0.9479,0.07450000000000001,0.0,0.0,0.0,0.0,1000.0,1000.0,23.0,23.0,0.0,9.0,978.06,31.19,0.0,540.0,0.0,483.8,0.0,483.8,978.06,514.99,463.06999999999994,0.0,540.0,-540.0,978.06,1054.99,-76.93000000000006,42524.2,82391.01,-39866.81,1.0224,1.9418,-0.9194,1.0224,0.9479,0.07450000000000001,561.5242037255962,641.0349516079461,-79.51074788234996,585.824474613814,681.53497713034,-95.71050251652605,591.5244746138139,691.0349771303399,-99.510502516526,1.0,1.0,0.0
23,3.0,1.0,17,18,1.2,inf,inf,,1441440.0,1441440.0,0.0,0.0,0.0,0.0,0.0,0.0,0.0,0.0,0.0,0.0,0.0,0.0,1000.0,1000.0,1000.0,1000.0,1000.0,1000.0,0.0,0.0,0.0,0.0,0.0,0.0,0.0,0.0,0.0,0.0,0.0,0.0,0.0,0.0,0.0,0.0,0.0,0.0,0.0,0.0,0.0,0.0,0.0,0.0,0.0,0.0,0.0,0.0,0.0,0.0,1440.0,1440.0,0.0,1440.0,1440.0,0.0,1440.0,1440.0,0.0,0.0,0.0,0.0
23,3.0,1.0,18,19,1.2,595.4238794864369,inf,-inf,595.4238794864369,1441440.0,-1440844.5761205135,1000.0,0.0,1.0,0.0,1.0,1.0,0.0,1.0,0.9595,0.0,0.9595,0.0,1000.0,0.0,1000.0,1000.0,1000.0,24.0,23.0,0.0,9.0,1042.17,31.19,0.0,540.0,0.0,0.0,0.0,0.0,1042.17,31.19,1010.98,0.0,540.0,-540.0,1042.17,571.19,470.98,43423.62,61356.11,-17932.489999999998,0.9595,0.0,0.9595,0.9595,0.0,0.9595,562.423626997761,1440.0,-877.576373002239,586.4238794864369,1440.0,-853.5761205135631,592.4238794864369,1440.0,-847.5761205135631,1.0,0.0,1.0
23,3.0,1.0,19,20,1.2,596.1046594755452,696.0349748954934,-99.93031541994822,596.1046594755452,696.0349748954934,-99.93031541994822,1000.0,1000.0,1.0,1.0,0.0,1.0,1.0,0.0,0.9447,0.9479,-0.0031999999999999806,0.0,0.0,0.0,0.0,1000.0,1000.0,24.0,23.0,0.0,9.0,1058.5,31.19,0.0,540.0,0.0,483.8,0.0,483.8,1058.5,514.99,543.51,0.0,540.0,-540.0,1058.5,1054.99,3.509999999999991,44104.33,82391.01,-38286.67999999999,0.9447,1.9418,-0.9971,0.9447,0.9479,-0.0031999999999999806,563.1043419310477,641.0349489585966,-77.93060702754894,587.1046594755452,681.5349748954935,-94.43031541994833,593.1046594755452,691.0349748954934,-97.93031541994822,1.0,1.0,0.0
23,3.0,2.0,0,1,1.2,inf,inf,,1441440.0,1441440.0,0.0,0.0,0.0,0.0,0.0,0.0,0.0,0.0,0.0,0.0,0.0,0.0,1000.0,1000.0,1000.0,1000.0,1000.0,1000.0,0.0,0.0,0.0,0.0,0.0,0.0,0.0,0.0,0.0,0.0,0.0,0.0,0.0,0.0,0.0,0.0,0.0,0.0,0.0,0.0,0.0,0.0,0.0,0.0,0.0,0.0,0.0,0.0,0.0,0.0,1440.0,1440.0,0.0,1440.0,1440.0,0.0,1440.0,1440.0,0.0,0.0,0.0,0.0
23,3.0,2.0,1,2,1.2,inf,inf,,1441440.0,1441440.0,0.0,0.0,0.0,0.0,0.0,0.0,0.0,0.0,0.0,0.0,0.0,0.0,1000.0,1000.0,1000.0,1000.0,1000.0,1000.0,0.0,23.0,0.0,9.0,0.0,31.19,0.0,540.0,0.0,0.0,0.0,0.0,0.0,31.19,-31.19,0.0,540.0,-540.0,0.0,571.19,-571.19,0.0,61356.11,-61356.11,0.0,0.0,0.0,0.0,0.0,0.0,1440.0,1440.0,0.0,1440.0,1440.0,0.0,1440.0,1440.0,0.0,0.0,0.0,0.0
23,3.0,2.0,2,3,1.2,596.1786715710247,705.9585883729338,-109.77991680190917,596.1786715710247,705.9585883729338,-109.77991680190917,1000.0,1000.0,1.0,1.0,0.0,1.0,1.0,0.0,0.9431,0.813,0.1301000000000001,0.0,0.0,0.0,0.0,1000.0,1000.0,24.0,23.0,0.0,8.0,1060.28,152.91,0.0,480.0,0.0,597.05,0.0,597.05,1060.28,749.95,310.3299999999999,0.0,480.0,-480.0,1060.28,1229.95,-169.67000000000007,44178.39,92606.6,-48428.21000000001,0.9431,1.3334,-0.39029999999999987,0.9431,0.813,0.1301000000000001,563.1783954892782,650.9585883729338,-87.78019288365567,587.1786715710247,691.458588372934,-104.27991680190928,593.1786715710247,700.9585883729338,-107.77991680190917,1.0,1.0,0.0
23,3.0,2.0,3,4,1.2,inf,inf,,1441440.0,1441440.0,0.0,0.0,0.0,0.0,0.0,0.0,0.0,0.0,0.0,0.0,0.0,0.0,1000.0,1000.0,1000.0,1000.0,1000.0,1000.0,0.0,0.0,0.0,0.0,0.0,0.0,0.0,0.0,0.0,0.0,0.0,0.0,0.0,0.0,0.0,0.0,0.0,0.0,0.0,0.0,0.0,0.0,0.0,0.0,0.0,0.0,0.0,0.0,0.0,0.0,1440.0,1440.0,0.0,1440.0,1440.0,0.0,1440.0,1440.0,0.0,0.0,0.0,0.0
23,3.0,2.0,4,5,1.2,597.2014925105849,inf,-inf,597.2014925105849,1441440.0,-1440842.7985074895,1000.0,0.0,1.0,0.0,1.0,1.0,0.0,1.0,0.9218,0.0,0.9218,0.0,1000.0,0.0,1000.0,1000.0,1000.0,24.0,23.0,0.0,9.0,1084.83,31.19,0.0,540.0,0.0,0.0,0.0,0.0,1084.83,31.19,1053.6399999999999,0.0,540.0,-540.0,1084.83,571.19,513.6399999999999,45201.14,61356.11,-16154.970000000001,0.9218,0.0,0.9218,0.9218,0.0,0.9218,564.2011519464473,1440.0,-875.7988480535527,588.2014925105849,1440.0,-851.7985074894151,594.2014925105849,1440.0,-845.7985074894151,1.0,0.0,1.0
23,3.0,2.0,5,6,1.2,inf,inf,,1441440.0,1441440.0,0.0,0.0,0.0,0.0,0.0,0.0,0.0,0.0,0.0,0.0,0.0,0.0,1000.0,1000.0,1000.0,1000.0,1000.0,1000.0,0.0,23.0,0.0,9.0,0.0,31.19,0.0,540.0,0.0,0.0,0.0,0.0,0.0,31.19,-31.19,0.0,540.0,-540.0,0.0,571.19,-571.19,0.0,61356.11,-61356.11,0.0,0.0,0.0,0.0,0.0,0.0,1440.0,1440.0,0.0,1440.0,1440.0,0.0,1440.0,1440.0,0.0,0.0,0.0,0.0
23,3.0,2.0,6,7,1.2,inf,inf,,1441440.0,1441440.0,0.0,0.0,0.0,0.0,0.0,0.0,0.0,0.0,0.0,0.0,0.0,0.0,1000.0,1000.0,1000.0,1000.0,1000.0,1000.0,0.0,0.0,0.0,0.0,0.0,0.0,0.0,0.0,0.0,0.0,0.0,0.0,0.0,0.0,0.0,0.0,0.0,0.0,0.0,0.0,0.0,0.0,0.0,0.0,0.0,0.0,0.0,0.0,0.0,0.0,1440.0,1440.0,0.0,1440.0,1440.0,0.0,1440.0,1440.0,0.0,0.0,0.0,0.0
23,3.0,2.0,7,8,1.2,inf,inf,,1441440.0,1441440.0,0.0,0.0,0.0,0.0,0.0,0.0,0.0,0.0,0.0,0.0,0.0,0.0,1000.0,1000.0,1000.0,1000.0,1000.0,1000.0,0.0,23.0,0.0,9.0,0.0,31.19,0.0,540.0,0.0,0.0,0.0,0.0,0.0,31.19,-31.19,0.0,540.0,-540.0,0.0,571.19,-571.19,0.0,61356.11,-61356.11,0.0,0.0,0.0,0.0,0.0,0.0,1440.0,1440.0,0.0,1440.0,1440.0,0.0,1440.0,1440.0,0.0,0.0,0.0,0.0
23,3.0,2.0,8,9,1.2,598.0503096643172,inf,-inf,598.0503096643172,1441440.0,-1440841.9496903357,1000.0,0.0,1.0,0.0,1.0,1.0,0.0,1.0,0.9048,0.0,0.9048,0.0,1000.0,0.0,1000.0,1000.0,1000.0,24.0,23.0,0.0,8.0,1105.2,166.91,0.0,480.0,0.0,0.0,0.0,0.0,1105.2,166.91,938.2900000000001,0.0,480.0,-480.0,1105.2,646.91,458.2900000000001,46049.95,67256.94,-21206.990000000005,0.9048,0.0,0.9048,0.9048,0.0,0.9048,565.0499648421251,1440.0,-874.9500351578749,589.0503096643172,1440.0,-850.9496903356828,595.0503096643172,1440.0,-844.9496903356828,1.0,0.0,1.0
23,3.0,2.0,9,10,1.2,inf,inf,,1441440.0,1441440.0,0.0,0.0,0.0,0.0,0.0,0.0,0.0,0.0,0.0,0.0,0.0,0.0,1000.0,1000.0,1000.0,1000.0,1000.0,1000.0,0.0,23.0,0.0,9.0,0.0,31.19,0.0,540.0,0.0,0.0,0.0,0.0,0.0,31.19,-31.19,0.0,540.0,-540.0,0.0,571.19,-571.19,0.0,61356.11,-61356.11,0.0,0.0,0.0,0.0,0.0,0.0,1440.0,1440.0,0.0,1440.0,1440.0,0.0,1440.0,1440.0,0.0,0.0,0.0,0.0
23,3.0,2.0,10,11,1.2,596.6902158714641,inf,-inf,596.6902158714641,1441440.0,-1440843.3097841286,1000.0,0.0,1.0,0.0,1.0,1.0,0.0,1.0,0.9729,0.0,0.9729,0.0,1000.0,0.0,1000.0,1000.0,1000.0,23.0,23.0,0.0,9.0,1027.87,31.19,0.0,540.0,0.0,0.0,0.0,0.0,1027.87,31.19,996.6799999999998,0.0,540.0,-540.0,1027.87,571.19,456.67999999999984,44689.88,61356.11,-16666.230000000003,0.9729,0.0,0.9729,0.9729,0.0,0.9729,563.6898844483829,1440.0,-876.3101155516171,587.9902158714642,1440.0,-852.0097841285358,593.6902158714641,1440.0,-846.3097841285359,1.0,0.0,1.0
23,3.0,2.0,11,12,1.2,595.9813657992175,700.9585883729338,-104.97722257371629,595.9813657992175,700.9585883729338,-104.97722257371629,1000.0,1000.0,1.0,1.0,0.0,1.0,1.0,0.0,0.9886,0.856,0.13260000000000005,0.0,0.0,0.0,0.0,1000.0,1000.0,23.0,23.0,0.0,9.0,1011.57,31.19,0.0,540.0,0.0,597.05,0.0,597.05,1011.57,628.24,383.33000000000004,0.0,540.0,-540.0,1011.57,1168.24,-156.66999999999996,43981.09,87314.6,-43333.51000000001,0.9886,1.5918,-0.6032000000000001,0.9886,0.856,0.13260000000000005,562.9810911311428,645.9585554191221,-82.97746428797939,587.2813657992176,686.458588372934,-99.17722257371634,592.9813657992175,695.9585883729338,-102.97722257371629,1.0,1.0,0.0
23,3.0,2.0,12,13,1.2,inf,inf,,1441440.0,1441440.0,0.0,0.0,0.0,0.0,0.0,0.0,0.0,0.0,0.0,0.0,0.0,0.0,1000.0,1000.0,1000.0,1000.0,1000.0,1000.0,0.0,23.0,0.0,9.0,0.0,31.19,0.0,540.0,0.0,0.0,0.0,0.0,0.0,31.19,-31.19,0.0,540.0,-540.0,0.0,571.19,-571.19,0.0,61356.11,-61356.11,0.0,0.0,0.0,0.0,0.0,0.0,1440.0,1440.0,0.0,1440.0,1440.0,0.0,1440.0,1440.0,0.0,0.0,0.0,0.0
23,3.0,2.0,13,14,1.2,598.4893105361976,inf,-inf,598.4893105361976,1441440.0,-1440841.5106894637,1000.0,0.0,1.0,0.0,1.0,1.0,0.0,1.0,0.8963,0.0,0.8963,0.0,1000.0,0.0,1000.0,1000.0,1000.0,24.0,23.0,0.0,9.0,1115.74,31.19,0.0,540.0,0.0,0.0,0.0,0.0,1115.74,31.19,1084.55,0.0,540.0,-540.0,1115.74,571.19,544.55,46489.03,61356.11,-14867.080000000002,0.8963,0.0,0.8963,0.8963,0.0,0.8963,565.4890399343255,1440.0,-874.5109600656745,589.4893105361976,1440.0,-850.5106894638024,595.4893105361976,1440.0,-844.5106894638024,1.0,0.0,1.0
23,3.0,2.0,14,15,1.2,inf,inf,,1441440.0,1441440.0,0.0,0.0,0.0,0.0,0.0,0.0,0.0,0.0,0.0,0.0,0.0,0.0,1000.0,1000.0,1000.0,1000.0,1000.0,1000.0,0.0,0.0,0.0,0.0,0.0,0.0,0.0,0.0,0.0,0.0,0.0,0.0,0.0,0.0,0.0,0.0,0.0,0.0,0.0,0.0,0.0,0.0,0.0,0.0,0.0,0.0,0.0,0.0,0.0,0.0,1440.0,1440.0,0.0,1440.0,1440.0,0.0,1440.0,1440.0,0.0,0.0,0.0,0.0
23,3.0,2.0,15,16,1.2,595.9368658374839,inf,-inf,595.9368658374839,1441440.0,-1440844.0631341625,1000.0,0.0,1.0,0.0,1.0,1.0,0.0,1.0,0.9483,0.0,0.9483,0.0,1000.0,0.0,1000.0,1000.0,1000.0,24.0,23.0,0.0,9.0,1054.48,31.19,0.0,540.0,0.0,0.0,0.0,0.0,1054.48,31.19,1023.29,0.0,540.0,-540.0,1054.48,571.19,483.28999999999996,43936.6,61356.11,-17419.510000000002,0.9483,0.0,0.9483,0.9483,0.0,0.9483,562.9366126091626,1440.0,-877.0633873908374,586.9368658374839,1440.0,-853.0631341625161,592.9368658374839,1440.0,-847.0631341625161,1.0,0.0,1.0
23,3.0,2.0,16,17,1.2,594.5244746138139,inf,-inf,594.5244746138139,1441440.0,-1440845.4755253862,1000.0,0.0,1.0,0.0,1.0,1.0,0.0,1.0,1.0224,0.0,1.0224,0.0,1000.0,0.0,1000.0,1000.0,1000.0,23.0,23.0,0.0,9.0,978.06,31.19,0.0,540.0,0.0,0.0,0.0,0.0,978.06,31.19,946.8699999999999,0.0,540.0,-540.0,978.06,571.19,406.8699999999999,42524.2,61356.11,-18831.910000000003,1.0224,0.0,1.0224,1.0224,0.0,1.0224,561.5242037255962,1440.0,-878.4757962744038,585.824474613814,1440.0,-854.175525386186,591.5244746138139,1440.0,-848.4755253861861,1.0,0.0,1.0
23,3.0,2.0,17,18,1.2,inf,inf,,1441440.0,1441440.0,0.0,0.0,0.0,0.0,0.0,0.0,0.0,0.0,0.0,0.0,0.0,0.0,1000.0,1000.0,1000.0,1000.0,1000.0,1000.0,0.0,0.0,0.0,0.0,0.0,0.0,0.0,0.0,0.0,0.0,0.0,0.0,0.0,0.0,0.0,0.0,0.0,0.0,0.0,0.0,0.0,0.0,0.0,0.0,0.0,0.0,0.0,0.0,0.0,0.0,1440.0,1440.0,0.0,1440.0,1440.0,0.0,1440.0,1440.0,0.0,0.0,0.0,0.0
23,3.0,2.0,18,19,1.2,596.8377840327693,inf,-inf,596.8377840327693,1441440.0,-1440843.1622159672,1000.0,0.0,1.0,0.0,1.0,1.0,0.0,1.0,0.9293,0.0,0.9293,0.0,1000.0,0.0,1000.0,1000.0,1000.0,24.0,23.0,0.0,9.0,1076.1,31.19,0.0,540.0,0.0,0.0,0.0,0.0,1076.1,31.19,1044.9099999999999,0.0,540.0,-540.0,1076.1,571.19,504.90999999999985,44837.52,61356.11,-16518.590000000004,0.9293,0.0,0.9293,0.9293,0.0,0.9293,563.8375256418606,1440.0,-876.1624743581394,587.8377840327693,1440.0,-852.1622159672307,593.8377840327693,1440.0,-846.1622159672307,1.0,0.0,1.0
23,3.0,2.0,19,20,1.2,601.8296291464216,inf,-inf,601.8296291464216,1441440.0,-1440838.1703708535,1000.0,0.0,1.0,0.0,1.0,1.0,0.0,1.0,0.8362,0.0,0.8362,0.0,1000.0,0.0,1000.0,1000.0,1000.0,24.0,23.0,0.0,9.0,1195.9,31.19,0.0,540.0,0.0,0.0,0.0,0.0,1195.9,31.19,1164.71,0.0,540.0,-540.0,1195.9,571.19,624.71,49829.23,61356.11,-11526.879999999997,0.8362,0.0,0.8362,0.8362,0.0,0.8362,568.8292399029035,1440.0,-871.1707600970965,592.8296291464216,1440.0,-847.1703708535784,598.8296291464216,1440.0,-841.1703708535784,1.0,0.0,1.0
23,5.0,0.5,0,1,1.2,637.9433807742483,696.0349748954934,-58.091594121245066,637.9433807742483,696.0349748954934,-58.091594121245066,1000.0,1000.0,1.0,1.0,0.0,1.0,1.0,0.0,1.0125,0.9479,0.06459999999999999,0.0,0.0,0.0,0.0,1000.0,1000.0,23.0,23.0,0.0,9.0,987.7,31.19,0.0,540.0,0.0,483.8,0.0,483.8,987.7,514.99,472.71000000000004,0.0,540.0,-540.0,987.7,1054.99,-67.28999999999996,42943.28,82391.01,-39447.729999999996,1.0125,1.9418,-0.9293,1.0125,0.9479,0.06459999999999999,582.9433807742483,641.0349489585966,-58.09156818434826,623.4433807742485,681.5349748954935,-58.091594121245066,632.9433807742483,691.0349748954934,-58.091594121245066,1.0,1.0,0.0
23,5.0,0.5,1,2,1.2,637.8755607761644,696.0349748954934,-58.15941411932897,637.8755607761644,696.0349748954934,-58.15941411932897,1000.0,1000.0,1.0,1.0,0.0,1.0,1.0,0.0,1.0141,0.9479,0.06620000000000004,0.0,0.0,0.0,0.0,1000.0,1000.0,23.0,23.0,0.0,9.0,986.14,31.19,0.0,540.0,0.0,483.8,0.0,483.8,986.14,514.99,471.15,0.0,540.0,-540.0,986.14,1054.99,-68.85000000000002,42875.48,82391.01,-39515.52999999999,1.0141,1.9418,-0.9277,1.0141,0.9479,0.06620000000000004,582.8755607761644,641.0349489585966,-58.15938818243217,623.3755607761645,681.5349748954935,-58.15941411932897,632.8755607761644,691.0349748954934,-58.15941411932897,1.0,1.0,0.0
23,5.0,0.5,2,3,1.2,637.5242037255962,700.9585883729338,-63.43438464733765,637.5242037255962,700.9585883729338,-63.43438464733765,1000.0,1000.0,1.0,1.0,0.0,1.0,1.0,0.0,1.0224,0.856,0.1664,0.0,0.0,0.0,0.0,1000.0,1000.0,23.0,23.0,0.0,9.0,978.05,31.19,0.0,540.0,0.0,597.05,0.0,597.05,978.05,628.24,349.80999999999995,0.0,540.0,-540.0,978.05,1168.24,-190.19000000000005,42524.12,87314.6,-44790.48,1.0224,1.5918,-0.5694000000000001,1.0224,0.856,0.1664,582.5242037255962,645.9585554191221,-63.43435169352597,623.0242037255963,686.458588372934,-63.43438464733765,632.5242037255962,695.9585883729338,-63.43438464733765,1.0,1.0,0.0
23,5.0,0.5,3,4,1.2,inf,inf,,1441440.0,1441440.0,0.0,0.0,0.0,0.0,0.0,0.0,0.0,0.0,0.0,0.0,0.0,0.0,1000.0,1000.0,1000.0,1000.0,1000.0,1000.0,0.0,0.0,0.0,0.0,0.0,0.0,0.0,0.0,0.0,0.0,0.0,0.0,0.0,0.0,0.0,0.0,0.0,0.0,0.0,0.0,0.0,0.0,0.0,0.0,0.0,0.0,0.0,0.0,0.0,0.0,1440.0,1440.0,0.0,1440.0,1440.0,0.0,1440.0,1440.0,0.0,0.0,0.0,0.0
23,5.0,0.5,4,5,1.2,637.9847975556058,696.0349748954934,-58.05017733988757,637.9847975556058,696.0349748954934,-58.05017733988757,1000.0,1000.0,1.0,1.0,0.0,1.0,1.0,0.0,1.0115,0.9479,0.0636000000000001,0.0,0.0,0.0,0.0,1000.0,1000.0,23.0,23.0,0.0,9.0,988.65,31.19,0.0,540.0,0.0,483.8,0.0,483.8,988.65,514.99,473.65999999999997,0.0,540.0,-540.0,988.65,1054.99,-66.34000000000003,42984.71,82391.01,-39406.299999999996,1.0115,1.9418,-0.9302999999999999,1.0115,0.9479,0.0636000000000001,582.9847975556058,641.0349489585966,-58.050151402990764,623.484797555606,681.5349748954935,-58.05017733988757,632.9847975556058,691.0349748954934,-58.05017733988757,1.0,1.0,0.0
23,5.0,0.5,5,6,1.2,inf,inf,,1441440.0,1441440.0,0.0,0.0,0.0,0.0,0.0,0.0,0.0,0.0,0.0,0.0,0.0,0.0,1000.0,1000.0,1000.0,1000.0,1000.0,1000.0,0.0,23.0,0.0,9.0,0.0,31.19,0.0,540.0,0.0,0.0,0.0,0.0,0.0,31.19,-31.19,0.0,540.0,-540.0,0.0,571.19,-571.19,0.0,61356.11,-61356.11,0.0,0.0,0.0,0.0,0.0,0.0,1440.0,1440.0,0.0,1440.0,1440.0,0.0,1440.0,1440.0,0.0,0.0,0.0,0.0
23,5.0,0.5,6,7,1.2,637.5242037255962,700.2586599581538,-62.73445623255759,637.5242037255962,700.2586599581538,-62.73445623255759,1000.0,1000.0,1.0,1.0,0.0,1.0,1.0,0.0,1.0224,0.868,0.15439999999999998,0.0,0.0,0.0,0.0,1000.0,1000.0,23.0,23.0,0.0,9.0,978.05,31.19,0.0,540.0,0.0,580.95,0.0,580.95,978.05,612.14,365.90999999999997,0.0,540.0,-540.0,978.05,1152.14,-174.09000000000015,42524.12,86614.68,-44090.55999999999,1.0224,1.6336,-0.6112,1.0224,0.868,0.15439999999999998,582.5242037255962,645.258627987424,-62.734424261827826,623.0242037255963,685.7586599581539,-62.73445623255759,632.5242037255962,695.2586599581538,-62.73445623255759,1.0,1.0,0.0
23,5.0,0.5,7,8,1.2,inf,inf,,1441440.0,1441440.0,0.0,0.0,0.0,0.0,0.0,0.0,0.0,0.0,0.0,0.0,0.0,0.0,1000.0,1000.0,1000.0,1000.0,1000.0,1000.0,0.0,23.0,0.0,9.0,0.0,31.19,0.0,540.0,0.0,0.0,0.0,0.0,0.0,31.19,-31.19,0.0,540.0,-540.0,0.0,571.19,-571.19,0.0,61356.11,-61356.11,0.0,0.0,0.0,0.0,0.0,0.0,1440.0,1440.0,0.0,1440.0,1440.0,0.0,1440.0,1440.0,0.0,0.0,0.0,0.0
23,5.0,0.5,8,9,1.2,637.5242037255962,696.0349748954934,-58.510771169897225,637.5242037255962,696.0349748954934,-58.510771169897225,1000.0,1000.0,1.0,1.0,0.0,1.0,1.0,0.0,1.0224,0.9479,0.07450000000000001,0.0,0.0,0.0,0.0,1000.0,1000.0,23.0,23.0,0.0,9.0,978.05,31.19,0.0,540.0,0.0,483.8,0.0,483.8,978.05,514.99,463.05999999999995,0.0,540.0,-540.0,978.05,1054.99,-76.94000000000005,42524.12,82391.01,-39866.88999999999,1.0224,1.9418,-0.9194,1.0224,0.9479,0.07450000000000001,582.5242037255962,641.0349489585966,-58.51074523300042,623.0242037255963,681.5349748954935,-58.510771169897225,632.5242037255962,691.0349748954934,-58.510771169897225,1.0,1.0,0.0
23,5.0,0.5,9,10,1.2,637.5242037255962,696.0349748954934,-58.510771169897225,637.5242037255962,696.0349748954934,-58.510771169897225,1000.0,1000.0,1.0,1.0,0.0,1.0,1.0,0.0,1.0224,0.9479,0.07450000000000001,0.0,0.0,0.0,0.0,1000.0,1000.0,23.0,23.0,0.0,9.0,978.05,31.19,0.0,540.0,0.0,483.8,0.0,483.8,978.05,514.99,463.05999999999995,0.0,540.0,-540.0,978.05,1054.99,-76.94000000000005,42524.12,82391.01,-39866.88999999999,1.0224,1.9418,-0.9194,1.0224,0.9479,0.07450000000000001,582.5242037255962,641.0349489585966,-58.51074523300042,623.0242037255963,681.5349748954935,-58.510771169897225,632.5242037255962,691.0349748954934,-58.510771169897225,1.0,1.0,0.0
23,5.0,0.5,10,11,1.2,638.5489002805878,696.0349748954934,-57.48607461490565,638.5489002805878,696.0349748954934,-57.48607461490565,1000.0,1000.0,1.0,1.0,0.0,1.0,1.0,0.0,0.9984,0.9479,0.05049999999999999,0.0,0.0,0.0,0.0,1000.0,1000.0,23.0,23.0,0.0,9.0,1001.62,31.19,0.0,540.0,0.0,483.8,0.0,483.8,1001.62,514.99,486.63,0.0,540.0,-540.0,1001.62,1054.99,-53.370000000000005,43548.79,82391.01,-38842.219999999994,0.9984,1.9418,-0.9434,0.9984,0.9479,0.05049999999999999,583.5489002805878,641.0349489585966,-57.48604867800884,624.0489002805879,681.5349748954935,-57.48607461490565,633.5489002805878,691.0349748954934,-57.48607461490565,1.0,1.0,0.0
23,5.0,0.5,11,12,1.2,637.5242037255962,700.933978306757,-63.40977458116083,637.5242037255962,700.933978306757,-63.40977458116083,1000.0,1000.0,1.0,1.0,0.0,1.0,1.0,0.0,1.0224,0.8564,0.16599999999999993,0.0,0.0,0.0,0.0,1000.0,1000.0,23.0,23.0,0.0,9.0,978.05,31.19,0.0,540.0,0.0,596.48,0.0,596.48,978.05,627.67,350.38,0.0,540.0,-540.0,978.05,1167.67,-189.62000000000012,42524.12,87290.0,-44765.88,1.0224,1.5932,-0.5708,1.0224,0.8564,0.16599999999999993,582.5242037255962,645.9339464844287,-63.40974275883252,623.0242037255963,686.4339783067571,-63.40977458116083,632.5242037255962,695.933978306757,-63.40977458116083,1.0,1.0,0.0
23,5.0,0.5,12,13,1.2,637.9433807742483,696.0349748954934,-58.091594121245066,637.9433807742483,696.0349748954934,-58.091594121245066,1000.0,1000.0,1.0,1.0,0.0,1.0,1.0,0.0,1.0125,0.9479,0.06459999999999999,0.0,0.0,0.0,0.0,1000.0,1000.0,23.0,23.0,0.0,9.0,987.7,31.19,0.0,540.0,0.0,483.8,0.0,483.8,987.7,514.99,472.71000000000004,0.0,540.0,-540.0,987.7,1054.99,-67.28999999999996,42943.28,82391.01,-39447.729999999996,1.0125,1.9418,-0.9293,1.0125,0.9479,0.06459999999999999,582.9433807742483,641.0349489585966,-58.09156818434826,623.4433807742485,681.5349748954935,-58.091594121245066,632.9433807742483,691.0349748954934,-58.091594121245066,1.0,1.0,0.0
23,5.0,0.5,13,14,1.2,637.5242037255962,696.0349748954934,-58.510771169897225,637.5242037255962,696.0349748954934,-58.510771169897225,1000.0,1000.0,1.0,1.0,0.0,1.0,1.0,0.0,1.0224,0.9479,0.07450000000000001,0.0,0.0,0.0,0.0,1000.0,1000.0,23.0,23.0,0.0,9.0,978.05,31.19,0.0,540.0,0.0,483.8,0.0,483.8,978.05,514.99,463.05999999999995,0.0,540.0,-540.0,978.05,1054.99,-76.94000000000005,42524.12,82391.01,-39866.88999999999,1.0224,1.9418,-0.9194,1.0224,0.9479,0.07450000000000001,582.5242037255962,641.0349489585966,-58.51074523300042,623.0242037255963,681.5349748954935,-58.510771169897225,632.5242037255962,691.0349748954934,-58.510771169897225,1.0,1.0,0.0
23,5.0,0.5,14,15,1.2,641.0497841901513,696.0349748954934,-54.98519070534212,641.0497841901513,696.0349748954934,-54.98519070534212,1000.0,1000.0,1.0,1.0,0.0,1.0,1.0,0.0,0.9442,0.9479,-0.0036999999999999256,0.0,0.0,0.0,0.0,1000.0,1000.0,23.0,23.0,0.0,9.0,1059.14,31.19,0.0,540.0,0.0,483.8,0.0,483.8,1059.14,514.99,544.1500000000001,0.0,540.0,-540.0,1059.14,1054.99,4.150000000000091,46049.68,82391.01,-36341.329999999994,0.9442,1.9418,-0.9975999999999999,0.9442,0.9479,-0.0036999999999999256,586.0497841901513,641.0349489585966,-54.985164768445316,626.5497841901514,681.5349748954935,-54.98519070534212,636.0497841901513,691.0349748954934,-54.98519070534212,1.0,1.0,0.0
23,5.0,0.5,15,16,1.2,637.5242037255962,696.0349748954934,-58.510771169897225,637.5242037255962,696.0349748954934,-58.510771169897225,1000.0,1000.0,1.0,1.0,0.0,1.0,1.0,0.0,1.0224,0.9479,0.07450000000000001,0.0,0.0,0.0,0.0,1000.0,1000.0,23.0,23.0,0.0,9.0,978.05,31.19,0.0,540.0,0.0,483.8,0.0,483.8,978.05,514.99,463.05999999999995,0.0,540.0,-540.0,978.05,1054.99,-76.94000000000005,42524.12,82391.01,-39866.88999999999,1.0224,1.9418,-0.9194,1.0224,0.9479,0.07450000000000001,582.5242037255962,641.0349489585966,-58.51074523300042,623.0242037255963,681.5349748954935,-58.510771169897225,632.5242037255962,691.0349748954934,-58.510771169897225,1.0,1.0,0.0
23,5.0,0.5,16,17,1.2,637.5242037255962,696.0349771303399,-58.51077340474376,637.5242037255962,696.0349771303399,-58.51077340474376,1000.0,1000.0,1.0,1.0,0.0,1.0,1.0,0.0,1.0224,0.9479,0.07450000000000001,0.0,0.0,0.0,0.0,1000.0,1000.0,23.0,23.0,0.0,9.0,978.05,31.19,0.0,540.0,0.0,483.8,0.0,483.8,978.05,514.99,463.05999999999995,0.0,540.0,-540.0,978.05,1054.99,-76.94000000000005,42524.12,82391.01,-39866.88999999999,1.0224,1.9418,-0.9194,1.0224,0.9479,0.07450000000000001,582.5242037255962,641.0349516079461,-58.51074788234996,623.0242037255963,681.53497713034,-58.51077340474376,632.5242037255962,691.0349771303399,-58.51077340474376,1.0,1.0,0.0
23,5.0,0.5,17,18,1.2,inf,inf,,1441440.0,1441440.0,0.0,0.0,0.0,0.0,0.0,0.0,0.0,0.0,0.0,0.0,0.0,0.0,1000.0,1000.0,1000.0,1000.0,1000.0,1000.0,0.0,0.0,0.0,0.0,0.0,0.0,0.0,0.0,0.0,0.0,0.0,0.0,0.0,0.0,0.0,0.0,0.0,0.0,0.0,0.0,0.0,0.0,0.0,0.0,0.0,0.0,0.0,0.0,0.0,0.0,1440.0,1440.0,0.0,1440.0,1440.0,0.0,1440.0,1440.0,0.0,0.0,0.0,0.0
23,5.0,0.5,18,19,1.2,637.5242037255962,inf,-inf,637.5242037255962,1441440.0,-1440802.4757962744,1000.0,0.0,1.0,0.0,1.0,1.0,0.0,1.0,1.0224,0.0,1.0224,0.0,1000.0,0.0,1000.0,1000.0,1000.0,23.0,23.0,0.0,9.0,978.05,31.19,0.0,540.0,0.0,0.0,0.0,0.0,978.05,31.19,946.8599999999999,0.0,540.0,-540.0,978.05,571.19,406.8599999999999,42524.12,61356.11,-18831.989999999998,1.0224,0.0,1.0224,1.0224,0.0,1.0224,582.5242037255962,1440.0,-857.4757962744038,623.0242037255963,1440.0,-816.9757962744037,632.5242037255962,1440.0,-807.4757962744038,1.0,0.0,1.0
23,5.0,0.5,19,20,1.2,637.5242037255962,696.0349748954934,-58.510771169897225,637.5242037255962,696.0349748954934,-58.510771169897225,1000.0,1000.0,1.0,1.0,0.0,1.0,1.0,0.0,1.0224,0.9479,0.07450000000000001,0.0,0.0,0.0,0.0,1000.0,1000.0,23.0,23.0,0.0,9.0,978.05,31.19,0.0,540.0,0.0,483.8,0.0,483.8,978.05,514.99,463.05999999999995,0.0,540.0,-540.0,978.05,1054.99,-76.94000000000005,42524.12,82391.01,-39866.88999999999,1.0224,1.9418,-0.9194,1.0224,0.9479,0.07450000000000001,582.5242037255962,641.0349489585966,-58.51074523300042,623.0242037255963,681.5349748954935,-58.510771169897225,632.5242037255962,691.0349748954934,-58.510771169897225,1.0,1.0,0.0
23,5.0,1.0,0,1,1.2,638.391691049908,696.0349748954934,-57.643283845585415,638.391691049908,696.0349748954934,-57.643283845585415,1000.0,1000.0,1.0,1.0,0.0,1.0,1.0,0.0,1.002,0.9479,0.05410000000000004,0.0,0.0,0.0,0.0,1000.0,1000.0,23.0,23.0,0.0,9.0,998.01,31.19,0.0,540.0,0.0,483.8,0.0,483.8,998.01,514.99,483.02,0.0,540.0,-540.0,998.01,1054.99,-56.98000000000002,43391.6,82391.01,-38999.409999999996,1.002,1.9418,-0.9398,1.002,0.9479,0.05410000000000004,583.391691049908,641.0349489585966,-57.64325790868861,623.8916910499081,681.5349748954935,-57.643283845585415,633.391691049908,691.0349748954934,-57.643283845585415,1.0,1.0,0.0
23,5.0,1.0,1,2,1.2,638.5264747406088,inf,-inf,638.5264747406088,1441440.0,-1440801.4735252594,1000.0,0.0,1.0,0.0,1.0,1.0,0.0,1.0,0.9989,0.0,0.9989,0.0,1000.0,0.0,1000.0,1000.0,1000.0,23.0,23.0,0.0,9.0,1001.11,31.19,0.0,540.0,0.0,0.0,0.0,0.0,1001.11,31.19,969.92,0.0,540.0,-540.0,1001.11,571.19,429.91999999999996,43526.37,61356.11,-17829.739999999998,0.9989,0.0,0.9989,0.9989,0.0,0.9989,583.5264747406088,1440.0,-856.4735252593912,624.0264747406089,1440.0,-815.9735252593911,633.5264747406088,1440.0,-806.4735252593912,1.0,0.0,1.0
23,5.0,1.0,2,3,1.2,637.5242037255962,700.9585883729338,-63.43438464733765,637.5242037255962,700.9585883729338,-63.43438464733765,1000.0,1000.0,1.0,1.0,0.0,1.0,1.0,0.0,1.0224,0.856,0.1664,0.0,0.0,0.0,0.0,1000.0,1000.0,23.0,23.0,0.0,9.0,978.05,31.19,0.0,540.0,0.0,597.05,0.0,597.05,978.05,628.24,349.80999999999995,0.0,540.0,-540.0,978.05,1168.24,-190.19000000000005,42524.12,87314.6,-44790.48,1.0224,1.5918,-0.5694000000000001,1.0224,0.856,0.1664,582.5242037255962,645.9585554191221,-63.43435169352597,623.0242037255963,686.458588372934,-63.43438464733765,632.5242037255962,695.9585883729338,-63.43438464733765,1.0,1.0,0.0
23,5.0,1.0,3,4,1.2,inf,inf,,1441440.0,1441440.0,0.0,0.0,0.0,0.0,0.0,0.0,0.0,0.0,0.0,0.0,0.0,0.0,1000.0,1000.0,1000.0,1000.0,1000.0,1000.0,0.0,0.0,0.0,0.0,0.0,0.0,0.0,0.0,0.0,0.0,0.0,0.0,0.0,0.0,0.0,0.0,0.0,0.0,0.0,0.0,0.0,0.0,0.0,0.0,0.0,0.0,0.0,0.0,0.0,0.0,1440.0,1440.0,0.0,1440.0,1440.0,0.0,1440.0,1440.0,0.0,0.0,0.0,0.0
23,5.0,1.0,4,5,1.2,637.9847975556058,696.1744686893275,-58.18967113372162,637.9847975556058,696.1744686893275,-58.18967113372162,1000.0,1000.0,1.0,1.0,0.0,1.0,1.0,0.0,1.0115,0.945,0.06650000000000011,0.0,0.0,0.0,0.0,1000.0,1000.0,23.0,23.0,0.0,9.0,988.65,31.19,0.0,540.0,0.0,487.01,0.0,487.01,988.65,518.2,470.44999999999993,0.0,540.0,-540.0,988.65,1058.2,-69.55000000000007,42984.71,82530.5,-39545.79,1.0115,1.9298,-0.9182999999999999,1.0115,0.945,0.06650000000000011,582.9847975556058,641.1744410415415,-58.189643485935676,623.484797555606,681.6744686893276,-58.18967113372162,632.9847975556058,691.1744686893275,-58.18967113372162,1.0,1.0,0.0
23,5.0,1.0,5,6,1.2,inf,inf,,1441440.0,1441440.0,0.0,0.0,0.0,0.0,0.0,0.0,0.0,0.0,0.0,0.0,0.0,0.0,1000.0,1000.0,1000.0,1000.0,1000.0,1000.0,0.0,23.0,0.0,9.0,0.0,31.19,0.0,540.0,0.0,0.0,0.0,0.0,0.0,31.19,-31.19,0.0,540.0,-540.0,0.0,571.19,-571.19,0.0,61356.11,-61356.11,0.0,0.0,0.0,0.0,0.0,0.0,1440.0,1440.0,0.0,1440.0,1440.0,0.0,1440.0,1440.0,0.0,0.0,0.0,0.0
23,5.0,1.0,6,7,1.2,637.9433807742483,700.2586599581538,-62.31527918390543,637.9433807742483,700.2586599581538,-62.31527918390543,1000.0,1000.0,1.0,1.0,0.0,1.0,1.0,0.0,1.0125,0.868,0.14449999999999996,0.0,0.0,0.0,0.0,1000.0,1000.0,23.0,23.0,0.0,9.0,987.7,31.19,0.0,540.0,0.0,580.95,0.0,580.95,987.7,612.14,375.56000000000006,0.0,540.0,-540.0,987.7,1152.14,-164.44000000000005,42943.28,86614.68,-43671.399999999994,1.0125,1.6336,-0.6211,1.0125,0.868,0.14449999999999996,582.9433807742483,645.258627987424,-62.31524721317567,623.4433807742485,685.7586599581539,-62.31527918390543,632.9433807742483,695.2586599581538,-62.31527918390543,1.0,1.0,0.0
23,5.0,1.0,7,8,1.2,inf,inf,,1441440.0,1441440.0,0.0,0.0,0.0,0.0,0.0,0.0,0.0,0.0,0.0,0.0,0.0,0.0,1000.0,1000.0,1000.0,1000.0,1000.0,1000.0,0.0,23.0,0.0,9.0,0.0,31.19,0.0,540.0,0.0,0.0,0.0,0.0,0.0,31.19,-31.19,0.0,540.0,-540.0,0.0,571.19,-571.19,0.0,61356.11,-61356.11,0.0,0.0,0.0,0.0,0.0,0.0,1440.0,1440.0,0.0,1440.0,1440.0,0.0,1440.0,1440.0,0.0,0.0,0.0,0.0
23,5.0,1.0,8,9,1.2,639.0108448481018,696.0349748954934,-57.02413004739162,639.0108448481018,696.0349748954934,-57.02413004739162,1000.0,1000.0,1.0,1.0,0.0,1.0,1.0,0.0,0.9879,0.9479,0.040000000000000036,0.0,0.0,0.0,0.0,1000.0,1000.0,23.0,23.0,0.0,9.0,1012.25,31.19,0.0,540.0,0.0,483.8,0.0,483.8,1012.25,514.99,497.26,0.0,540.0,-540.0,1012.25,1054.99,-42.74000000000001,44010.75,82391.01,-38380.259999999995,0.9879,1.9418,-0.9539,0.9879,0.9479,0.040000000000000036,584.0108448481018,641.0349489585966,-57.02410411049482,624.5108448481019,681.5349748954935,-57.02413004739162,634.0108448481018,691.0349748954934,-57.02413004739162,1.0,1.0,0.0
23,5.0,1.0,9,10,1.2,inf,inf,,1441440.0,1441440.0,0.0,0.0,0.0,0.0,0.0,0.0,0.0,0.0,0.0,0.0,0.0,0.0,1000.0,1000.0,1000.0,1000.0,1000.0,1000.0,0.0,23.0,0.0,9.0,0.0,31.19,0.0,540.0,0.0,0.0,0.0,0.0,0.0,31.19,-31.19,0.0,540.0,-540.0,0.0,571.19,-571.19,0.0,61356.11,-61356.11,0.0,0.0,0.0,0.0,0.0,0.0,1440.0,1440.0,0.0,1440.0,1440.0,0.0,1440.0,1440.0,0.0,0.0,0.0,0.0
23,5.0,1.0,10,11,1.2,638.5489002805878,696.0349748954934,-57.48607461490565,638.5489002805878,696.0349748954934,-57.48607461490565,1000.0,1000.0,1.0,1.0,0.0,1.0,1.0,0.0,0.9984,0.9479,0.05049999999999999,0.0,0.0,0.0,0.0,1000.0,1000.0,23.0,23.0,0.0,9.0,1001.62,31.19,0.0,540.0,0.0,483.8,0.0,483.8,1001.62,514.99,486.63,0.0,540.0,-540.0,1001.62,1054.99,-53.370000000000005,43548.79,82391.01,-38842.219999999994,0.9984,1.9418,-0.9434,0.9984,0.9479,0.05049999999999999,583.5489002805878,641.0349489585966,-57.48604867800884,624.0489002805879,681.5349748954935,-57.48607461490565,633.5489002805878,691.0349748954934,-57.48607461490565,1.0,1.0,0.0
23,5.0,1.0,11,12,1.2,637.6751282372506,700.933978306757,-63.258850069506366,637.6751282372506,700.933978306757,-63.258850069506366,1000.0,1000.0,1.0,1.0,0.0,1.0,1.0,0.0,1.0188,0.8564,0.16239999999999988,0.0,0.0,0.0,0.0,1000.0,1000.0,23.0,23.0,0.0,9.0,981.53,31.19,0.0,540.0,0.0,596.48,0.0,596.48,981.53,627.67,353.86,0.0,540.0,-540.0,981.53,1167.67,-186.1400000000001,42675.04,87290.0,-44614.96,1.0188,1.5932,-0.5744,1.0188,0.8564,0.16239999999999988,582.6751282372506,645.9339464844287,-63.258818247178056,623.1751282372508,686.4339783067571,-63.258850069506366,632.6751282372506,695.933978306757,-63.258850069506366,1.0,1.0,0.0
23,5.0,1.0,12,13,1.2,inf,inf,,1441440.0,1441440.0,0.0,0.0,0.0,0.0,0.0,0.0,0.0,0.0,0.0,0.0,0.0,0.0,1000.0,1000.0,1000.0,1000.0,1000.0,1000.0,0.0,23.0,0.0,9.0,0.0,31.19,0.0,540.0,0.0,0.0,0.0,0.0,0.0,31.19,-31.19,0.0,540.0,-540.0,0.0,571.19,-571.19,0.0,61356.11,-61356.11,0.0,0.0,0.0,0.0,0.0,0.0,1440.0,1440.0,0.0,1440.0,1440.0,0.0,1440.0,1440.0,0.0,0.0,0.0,0.0
23,5.0,1.0,13,14,1.2,637.5242037255962,inf,-inf,637.5242037255962,1441440.0,-1440802.4757962744,1000.0,0.0,1.0,0.0,1.0,1.0,0.0,1.0,1.0224,0.0,1.0224,0.0,1000.0,0.0,1000.0,1000.0,1000.0,23.0,23.0,0.0,9.0,978.05,31.19,0.0,540.0,0.0,0.0,0.0,0.0,978.05,31.19,946.8599999999999,0.0,540.0,-540.0,978.05,571.19,406.8599999999999,42524.12,61356.11,-18831.989999999998,1.0224,0.0,1.0224,1.0224,0.0,1.0224,582.5242037255962,1440.0,-857.4757962744038,623.0242037255963,1440.0,-816.9757962744037,632.5242037255962,1440.0,-807.4757962744038,1.0,0.0,1.0
23,5.0,1.0,14,15,1.2,641.0497841901513,696.0349748954934,-54.98519070534212,641.0497841901513,696.0349748954934,-54.98519070534212,1000.0,1000.0,1.0,1.0,0.0,1.0,1.0,0.0,0.9442,0.9479,-0.0036999999999999256,0.0,0.0,0.0,0.0,1000.0,1000.0,23.0,23.0,0.0,9.0,1059.14,31.19,0.0,540.0,0.0,483.8,0.0,483.8,1059.14,514.99,544.1500000000001,0.0,540.0,-540.0,1059.14,1054.99,4.150000000000091,46049.68,82391.01,-36341.329999999994,0.9442,1.9418,-0.9975999999999999,0.9442,0.9479,-0.0036999999999999256,586.0497841901513,641.0349489585966,-54.985164768445316,626.5497841901514,681.5349748954935,-54.98519070534212,636.0497841901513,691.0349748954934,-54.98519070534212,1.0,1.0,0.0
23,5.0,1.0,15,16,1.2,637.5242037255962,696.0349748954934,-58.510771169897225,637.5242037255962,696.0349748954934,-58.510771169897225,1000.0,1000.0,1.0,1.0,0.0,1.0,1.0,0.0,1.0224,0.9479,0.07450000000000001,0.0,0.0,0.0,0.0,1000.0,1000.0,23.0,23.0,0.0,9.0,978.05,31.19,0.0,540.0,0.0,483.8,0.0,483.8,978.05,514.99,463.05999999999995,0.0,540.0,-540.0,978.05,1054.99,-76.94000000000005,42524.12,82391.01,-39866.88999999999,1.0224,1.9418,-0.9194,1.0224,0.9479,0.07450000000000001,582.5242037255962,641.0349489585966,-58.51074523300042,623.0242037255963,681.5349748954935,-58.510771169897225,632.5242037255962,691.0349748954934,-58.510771169897225,1.0,1.0,0.0
23,5.0,1.0,16,17,1.2,637.5242037255962,696.0349771303399,-58.51077340474376,637.5242037255962,696.0349771303399,-58.51077340474376,1000.0,1000.0,1.0,1.0,0.0,1.0,1.0,0.0,1.0224,0.9479,0.07450000000000001,0.0,0.0,0.0,0.0,1000.0,1000.0,23.0,23.0,0.0,9.0,978.05,31.19,0.0,540.0,0.0,483.8,0.0,483.8,978.05,514.99,463.05999999999995,0.0,540.0,-540.0,978.05,1054.99,-76.94000000000005,42524.12,82391.01,-39866.88999999999,1.0224,1.9418,-0.9194,1.0224,0.9479,0.07450000000000001,582.5242037255962,641.0349516079461,-58.51074788234996,623.0242037255963,681.53497713034,-58.51077340474376,632.5242037255962,691.0349771303399,-58.51077340474376,1.0,1.0,0.0
23,5.0,1.0,17,18,1.2,inf,inf,,1441440.0,1441440.0,0.0,0.0,0.0,0.0,0.0,0.0,0.0,0.0,0.0,0.0,0.0,0.0,1000.0,1000.0,1000.0,1000.0,1000.0,1000.0,0.0,0.0,0.0,0.0,0.0,0.0,0.0,0.0,0.0,0.0,0.0,0.0,0.0,0.0,0.0,0.0,0.0,0.0,0.0,0.0,0.0,0.0,0.0,0.0,0.0,0.0,0.0,0.0,0.0,0.0,1440.0,1440.0,0.0,1440.0,1440.0,0.0,1440.0,1440.0,0.0,0.0,0.0,0.0
23,5.0,1.0,18,19,1.2,638.4235945458386,inf,-inf,638.4235945458386,1441440.0,-1440801.5764054542,1000.0,0.0,1.0,0.0,1.0,1.0,0.0,1.0,1.0013,0.0,1.0013,0.0,1000.0,0.0,1000.0,1000.0,1000.0,23.0,23.0,0.0,9.0,998.74,31.19,0.0,540.0,0.0,0.0,0.0,0.0,998.74,31.19,967.55,0.0,540.0,-540.0,998.74,571.19,427.54999999999995,43423.51,61356.11,-17932.6,1.0013,0.0,1.0013,1.0013,0.0,1.0013,583.4235945458386,1440.0,-856.5764054541614,623.9235945458387,1440.0,-816.0764054541613,633.4235945458386,1440.0,-806.5764054541614,1.0,0.0,1.0
23,5.0,1.0,19,20,1.2,639.1043011176155,696.0349748954934,-56.93067377787793,639.1043011176155,696.0349748954934,-56.93067377787793,1000.0,1000.0,1.0,1.0,0.0,1.0,1.0,0.0,0.9858,0.9479,0.037900000000000045,0.0,0.0,0.0,0.0,1000.0,1000.0,23.0,23.0,0.0,9.0,1014.4,31.19,0.0,540.0,0.0,483.8,0.0,483.8,1014.4,514.99,499.40999999999997,0.0,540.0,-540.0,1014.4,1054.99,-40.59000000000003,44104.19,82391.01,-38286.81999999999,0.9858,1.9418,-0.956,0.9858,0.9479,0.037900000000000045,584.1043011176155,641.0349489585966,-56.93064784098112,624.6043011176156,681.5349748954935,-56.93067377787793,634.1043011176155,691.0349748954934,-56.93067377787793,1.0,1.0,0.0
23,5.0,2.0,0,1,1.2,inf,inf,,1441440.0,1441440.0,0.0,0.0,0.0,0.0,0.0,0.0,0.0,0.0,0.0,0.0,0.0,0.0,1000.0,1000.0,1000.0,1000.0,1000.0,1000.0,0.0,0.0,0.0,0.0,0.0,0.0,0.0,0.0,0.0,0.0,0.0,0.0,0.0,0.0,0.0,0.0,0.0,0.0,0.0,0.0,0.0,0.0,0.0,0.0,0.0,0.0,0.0,0.0,0.0,0.0,1440.0,1440.0,0.0,1440.0,1440.0,0.0,1440.0,1440.0,0.0,0.0,0.0,0.0
23,5.0,2.0,1,2,1.2,inf,inf,,1441440.0,1441440.0,0.0,0.0,0.0,0.0,0.0,0.0,0.0,0.0,0.0,0.0,0.0,0.0,1000.0,1000.0,1000.0,1000.0,1000.0,1000.0,0.0,23.0,0.0,9.0,0.0,31.19,0.0,540.0,0.0,0.0,0.0,0.0,0.0,31.19,-31.19,0.0,540.0,-540.0,0.0,571.19,-571.19,0.0,61356.11,-61356.11,0.0,0.0,0.0,0.0,0.0,0.0,1440.0,1440.0,0.0,1440.0,1440.0,0.0,1440.0,1440.0,0.0,0.0,0.0,0.0
23,5.0,2.0,2,3,1.2,639.17836000498,705.9585883729338,-66.78022836795378,639.17836000498,705.9585883729338,-66.78022836795378,1000.0,1000.0,1.0,1.0,0.0,1.0,1.0,0.0,0.9842,0.813,0.17120000000000002,0.0,0.0,0.0,0.0,1000.0,1000.0,23.0,23.0,0.0,8.0,1016.1,152.91,0.0,480.0,0.0,597.05,0.0,597.05,1016.1,749.95,266.15,0.0,480.0,-480.0,1016.1,1229.95,-213.85000000000002,44178.27,92606.6,-48428.33000000001,0.9842,1.3334,-0.34919999999999995,0.9842,0.813,0.17120000000000002,584.17836000498,650.9585883729338,-66.78022836795378,624.6783600049802,691.458588372934,-66.78022836795378,634.17836000498,700.9585883729338,-66.78022836795378,1.0,1.0,0.0
23,5.0,2.0,3,4,1.2,inf,inf,,1441440.0,1441440.0,0.0,0.0,0.0,0.0,0.0,0.0,0.0,0.0,0.0,0.0,0.0,0.0,1000.0,1000.0,1000.0,1000.0,1000.0,1000.0,0.0,0.0,0.0,0.0,0.0,0.0,0.0,0.0,0.0,0.0,0.0,0.0,0.0,0.0,0.0,0.0,0.0,0.0,0.0,0.0,0.0,0.0,0.0,0.0,0.0,0.0,0.0,0.0,0.0,0.0,1440.0,1440.0,0.0,1440.0,1440.0,0.0,1440.0,1440.0,0.0,0.0,0.0,0.0
23,5.0,2.0,4,5,1.2,640.2011081743418,inf,-inf,640.2011081743418,1441440.0,-1440799.7988918256,1000.0,0.0,1.0,0.0,1.0,1.0,0.0,1.0,0.9619,0.0,0.9619,0.0,1000.0,0.0,1000.0,1000.0,1000.0,23.0,23.0,0.0,9.0,1039.62,31.19,0.0,540.0,0.0,0.0,0.0,0.0,1039.62,31.19,1008.4299999999998,0.0,540.0,-540.0,1039.62,571.19,468.42999999999984,45200.99,61356.11,-16155.120000000003,0.9619,0.0,0.9619,0.9619,0.0,0.9619,585.2011081743418,1440.0,-854.7988918256582,625.7011081743419,1440.0,-814.2988918256581,635.2011081743418,1440.0,-804.7988918256582,1.0,0.0,1.0
23,5.0,2.0,5,6,1.2,inf,inf,,1441440.0,1441440.0,0.0,0.0,0.0,0.0,0.0,0.0,0.0,0.0,0.0,0.0,0.0,0.0,1000.0,1000.0,1000.0,1000.0,1000.0,1000.0,0.0,23.0,0.0,9.0,0.0,31.19,0.0,540.0,0.0,0.0,0.0,0.0,0.0,31.19,-31.19,0.0,540.0,-540.0,0.0,571.19,-571.19,0.0,61356.11,-61356.11,0.0,0.0,0.0,0.0,0.0,0.0,1440.0,1440.0,0.0,1440.0,1440.0,0.0,1440.0,1440.0,0.0,0.0,0.0,0.0
23,5.0,2.0,6,7,1.2,inf,inf,,1441440.0,1441440.0,0.0,0.0,0.0,0.0,0.0,0.0,0.0,0.0,0.0,0.0,0.0,0.0,1000.0,1000.0,1000.0,1000.0,1000.0,1000.0,0.0,0.0,0.0,0.0,0.0,0.0,0.0,0.0,0.0,0.0,0.0,0.0,0.0,0.0,0.0,0.0,0.0,0.0,0.0,0.0,0.0,0.0,0.0,0.0,0.0,0.0,0.0,0.0,0.0,0.0,1440.0,1440.0,0.0,1440.0,1440.0,0.0,1440.0,1440.0,0.0,0.0,0.0,0.0
23,5.0,2.0,7,8,1.2,inf,inf,,1441440.0,1441440.0,0.0,0.0,0.0,0.0,0.0,0.0,0.0,0.0,0.0,0.0,0.0,0.0,1000.0,1000.0,1000.0,1000.0,1000.0,1000.0,0.0,23.0,0.0,9.0,0.0,31.19,0.0,540.0,0.0,0.0,0.0,0.0,0.0,31.19,-31.19,0.0,540.0,-540.0,0.0,571.19,-571.19,0.0,61356.11,-61356.11,0.0,0.0,0.0,0.0,0.0,0.0,1440.0,1440.0,0.0,1440.0,1440.0,0.0,1440.0,1440.0,0.0,0.0,0.0,0.0
23,5.0,2.0,8,9,1.2,641.0499205227401,inf,-inf,641.0499205227401,1441440.0,-1440798.9500794772,1000.0,0.0,1.0,0.0,1.0,1.0,0.0,1.0,0.9442,0.0,0.9442,0.0,1000.0,0.0,1000.0,1000.0,1000.0,23.0,23.0,0.0,8.0,1059.15,166.91,0.0,480.0,0.0,0.0,0.0,0.0,1059.15,166.91,892.2400000000001,0.0,480.0,-480.0,1059.15,646.91,412.2400000000001,46049.8,67256.94,-21207.14,0.9442,0.0,0.9442,0.9442,0.0,0.9442,586.0499205227401,1440.0,-853.9500794772599,626.5499205227402,1440.0,-813.4500794772598,636.0499205227401,1440.0,-803.9500794772599,1.0,0.0,1.0
23,5.0,2.0,9,10,1.2,inf,inf,,1441440.0,1441440.0,0.0,0.0,0.0,0.0,0.0,0.0,0.0,0.0,0.0,0.0,0.0,0.0,1000.0,1000.0,1000.0,1000.0,1000.0,1000.0,0.0,23.0,0.0,9.0,0.0,31.19,0.0,540.0,0.0,0.0,0.0,0.0,0.0,31.19,-31.19,0.0,540.0,-540.0,0.0,571.19,-571.19,0.0,61356.11,-61356.11,0.0,0.0,0.0,0.0,0.0,0.0,1440.0,1440.0,0.0,1440.0,1440.0,0.0,1440.0,1440.0,0.0,0.0,0.0,0.0
23,5.0,2.0,10,11,1.2,639.6898844483829,inf,-inf,639.6898844483829,1441440.0,-1440800.3101155516,1000.0,0.0,1.0,0.0,1.0,1.0,0.0,1.0,0.9729,0.0,0.9729,0.0,1000.0,0.0,1000.0,1000.0,1000.0,23.0,23.0,0.0,9.0,1027.87,31.19,0.0,540.0,0.0,0.0,0.0,0.0,1027.87,31.19,996.6799999999998,0.0,540.0,-540.0,1027.87,571.19,456.67999999999984,44689.78,61356.11,-16666.33,0.9729,0.0,0.9729,0.9729,0.0,0.9729,584.6898844483829,1440.0,-855.3101155516171,625.189884448383,1440.0,-814.810115551617,634.6898844483829,1440.0,-805.3101155516171,1.0,0.0,1.0
23,5.0,2.0,11,12,1.2,638.9810911311428,700.9585883729338,-61.97749724179107,638.9810911311428,700.9585883729338,-61.97749724179107,1000.0,1000.0,1.0,1.0,0.0,1.0,1.0,0.0,0.9886,0.856,0.13260000000000005,0.0,0.0,0.0,0.0,1000.0,1000.0,23.0,23.0,0.0,9.0,1011.56,31.19,0.0,540.0,0.0,597.05,0.0,597.05,1011.56,628.24,383.31999999999994,0.0,540.0,-540.0,1011.56,1168.24,-156.68000000000006,43981.01,87314.6,-43333.590000000004,0.9886,1.5918,-0.6032000000000001,0.9886,0.856,0.13260000000000005,583.9810911311428,645.9585554191221,-61.97746428797939,624.4810911311429,686.458588372934,-61.97749724179107,633.9810911311428,695.9585883729338,-61.97749724179107,1.0,1.0,0.0
23,5.0,2.0,12,13,1.2,inf,inf,,1441440.0,1441440.0,0.0,0.0,0.0,0.0,0.0,0.0,0.0,0.0,0.0,0.0,0.0,0.0,1000.0,1000.0,1000.0,1000.0,1000.0,1000.0,0.0,23.0,0.0,9.0,0.0,31.19,0.0,540.0,0.0,0.0,0.0,0.0,0.0,31.19,-31.19,0.0,540.0,-540.0,0.0,571.19,-571.19,0.0,61356.11,-61356.11,0.0,0.0,0.0,0.0,0.0,0.0,1440.0,1440.0,0.0,1440.0,1440.0,0.0,1440.0,1440.0,0.0,0.0,0.0,0.0
23,5.0,2.0,13,14,1.2,641.4890051543464,inf,-inf,641.4890051543464,1441440.0,-1440798.5109948458,1000.0,0.0,1.0,0.0,1.0,1.0,0.0,1.0,0.9352,0.0,0.9352,0.0,1000.0,0.0,1000.0,1000.0,1000.0,23.0,23.0,0.0,9.0,1069.25,31.19,0.0,540.0,0.0,0.0,0.0,0.0,1069.25,31.19,1038.06,0.0,540.0,-540.0,1069.25,571.19,498.05999999999995,46488.91,61356.11,-14867.199999999997,0.9352,0.0,0.9352,0.9352,0.0,0.9352,586.4890051543464,1440.0,-853.5109948456536,626.9890051543465,1440.0,-813.0109948456535,636.4890051543464,1440.0,-803.5109948456536,1.0,0.0,1.0
23,5.0,2.0,14,15,1.2,inf,inf,,1441440.0,1441440.0,0.0,0.0,0.0,0.0,0.0,0.0,0.0,0.0,0.0,0.0,0.0,0.0,1000.0,1000.0,1000.0,1000.0,1000.0,1000.0,0.0,0.0,0.0,0.0,0.0,0.0,0.0,0.0,0.0,0.0,0.0,0.0,0.0,0.0,0.0,0.0,0.0,0.0,0.0,0.0,0.0,0.0,0.0,0.0,0.0,0.0,0.0,0.0,0.0,0.0,1440.0,1440.0,0.0,1440.0,1440.0,0.0,1440.0,1440.0,0.0,0.0,0.0,0.0
23,5.0,2.0,15,16,1.2,638.9365800621749,inf,-inf,638.9365800621749,1441440.0,-1440801.0634199379,1000.0,0.0,1.0,0.0,1.0,1.0,0.0,1.0,0.9896,0.0,0.9896,0.0,1000.0,0.0,1000.0,1000.0,1000.0,23.0,23.0,0.0,9.0,1010.54,31.19,0.0,540.0,0.0,0.0,0.0,0.0,1010.54,31.19,979.3499999999999,0.0,540.0,-540.0,1010.54,571.19,439.3499999999999,43936.49,61356.11,-17419.620000000003,0.9896,0.0,0.9896,0.9896,0.0,0.9896,583.9365800621749,1440.0,-856.0634199378251,624.436580062175,1440.0,-815.563419937825,633.9365800621749,1440.0,-806.0634199378251,1.0,0.0,1.0
23,5.0,2.0,16,17,1.2,637.5242037255962,inf,-inf,637.5242037255962,1441440.0,-1440802.4757962744,1000.0,0.0,1.0,0.0,1.0,1.0,0.0,1.0,1.0224,0.0,1.0224,0.0,1000.0,0.0,1000.0,1000.0,1000.0,23.0,23.0,0.0,9.0,978.05,31.19,0.0,540.0,0.0,0.0,0.0,0.0,978.05,31.19,946.8599999999999,0.0,540.0,-540.0,978.05,571.19,406.8599999999999,42524.12,61356.11,-18831.989999999998,1.0224,0.0,1.0224,1.0224,0.0,1.0224,582.5242037255962,1440.0,-857.4757962744038,623.0242037255963,1440.0,-816.9757962744037,632.5242037255962,1440.0,-807.4757962744038,1.0,0.0,1.0
23,5.0,2.0,17,18,1.2,inf,inf,,1441440.0,1441440.0,0.0,0.0,0.0,0.0,0.0,0.0,0.0,0.0,0.0,0.0,0.0,0.0,1000.0,1000.0,1000.0,1000.0,1000.0,1000.0,0.0,0.0,0.0,0.0,0.0,0.0,0.0,0.0,0.0,0.0,0.0,0.0,0.0,0.0,0.0,0.0,0.0,0.0,0.0,0.0,0.0,0.0,0.0,0.0,0.0,0.0,0.0,0.0,0.0,0.0,1440.0,1440.0,0.0,1440.0,1440.0,0.0,1440.0,1440.0,0.0,0.0,0.0,0.0
23,5.0,2.0,18,19,1.2,639.8374924313351,inf,-inf,639.8374924313351,1441440.0,-1440800.1625075687,1000.0,0.0,1.0,0.0,1.0,1.0,0.0,1.0,0.9697,0.0,0.9697,0.0,1000.0,0.0,1000.0,1000.0,1000.0,23.0,23.0,0.0,9.0,1031.26,31.19,0.0,540.0,0.0,0.0,0.0,0.0,1031.26,31.19,1000.0699999999999,0.0,540.0,-540.0,1031.26,571.19,460.06999999999994,44837.4,61356.11,-16518.71,0.9697,0.0,0.9697,0.9697,0.0,0.9697,584.8374924313351,1440.0,-855.1625075686649,625.3374924313352,1440.0,-814.6625075686648,634.8374924313351,1440.0,-805.1625075686649,1.0,0.0,1.0
23,5.0,2.0,19,20,1.2,644.8291898741236,inf,-inf,644.8291898741236,1441440.0,-1440795.1708101258,1000.0,0.0,1.0,0.0,1.0,1.0,0.0,1.0,0.8725,0.0,0.8725,0.0,1000.0,0.0,1000.0,1000.0,1000.0,23.0,23.0,0.0,9.0,1146.07,31.19,0.0,540.0,0.0,0.0,0.0,0.0,1146.07,31.19,1114.8799999999999,0.0,540.0,-540.0,1146.07,571.19,574.8799999999999,49829.06,61356.11,-11527.050000000003,0.8725,0.0,0.8725,0.8725,0.0,0.8725,589.8291898741236,1440.0,-850.1708101258764,630.3291898741237,1440.0,-809.6708101258763,639.8291898741236,1440.0,-800.1708101258764,1.0,0.0,1.0
23,10.0,0.5,0,1,1.2,752.9431676877244,696.0349748954934,56.908192792231034,752.9431676877244,696.0349748954934,56.908192792231034,1000.0,1000.0,1.0,1.0,0.0,1.0,1.0,0.0,1.0125,0.9479,0.06459999999999999,0.0,0.0,0.0,0.0,1000.0,1000.0,23.0,23.0,0.0,9.0,987.69,31.19,0.0,540.0,0.0,483.8,0.0,483.8,987.69,514.99,472.70000000000005,0.0,540.0,-540.0,987.69,1054.99,-67.29999999999995,42943.15,82391.01,-39447.85999999999,1.0125,1.9418,-0.9293,1.0125,0.9479,0.06459999999999999,642.9431676877244,641.0349489585966,1.9082187291278387,723.9431676877247,681.5349748954935,42.40819279223115,742.9431676877244,691.0349748954934,51.908192792231034,1.0,1.0,0.0
23,10.0,0.5,1,2,1.2,752.8753839084211,696.0349748954934,56.840409012927694,752.8753839084211,696.0349748954934,56.840409012927694,1000.0,1000.0,1.0,1.0,0.0,1.0,1.0,0.0,1.0141,0.9479,0.06620000000000004,0.0,0.0,0.0,0.0,1000.0,1000.0,23.0,23.0,0.0,9.0,986.13,31.19,0.0,540.0,0.0,483.8,0.0,483.8,986.13,514.99,471.14,0.0,540.0,-540.0,986.13,1054.99,-68.86000000000001,42875.37,82391.01,-39515.63999999999,1.0141,1.9418,-0.9277,1.0141,0.9479,0.06620000000000004,642.8753839084211,641.0349489585966,1.8404349498244983,723.8753839084213,681.5349748954935,42.34040901292781,742.8753839084211,691.0349748954934,51.840409012927694,1.0,1.0,0.0
23,10.0,0.5,2,3,1.2,752.5240352373265,700.9585883729338,51.5654468643927,752.5240352373265,700.9585883729338,51.5654468643927,1000.0,1000.0,1.0,1.0,0.0,1.0,1.0,0.0,1.0224,0.856,0.1664,0.0,0.0,0.0,0.0,1000.0,1000.0,23.0,23.0,0.0,9.0,978.05,31.19,0.0,540.0,0.0,597.05,0.0,597.05,978.05,628.24,349.80999999999995,0.0,540.0,-540.0,978.05,1168.24,-190.19000000000005,42524.02,87314.6,-44790.58000000001,1.0224,1.5918,-0.5694000000000001,1.0224,0.856,0.1664,642.5240352373265,645.9585554191221,-3.4345201817956195,723.5240352373268,686.458588372934,37.06544686439281,742.5240352373265,695.9585883729338,46.5654468643927,1.0,1.0,0.0
23,10.0,0.5,3,4,1.2,inf,inf,,1441440.0,1441440.0,0.0,0.0,0.0,0.0,0.0,0.0,0.0,0.0,0.0,0.0,0.0,0.0,1000.0,1000.0,1000.0,1000.0,1000.0,1000.0,0.0,0.0,0.0,0.0,0.0,0.0,0.0,0.0,0.0,0.0,0.0,0.0,0.0,0.0,0.0,0.0,0.0,0.0,0.0,0.0,0.0,0.0,0.0,0.0,0.0,0.0,0.0,0.0,0.0,0.0,1440.0,1440.0,0.0,1440.0,1440.0,0.0,1440.0,1440.0,0.0,0.0,0.0,0.0
23,10.0,0.5,4,5,1.2,752.9846201643397,696.0349748954934,56.949645268846325,752.9846201643397,696.0349748954934,56.949645268846325,1000.0,1000.0,1.0,1.0,0.0,1.0,1.0,0.0,1.0115,0.9479,0.0636000000000001,0.0,0.0,0.0,0.0,1000.0,1000.0,23.0,23.0,0.0,9.0,988.65,31.19,0.0,540.0,0.0,483.8,0.0,483.8,988.65,514.99,473.65999999999997,0.0,540.0,-540.0,988.65,1054.99,-66.34000000000003,42984.6,82391.01,-39406.409999999996,1.0115,1.9418,-0.9302999999999999,1.0115,0.9479,0.0636000000000001,642.9846201643397,641.0349489585966,1.9496712057431296,723.98462016434,681.5349748954935,42.44964526884644,742.9846201643397,691.0349748954934,51.949645268846325,1.0,1.0,0.0
23,10.0,0.5,5,6,1.2,inf,inf,,1441440.0,1441440.0,0.0,0.0,0.0,0.0,0.0,0.0,0.0,0.0,0.0,0.0,0.0,0.0,1000.0,1000.0,1000.0,1000.0,1000.0,1000.0,0.0,23.0,0.0,9.0,0.0,31.19,0.0,540.0,0.0,0.0,0.0,0.0,0.0,31.19,-31.19,0.0,540.0,-540.0,0.0,571.19,-571.19,0.0,61356.11,-61356.11,0.0,0.0,0.0,0.0,0.0,0.0,1440.0,1440.0,0.0,1440.0,1440.0,0.0,1440.0,1440.0,0.0,0.0,0.0,0.0
23,10.0,0.5,6,7,1.2,752.5240352373265,700.2586599581538,52.26537527917276,752.5240352373265,700.2586599581538,52.26537527917276,1000.0,1000.0,1.0,1.0,0.0,1.0,1.0,0.0,1.0224,0.868,0.15439999999999998,0.0,0.0,0.0,0.0,1000.0,1000.0,23.0,23.0,0.0,9.0,978.05,31.19,0.0,540.0,0.0,580.95,0.0,580.95,978.05,612.14,365.90999999999997,0.0,540.0,-540.0,978.05,1152.14,-174.09000000000015,42524.02,86614.68,-44090.659999999996,1.0224,1.6336,-0.6112,1.0224,0.868,0.15439999999999998,642.5240352373265,645.258627987424,-2.7345927500974767,723.5240352373268,685.7586599581539,37.76537527917287,742.5240352373265,695.2586599581538,47.26537527917276,1.0,1.0,0.0
23,10.0,0.5,7,8,1.2,inf,inf,,1441440.0,1441440.0,0.0,0.0,0.0,0.0,0.0,0.0,0.0,0.0,0.0,0.0,0.0,0.0,1000.0,1000.0,1000.0,1000.0,1000.0,1000.0,0.0,23.0,0.0,9.0,0.0,31.19,0.0,540.0,0.0,0.0,0.0,0.0,0.0,31.19,-31.19,0.0,540.0,-540.0,0.0,571.19,-571.19,0.0,61356.11,-61356.11,0.0,0.0,0.0,0.0,0.0,0.0,1440.0,1440.0,0.0,1440.0,1440.0,0.0,1440.0,1440.0,0.0,0.0,0.0,0.0
23,10.0,0.5,8,9,1.2,752.5240352373265,696.0349748954934,56.489060341833124,752.5240352373265,696.0349748954934,56.489060341833124,1000.0,1000.0,1.0,1.0,0.0,1.0,1.0,0.0,1.0224,0.9479,0.07450000000000001,0.0,0.0,0.0,0.0,1000.0,1000.0,23.0,23.0,0.0,9.0,978.05,31.19,0.0,540.0,0.0,483.8,0.0,483.8,978.05,514.99,463.05999999999995,0.0,540.0,-540.0,978.05,1054.99,-76.94000000000005,42524.02,82391.01,-39866.99,1.0224,1.9418,-0.9194,1.0224,0.9479,0.07450000000000001,642.5240352373265,641.0349489585966,1.4890862787299284,723.5240352373268,681.5349748954935,41.98906034183324,742.5240352373265,691.0349748954934,51.489060341833124,1.0,1.0,0.0
23,10.0,0.5,9,10,1.2,752.5240352373265,696.0349748954934,56.489060341833124,752.5240352373265,696.0349748954934,56.489060341833124,1000.0,1000.0,1.0,1.0,0.0,1.0,1.0,0.0,1.0224,0.9479,0.07450000000000001,0.0,0.0,0.0,0.0,1000.0,1000.0,23.0,23.0,0.0,9.0,978.05,31.19,0.0,540.0,0.0,483.8,0.0,483.8,978.05,514.99,463.05999999999995,0.0,540.0,-540.0,978.05,1054.99,-76.94000000000005,42524.02,82391.01,-39866.99,1.0224,1.9418,-0.9194,1.0224,0.9479,0.07450000000000001,642.5240352373265,641.0349489585966,1.4890862787299284,723.5240352373268,681.5349748954935,41.98906034183324,742.5240352373265,691.0349748954934,51.489060341833124,1.0,1.0,0.0
23,10.0,0.5,10,11,1.2,753.5486640553657,696.0349748954934,57.51368915987234,753.5486640553657,696.0349748954934,57.51368915987234,1000.0,1000.0,1.0,1.0,0.0,1.0,1.0,0.0,0.9984,0.9479,0.05049999999999999,0.0,0.0,0.0,0.0,1000.0,1000.0,23.0,23.0,0.0,9.0,1001.62,31.19,0.0,540.0,0.0,483.8,0.0,483.8,1001.62,514.99,486.63,0.0,540.0,-540.0,1001.62,1054.99,-53.370000000000005,43548.64,82391.01,-38842.369999999995,0.9984,1.9418,-0.9434,0.9984,0.9479,0.05049999999999999,643.5486640553657,641.0349489585966,2.513715096769147,724.548664055366,681.5349748954935,43.013689159872456,743.5486640553657,691.0349748954934,52.51368915987234,1.0,1.0,0.0
23,10.0,0.5,11,12,1.2,752.5240352373265,700.933978306757,51.59005693056952,752.5240352373265,700.933978306757,51.59005693056952,1000.0,1000.0,1.0,1.0,0.0,1.0,1.0,0.0,1.0224,0.8564,0.16599999999999993,0.0,0.0,0.0,0.0,1000.0,1000.0,23.0,23.0,0.0,9.0,978.05,31.19,0.0,540.0,0.0,596.48,0.0,596.48,978.05,627.67,350.38,0.0,540.0,-540.0,978.05,1167.67,-189.62000000000012,42524.02,87290.0,-44765.98,1.0224,1.5932,-0.5708,1.0224,0.8564,0.16599999999999993,642.5240352373265,645.9339464844287,-3.4099112471021726,723.5240352373268,686.4339783067571,37.09005693056963,742.5240352373265,695.933978306757,46.59005693056952,1.0,1.0,0.0
23,10.0,0.5,12,13,1.2,752.9431676877244,696.0349748954934,56.908192792231034,752.9431676877244,696.0349748954934,56.908192792231034,1000.0,1000.0,1.0,1.0,0.0,1.0,1.0,0.0,1.0125,0.9479,0.06459999999999999,0.0,0.0,0.0,0.0,1000.0,1000.0,23.0,23.0,0.0,9.0,987.69,31.19,0.0,540.0,0.0,483.8,0.0,483.8,987.69,514.99,472.70000000000005,0.0,540.0,-540.0,987.69,1054.99,-67.29999999999995,42943.15,82391.01,-39447.85999999999,1.0125,1.9418,-0.9293,1.0125,0.9479,0.06459999999999999,642.9431676877244,641.0349489585966,1.9082187291278387,723.9431676877247,681.5349748954935,42.40819279223115,742.9431676877244,691.0349748954934,51.908192792231034,1.0,1.0,0.0
23,10.0,0.5,13,14,1.2,752.5240352373265,696.0349748954934,56.489060341833124,752.5240352373265,696.0349748954934,56.489060341833124,1000.0,1000.0,1.0,1.0,0.0,1.0,1.0,0.0,1.0224,0.9479,0.07450000000000001,0.0,0.0,0.0,0.0,1000.0,1000.0,23.0,23.0,0.0,9.0,978.05,31.19,0.0,540.0,0.0,483.8,0.0,483.8,978.05,514.99,463.05999999999995,0.0,540.0,-540.0,978.05,1054.99,-76.94000000000005,42524.02,82391.01,-39866.99,1.0224,1.9418,-0.9194,1.0224,0.9479,0.07450000000000001,642.5240352373265,641.0349489585966,1.4890862787299284,723.5240352373268,681.5349748954935,41.98906034183324,742.5240352373265,691.0349748954934,51.489060341833124,1.0,1.0,0.0
23,10.0,0.5,14,15,1.2,756.0495741166286,696.0349748954934,60.0145992211352,756.0495741166286,696.0349748954934,60.0145992211352,1000.0,1000.0,1.0,1.0,0.0,1.0,1.0,0.0,0.9442,0.9479,-0.0036999999999999256,0.0,0.0,0.0,0.0,1000.0,1000.0,23.0,23.0,0.0,9.0,1059.14,31.19,0.0,540.0,0.0,483.8,0.0,483.8,1059.14,514.99,544.1500000000001,0.0,540.0,-540.0,1059.14,1054.99,4.150000000000091,46049.55,82391.01,-36341.45999999999,0.9442,1.9418,-0.9975999999999999,0.9442,0.9479,-0.0036999999999999256,646.0495741166286,641.0349489585966,5.014625158032004,727.0495741166288,681.5349748954935,45.51459922113531,746.0495741166286,691.0349748954934,55.0145992211352,1.0,1.0,0.0
23,10.0,0.5,15,16,1.2,752.5240352373265,696.0349748954934,56.489060341833124,752.5240352373265,696.0349748954934,56.489060341833124,1000.0,1000.0,1.0,1.0,0.0,1.0,1.0,0.0,1.0224,0.9479,0.07450000000000001,0.0,0.0,0.0,0.0,1000.0,1000.0,23.0,23.0,0.0,9.0,978.05,31.19,0.0,540.0,0.0,483.8,0.0,483.8,978.05,514.99,463.05999999999995,0.0,540.0,-540.0,978.05,1054.99,-76.94000000000005,42524.02,82391.01,-39866.99,1.0224,1.9418,-0.9194,1.0224,0.9479,0.07450000000000001,642.5240352373265,641.0349489585966,1.4890862787299284,723.5240352373268,681.5349748954935,41.98906034183324,742.5240352373265,691.0349748954934,51.489060341833124,1.0,1.0,0.0
23,10.0,0.5,16,17,1.2,752.5240352373265,696.0349771303399,56.48905810698659,752.5240352373265,696.0349771303399,56.48905810698659,1000.0,1000.0,1.0,1.0,0.0,1.0,1.0,0.0,1.0224,0.9479,0.07450000000000001,0.0,0.0,0.0,0.0,1000.0,1000.0,23.0,23.0,0.0,9.0,978.05,31.19,0.0,540.0,0.0,483.8,0.0,483.8,978.05,514.99,463.05999999999995,0.0,540.0,-540.0,978.05,1054.99,-76.94000000000005,42524.02,82391.01,-39866.99,1.0224,1.9418,-0.9194,1.0224,0.9479,0.07450000000000001,642.5240352373265,641.0349516079461,1.4890836293803886,723.5240352373268,681.53497713034,41.989058106986704,742.5240352373265,691.0349771303399,51.48905810698659,1.0,1.0,0.0
23,10.0,0.5,17,18,1.2,inf,inf,,1441440.0,1441440.0,0.0,0.0,0.0,0.0,0.0,0.0,0.0,0.0,0.0,0.0,0.0,0.0,1000.0,1000.0,1000.0,1000.0,1000.0,1000.0,0.0,0.0,0.0,0.0,0.0,0.0,0.0,0.0,0.0,0.0,0.0,0.0,0.0,0.0,0.0,0.0,0.0,0.0,0.0,0.0,0.0,0.0,0.0,0.0,0.0,0.0,0.0,0.0,0.0,0.0,1440.0,1440.0,0.0,1440.0,1440.0,0.0,1440.0,1440.0,0.0,0.0,0.0,0.0
23,10.0,0.5,18,19,1.2,752.5240352373265,inf,-inf,752.5240352373265,1441440.0,-1440687.4759647627,1000.0,0.0,1.0,0.0,1.0,1.0,0.0,1.0,1.0224,0.0,1.0224,0.0,1000.0,0.0,1000.0,1000.0,1000.0,23.0,23.0,0.0,9.0,978.05,31.19,0.0,540.0,0.0,0.0,0.0,0.0,978.05,31.19,946.8599999999999,0.0,540.0,-540.0,978.05,571.19,406.8599999999999,42524.02,61356.11,-18832.090000000004,1.0224,0.0,1.0224,1.0224,0.0,1.0224,642.5240352373265,1440.0,-797.4759647626735,723.5240352373268,1440.0,-716.4759647626732,742.5240352373265,1440.0,-697.4759647626735,1.0,0.0,1.0
23,10.0,0.5,19,20,1.2,752.5240352373265,696.0349748954934,56.489060341833124,752.5240352373265,696.0349748954934,56.489060341833124,1000.0,1000.0,1.0,1.0,0.0,1.0,1.0,0.0,1.0224,0.9479,0.07450000000000001,0.0,0.0,0.0,0.0,1000.0,1000.0,23.0,23.0,0.0,9.0,978.05,31.19,0.0,540.0,0.0,483.8,0.0,483.8,978.05,514.99,463.05999999999995,0.0,540.0,-540.0,978.05,1054.99,-76.94000000000005,42524.02,82391.01,-39866.99,1.0224,1.9418,-0.9194,1.0224,0.9479,0.07450000000000001,642.5240352373265,641.0349489585966,1.4890862787299284,723.5240352373268,681.5349748954935,41.98906034183324,742.5240352373265,691.0349748954934,51.489060341833124,1.0,1.0,0.0
23,10.0,1.0,0,1,1.2,753.3914975669466,696.0349748954934,57.35652267145315,753.3914975669466,696.0349748954934,57.35652267145315,1000.0,1000.0,1.0,1.0,0.0,1.0,1.0,0.0,1.002,0.9479,0.05410000000000004,0.0,0.0,0.0,0.0,1000.0,1000.0,23.0,23.0,0.0,9.0,998.0,31.19,0.0,540.0,0.0,483.8,0.0,483.8,998.0,514.99,483.01,0.0,540.0,-540.0,998.0,1054.99,-56.99000000000001,43391.48,82391.01,-38999.52999999999,1.002,1.9418,-0.9398,1.002,0.9479,0.05410000000000004,643.3914975669466,641.0349489585966,2.3565486083499536,724.3914975669468,681.5349748954935,42.85652267145326,743.3914975669466,691.0349748954934,52.35652267145315,1.0,1.0,0.0
23,10.0,1.0,1,2,1.2,753.5262538489822,inf,-inf,753.5262538489822,1441440.0,-1440686.473746151,1000.0,0.0,1.0,0.0,1.0,1.0,0.0,1.0,0.9989,0.0,0.9989,0.0,1000.0,0.0,1000.0,1000.0,1000.0,23.0,23.0,0.0,9.0,1001.1,31.19,0.0,540.0,0.0,0.0,0.0,0.0,1001.1,31.19,969.91,0.0,540.0,-540.0,1001.1,571.19,429.90999999999997,43526.23,61356.11,-17829.879999999997,0.9989,0.0,0.9989,0.9989,0.0,0.9989,643.5262538489822,1440.0,-796.4737461510178,724.5262538489824,1440.0,-715.4737461510176,743.5262538489822,1440.0,-696.4737461510178,1.0,0.0,1.0
23,10.0,1.0,2,3,1.2,752.5240352373265,700.9585883729338,51.5654468643927,752.5240352373265,700.9585883729338,51.5654468643927,1000.0,1000.0,1.0,1.0,0.0,1.0,1.0,0.0,1.0224,0.856,0.1664,0.0,0.0,0.0,0.0,1000.0,1000.0,23.0,23.0,0.0,9.0,978.05,31.19,0.0,540.0,0.0,597.05,0.0,597.05,978.05,628.24,349.80999999999995,0.0,540.0,-540.0,978.05,1168.24,-190.19000000000005,42524.02,87314.6,-44790.58000000001,1.0224,1.5918,-0.5694000000000001,1.0224,0.856,0.1664,642.5240352373265,645.9585554191221,-3.4345201817956195,723.5240352373268,686.458588372934,37.06544686439281,742.5240352373265,695.9585883729338,46.5654468643927,1.0,1.0,0.0
23,10.0,1.0,3,4,1.2,inf,inf,,1441440.0,1441440.0,0.0,0.0,0.0,0.0,0.0,0.0,0.0,0.0,0.0,0.0,0.0,0.0,1000.0,1000.0,1000.0,1000.0,1000.0,1000.0,0.0,0.0,0.0,0.0,0.0,0.0,0.0,0.0,0.0,0.0,0.0,0.0,0.0,0.0,0.0,0.0,0.0,0.0,0.0,0.0,0.0,0.0,0.0,0.0,0.0,0.0,0.0,0.0,0.0,0.0,1440.0,1440.0,0.0,1440.0,1440.0,0.0,1440.0,1440.0,0.0,0.0,0.0,0.0
23,10.0,1.0,4,5,1.2,752.9846201643397,696.1744686893275,56.810151475012276,752.9846201643397,696.1744686893275,56.810151475012276,1000.0,1000.0,1.0,1.0,0.0,1.0,1.0,0.0,1.0115,0.945,0.06650000000000011,0.0,0.0,0.0,0.0,1000.0,1000.0,23.0,23.0,0.0,9.0,988.65,31.19,0.0,540.0,0.0,487.01,0.0,487.01,988.65,518.2,470.44999999999993,0.0,540.0,-540.0,988.65,1058.2,-69.55000000000007,42984.6,82530.5,-39545.9,1.0115,1.9298,-0.9182999999999999,1.0115,0.945,0.06650000000000011,642.9846201643397,641.1744410415415,1.8101791227982176,723.98462016434,681.6744686893276,42.31015147501239,742.9846201643397,691.1744686893275,51.810151475012276,1.0,1.0,0.0
23,10.0,1.0,5,6,1.2,inf,inf,,1441440.0,1441440.0,0.0,0.0,0.0,0.0,0.0,0.0,0.0,0.0,0.0,0.0,0.0,0.0,1000.0,1000.0,1000.0,1000.0,1000.0,1000.0,0.0,23.0,0.0,9.0,0.0,31.19,0.0,540.0,0.0,0.0,0.0,0.0,0.0,31.19,-31.19,0.0,540.0,-540.0,0.0,571.19,-571.19,0.0,61356.11,-61356.11,0.0,0.0,0.0,0.0,0.0,0.0,1440.0,1440.0,0.0,1440.0,1440.0,0.0,1440.0,1440.0,0.0,0.0,0.0,0.0
23,10.0,1.0,6,7,1.2,752.9431676877244,700.2586599581538,52.68450772957067,752.9431676877244,700.2586599581538,52.68450772957067,1000.0,1000.0,1.0,1.0,0.0,1.0,1.0,0.0,1.0125,0.868,0.14449999999999996,0.0,0.0,0.0,0.0,1000.0,1000.0,23.0,23.0,0.0,9.0,987.69,31.19,0.0,540.0,0.0,580.95,0.0,580.95,987.69,612.14,375.55000000000007,0.0,540.0,-540.0,987.69,1152.14,-164.45000000000005,42943.15,86614.68,-43671.52999999999,1.0125,1.6336,-0.6211,1.0125,0.868,0.14449999999999996,642.9431676877244,645.258627987424,-2.3154602996995663,723.9431676877247,685.7586599581539,38.18450772957078,742.9431676877244,695.2586599581538,47.68450772957067,1.0,1.0,0.0
23,10.0,1.0,7,8,1.2,inf,inf,,1441440.0,1441440.0,0.0,0.0,0.0,0.0,0.0,0.0,0.0,0.0,0.0,0.0,0.0,0.0,1000.0,1000.0,1000.0,1000.0,1000.0,1000.0,0.0,23.0,0.0,9.0,0.0,31.19,0.0,540.0,0.0,0.0,0.0,0.0,0.0,31.19,-31.19,0.0,540.0,-540.0,0.0,571.19,-571.19,0.0,61356.11,-61356.11,0.0,0.0,0.0,0.0,0.0,0.0,1440.0,1440.0,0.0,1440.0,1440.0,0.0,1440.0,1440.0,0.0,0.0,0.0,0.0
23,10.0,1.0,8,9,1.2,754.0106496015634,696.0349748954934,57.97567470606998,754.0106496015634,696.0349748954934,57.97567470606998,1000.0,1000.0,1.0,1.0,0.0,1.0,1.0,0.0,0.9879,0.9479,0.040000000000000036,0.0,0.0,0.0,0.0,1000.0,1000.0,23.0,23.0,0.0,9.0,1012.24,31.19,0.0,540.0,0.0,483.8,0.0,483.8,1012.24,514.99,497.25,0.0,540.0,-540.0,1012.24,1054.99,-42.75,44010.63,82391.01,-38380.38,0.9879,1.9418,-0.9539,0.9879,0.9479,0.040000000000000036,644.0106496015634,641.0349489585966,2.9757006429667854,725.0106496015636,681.5349748954935,43.475674706070095,744.0106496015634,691.0349748954934,52.97567470606998,1.0,1.0,0.0
23,10.0,1.0,9,10,1.2,inf,inf,,1441440.0,1441440.0,0.0,0.0,0.0,0.0,0.0,0.0,0.0,0.0,0.0,0.0,0.0,0.0,1000.0,1000.0,1000.0,1000.0,1000.0,1000.0,0.0,23.0,0.0,9.0,0.0,31.19,0.0,540.0,0.0,0.0,0.0,0.0,0.0,31.19,-31.19,0.0,540.0,-540.0,0.0,571.19,-571.19,0.0,61356.11,-61356.11,0.0,0.0,0.0,0.0,0.0,0.0,1440.0,1440.0,0.0,1440.0,1440.0,0.0,1440.0,1440.0,0.0,0.0,0.0,0.0
23,10.0,1.0,10,11,1.2,753.5486640553657,696.0349748954934,57.51368915987234,753.5486640553657,696.0349748954934,57.51368915987234,1000.0,1000.0,1.0,1.0,0.0,1.0,1.0,0.0,0.9984,0.9479,0.05049999999999999,0.0,0.0,0.0,0.0,1000.0,1000.0,23.0,23.0,0.0,9.0,1001.62,31.19,0.0,540.0,0.0,483.8,0.0,483.8,1001.62,514.99,486.63,0.0,540.0,-540.0,1001.62,1054.99,-53.370000000000005,43548.64,82391.01,-38842.369999999995,0.9984,1.9418,-0.9434,0.9984,0.9479,0.05049999999999999,643.5486640553657,641.0349489585966,2.513715096769147,724.548664055366,681.5349748954935,43.013689159872456,743.5486640553657,691.0349748954934,52.51368915987234,1.0,1.0,0.0
23,10.0,1.0,11,12,1.2,752.674950326589,700.933978306757,51.74097201983204,752.674950326589,700.933978306757,51.74097201983204,1000.0,1000.0,1.0,1.0,0.0,1.0,1.0,0.0,1.0188,0.8564,0.16239999999999988,0.0,0.0,0.0,0.0,1000.0,1000.0,23.0,23.0,0.0,9.0,981.52,31.19,0.0,540.0,0.0,596.48,0.0,596.48,981.52,627.67,353.85,0.0,540.0,-540.0,981.52,1167.67,-186.1500000000001,42674.93,87290.0,-44615.07,1.0188,1.5932,-0.5744,1.0188,0.8564,0.16239999999999988,642.674950326589,645.9339464844287,-3.258996157839647,723.6749503265893,686.4339783067571,37.24097201983216,742.674950326589,695.933978306757,46.74097201983204,1.0,1.0,0.0
23,10.0,1.0,12,13,1.2,inf,inf,,1441440.0,1441440.0,0.0,0.0,0.0,0.0,0.0,0.0,0.0,0.0,0.0,0.0,0.0,0.0,1000.0,1000.0,1000.0,1000.0,1000.0,1000.0,0.0,23.0,0.0,9.0,0.0,31.19,0.0,540.0,0.0,0.0,0.0,0.0,0.0,31.19,-31.19,0.0,540.0,-540.0,0.0,571.19,-571.19,0.0,61356.11,-61356.11,0.0,0.0,0.0,0.0,0.0,0.0,1440.0,1440.0,0.0,1440.0,1440.0,0.0,1440.0,1440.0,0.0,0.0,0.0,0.0
23,10.0,1.0,13,14,1.2,752.5240352373265,inf,-inf,752.5240352373265,1441440.0,-1440687.4759647627,1000.0,0.0,1.0,0.0,1.0,1.0,0.0,1.0,1.0224,0.0,1.0224,0.0,1000.0,0.0,1000.0,1000.0,1000.0,23.0,23.0,0.0,9.0,978.05,31.19,0.0,540.0,0.0,0.0,0.0,0.0,978.05,31.19,946.8599999999999,0.0,540.0,-540.0,978.05,571.19,406.8599999999999,42524.02,61356.11,-18832.090000000004,1.0224,0.0,1.0224,1.0224,0.0,1.0224,642.5240352373265,1440.0,-797.4759647626735,723.5240352373268,1440.0,-716.4759647626732,742.5240352373265,1440.0,-697.4759647626735,1.0,0.0,1.0
23,10.0,1.0,14,15,1.2,756.0495741166286,696.0349748954934,60.0145992211352,756.0495741166286,696.0349748954934,60.0145992211352,1000.0,1000.0,1.0,1.0,0.0,1.0,1.0,0.0,0.9442,0.9479,-0.0036999999999999256,0.0,0.0,0.0,0.0,1000.0,1000.0,23.0,23.0,0.0,9.0,1059.14,31.19,0.0,540.0,0.0,483.8,0.0,483.8,1059.14,514.99,544.1500000000001,0.0,540.0,-540.0,1059.14,1054.99,4.150000000000091,46049.55,82391.01,-36341.45999999999,0.9442,1.9418,-0.9975999999999999,0.9442,0.9479,-0.0036999999999999256,646.0495741166286,641.0349489585966,5.014625158032004,727.0495741166288,681.5349748954935,45.51459922113531,746.0495741166286,691.0349748954934,55.0145992211352,1.0,1.0,0.0
23,10.0,1.0,15,16,1.2,752.5240352373265,696.0349748954934,56.489060341833124,752.5240352373265,696.0349748954934,56.489060341833124,1000.0,1000.0,1.0,1.0,0.0,1.0,1.0,0.0,1.0224,0.9479,0.07450000000000001,0.0,0.0,0.0,0.0,1000.0,1000.0,23.0,23.0,0.0,9.0,978.05,31.19,0.0,540.0,0.0,483.8,0.0,483.8,978.05,514.99,463.05999999999995,0.0,540.0,-540.0,978.05,1054.99,-76.94000000000005,42524.02,82391.01,-39866.99,1.0224,1.9418,-0.9194,1.0224,0.9479,0.07450000000000001,642.5240352373265,641.0349489585966,1.4890862787299284,723.5240352373268,681.5349748954935,41.98906034183324,742.5240352373265,691.0349748954934,51.489060341833124,1.0,1.0,0.0
23,10.0,1.0,16,17,1.2,752.5240352373265,696.0349771303399,56.48905810698659,752.5240352373265,696.0349771303399,56.48905810698659,1000.0,1000.0,1.0,1.0,0.0,1.0,1.0,0.0,1.0224,0.9479,0.07450000000000001,0.0,0.0,0.0,0.0,1000.0,1000.0,23.0,23.0,0.0,9.0,978.05,31.19,0.0,540.0,0.0,483.8,0.0,483.8,978.05,514.99,463.05999999999995,0.0,540.0,-540.0,978.05,1054.99,-76.94000000000005,42524.02,82391.01,-39866.99,1.0224,1.9418,-0.9194,1.0224,0.9479,0.07450000000000001,642.5240352373265,641.0349516079461,1.4890836293803886,723.5240352373268,681.53497713034,41.989058106986704,742.5240352373265,691.0349771303399,51.48905810698659,1.0,1.0,0.0
23,10.0,1.0,17,18,1.2,inf,inf,,1441440.0,1441440.0,0.0,0.0,0.0,0.0,0.0,0.0,0.0,0.0,0.0,0.0,0.0,0.0,1000.0,1000.0,1000.0,1000.0,1000.0,1000.0,0.0,0.0,0.0,0.0,0.0,0.0,0.0,0.0,0.0,0.0,0.0,0.0,0.0,0.0,0.0,0.0,0.0,0.0,0.0,0.0,0.0,0.0,0.0,0.0,0.0,0.0,0.0,0.0,0.0,0.0,1440.0,1440.0,0.0,1440.0,1440.0,0.0,1440.0,1440.0,0.0,0.0,0.0,0.0
23,10.0,1.0,18,19,1.2,753.4234173172056,inf,-inf,753.4234173172056,1441440.0,-1440686.5765826828,1000.0,0.0,1.0,0.0,1.0,1.0,0.0,1.0,1.0013,0.0,1.0013,0.0,1000.0,0.0,1000.0,1000.0,1000.0,23.0,23.0,0.0,9.0,998.74,31.19,0.0,540.0,0.0,0.0,0.0,0.0,998.74,31.19,967.55,0.0,540.0,-540.0,998.74,571.19,427.54999999999995,43423.4,61356.11,-17932.71,1.0013,0.0,1.0013,1.0013,0.0,1.0013,643.4234173172056,1440.0,-796.5765826827944,724.4234173172058,1440.0,-715.5765826827942,743.4234173172056,1440.0,-696.5765826827944,1.0,0.0,1.0
23,10.0,1.0,19,20,1.2,754.1040782245416,696.0349748954934,58.069103329048176,754.1040782245416,696.0349748954934,58.069103329048176,1000.0,1000.0,1.0,1.0,0.0,1.0,1.0,0.0,0.9858,0.9479,0.037900000000000045,0.0,0.0,0.0,0.0,1000.0,1000.0,23.0,23.0,0.0,9.0,1014.39,31.19,0.0,540.0,0.0,483.8,0.0,483.8,1014.39,514.99,499.4,0.0,540.0,-540.0,1014.39,1054.99,-40.60000000000002,44104.06,82391.01,-38286.95,0.9858,1.9418,-0.956,0.9858,0.9479,0.037900000000000045,644.1040782245416,641.0349489585966,3.06912926594498,725.1040782245418,681.5349748954935,43.56910332904829,744.1040782245416,691.0349748954934,53.069103329048176,1.0,1.0,0.0
23,10.0,2.0,0,1,1.2,inf,inf,,1441440.0,1441440.0,0.0,0.0,0.0,0.0,0.0,0.0,0.0,0.0,0.0,0.0,0.0,0.0,1000.0,1000.0,1000.0,1000.0,1000.0,1000.0,0.0,0.0,0.0,0.0,0.0,0.0,0.0,0.0,0.0,0.0,0.0,0.0,0.0,0.0,0.0,0.0,0.0,0.0,0.0,0.0,0.0,0.0,0.0,0.0,0.0,0.0,0.0,0.0,0.0,0.0,1440.0,1440.0,0.0,1440.0,1440.0,0.0,1440.0,1440.0,0.0,0.0,0.0,0.0
23,10.0,2.0,1,2,1.2,inf,inf,,1441440.0,1441440.0,0.0,0.0,0.0,0.0,0.0,0.0,0.0,0.0,0.0,0.0,0.0,0.0,1000.0,1000.0,1000.0,1000.0,1000.0,1000.0,0.0,23.0,0.0,9.0,0.0,31.19,0.0,540.0,0.0,0.0,0.0,0.0,0.0,31.19,-31.19,0.0,540.0,-540.0,0.0,571.19,-571.19,0.0,61356.11,-61356.11,0.0,0.0,0.0,0.0,0.0,0.0,1440.0,1440.0,0.0,1440.0,1440.0,0.0,1440.0,1440.0,0.0,0.0,0.0,0.0
23,10.0,2.0,2,3,1.2,754.1781662157337,705.9585883729338,48.21957784279982,754.1781662157337,705.9585883729338,48.21957784279982,1000.0,1000.0,1.0,1.0,0.0,1.0,1.0,0.0,0.9842,0.813,0.17120000000000002,0.0,0.0,0.0,0.0,1000.0,1000.0,23.0,23.0,0.0,8.0,1016.1,152.91,0.0,480.0,0.0,597.05,0.0,597.05,1016.1,749.95,266.15,0.0,480.0,-480.0,1016.1,1229.95,-213.85000000000002,44178.15,92606.6,-48428.450000000004,0.9842,1.3334,-0.34919999999999995,0.9842,0.813,0.17120000000000002,644.1781662157337,650.9585883729338,-6.780422157200178,725.1781662157339,691.458588372934,33.719577842799936,744.1781662157337,700.9585883729338,43.21957784279982,1.0,1.0,0.0
23,10.0,2.0,3,4,1.2,inf,inf,,1441440.0,1441440.0,0.0,0.0,0.0,0.0,0.0,0.0,0.0,0.0,0.0,0.0,0.0,0.0,1000.0,1000.0,1000.0,1000.0,1000.0,1000.0,0.0,0.0,0.0,0.0,0.0,0.0,0.0,0.0,0.0,0.0,0.0,0.0,0.0,0.0,0.0,0.0,0.0,0.0,0.0,0.0,0.0,0.0,0.0,0.0,0.0,0.0,0.0,0.0,0.0,0.0,1440.0,1440.0,0.0,1440.0,1440.0,0.0,1440.0,1440.0,0.0,0.0,0.0,0.0
23,10.0,2.0,4,5,1.2,755.2008691231597,inf,-inf,755.2008691231597,1441440.0,-1440684.7991308768,1000.0,0.0,1.0,0.0,1.0,1.0,0.0,1.0,0.9619,0.0,0.9619,0.0,1000.0,0.0,1000.0,1000.0,1000.0,23.0,23.0,0.0,9.0,1039.62,31.19,0.0,540.0,0.0,0.0,0.0,0.0,1039.62,31.19,1008.4299999999998,0.0,540.0,-540.0,1039.62,571.19,468.42999999999984,45200.85,61356.11,-16155.260000000002,0.9619,0.0,0.9619,0.9619,0.0,0.9619,645.2008691231597,1440.0,-794.7991308768403,726.2008691231599,1440.0,-713.7991308768401,745.2008691231597,1440.0,-694.7991308768403,1.0,0.0,1.0
23,10.0,2.0,5,6,1.2,inf,inf,,1441440.0,1441440.0,0.0,0.0,0.0,0.0,0.0,0.0,0.0,0.0,0.0,0.0,0.0,0.0,1000.0,1000.0,1000.0,1000.0,1000.0,1000.0,0.0,23.0,0.0,9.0,0.0,31.19,0.0,540.0,0.0,0.0,0.0,0.0,0.0,31.19,-31.19,0.0,540.0,-540.0,0.0,571.19,-571.19,0.0,61356.11,-61356.11,0.0,0.0,0.0,0.0,0.0,0.0,1440.0,1440.0,0.0,1440.0,1440.0,0.0,1440.0,1440.0,0.0,0.0,0.0,0.0
23,10.0,2.0,6,7,1.2,inf,inf,,1441440.0,1441440.0,0.0,0.0,0.0,0.0,0.0,0.0,0.0,0.0,0.0,0.0,0.0,0.0,1000.0,1000.0,1000.0,1000.0,1000.0,1000.0,0.0,0.0,0.0,0.0,0.0,0.0,0.0,0.0,0.0,0.0,0.0,0.0,0.0,0.0,0.0,0.0,0.0,0.0,0.0,0.0,0.0,0.0,0.0,0.0,0.0,0.0,0.0,0.0,0.0,0.0,1440.0,1440.0,0.0,1440.0,1440.0,0.0,1440.0,1440.0,0.0,0.0,0.0,0.0
23,10.0,2.0,7,8,1.2,inf,inf,,1441440.0,1441440.0,0.0,0.0,0.0,0.0,0.0,0.0,0.0,0.0,0.0,0.0,0.0,0.0,1000.0,1000.0,1000.0,1000.0,1000.0,1000.0,0.0,23.0,0.0,9.0,0.0,31.19,0.0,540.0,0.0,0.0,0.0,0.0,0.0,31.19,-31.19,0.0,540.0,-540.0,0.0,571.19,-571.19,0.0,61356.11,-61356.11,0.0,0.0,0.0,0.0,0.0,0.0,1440.0,1440.0,0.0,1440.0,1440.0,0.0,1440.0,1440.0,0.0,0.0,0.0,0.0
23,10.0,2.0,8,9,1.2,756.0496784827145,inf,-inf,756.0496784827145,1441440.0,-1440683.9503215172,1000.0,0.0,1.0,0.0,1.0,1.0,0.0,1.0,0.9442,0.0,0.9442,0.0,1000.0,0.0,1000.0,1000.0,1000.0,23.0,23.0,0.0,8.0,1059.14,166.91,0.0,480.0,0.0,0.0,0.0,0.0,1059.14,166.91,892.2300000000001,0.0,480.0,-480.0,1059.14,646.91,412.23000000000013,46049.65,67256.94,-21207.29,0.9442,0.0,0.9442,0.9442,0.0,0.9442,646.0496784827145,1440.0,-793.9503215172855,727.0496784827147,1440.0,-712.9503215172853,746.0496784827145,1440.0,-693.9503215172855,1.0,0.0,1.0
23,10.0,2.0,9,10,1.2,inf,inf,,1441440.0,1441440.0,0.0,0.0,0.0,0.0,0.0,0.0,0.0,0.0,0.0,0.0,0.0,0.0,1000.0,1000.0,1000.0,1000.0,1000.0,1000.0,0.0,23.0,0.0,9.0,0.0,31.19,0.0,540.0,0.0,0.0,0.0,0.0,0.0,31.19,-31.19,0.0,540.0,-540.0,0.0,571.19,-571.19,0.0,61356.11,-61356.11,0.0,0.0,0.0,0.0,0.0,0.0,1440.0,1440.0,0.0,1440.0,1440.0,0.0,1440.0,1440.0,0.0,0.0,0.0,0.0
23,10.0,2.0,10,11,1.2,754.6896783083668,inf,-inf,754.6896783083668,1441440.0,-1440685.3103216917,1000.0,0.0,1.0,0.0,1.0,1.0,0.0,1.0,0.9729,0.0,0.9729,0.0,1000.0,0.0,1000.0,1000.0,1000.0,23.0,23.0,0.0,9.0,1027.86,31.19,0.0,540.0,0.0,0.0,0.0,0.0,1027.86,31.19,996.6699999999998,0.0,540.0,-540.0,1027.86,571.19,456.66999999999985,44689.66,61356.11,-16666.449999999997,0.9729,0.0,0.9729,0.9729,0.0,0.9729,644.6896783083668,1440.0,-795.3103216916332,725.689678308367,1440.0,-714.310321691633,744.6896783083668,1440.0,-695.3103216916332,1.0,0.0,1.0
23,10.0,2.0,11,12,1.2,753.9809202918601,700.9585883729338,53.022331918926284,753.9809202918601,700.9585883729338,53.022331918926284,1000.0,1000.0,1.0,1.0,0.0,1.0,1.0,0.0,0.9886,0.856,0.13260000000000005,0.0,0.0,0.0,0.0,1000.0,1000.0,23.0,23.0,0.0,9.0,1011.56,31.19,0.0,540.0,0.0,597.05,0.0,597.05,1011.56,628.24,383.31999999999994,0.0,540.0,-540.0,1011.56,1168.24,-156.68000000000006,43980.9,87314.6,-43333.700000000004,0.9886,1.5918,-0.6032000000000001,0.9886,0.856,0.13260000000000005,643.9809202918601,645.9585554191221,-1.9776351272620332,724.9809202918603,686.458588372934,38.5223319189264,743.9809202918601,695.9585883729338,48.022331918926284,1.0,1.0,0.0
23,10.0,2.0,12,13,1.2,inf,inf,,1441440.0,1441440.0,0.0,0.0,0.0,0.0,0.0,0.0,0.0,0.0,0.0,0.0,0.0,0.0,1000.0,1000.0,1000.0,1000.0,1000.0,1000.0,0.0,23.0,0.0,9.0,0.0,31.19,0.0,540.0,0.0,0.0,0.0,0.0,0.0,31.19,-31.19,0.0,540.0,-540.0,0.0,571.19,-571.19,0.0,61356.11,-61356.11,0.0,0.0,0.0,0.0,0.0,0.0,1440.0,1440.0,0.0,1440.0,1440.0,0.0,1440.0,1440.0,0.0,0.0,0.0,0.0
23,10.0,2.0,13,14,1.2,756.4888152115722,inf,-inf,756.4888152115722,1441440.0,-1440683.5111847885,1000.0,0.0,1.0,0.0,1.0,1.0,0.0,1.0,0.9352,0.0,0.9352,0.0,1000.0,0.0,1000.0,1000.0,1000.0,23.0,23.0,0.0,9.0,1069.24,31.19,0.0,540.0,0.0,0.0,0.0,0.0,1069.24,31.19,1038.05,0.0,540.0,-540.0,1069.24,571.19,498.04999999999995,46488.8,61356.11,-14867.309999999998,0.9352,0.0,0.9352,0.9352,0.0,0.9352,646.4888152115722,1440.0,-793.5111847884278,727.4888152115724,1440.0,-712.5111847884276,746.4888152115722,1440.0,-693.5111847884278,1.0,0.0,1.0
23,10.0,2.0,14,15,1.2,inf,inf,,1441440.0,1441440.0,0.0,0.0,0.0,0.0,0.0,0.0,0.0,0.0,0.0,0.0,0.0,0.0,1000.0,1000.0,1000.0,1000.0,1000.0,1000.0,0.0,0.0,0.0,0.0,0.0,0.0,0.0,0.0,0.0,0.0,0.0,0.0,0.0,0.0,0.0,0.0,0.0,0.0,0.0,0.0,0.0,0.0,0.0,0.0,0.0,0.0,0.0,0.0,0.0,0.0,1440.0,1440.0,0.0,1440.0,1440.0,0.0,1440.0,1440.0,0.0,0.0,0.0,0.0
23,10.0,2.0,15,16,1.2,753.9364023143655,inf,-inf,753.9364023143655,1441440.0,-1440686.0635976857,1000.0,0.0,1.0,0.0,1.0,1.0,0.0,1.0,0.9896,0.0,0.9896,0.0,1000.0,0.0,1000.0,1000.0,1000.0,23.0,23.0,0.0,9.0,1010.54,31.19,0.0,540.0,0.0,0.0,0.0,0.0,1010.54,31.19,979.3499999999999,0.0,540.0,-540.0,1010.54,571.19,439.3499999999999,43936.38,61356.11,-17419.730000000003,0.9896,0.0,0.9896,0.9896,0.0,0.9896,643.9364023143655,1440.0,-796.0635976856345,724.9364023143658,1440.0,-715.0635976856342,743.9364023143655,1440.0,-696.0635976856345,1.0,0.0,1.0
23,10.0,2.0,16,17,1.2,752.5240352373265,inf,-inf,752.5240352373265,1441440.0,-1440687.4759647627,1000.0,0.0,1.0,0.0,1.0,1.0,0.0,1.0,1.0224,0.0,1.0224,0.0,1000.0,0.0,1000.0,1000.0,1000.0,23.0,23.0,0.0,9.0,978.05,31.19,0.0,540.0,0.0,0.0,0.0,0.0,978.05,31.19,946.8599999999999,0.0,540.0,-540.0,978.05,571.19,406.8599999999999,42524.02,61356.11,-18832.090000000004,1.0224,0.0,1.0224,1.0224,0.0,1.0224,642.5240352373265,1440.0,-797.4759647626735,723.5240352373268,1440.0,-716.4759647626732,742.5240352373265,1440.0,-697.4759647626735,1.0,0.0,1.0
23,10.0,2.0,17,18,1.2,inf,inf,,1441440.0,1441440.0,0.0,0.0,0.0,0.0,0.0,0.0,0.0,0.0,0.0,0.0,0.0,0.0,1000.0,1000.0,1000.0,1000.0,1000.0,1000.0,0.0,0.0,0.0,0.0,0.0,0.0,0.0,0.0,0.0,0.0,0.0,0.0,0.0,0.0,0.0,0.0,0.0,0.0,0.0,0.0,0.0,0.0,0.0,0.0,0.0,0.0,0.0,0.0,0.0,0.0,1440.0,1440.0,0.0,1440.0,1440.0,0.0,1440.0,1440.0,0.0,0.0,0.0,0.0
23,10.0,2.0,18,19,1.2,754.837311059766,inf,-inf,754.837311059766,1441440.0,-1440685.1626889403,1000.0,0.0,1.0,0.0,1.0,1.0,0.0,1.0,0.9697,0.0,0.9697,0.0,1000.0,0.0,1000.0,1000.0,1000.0,23.0,23.0,0.0,9.0,1031.26,31.19,0.0,540.0,0.0,0.0,0.0,0.0,1031.26,31.19,1000.0699999999999,0.0,540.0,-540.0,1031.26,571.19,460.06999999999994,44837.29,61356.11,-16518.82,0.9697,0.0,0.9697,0.9697,0.0,0.9697,644.837311059766,1440.0,-795.162688940234,725.8373110597662,1440.0,-714.1626889402338,744.837311059766,1440.0,-695.162688940234,1.0,0.0,1.0
23,10.0,2.0,19,20,1.2,759.8289166535676,inf,-inf,759.8289166535676,1441440.0,-1440680.1710833465,1000.0,0.0,1.0,0.0,1.0,1.0,0.0,1.0,0.8726,0.0,0.8726,0.0,1000.0,0.0,1000.0,1000.0,1000.0,23.0,23.0,0.0,9.0,1146.06,31.19,0.0,540.0,0.0,0.0,0.0,0.0,1146.06,31.19,1114.87,0.0,540.0,-540.0,1146.06,571.19,574.8699999999999,49828.89,61356.11,-11527.220000000001,0.8726,0.0,0.8726,0.8726,0.0,0.8726,649.8289166535676,1440.0,-790.1710833464324,730.8289166535678,1440.0,-709.1710833464322,749.8289166535676,1440.0,-690.1710833464324,1.0,0.0,1.0
35,3.0,0.5,0,1,1.2,594.9437233656265,696.0349748954934,-101.0912515298669,594.9437233656265,696.0349748954934,-101.0912515298669,1000.0,1000.0,1.0,1.0,0.0,1.0,1.0,0.0,0.9703,0.9479,0.022400000000000087,0.0,0.0,0.0,0.0,1000.0,1000.0,24.0,23.0,0.0,9.0,1030.64,31.19,0.0,540.0,0.0,483.8,0.0,483.8,1030.64,514.99,515.6500000000001,0.0,540.0,-540.0,1030.64,1054.99,-24.34999999999991,42943.41,82391.01,-39447.59999999999,0.9703,1.9418,-0.9714999999999999,0.9703,0.9479,0.022400000000000087,561.9434197920257,641.0349489585966,-79.09152916657092,585.9437233656265,681.5349748954935,-95.59125152986701,591.9437233656265,691.0349748954934,-99.0912515298669,1.0,1.0,0.0
35,3.0,0.5,1,2,1.2,594.875845136541,696.0349748954934,-101.15912975895242,594.875845136541,696.0349748954934,-101.15912975895242,1000.0,1000.0,1.0,1.0,0.0,1.0,1.0,0.0,1.0141,0.9479,0.06620000000000004,0.0,0.0,0.0,0.0,1000.0,1000.0,23.0,23.0,0.0,9.0,986.14,31.19,0.0,540.0,0.0,483.8,0.0,483.8,986.14,514.99,471.15,0.0,540.0,-540.0,986.14,1054.99,-68.85000000000002,42875.56,82391.01,-39515.45,1.0141,1.9418,-0.9277,1.0141,0.9479,0.06620000000000004,561.8755607761644,641.0349489585966,-79.15938818243217,586.175845136541,681.5349748954935,-95.35912975895246,591.875845136541,691.0349748954934,-99.15912975895242,1.0,1.0,0.0
35,3.0,0.5,2,3,1.2,594.5244746138139,700.9585883729338,-106.4341137591199,594.5244746138139,700.9585883729338,-106.4341137591199,1000.0,1000.0,1.0,1.0,0.0,1.0,1.0,0.0,0.9798,0.856,0.12380000000000002,0.0,0.0,0.0,0.0,1000.0,1000.0,24.0,23.0,0.0,9.0,1020.58,31.19,0.0,540.0,0.0,597.05,0.0,597.05,1020.58,628.24,392.34000000000003,0.0,540.0,-540.0,1020.58,1168.24,-147.65999999999997,42524.23,87314.6,-44790.37,0.9798,1.5918,-0.6120000000000001,0.9798,0.856,0.12380000000000002,561.524234577091,645.9585554191221,-84.43432084203118,585.5244746138139,686.458588372934,-100.93411375912001,591.5244746138139,695.9585883729338,-104.4341137591199,1.0,1.0,0.0
35,3.0,0.5,3,4,1.2,inf,inf,,1441440.0,1441440.0,0.0,0.0,0.0,0.0,0.0,0.0,0.0,0.0,0.0,0.0,0.0,0.0,1000.0,1000.0,1000.0,1000.0,1000.0,1000.0,0.0,0.0,0.0,0.0,0.0,0.0,0.0,0.0,0.0,0.0,0.0,0.0,0.0,0.0,0.0,0.0,0.0,0.0,0.0,0.0,0.0,0.0,0.0,0.0,0.0,0.0,0.0,0.0,0.0,0.0,1440.0,1440.0,0.0,1440.0,1440.0,0.0,1440.0,1440.0,0.0,0.0,0.0,0.0
35,3.0,0.5,4,5,1.2,594.9850827576796,696.0349748954934,-101.0498921378138,594.9850827576796,696.0349748954934,-101.0498921378138,1000.0,1000.0,1.0,1.0,0.0,1.0,1.0,0.0,0.9693,0.9479,0.021400000000000086,0.0,0.0,0.0,0.0,1000.0,1000.0,24.0,23.0,0.0,9.0,1031.64,31.19,0.0,540.0,0.0,483.8,0.0,483.8,1031.64,514.99,516.6500000000001,0.0,540.0,-540.0,1031.64,1054.99,-23.34999999999991,42984.82,82391.01,-39406.189999999995,0.9693,1.9418,-0.9724999999999999,0.9693,0.9479,0.021400000000000086,561.9848300373077,641.0349489585966,-79.05011892128891,585.9850827576796,681.5349748954935,-95.54989213781391,591.9850827576796,691.0349748954934,-99.0498921378138,1.0,1.0,0.0
35,3.0,0.5,5,6,1.2,inf,inf,,1441440.0,1441440.0,0.0,0.0,0.0,0.0,0.0,0.0,0.0,0.0,0.0,0.0,0.0,0.0,1000.0,1000.0,1000.0,1000.0,1000.0,1000.0,0.0,23.0,0.0,9.0,0.0,31.19,0.0,540.0,0.0,0.0,0.0,0.0,0.0,31.19,-31.19,0.0,540.0,-540.0,0.0,571.19,-571.19,0.0,61356.11,-61356.11,0.0,0.0,0.0,0.0,0.0,0.0,1440.0,1440.0,0.0,1440.0,1440.0,0.0,1440.0,1440.0,0.0,0.0,0.0,0.0
35,3.0,0.5,6,7,1.2,594.5244746138139,700.2586599581538,-105.73418534433983,594.5244746138139,700.2586599581538,-105.73418534433983,1000.0,1000.0,1.0,1.0,0.0,1.0,1.0,0.0,0.9798,0.868,0.11180000000000001,0.0,0.0,0.0,0.0,1000.0,1000.0,24.0,23.0,0.0,9.0,1020.58,31.19,0.0,540.0,0.0,580.95,0.0,580.95,1020.58,612.14,408.44000000000005,0.0,540.0,-540.0,1020.58,1152.14,-131.56000000000006,42524.23,86614.68,-44090.44999999999,0.9798,1.6336,-0.6537999999999999,0.9798,0.868,0.11180000000000001,561.524234577091,645.258627987424,-83.73439341033304,585.5244746138139,685.7586599581539,-100.23418534433995,591.5244746138139,695.2586599581538,-103.73418534433983,1.0,1.0,0.0
35,3.0,0.5,7,8,1.2,inf,inf,,1441440.0,1441440.0,0.0,0.0,0.0,0.0,0.0,0.0,0.0,0.0,0.0,0.0,0.0,0.0,1000.0,1000.0,1000.0,1000.0,1000.0,1000.0,0.0,23.0,0.0,9.0,0.0,31.19,0.0,540.0,0.0,0.0,0.0,0.0,0.0,31.19,-31.19,0.0,540.0,-540.0,0.0,571.19,-571.19,0.0,61356.11,-61356.11,0.0,0.0,0.0,0.0,0.0,0.0,1440.0,1440.0,0.0,1440.0,1440.0,0.0,1440.0,1440.0,0.0,0.0,0.0,0.0
35,3.0,0.5,8,9,1.2,594.5244746138139,696.0349748954934,-101.51050028167947,594.5244746138139,696.0349748954934,-101.51050028167947,1000.0,1000.0,1.0,1.0,0.0,1.0,1.0,0.0,0.9798,0.9479,0.03190000000000004,0.0,0.0,0.0,0.0,1000.0,1000.0,24.0,23.0,0.0,9.0,1020.58,31.19,0.0,540.0,0.0,483.8,0.0,483.8,1020.58,514.99,505.59000000000003,0.0,540.0,-540.0,1020.58,1054.99,-34.40999999999997,42524.23,82391.01,-39866.77999999999,0.9798,1.9418,-0.962,0.9798,0.9479,0.03190000000000004,561.524234577091,641.0349489585966,-79.51071438150564,585.5244746138139,681.5349748954935,-96.01050028167958,591.5244746138139,691.0349748954934,-99.51050028167947,1.0,1.0,0.0
35,3.0,0.5,9,10,1.2,594.5244746138139,696.0349748954934,-101.51050028167947,594.5244746138139,696.0349748954934,-101.51050028167947,1000.0,1000.0,1.0,1.0,0.0,1.0,1.0,0.0,0.9798,0.9479,0.03190000000000004,0.0,0.0,0.0,0.0,1000.0,1000.0,24.0,23.0,0.0,9.0,1020.58,31.19,0.0,540.0,0.0,483.8,0.0,483.8,1020.58,514.99,505.59000000000003,0.0,540.0,-540.0,1020.58,1054.99,-34.40999999999997,42524.23,82391.01,-39866.77999999999,0.9798,1.9418,-0.962,0.9798,0.9479,0.03190000000000004,561.524234577091,641.0349489585966,-79.51071438150564,585.5244746138139,681.5349748954935,-96.01050028167958,591.5244746138139,691.0349748954934,-99.51050028167947,1.0,1.0,0.0
35,3.0,0.5,10,11,1.2,595.5492800733738,696.0349748954934,-100.48569482211963,595.5492800733738,696.0349748954934,-100.48569482211963,1000.0,1000.0,1.0,1.0,0.0,1.0,1.0,0.0,0.9984,0.9479,0.05049999999999999,0.0,0.0,0.0,0.0,1000.0,1000.0,23.0,23.0,0.0,9.0,1001.62,31.19,0.0,540.0,0.0,483.8,0.0,483.8,1001.62,514.99,486.63,0.0,540.0,-540.0,1001.62,1054.99,-53.370000000000005,43548.9,82391.01,-38842.10999999999,0.9984,1.9418,-0.9434,0.9984,0.9479,0.05049999999999999,562.5489002805878,641.0349489585966,-78.48604867800884,586.8492800733738,681.5349748954935,-94.68569482211967,592.5492800733738,691.0349748954934,-98.48569482211963,1.0,1.0,0.0
35,3.0,0.5,11,12,1.2,594.5244746138139,700.933978306757,-106.40950369294308,594.5244746138139,700.933978306757,-106.40950369294308,1000.0,1000.0,1.0,1.0,0.0,1.0,1.0,0.0,1.0224,0.8564,0.16599999999999993,0.0,0.0,0.0,0.0,1000.0,1000.0,23.0,23.0,0.0,9.0,978.06,31.19,0.0,540.0,0.0,596.48,0.0,596.48,978.06,627.67,350.39,0.0,540.0,-540.0,978.06,1167.67,-189.61000000000013,42524.2,87290.0,-44765.8,1.0224,1.5932,-0.5708,1.0224,0.8564,0.16599999999999993,561.5242037255962,645.9339464844287,-84.40974275883252,585.824474613814,686.4339783067571,-100.60950369294312,591.5244746138139,695.933978306757,-104.40950369294308,1.0,1.0,0.0
35,3.0,0.5,12,13,1.2,594.9437233656265,696.0349748954934,-101.0912515298669,594.9437233656265,696.0349748954934,-101.0912515298669,1000.0,1000.0,1.0,1.0,0.0,1.0,1.0,0.0,0.9703,0.9479,0.022400000000000087,0.0,0.0,0.0,0.0,1000.0,1000.0,24.0,23.0,0.0,9.0,1030.64,31.19,0.0,540.0,0.0,483.8,0.0,483.8,1030.64,514.99,515.6500000000001,0.0,540.0,-540.0,1030.64,1054.99,-24.34999999999991,42943.41,82391.01,-39447.59999999999,0.9703,1.9418,-0.9714999999999999,0.9703,0.9479,0.022400000000000087,561.9434197920257,641.0349489585966,-79.09152916657092,585.9437233656265,681.5349748954935,-95.59125152986701,591.9437233656265,691.0349748954934,-99.0912515298669,1.0,1.0,0.0
35,3.0,0.5,13,14,1.2,594.5244746138139,696.0349748954934,-101.51050028167947,594.5244746138139,696.0349748954934,-101.51050028167947,1000.0,1000.0,1.0,1.0,0.0,1.0,1.0,0.0,0.9798,0.9479,0.03190000000000004,0.0,0.0,0.0,0.0,1000.0,1000.0,24.0,23.0,0.0,9.0,1020.58,31.19,0.0,540.0,0.0,483.8,0.0,483.8,1020.58,514.99,505.59000000000003,0.0,540.0,-540.0,1020.58,1054.99,-34.40999999999997,42524.23,82391.01,-39866.77999999999,0.9798,1.9418,-0.962,0.9798,0.9479,0.03190000000000004,561.524234577091,641.0349489585966,-79.51071438150564,585.5244746138139,681.5349748954935,-96.01050028167958,591.5244746138139,691.0349748954934,-99.51050028167947,1.0,1.0,0.0
35,3.0,0.5,14,15,1.2,598.0501219373559,696.0349748954934,-97.98485295813748,598.0501219373559,696.0349748954934,-97.98485295813748,1000.0,1000.0,1.0,1.0,0.0,1.0,1.0,0.0,0.9442,0.9479,-0.0036999999999999256,0.0,0.0,0.0,0.0,1000.0,1000.0,23.0,23.0,0.0,9.0,1059.15,31.19,0.0,540.0,0.0,483.8,0.0,483.8,1059.15,514.99,544.1600000000001,0.0,540.0,-540.0,1059.15,1054.99,4.160000000000082,46049.78,82391.01,-36341.229999999996,0.9442,1.9418,-0.9975999999999999,0.9442,0.9479,-0.0036999999999999256,565.0497841901513,641.0349489585966,-75.98516476844532,589.350121937356,681.5349748954935,-92.18485295813753,595.0501219373559,691.0349748954934,-95.98485295813748,1.0,1.0,0.0
35,3.0,0.5,15,16,1.2,594.5244746138139,696.0349748954934,-101.51050028167947,594.5244746138139,696.0349748954934,-101.51050028167947,1000.0,1000.0,1.0,1.0,0.0,1.0,1.0,0.0,0.9798,0.9479,0.03190000000000004,0.0,0.0,0.0,0.0,1000.0,1000.0,24.0,23.0,0.0,9.0,1020.58,31.19,0.0,540.0,0.0,483.8,0.0,483.8,1020.58,514.99,505.59000000000003,0.0,540.0,-540.0,1020.58,1054.99,-34.40999999999997,42524.23,82391.01,-39866.77999999999,0.9798,1.9418,-0.962,0.9798,0.9479,0.03190000000000004,561.524234577091,641.0349489585966,-79.51071438150564,585.5244746138139,681.5349748954935,-96.01050028167958,591.5244746138139,691.0349748954934,-99.51050028167947,1.0,1.0,0.0
35,3.0,0.5,16,17,1.2,594.5244746138139,696.0349771303399,-101.510502516526,594.5244746138139,696.0349771303399,-101.510502516526,1000.0,1000.0,1.0,1.0,0.0,1.0,1.0,0.0,1.0224,0.9479,0.07450000000000001,0.0,0.0,0.0,0.0,1000.0,1000.0,23.0,23.0,0.0,9.0,978.06,31.19,0.0,540.0,0.0,483.8,0.0,483.8,978.06,514.99,463.06999999999994,0.0,540.0,-540.0,978.06,1054.99,-76.93000000000006,42524.2,82391.01,-39866.81,1.0224,1.9418,-0.9194,1.0224,0.9479,0.07450000000000001,561.5242037255962,641.0349516079461,-79.51074788234996,585.824474613814,681.53497713034,-95.71050251652605,591.5244746138139,691.0349771303399,-99.510502516526,1.0,1.0,0.0
35,3.0,0.5,17,18,1.2,inf,inf,,1441440.0,1441440.0,0.0,0.0,0.0,0.0,0.0,0.0,0.0,0.0,0.0,0.0,0.0,0.0,1000.0,1000.0,1000.0,1000.0,1000.0,1000.0,0.0,0.0,0.0,0.0,0.0,0.0,0.0,0.0,0.0,0.0,0.0,0.0,0.0,0.0,0.0,0.0,0.0,0.0,0.0,0.0,0.0,0.0,0.0,0.0,0.0,0.0,0.0,0.0,0.0,0.0,1440.0,1440.0,0.0,1440.0,1440.0,0.0,1440.0,1440.0,0.0,0.0,0.0,0.0
35,3.0,0.5,18,19,1.2,594.5244746138139,inf,-inf,594.5244746138139,1441440.0,-1440845.4755253862,1000.0,0.0,1.0,0.0,1.0,1.0,0.0,1.0,0.9798,0.0,0.9798,0.0,1000.0,0.0,1000.0,1000.0,1000.0,24.0,23.0,0.0,9.0,1020.58,31.19,0.0,540.0,0.0,0.0,0.0,0.0,1020.58,31.19,989.39,0.0,540.0,-540.0,1020.58,571.19,449.39,42524.23,61356.11,-18831.879999999997,0.9798,0.0,0.9798,0.9798,0.0,0.9798,561.524234577091,1440.0,-878.475765422909,585.5244746138139,1440.0,-854.4755253861861,591.5244746138139,1440.0,-848.4755253861861,1.0,0.0,1.0
35,3.0,0.5,19,20,1.2,594.5244746138139,696.0349748954934,-101.51050028167947,594.5244746138139,696.0349748954934,-101.51050028167947,1000.0,1000.0,1.0,1.0,0.0,1.0,1.0,0.0,0.9798,0.9479,0.03190000000000004,0.0,0.0,0.0,0.0,1000.0,1000.0,24.0,23.0,0.0,9.0,1020.58,31.19,0.0,540.0,0.0,483.8,0.0,483.8,1020.58,514.99,505.59000000000003,0.0,540.0,-540.0,1020.58,1054.99,-34.40999999999997,42524.23,82391.01,-39866.77999999999,0.9798,1.9418,-0.962,0.9798,0.9479,0.03190000000000004,561.524234577091,641.0349489585966,-79.51071438150564,585.5244746138139,681.5349748954935,-96.01050028167958,591.5244746138139,691.0349748954934,-99.51050028167947,1.0,1.0,0.0
35,3.0,1.0,0,1,1.2,595.3920021235192,696.0349748954934,-100.6429727719742,595.3920021235192,696.0349748954934,-100.6429727719742,1000.0,1000.0,1.0,1.0,0.0,1.0,1.0,0.0,0.9602,0.9479,0.012300000000000089,0.0,0.0,0.0,0.0,1000.0,1000.0,24.0,23.0,0.0,9.0,1041.4,31.19,0.0,540.0,0.0,483.8,0.0,483.8,1041.4,514.99,526.4100000000001,0.0,540.0,-540.0,1041.4,1054.99,-13.589999999999918,43391.72,82391.01,-38999.28999999999,0.9602,1.9418,-0.9815999999999999,0.9602,0.9479,0.012300000000000089,562.3917264781223,641.0349489585966,-78.64322248047426,586.3920021235192,681.5349748954935,-95.14297277197431,592.3920021235192,691.0349748954934,-98.6429727719742,1.0,1.0,0.0
35,3.0,1.0,1,2,1.2,595.5268298806967,inf,-inf,595.5268298806967,1441440.0,-1440844.4731701193,1000.0,0.0,1.0,0.0,1.0,1.0,0.0,1.0,0.9989,0.0,0.9989,0.0,1000.0,0.0,1000.0,1000.0,1000.0,23.0,23.0,0.0,9.0,1001.11,31.19,0.0,540.0,0.0,0.0,0.0,0.0,1001.11,31.19,969.92,0.0,540.0,-540.0,1001.11,571.19,429.91999999999996,43526.47,61356.11,-17829.64,0.9989,0.0,0.9989,0.9989,0.0,0.9989,562.5264747406088,1440.0,-877.4735252593912,586.8268298806968,1440.0,-853.1731701193032,592.5268298806967,1440.0,-847.4731701193033,1.0,0.0,1.0
35,3.0,1.0,2,3,1.2,594.5244746138139,700.9585883729338,-106.4341137591199,594.5244746138139,700.9585883729338,-106.4341137591199,1000.0,1000.0,1.0,1.0,0.0,1.0,1.0,0.0,0.9798,0.856,0.12380000000000002,0.0,0.0,0.0,0.0,1000.0,1000.0,24.0,23.0,0.0,9.0,1020.58,31.19,0.0,540.0,0.0,597.05,0.0,597.05,1020.58,628.24,392.34000000000003,0.0,540.0,-540.0,1020.58,1168.24,-147.65999999999997,42524.23,87314.6,-44790.37,0.9798,1.5918,-0.6120000000000001,0.9798,0.856,0.12380000000000002,561.524234577091,645.9585554191221,-84.43432084203118,585.5244746138139,686.458588372934,-100.93411375912001,591.5244746138139,695.9585883729338,-104.4341137591199,1.0,1.0,0.0
35,3.0,1.0,3,4,1.2,inf,inf,,1441440.0,1441440.0,0.0,0.0,0.0,0.0,0.0,0.0,0.0,0.0,0.0,0.0,0.0,0.0,1000.0,1000.0,1000.0,1000.0,1000.0,1000.0,0.0,0.0,0.0,0.0,0.0,0.0,0.0,0.0,0.0,0.0,0.0,0.0,0.0,0.0,0.0,0.0,0.0,0.0,0.0,0.0,0.0,0.0,0.0,0.0,0.0,0.0,0.0,0.0,0.0,0.0,1440.0,1440.0,0.0,1440.0,1440.0,0.0,1440.0,1440.0,0.0,0.0,0.0,0.0
35,3.0,1.0,4,5,1.2,594.9850827576796,696.1744686893275,-101.18938593164785,594.9850827576796,696.1744686893275,-101.18938593164785,1000.0,1000.0,1.0,1.0,0.0,1.0,1.0,0.0,0.9693,0.945,0.0243000000000001,0.0,0.0,0.0,0.0,1000.0,1000.0,24.0,23.0,0.0,9.0,1031.64,31.19,0.0,540.0,0.0,487.01,0.0,487.01,1031.64,518.2,513.44,0.0,540.0,-540.0,1031.64,1058.2,-26.559999999999945,42984.82,82530.5,-39545.68,0.9693,1.9298,-0.9604999999999999,0.9693,0.945,0.0243000000000001,561.9848300373077,641.1744410415415,-79.18961100423383,585.9850827576796,681.6744686893276,-95.68938593164796,591.9850827576796,691.1744686893275,-99.18938593164785,1.0,1.0,0.0
35,3.0,1.0,5,6,1.2,inf,inf,,1441440.0,1441440.0,0.0,0.0,0.0,0.0,0.0,0.0,0.0,0.0,0.0,0.0,0.0,0.0,1000.0,1000.0,1000.0,1000.0,1000.0,1000.0,0.0,23.0,0.0,9.0,0.0,31.19,0.0,540.0,0.0,0.0,0.0,0.0,0.0,31.19,-31.19,0.0,540.0,-540.0,0.0,571.19,-571.19,0.0,61356.11,-61356.11,0.0,0.0,0.0,0.0,0.0,0.0,1440.0,1440.0,0.0,1440.0,1440.0,0.0,1440.0,1440.0,0.0,0.0,0.0,0.0
35,3.0,1.0,6,7,1.2,594.9437233656265,700.2586599581538,-105.31493659252726,594.9437233656265,700.2586599581538,-105.31493659252726,1000.0,1000.0,1.0,1.0,0.0,1.0,1.0,0.0,0.9703,0.868,0.10230000000000006,0.0,0.0,0.0,0.0,1000.0,1000.0,24.0,23.0,0.0,9.0,1030.64,31.19,0.0,540.0,0.0,580.95,0.0,580.95,1030.64,612.14,418.5000000000001,0.0,540.0,-540.0,1030.64,1152.14,-121.5,42943.41,86614.68,-43671.26999999999,0.9703,1.6336,-0.6632999999999999,0.9703,0.868,0.10230000000000006,561.9434197920257,645.258627987424,-83.31520819539833,585.9437233656265,685.7586599581539,-99.81493659252737,591.9437233656265,695.2586599581538,-103.31493659252726,1.0,1.0,0.0
35,3.0,1.0,7,8,1.2,inf,inf,,1441440.0,1441440.0,0.0,0.0,0.0,0.0,0.0,0.0,0.0,0.0,0.0,0.0,0.0,0.0,1000.0,1000.0,1000.0,1000.0,1000.0,1000.0,0.0,23.0,0.0,9.0,0.0,31.19,0.0,540.0,0.0,0.0,0.0,0.0,0.0,31.19,-31.19,0.0,540.0,-540.0,0.0,571.19,-571.19,0.0,61356.11,-61356.11,0.0,0.0,0.0,0.0,0.0,0.0,1440.0,1440.0,0.0,1440.0,1440.0,0.0,1440.0,1440.0,0.0,0.0,0.0,0.0
35,3.0,1.0,8,9,1.2,596.0111587571164,696.0349748954934,-100.02381613837701,596.0111587571164,696.0349748954934,-100.02381613837701,1000.0,1000.0,1.0,1.0,0.0,1.0,1.0,0.0,0.9467,0.9479,-0.0011999999999999789,0.0,0.0,0.0,0.0,1000.0,1000.0,24.0,23.0,0.0,9.0,1056.26,31.19,0.0,540.0,0.0,483.8,0.0,483.8,1056.26,514.99,541.27,0.0,540.0,-540.0,1056.26,1054.99,1.2699999999999818,44010.87,82391.01,-38380.13999999999,0.9467,1.9418,-0.9951,0.9467,0.9479,-0.0011999999999999789,563.0108805992406,641.0349489585966,-78.02406835935597,587.0111587571164,681.5349748954935,-94.52381613837713,593.0111587571164,691.0349748954934,-98.02381613837701,1.0,1.0,0.0
35,3.0,1.0,9,10,1.2,inf,inf,,1441440.0,1441440.0,0.0,0.0,0.0,0.0,0.0,0.0,0.0,0.0,0.0,0.0,0.0,0.0,1000.0,1000.0,1000.0,1000.0,1000.0,1000.0,0.0,23.0,0.0,9.0,0.0,31.19,0.0,540.0,0.0,0.0,0.0,0.0,0.0,31.19,-31.19,0.0,540.0,-540.0,0.0,571.19,-571.19,0.0,61356.11,-61356.11,0.0,0.0,0.0,0.0,0.0,0.0,1440.0,1440.0,0.0,1440.0,1440.0,0.0,1440.0,1440.0,0.0,0.0,0.0,0.0
35,3.0,1.0,10,11,1.2,595.5492800733738,696.0349748954934,-100.48569482211963,595.5492800733738,696.0349748954934,-100.48569482211963,1000.0,1000.0,1.0,1.0,0.0,1.0,1.0,0.0,0.9984,0.9479,0.05049999999999999,0.0,0.0,0.0,0.0,1000.0,1000.0,23.0,23.0,0.0,9.0,1001.62,31.19,0.0,540.0,0.0,483.8,0.0,483.8,1001.62,514.99,486.63,0.0,540.0,-540.0,1001.62,1054.99,-53.370000000000005,43548.9,82391.01,-38842.10999999999,0.9984,1.9418,-0.9434,0.9984,0.9479,0.05049999999999999,562.5489002805878,641.0349489585966,-78.48604867800884,586.8492800733738,681.5349748954935,-94.68569482211967,592.5492800733738,691.0349748954934,-98.48569482211963,1.0,1.0,0.0
35,3.0,1.0,11,12,1.2,594.6754142743864,700.933978306757,-106.2585640323706,594.6754142743864,700.933978306757,-106.2585640323706,1000.0,1000.0,1.0,1.0,0.0,1.0,1.0,0.0,1.0188,0.8564,0.16239999999999988,0.0,0.0,0.0,0.0,1000.0,1000.0,23.0,23.0,0.0,9.0,981.53,31.19,0.0,540.0,0.0,596.48,0.0,596.48,981.53,627.67,353.86,0.0,540.0,-540.0,981.53,1167.67,-186.1400000000001,42675.13,87290.0,-44614.87,1.0188,1.5932,-0.5744,1.0188,0.8564,0.16239999999999988,561.6751282372506,645.9339464844287,-84.25881824717806,585.9754142743865,686.4339783067571,-100.45856403237065,591.6754142743864,695.933978306757,-104.2585640323706,1.0,1.0,0.0
35,3.0,1.0,12,13,1.2,inf,inf,,1441440.0,1441440.0,0.0,0.0,0.0,0.0,0.0,0.0,0.0,0.0,0.0,0.0,0.0,0.0,1000.0,1000.0,1000.0,1000.0,1000.0,1000.0,0.0,23.0,0.0,9.0,0.0,31.19,0.0,540.0,0.0,0.0,0.0,0.0,0.0,31.19,-31.19,0.0,540.0,-540.0,0.0,571.19,-571.19,0.0,61356.11,-61356.11,0.0,0.0,0.0,0.0,0.0,0.0,1440.0,1440.0,0.0,1440.0,1440.0,0.0,1440.0,1440.0,0.0,0.0,0.0,0.0
35,3.0,1.0,13,14,1.2,594.5244746138139,inf,-inf,594.5244746138139,1441440.0,-1440845.4755253862,1000.0,0.0,1.0,0.0,1.0,1.0,0.0,1.0,0.9798,0.0,0.9798,0.0,1000.0,0.0,1000.0,1000.0,1000.0,24.0,23.0,0.0,9.0,1020.58,31.19,0.0,540.0,0.0,0.0,0.0,0.0,1020.58,31.19,989.39,0.0,540.0,-540.0,1020.58,571.19,449.39,42524.23,61356.11,-18831.879999999997,0.9798,0.0,0.9798,0.9798,0.0,0.9798,561.524234577091,1440.0,-878.475765422909,585.5244746138139,1440.0,-854.4755253861861,591.5244746138139,1440.0,-848.4755253861861,1.0,0.0,1.0
35,3.0,1.0,14,15,1.2,598.0501219373559,696.0349748954934,-97.98485295813748,598.0501219373559,696.0349748954934,-97.98485295813748,1000.0,1000.0,1.0,1.0,0.0,1.0,1.0,0.0,0.9442,0.9479,-0.0036999999999999256,0.0,0.0,0.0,0.0,1000.0,1000.0,23.0,23.0,0.0,9.0,1059.15,31.19,0.0,540.0,0.0,483.8,0.0,483.8,1059.15,514.99,544.1600000000001,0.0,540.0,-540.0,1059.15,1054.99,4.160000000000082,46049.78,82391.01,-36341.229999999996,0.9442,1.9418,-0.9975999999999999,0.9442,0.9479,-0.0036999999999999256,565.0497841901513,641.0349489585966,-75.98516476844532,589.350121937356,681.5349748954935,-92.18485295813753,595.0501219373559,691.0349748954934,-95.98485295813748,1.0,1.0,0.0
35,3.0,1.0,15,16,1.2,594.5244746138139,696.0349748954934,-101.51050028167947,594.5244746138139,696.0349748954934,-101.51050028167947,1000.0,1000.0,1.0,1.0,0.0,1.0,1.0,0.0,0.9798,0.9479,0.03190000000000004,0.0,0.0,0.0,0.0,1000.0,1000.0,24.0,23.0,0.0,9.0,1020.58,31.19,0.0,540.0,0.0,483.8,0.0,483.8,1020.58,514.99,505.59000000000003,0.0,540.0,-540.0,1020.58,1054.99,-34.40999999999997,42524.23,82391.01,-39866.77999999999,0.9798,1.9418,-0.962,0.9798,0.9479,0.03190000000000004,561.524234577091,641.0349489585966,-79.51071438150564,585.5244746138139,681.5349748954935,-96.01050028167958,591.5244746138139,691.0349748954934,-99.51050028167947,1.0,1.0,0.0
35,3.0,1.0,16,17,1.2,594.5244746138139,696.0349771303399,-101.510502516526,594.5244746138139,696.0349771303399,-101.510502516526,1000.0,1000.0,1.0,1.0,0.0,1.0,1.0,0.0,1.0224,0.9479,0.07450000000000001,0.0,0.0,0.0,0.0,1000.0,1000.0,23.0,23.0,0.0,9.0,978.06,31.19,0.0,540.0,0.0,483.8,0.0,483.8,978.06,514.99,463.06999999999994,0.0,540.0,-540.0,978.06,1054.99,-76.93000000000006,42524.2,82391.01,-39866.81,1.0224,1.9418,-0.9194,1.0224,0.9479,0.07450000000000001,561.5242037255962,641.0349516079461,-79.51074788234996,585.824474613814,681.53497713034,-95.71050251652605,591.5244746138139,691.0349771303399,-99.510502516526,1.0,1.0,0.0
35,3.0,1.0,17,18,1.2,inf,inf,,1441440.0,1441440.0,0.0,0.0,0.0,0.0,0.0,0.0,0.0,0.0,0.0,0.0,0.0,0.0,1000.0,1000.0,1000.0,1000.0,1000.0,1000.0,0.0,0.0,0.0,0.0,0.0,0.0,0.0,0.0,0.0,0.0,0.0,0.0,0.0,0.0,0.0,0.0,0.0,0.0,0.0,0.0,0.0,0.0,0.0,0.0,0.0,0.0,0.0,0.0,0.0,0.0,1440.0,1440.0,0.0,1440.0,1440.0,0.0,1440.0,1440.0,0.0,0.0,0.0,0.0
35,3.0,1.0,18,19,1.2,595.4238794864369,inf,-inf,595.4238794864369,1441440.0,-1440844.5761205135,1000.0,0.0,1.0,0.0,1.0,1.0,0.0,1.0,0.9595,0.0,0.9595,0.0,1000.0,0.0,1000.0,1000.0,1000.0,24.0,23.0,0.0,9.0,1042.17,31.19,0.0,540.0,0.0,0.0,0.0,0.0,1042.17,31.19,1010.98,0.0,540.0,-540.0,1042.17,571.19,470.98,43423.62,61356.11,-17932.489999999998,0.9595,0.0,0.9595,0.9595,0.0,0.9595,562.423626997761,1440.0,-877.576373002239,586.4238794864369,1440.0,-853.5761205135631,592.4238794864369,1440.0,-847.5761205135631,1.0,0.0,1.0
35,3.0,1.0,19,20,1.2,596.1046594755452,696.0349748954934,-99.93031541994822,596.1046594755452,696.0349748954934,-99.93031541994822,1000.0,1000.0,1.0,1.0,0.0,1.0,1.0,0.0,0.9447,0.9479,-0.0031999999999999806,0.0,0.0,0.0,0.0,1000.0,1000.0,24.0,23.0,0.0,9.0,1058.5,31.19,0.0,540.0,0.0,483.8,0.0,483.8,1058.5,514.99,543.51,0.0,540.0,-540.0,1058.5,1054.99,3.509999999999991,44104.33,82391.01,-38286.67999999999,0.9447,1.9418,-0.9971,0.9447,0.9479,-0.0031999999999999806,563.1043419310477,641.0349489585966,-77.93060702754894,587.1046594755452,681.5349748954935,-94.43031541994833,593.1046594755452,691.0349748954934,-97.93031541994822,1.0,1.0,0.0
35,3.0,2.0,0,1,1.2,inf,inf,,1441440.0,1441440.0,0.0,0.0,0.0,0.0,0.0,0.0,0.0,0.0,0.0,0.0,0.0,0.0,1000.0,1000.0,1000.0,1000.0,1000.0,1000.0,0.0,0.0,0.0,0.0,0.0,0.0,0.0,0.0,0.0,0.0,0.0,0.0,0.0,0.0,0.0,0.0,0.0,0.0,0.0,0.0,0.0,0.0,0.0,0.0,0.0,0.0,0.0,0.0,0.0,0.0,1440.0,1440.0,0.0,1440.0,1440.0,0.0,1440.0,1440.0,0.0,0.0,0.0,0.0
35,3.0,2.0,1,2,1.2,inf,inf,,1441440.0,1441440.0,0.0,0.0,0.0,0.0,0.0,0.0,0.0,0.0,0.0,0.0,0.0,0.0,1000.0,1000.0,1000.0,1000.0,1000.0,1000.0,0.0,23.0,0.0,9.0,0.0,31.19,0.0,540.0,0.0,0.0,0.0,0.0,0.0,31.19,-31.19,0.0,540.0,-540.0,0.0,571.19,-571.19,0.0,61356.11,-61356.11,0.0,0.0,0.0,0.0,0.0,0.0,1440.0,1440.0,0.0,1440.0,1440.0,0.0,1440.0,1440.0,0.0,0.0,0.0,0.0
35,3.0,2.0,2,3,1.2,596.1786715710247,705.9585883729338,-109.77991680190917,596.1786715710247,705.9585883729338,-109.77991680190917,1000.0,1000.0,1.0,1.0,0.0,1.0,1.0,0.0,0.9431,0.813,0.1301000000000001,0.0,0.0,0.0,0.0,1000.0,1000.0,24.0,23.0,0.0,8.0,1060.28,152.91,0.0,480.0,0.0,597.05,0.0,597.05,1060.28,749.95,310.3299999999999,0.0,480.0,-480.0,1060.28,1229.95,-169.67000000000007,44178.39,92606.6,-48428.21000000001,0.9431,1.3334,-0.39029999999999987,0.9431,0.813,0.1301000000000001,563.1783954892782,650.9585883729338,-87.78019288365567,587.1786715710247,691.458588372934,-104.27991680190928,593.1786715710247,700.9585883729338,-107.77991680190917,1.0,1.0,0.0
35,3.0,2.0,3,4,1.2,inf,inf,,1441440.0,1441440.0,0.0,0.0,0.0,0.0,0.0,0.0,0.0,0.0,0.0,0.0,0.0,0.0,1000.0,1000.0,1000.0,1000.0,1000.0,1000.0,0.0,0.0,0.0,0.0,0.0,0.0,0.0,0.0,0.0,0.0,0.0,0.0,0.0,0.0,0.0,0.0,0.0,0.0,0.0,0.0,0.0,0.0,0.0,0.0,0.0,0.0,0.0,0.0,0.0,0.0,1440.0,1440.0,0.0,1440.0,1440.0,0.0,1440.0,1440.0,0.0,0.0,0.0,0.0
35,3.0,2.0,4,5,1.2,597.2014925105849,inf,-inf,597.2014925105849,1441440.0,-1440842.7985074895,1000.0,0.0,1.0,0.0,1.0,1.0,0.0,1.0,0.9218,0.0,0.9218,0.0,1000.0,0.0,1000.0,1000.0,1000.0,24.0,23.0,0.0,9.0,1084.83,31.19,0.0,540.0,0.0,0.0,0.0,0.0,1084.83,31.19,1053.6399999999999,0.0,540.0,-540.0,1084.83,571.19,513.6399999999999,45201.14,61356.11,-16154.970000000001,0.9218,0.0,0.9218,0.9218,0.0,0.9218,564.2011519464473,1440.0,-875.7988480535527,588.2014925105849,1440.0,-851.7985074894151,594.2014925105849,1440.0,-845.7985074894151,1.0,0.0,1.0
35,3.0,2.0,5,6,1.2,inf,inf,,1441440.0,1441440.0,0.0,0.0,0.0,0.0,0.0,0.0,0.0,0.0,0.0,0.0,0.0,0.0,1000.0,1000.0,1000.0,1000.0,1000.0,1000.0,0.0,23.0,0.0,9.0,0.0,31.19,0.0,540.0,0.0,0.0,0.0,0.0,0.0,31.19,-31.19,0.0,540.0,-540.0,0.0,571.19,-571.19,0.0,61356.11,-61356.11,0.0,0.0,0.0,0.0,0.0,0.0,1440.0,1440.0,0.0,1440.0,1440.0,0.0,1440.0,1440.0,0.0,0.0,0.0,0.0
35,3.0,2.0,6,7,1.2,inf,inf,,1441440.0,1441440.0,0.0,0.0,0.0,0.0,0.0,0.0,0.0,0.0,0.0,0.0,0.0,0.0,1000.0,1000.0,1000.0,1000.0,1000.0,1000.0,0.0,0.0,0.0,0.0,0.0,0.0,0.0,0.0,0.0,0.0,0.0,0.0,0.0,0.0,0.0,0.0,0.0,0.0,0.0,0.0,0.0,0.0,0.0,0.0,0.0,0.0,0.0,0.0,0.0,0.0,1440.0,1440.0,0.0,1440.0,1440.0,0.0,1440.0,1440.0,0.0,0.0,0.0,0.0
35,3.0,2.0,7,8,1.2,inf,inf,,1441440.0,1441440.0,0.0,0.0,0.0,0.0,0.0,0.0,0.0,0.0,0.0,0.0,0.0,0.0,1000.0,1000.0,1000.0,1000.0,1000.0,1000.0,0.0,23.0,0.0,9.0,0.0,31.19,0.0,540.0,0.0,0.0,0.0,0.0,0.0,31.19,-31.19,0.0,540.0,-540.0,0.0,571.19,-571.19,0.0,61356.11,-61356.11,0.0,0.0,0.0,0.0,0.0,0.0,1440.0,1440.0,0.0,1440.0,1440.0,0.0,1440.0,1440.0,0.0,0.0,0.0,0.0
35,3.0,2.0,8,9,1.2,598.0503096643172,inf,-inf,598.0503096643172,1441440.0,-1440841.9496903357,1000.0,0.0,1.0,0.0,1.0,1.0,0.0,1.0,0.9048,0.0,0.9048,0.0,1000.0,0.0,1000.0,1000.0,1000.0,24.0,23.0,0.0,8.0,1105.2,166.91,0.0,480.0,0.0,0.0,0.0,0.0,1105.2,166.91,938.2900000000001,0.0,480.0,-480.0,1105.2,646.91,458.2900000000001,46049.95,67256.94,-21206.990000000005,0.9048,0.0,0.9048,0.9048,0.0,0.9048,565.0499648421251,1440.0,-874.9500351578749,589.0503096643172,1440.0,-850.9496903356828,595.0503096643172,1440.0,-844.9496903356828,1.0,0.0,1.0
35,3.0,2.0,9,10,1.2,inf,inf,,1441440.0,1441440.0,0.0,0.0,0.0,0.0,0.0,0.0,0.0,0.0,0.0,0.0,0.0,0.0,1000.0,1000.0,1000.0,1000.0,1000.0,1000.0,0.0,23.0,0.0,9.0,0.0,31.19,0.0,540.0,0.0,0.0,0.0,0.0,0.0,31.19,-31.19,0.0,540.0,-540.0,0.0,571.19,-571.19,0.0,61356.11,-61356.11,0.0,0.0,0.0,0.0,0.0,0.0,1440.0,1440.0,0.0,1440.0,1440.0,0.0,1440.0,1440.0,0.0,0.0,0.0,0.0
35,3.0,2.0,10,11,1.2,596.6902158714641,inf,-inf,596.6902158714641,1441440.0,-1440843.3097841286,1000.0,0.0,1.0,0.0,1.0,1.0,0.0,1.0,0.9729,0.0,0.9729,0.0,1000.0,0.0,1000.0,1000.0,1000.0,23.0,23.0,0.0,9.0,1027.87,31.19,0.0,540.0,0.0,0.0,0.0,0.0,1027.87,31.19,996.6799999999998,0.0,540.0,-540.0,1027.87,571.19,456.67999999999984,44689.88,61356.11,-16666.230000000003,0.9729,0.0,0.9729,0.9729,0.0,0.9729,563.6898844483829,1440.0,-876.3101155516171,587.9902158714642,1440.0,-852.0097841285358,593.6902158714641,1440.0,-846.3097841285359,1.0,0.0,1.0
35,3.0,2.0,11,12,1.2,595.9813657992175,700.9585883729338,-104.97722257371629,595.9813657992175,700.9585883729338,-104.97722257371629,1000.0,1000.0,1.0,1.0,0.0,1.0,1.0,0.0,0.9886,0.856,0.13260000000000005,0.0,0.0,0.0,0.0,1000.0,1000.0,23.0,23.0,0.0,9.0,1011.57,31.19,0.0,540.0,0.0,597.05,0.0,597.05,1011.57,628.24,383.33000000000004,0.0,540.0,-540.0,1011.57,1168.24,-156.66999999999996,43981.09,87314.6,-43333.51000000001,0.9886,1.5918,-0.6032000000000001,0.9886,0.856,0.13260000000000005,562.9810911311428,645.9585554191221,-82.97746428797939,587.2813657992176,686.458588372934,-99.17722257371634,592.9813657992175,695.9585883729338,-102.97722257371629,1.0,1.0,0.0
35,3.0,2.0,12,13,1.2,inf,inf,,1441440.0,1441440.0,0.0,0.0,0.0,0.0,0.0,0.0,0.0,0.0,0.0,0.0,0.0,0.0,1000.0,1000.0,1000.0,1000.0,1000.0,1000.0,0.0,23.0,0.0,9.0,0.0,31.19,0.0,540.0,0.0,0.0,0.0,0.0,0.0,31.19,-31.19,0.0,540.0,-540.0,0.0,571.19,-571.19,0.0,61356.11,-61356.11,0.0,0.0,0.0,0.0,0.0,0.0,1440.0,1440.0,0.0,1440.0,1440.0,0.0,1440.0,1440.0,0.0,0.0,0.0,0.0
35,3.0,2.0,13,14,1.2,598.4893105361976,inf,-inf,598.4893105361976,1441440.0,-1440841.5106894637,1000.0,0.0,1.0,0.0,1.0,1.0,0.0,1.0,0.8963,0.0,0.8963,0.0,1000.0,0.0,1000.0,1000.0,1000.0,24.0,23.0,0.0,9.0,1115.74,31.19,0.0,540.0,0.0,0.0,0.0,0.0,1115.74,31.19,1084.55,0.0,540.0,-540.0,1115.74,571.19,544.55,46489.03,61356.11,-14867.080000000002,0.8963,0.0,0.8963,0.8963,0.0,0.8963,565.4890399343255,1440.0,-874.5109600656745,589.4893105361976,1440.0,-850.5106894638024,595.4893105361976,1440.0,-844.5106894638024,1.0,0.0,1.0
35,3.0,2.0,14,15,1.2,inf,inf,,1441440.0,1441440.0,0.0,0.0,0.0,0.0,0.0,0.0,0.0,0.0,0.0,0.0,0.0,0.0,1000.0,1000.0,1000.0,1000.0,1000.0,1000.0,0.0,0.0,0.0,0.0,0.0,0.0,0.0,0.0,0.0,0.0,0.0,0.0,0.0,0.0,0.0,0.0,0.0,0.0,0.0,0.0,0.0,0.0,0.0,0.0,0.0,0.0,0.0,0.0,0.0,0.0,1440.0,1440.0,0.0,1440.0,1440.0,0.0,1440.0,1440.0,0.0,0.0,0.0,0.0
35,3.0,2.0,15,16,1.2,595.9368658374839,inf,-inf,595.9368658374839,1441440.0,-1440844.0631341625,1000.0,0.0,1.0,0.0,1.0,1.0,0.0,1.0,0.9483,0.0,0.9483,0.0,1000.0,0.0,1000.0,1000.0,1000.0,24.0,23.0,0.0,9.0,1054.48,31.19,0.0,540.0,0.0,0.0,0.0,0.0,1054.48,31.19,1023.29,0.0,540.0,-540.0,1054.48,571.19,483.28999999999996,43936.6,61356.11,-17419.510000000002,0.9483,0.0,0.9483,0.9483,0.0,0.9483,562.9366126091626,1440.0,-877.0633873908374,586.9368658374839,1440.0,-853.0631341625161,592.9368658374839,1440.0,-847.0631341625161,1.0,0.0,1.0
35,3.0,2.0,16,17,1.2,594.5244746138139,inf,-inf,594.5244746138139,1441440.0,-1440845.4755253862,1000.0,0.0,1.0,0.0,1.0,1.0,0.0,1.0,1.0224,0.0,1.0224,0.0,1000.0,0.0,1000.0,1000.0,1000.0,23.0,23.0,0.0,9.0,978.06,31.19,0.0,540.0,0.0,0.0,0.0,0.0,978.06,31.19,946.8699999999999,0.0,540.0,-540.0,978.06,571.19,406.8699999999999,42524.2,61356.11,-18831.910000000003,1.0224,0.0,1.0224,1.0224,0.0,1.0224,561.5242037255962,1440.0,-878.4757962744038,585.824474613814,1440.0,-854.175525386186,591.5244746138139,1440.0,-848.4755253861861,1.0,0.0,1.0
35,3.0,2.0,17,18,1.2,inf,inf,,1441440.0,1441440.0,0.0,0.0,0.0,0.0,0.0,0.0,0.0,0.0,0.0,0.0,0.0,0.0,1000.0,1000.0,1000.0,1000.0,1000.0,1000.0,0.0,0.0,0.0,0.0,0.0,0.0,0.0,0.0,0.0,0.0,0.0,0.0,0.0,0.0,0.0,0.0,0.0,0.0,0.0,0.0,0.0,0.0,0.0,0.0,0.0,0.0,0.0,0.0,0.0,0.0,1440.0,1440.0,0.0,1440.0,1440.0,0.0,1440.0,1440.0,0.0,0.0,0.0,0.0
35,3.0,2.0,18,19,1.2,596.8377840327693,inf,-inf,596.8377840327693,1441440.0,-1440843.1622159672,1000.0,0.0,1.0,0.0,1.0,1.0,0.0,1.0,0.9293,0.0,0.9293,0.0,1000.0,0.0,1000.0,1000.0,1000.0,24.0,23.0,0.0,9.0,1076.1,31.19,0.0,540.0,0.0,0.0,0.0,0.0,1076.1,31.19,1044.9099999999999,0.0,540.0,-540.0,1076.1,571.19,504.90999999999985,44837.52,61356.11,-16518.590000000004,0.9293,0.0,0.9293,0.9293,0.0,0.9293,563.8375256418606,1440.0,-876.1624743581394,587.8377840327693,1440.0,-852.1622159672307,593.8377840327693,1440.0,-846.1622159672307,1.0,0.0,1.0
35,3.0,2.0,19,20,1.2,601.8296291464216,inf,-inf,601.8296291464216,1441440.0,-1440838.1703708535,1000.0,0.0,1.0,0.0,1.0,1.0,0.0,1.0,0.8362,0.0,0.8362,0.0,1000.0,0.0,1000.0,1000.0,1000.0,24.0,23.0,0.0,9.0,1195.9,31.19,0.0,540.0,0.0,0.0,0.0,0.0,1195.9,31.19,1164.71,0.0,540.0,-540.0,1195.9,571.19,624.71,49829.23,61356.11,-11526.879999999997,0.8362,0.0,0.8362,0.8362,0.0,0.8362,568.8292399029035,1440.0,-871.1707600970965,592.8296291464216,1440.0,-847.1703708535784,598.8296291464216,1440.0,-841.1703708535784,1.0,0.0,1.0
35,5.0,0.5,0,1,1.2,637.9433807742483,696.0349748954934,-58.091594121245066,637.9433807742483,696.0349748954934,-58.091594121245066,1000.0,1000.0,1.0,1.0,0.0,1.0,1.0,0.0,1.0125,0.9479,0.06459999999999999,0.0,0.0,0.0,0.0,1000.0,1000.0,23.0,23.0,0.0,9.0,987.7,31.19,0.0,540.0,0.0,483.8,0.0,483.8,987.7,514.99,472.71000000000004,0.0,540.0,-540.0,987.7,1054.99,-67.28999999999996,42943.28,82391.01,-39447.729999999996,1.0125,1.9418,-0.9293,1.0125,0.9479,0.06459999999999999,582.9433807742483,641.0349489585966,-58.09156818434826,623.4433807742485,681.5349748954935,-58.091594121245066,632.9433807742483,691.0349748954934,-58.091594121245066,1.0,1.0,0.0
35,5.0,0.5,1,2,1.2,637.8755607761644,696.0349748954934,-58.15941411932897,637.8755607761644,696.0349748954934,-58.15941411932897,1000.0,1000.0,1.0,1.0,0.0,1.0,1.0,0.0,1.0141,0.9479,0.06620000000000004,0.0,0.0,0.0,0.0,1000.0,1000.0,23.0,23.0,0.0,9.0,986.14,31.19,0.0,540.0,0.0,483.8,0.0,483.8,986.14,514.99,471.15,0.0,540.0,-540.0,986.14,1054.99,-68.85000000000002,42875.48,82391.01,-39515.52999999999,1.0141,1.9418,-0.9277,1.0141,0.9479,0.06620000000000004,582.8755607761644,641.0349489585966,-58.15938818243217,623.3755607761645,681.5349748954935,-58.15941411932897,632.8755607761644,691.0349748954934,-58.15941411932897,1.0,1.0,0.0
35,5.0,0.5,2,3,1.2,637.5242037255962,700.9585883729338,-63.43438464733765,637.5242037255962,700.9585883729338,-63.43438464733765,1000.0,1000.0,1.0,1.0,0.0,1.0,1.0,0.0,1.0224,0.856,0.1664,0.0,0.0,0.0,0.0,1000.0,1000.0,23.0,23.0,0.0,9.0,978.05,31.19,0.0,540.0,0.0,597.05,0.0,597.05,978.05,628.24,349.80999999999995,0.0,540.0,-540.0,978.05,1168.24,-190.19000000000005,42524.12,87314.6,-44790.48,1.0224,1.5918,-0.5694000000000001,1.0224,0.856,0.1664,582.5242037255962,645.9585554191221,-63.43435169352597,623.0242037255963,686.458588372934,-63.43438464733765,632.5242037255962,695.9585883729338,-63.43438464733765,1.0,1.0,0.0
35,5.0,0.5,3,4,1.2,inf,inf,,1441440.0,1441440.0,0.0,0.0,0.0,0.0,0.0,0.0,0.0,0.0,0.0,0.0,0.0,0.0,1000.0,1000.0,1000.0,1000.0,1000.0,1000.0,0.0,0.0,0.0,0.0,0.0,0.0,0.0,0.0,0.0,0.0,0.0,0.0,0.0,0.0,0.0,0.0,0.0,0.0,0.0,0.0,0.0,0.0,0.0,0.0,0.0,0.0,0.0,0.0,0.0,0.0,1440.0,1440.0,0.0,1440.0,1440.0,0.0,1440.0,1440.0,0.0,0.0,0.0,0.0
35,5.0,0.5,4,5,1.2,637.9847975556058,696.0349748954934,-58.05017733988757,637.9847975556058,696.0349748954934,-58.05017733988757,1000.0,1000.0,1.0,1.0,0.0,1.0,1.0,0.0,1.0115,0.9479,0.0636000000000001,0.0,0.0,0.0,0.0,1000.0,1000.0,23.0,23.0,0.0,9.0,988.65,31.19,0.0,540.0,0.0,483.8,0.0,483.8,988.65,514.99,473.65999999999997,0.0,540.0,-540.0,988.65,1054.99,-66.34000000000003,42984.71,82391.01,-39406.299999999996,1.0115,1.9418,-0.9302999999999999,1.0115,0.9479,0.0636000000000001,582.9847975556058,641.0349489585966,-58.050151402990764,623.484797555606,681.5349748954935,-58.05017733988757,632.9847975556058,691.0349748954934,-58.05017733988757,1.0,1.0,0.0
35,5.0,0.5,5,6,1.2,inf,inf,,1441440.0,1441440.0,0.0,0.0,0.0,0.0,0.0,0.0,0.0,0.0,0.0,0.0,0.0,0.0,1000.0,1000.0,1000.0,1000.0,1000.0,1000.0,0.0,23.0,0.0,9.0,0.0,31.19,0.0,540.0,0.0,0.0,0.0,0.0,0.0,31.19,-31.19,0.0,540.0,-540.0,0.0,571.19,-571.19,0.0,61356.11,-61356.11,0.0,0.0,0.0,0.0,0.0,0.0,1440.0,1440.0,0.0,1440.0,1440.0,0.0,1440.0,1440.0,0.0,0.0,0.0,0.0
35,5.0,0.5,6,7,1.2,637.5242037255962,700.2586599581538,-62.73445623255759,637.5242037255962,700.2586599581538,-62.73445623255759,1000.0,1000.0,1.0,1.0,0.0,1.0,1.0,0.0,1.0224,0.868,0.15439999999999998,0.0,0.0,0.0,0.0,1000.0,1000.0,23.0,23.0,0.0,9.0,978.05,31.19,0.0,540.0,0.0,580.95,0.0,580.95,978.05,612.14,365.90999999999997,0.0,540.0,-540.0,978.05,1152.14,-174.09000000000015,42524.12,86614.68,-44090.55999999999,1.0224,1.6336,-0.6112,1.0224,0.868,0.15439999999999998,582.5242037255962,645.258627987424,-62.734424261827826,623.0242037255963,685.7586599581539,-62.73445623255759,632.5242037255962,695.2586599581538,-62.73445623255759,1.0,1.0,0.0
35,5.0,0.5,7,8,1.2,inf,inf,,1441440.0,1441440.0,0.0,0.0,0.0,0.0,0.0,0.0,0.0,0.0,0.0,0.0,0.0,0.0,1000.0,1000.0,1000.0,1000.0,1000.0,1000.0,0.0,23.0,0.0,9.0,0.0,31.19,0.0,540.0,0.0,0.0,0.0,0.0,0.0,31.19,-31.19,0.0,540.0,-540.0,0.0,571.19,-571.19,0.0,61356.11,-61356.11,0.0,0.0,0.0,0.0,0.0,0.0,1440.0,1440.0,0.0,1440.0,1440.0,0.0,1440.0,1440.0,0.0,0.0,0.0,0.0
35,5.0,0.5,8,9,1.2,637.5242037255962,696.0349748954934,-58.510771169897225,637.5242037255962,696.0349748954934,-58.510771169897225,1000.0,1000.0,1.0,1.0,0.0,1.0,1.0,0.0,1.0224,0.9479,0.07450000000000001,0.0,0.0,0.0,0.0,1000.0,1000.0,23.0,23.0,0.0,9.0,978.05,31.19,0.0,540.0,0.0,483.8,0.0,483.8,978.05,514.99,463.05999999999995,0.0,540.0,-540.0,978.05,1054.99,-76.94000000000005,42524.12,82391.01,-39866.88999999999,1.0224,1.9418,-0.9194,1.0224,0.9479,0.07450000000000001,582.5242037255962,641.0349489585966,-58.51074523300042,623.0242037255963,681.5349748954935,-58.510771169897225,632.5242037255962,691.0349748954934,-58.510771169897225,1.0,1.0,0.0
35,5.0,0.5,9,10,1.2,637.5242037255962,696.0349748954934,-58.510771169897225,637.5242037255962,696.0349748954934,-58.510771169897225,1000.0,1000.0,1.0,1.0,0.0,1.0,1.0,0.0,1.0224,0.9479,0.07450000000000001,0.0,0.0,0.0,0.0,1000.0,1000.0,23.0,23.0,0.0,9.0,978.05,31.19,0.0,540.0,0.0,483.8,0.0,483.8,978.05,514.99,463.05999999999995,0.0,540.0,-540.0,978.05,1054.99,-76.94000000000005,42524.12,82391.01,-39866.88999999999,1.0224,1.9418,-0.9194,1.0224,0.9479,0.07450000000000001,582.5242037255962,641.0349489585966,-58.51074523300042,623.0242037255963,681.5349748954935,-58.510771169897225,632.5242037255962,691.0349748954934,-58.510771169897225,1.0,1.0,0.0
35,5.0,0.5,10,11,1.2,638.5489002805878,696.0349748954934,-57.48607461490565,638.5489002805878,696.0349748954934,-57.48607461490565,1000.0,1000.0,1.0,1.0,0.0,1.0,1.0,0.0,0.9984,0.9479,0.05049999999999999,0.0,0.0,0.0,0.0,1000.0,1000.0,23.0,23.0,0.0,9.0,1001.62,31.19,0.0,540.0,0.0,483.8,0.0,483.8,1001.62,514.99,486.63,0.0,540.0,-540.0,1001.62,1054.99,-53.370000000000005,43548.79,82391.01,-38842.219999999994,0.9984,1.9418,-0.9434,0.9984,0.9479,0.05049999999999999,583.5489002805878,641.0349489585966,-57.48604867800884,624.0489002805879,681.5349748954935,-57.48607461490565,633.5489002805878,691.0349748954934,-57.48607461490565,1.0,1.0,0.0
35,5.0,0.5,11,12,1.2,637.5242037255962,700.933978306757,-63.40977458116083,637.5242037255962,700.933978306757,-63.40977458116083,1000.0,1000.0,1.0,1.0,0.0,1.0,1.0,0.0,1.0224,0.8564,0.16599999999999993,0.0,0.0,0.0,0.0,1000.0,1000.0,23.0,23.0,0.0,9.0,978.05,31.19,0.0,540.0,0.0,596.48,0.0,596.48,978.05,627.67,350.38,0.0,540.0,-540.0,978.05,1167.67,-189.62000000000012,42524.12,87290.0,-44765.88,1.0224,1.5932,-0.5708,1.0224,0.8564,0.16599999999999993,582.5242037255962,645.9339464844287,-63.40974275883252,623.0242037255963,686.4339783067571,-63.40977458116083,632.5242037255962,695.933978306757,-63.40977458116083,1.0,1.0,0.0
35,5.0,0.5,12,13,1.2,637.9433807742483,696.0349748954934,-58.091594121245066,637.9433807742483,696.0349748954934,-58.091594121245066,1000.0,1000.0,1.0,1.0,0.0,1.0,1.0,0.0,1.0125,0.9479,0.06459999999999999,0.0,0.0,0.0,0.0,1000.0,1000.0,23.0,23.0,0.0,9.0,987.7,31.19,0.0,540.0,0.0,483.8,0.0,483.8,987.7,514.99,472.71000000000004,0.0,540.0,-540.0,987.7,1054.99,-67.28999999999996,42943.28,82391.01,-39447.729999999996,1.0125,1.9418,-0.9293,1.0125,0.9479,0.06459999999999999,582.9433807742483,641.0349489585966,-58.09156818434826,623.4433807742485,681.5349748954935,-58.091594121245066,632.9433807742483,691.0349748954934,-58.091594121245066,1.0,1.0,0.0
35,5.0,0.5,13,14,1.2,637.5242037255962,696.0349748954934,-58.510771169897225,637.5242037255962,696.0349748954934,-58.510771169897225,1000.0,1000.0,1.0,1.0,0.0,1.0,1.0,0.0,1.0224,0.9479,0.07450000000000001,0.0,0.0,0.0,0.0,1000.0,1000.0,23.0,23.0,0.0,9.0,978.05,31.19,0.0,540.0,0.0,483.8,0.0,483.8,978.05,514.99,463.05999999999995,0.0,540.0,-540.0,978.05,1054.99,-76.94000000000005,42524.12,82391.01,-39866.88999999999,1.0224,1.9418,-0.9194,1.0224,0.9479,0.07450000000000001,582.5242037255962,641.0349489585966,-58.51074523300042,623.0242037255963,681.5349748954935,-58.510771169897225,632.5242037255962,691.0349748954934,-58.510771169897225,1.0,1.0,0.0
35,5.0,0.5,14,15,1.2,641.0497841901513,696.0349748954934,-54.98519070534212,641.0497841901513,696.0349748954934,-54.98519070534212,1000.0,1000.0,1.0,1.0,0.0,1.0,1.0,0.0,0.9442,0.9479,-0.0036999999999999256,0.0,0.0,0.0,0.0,1000.0,1000.0,23.0,23.0,0.0,9.0,1059.14,31.19,0.0,540.0,0.0,483.8,0.0,483.8,1059.14,514.99,544.1500000000001,0.0,540.0,-540.0,1059.14,1054.99,4.150000000000091,46049.68,82391.01,-36341.329999999994,0.9442,1.9418,-0.9975999999999999,0.9442,0.9479,-0.0036999999999999256,586.0497841901513,641.0349489585966,-54.985164768445316,626.5497841901514,681.5349748954935,-54.98519070534212,636.0497841901513,691.0349748954934,-54.98519070534212,1.0,1.0,0.0
35,5.0,0.5,15,16,1.2,637.5242037255962,696.0349748954934,-58.510771169897225,637.5242037255962,696.0349748954934,-58.510771169897225,1000.0,1000.0,1.0,1.0,0.0,1.0,1.0,0.0,1.0224,0.9479,0.07450000000000001,0.0,0.0,0.0,0.0,1000.0,1000.0,23.0,23.0,0.0,9.0,978.05,31.19,0.0,540.0,0.0,483.8,0.0,483.8,978.05,514.99,463.05999999999995,0.0,540.0,-540.0,978.05,1054.99,-76.94000000000005,42524.12,82391.01,-39866.88999999999,1.0224,1.9418,-0.9194,1.0224,0.9479,0.07450000000000001,582.5242037255962,641.0349489585966,-58.51074523300042,623.0242037255963,681.5349748954935,-58.510771169897225,632.5242037255962,691.0349748954934,-58.510771169897225,1.0,1.0,0.0
35,5.0,0.5,16,17,1.2,637.5242037255962,696.0349771303399,-58.51077340474376,637.5242037255962,696.0349771303399,-58.51077340474376,1000.0,1000.0,1.0,1.0,0.0,1.0,1.0,0.0,1.0224,0.9479,0.07450000000000001,0.0,0.0,0.0,0.0,1000.0,1000.0,23.0,23.0,0.0,9.0,978.05,31.19,0.0,540.0,0.0,483.8,0.0,483.8,978.05,514.99,463.05999999999995,0.0,540.0,-540.0,978.05,1054.99,-76.94000000000005,42524.12,82391.01,-39866.88999999999,1.0224,1.9418,-0.9194,1.0224,0.9479,0.07450000000000001,582.5242037255962,641.0349516079461,-58.51074788234996,623.0242037255963,681.53497713034,-58.51077340474376,632.5242037255962,691.0349771303399,-58.51077340474376,1.0,1.0,0.0
35,5.0,0.5,17,18,1.2,inf,inf,,1441440.0,1441440.0,0.0,0.0,0.0,0.0,0.0,0.0,0.0,0.0,0.0,0.0,0.0,0.0,1000.0,1000.0,1000.0,1000.0,1000.0,1000.0,0.0,0.0,0.0,0.0,0.0,0.0,0.0,0.0,0.0,0.0,0.0,0.0,0.0,0.0,0.0,0.0,0.0,0.0,0.0,0.0,0.0,0.0,0.0,0.0,0.0,0.0,0.0,0.0,0.0,0.0,1440.0,1440.0,0.0,1440.0,1440.0,0.0,1440.0,1440.0,0.0,0.0,0.0,0.0
35,5.0,0.5,18,19,1.2,637.5242037255962,inf,-inf,637.5242037255962,1441440.0,-1440802.4757962744,1000.0,0.0,1.0,0.0,1.0,1.0,0.0,1.0,1.0224,0.0,1.0224,0.0,1000.0,0.0,1000.0,1000.0,1000.0,23.0,23.0,0.0,9.0,978.05,31.19,0.0,540.0,0.0,0.0,0.0,0.0,978.05,31.19,946.8599999999999,0.0,540.0,-540.0,978.05,571.19,406.8599999999999,42524.12,61356.11,-18831.989999999998,1.0224,0.0,1.0224,1.0224,0.0,1.0224,582.5242037255962,1440.0,-857.4757962744038,623.0242037255963,1440.0,-816.9757962744037,632.5242037255962,1440.0,-807.4757962744038,1.0,0.0,1.0
35,5.0,0.5,19,20,1.2,637.5242037255962,696.0349748954934,-58.510771169897225,637.5242037255962,696.0349748954934,-58.510771169897225,1000.0,1000.0,1.0,1.0,0.0,1.0,1.0,0.0,1.0224,0.9479,0.07450000000000001,0.0,0.0,0.0,0.0,1000.0,1000.0,23.0,23.0,0.0,9.0,978.05,31.19,0.0,540.0,0.0,483.8,0.0,483.8,978.05,514.99,463.05999999999995,0.0,540.0,-540.0,978.05,1054.99,-76.94000000000005,42524.12,82391.01,-39866.88999999999,1.0224,1.9418,-0.9194,1.0224,0.9479,0.07450000000000001,582.5242037255962,641.0349489585966,-58.51074523300042,623.0242037255963,681.5349748954935,-58.510771169897225,632.5242037255962,691.0349748954934,-58.510771169897225,1.0,1.0,0.0
35,5.0,1.0,0,1,1.2,638.391691049908,696.0349748954934,-57.643283845585415,638.391691049908,696.0349748954934,-57.643283845585415,1000.0,1000.0,1.0,1.0,0.0,1.0,1.0,0.0,1.002,0.9479,0.05410000000000004,0.0,0.0,0.0,0.0,1000.0,1000.0,23.0,23.0,0.0,9.0,998.01,31.19,0.0,540.0,0.0,483.8,0.0,483.8,998.01,514.99,483.02,0.0,540.0,-540.0,998.01,1054.99,-56.98000000000002,43391.6,82391.01,-38999.409999999996,1.002,1.9418,-0.9398,1.002,0.9479,0.05410000000000004,583.391691049908,641.0349489585966,-57.64325790868861,623.8916910499081,681.5349748954935,-57.643283845585415,633.391691049908,691.0349748954934,-57.643283845585415,1.0,1.0,0.0
35,5.0,1.0,1,2,1.2,638.5264747406088,inf,-inf,638.5264747406088,1441440.0,-1440801.4735252594,1000.0,0.0,1.0,0.0,1.0,1.0,0.0,1.0,0.9989,0.0,0.9989,0.0,1000.0,0.0,1000.0,1000.0,1000.0,23.0,23.0,0.0,9.0,1001.11,31.19,0.0,540.0,0.0,0.0,0.0,0.0,1001.11,31.19,969.92,0.0,540.0,-540.0,1001.11,571.19,429.91999999999996,43526.37,61356.11,-17829.739999999998,0.9989,0.0,0.9989,0.9989,0.0,0.9989,583.5264747406088,1440.0,-856.4735252593912,624.0264747406089,1440.0,-815.9735252593911,633.5264747406088,1440.0,-806.4735252593912,1.0,0.0,1.0
35,5.0,1.0,2,3,1.2,637.5242037255962,700.9585883729338,-63.43438464733765,637.5242037255962,700.9585883729338,-63.43438464733765,1000.0,1000.0,1.0,1.0,0.0,1.0,1.0,0.0,1.0224,0.856,0.1664,0.0,0.0,0.0,0.0,1000.0,1000.0,23.0,23.0,0.0,9.0,978.05,31.19,0.0,540.0,0.0,597.05,0.0,597.05,978.05,628.24,349.80999999999995,0.0,540.0,-540.0,978.05,1168.24,-190.19000000000005,42524.12,87314.6,-44790.48,1.0224,1.5918,-0.5694000000000001,1.0224,0.856,0.1664,582.5242037255962,645.9585554191221,-63.43435169352597,623.0242037255963,686.458588372934,-63.43438464733765,632.5242037255962,695.9585883729338,-63.43438464733765,1.0,1.0,0.0
35,5.0,1.0,3,4,1.2,inf,inf,,1441440.0,1441440.0,0.0,0.0,0.0,0.0,0.0,0.0,0.0,0.0,0.0,0.0,0.0,0.0,1000.0,1000.0,1000.0,1000.0,1000.0,1000.0,0.0,0.0,0.0,0.0,0.0,0.0,0.0,0.0,0.0,0.0,0.0,0.0,0.0,0.0,0.0,0.0,0.0,0.0,0.0,0.0,0.0,0.0,0.0,0.0,0.0,0.0,0.0,0.0,0.0,0.0,1440.0,1440.0,0.0,1440.0,1440.0,0.0,1440.0,1440.0,0.0,0.0,0.0,0.0
35,5.0,1.0,4,5,1.2,637.9847975556058,696.1744686893275,-58.18967113372162,637.9847975556058,696.1744686893275,-58.18967113372162,1000.0,1000.0,1.0,1.0,0.0,1.0,1.0,0.0,1.0115,0.945,0.06650000000000011,0.0,0.0,0.0,0.0,1000.0,1000.0,23.0,23.0,0.0,9.0,988.65,31.19,0.0,540.0,0.0,487.01,0.0,487.01,988.65,518.2,470.44999999999993,0.0,540.0,-540.0,988.65,1058.2,-69.55000000000007,42984.71,82530.5,-39545.79,1.0115,1.9298,-0.9182999999999999,1.0115,0.945,0.06650000000000011,582.9847975556058,641.1744410415415,-58.189643485935676,623.484797555606,681.6744686893276,-58.18967113372162,632.9847975556058,691.1744686893275,-58.18967113372162,1.0,1.0,0.0
35,5.0,1.0,5,6,1.2,inf,inf,,1441440.0,1441440.0,0.0,0.0,0.0,0.0,0.0,0.0,0.0,0.0,0.0,0.0,0.0,0.0,1000.0,1000.0,1000.0,1000.0,1000.0,1000.0,0.0,23.0,0.0,9.0,0.0,31.19,0.0,540.0,0.0,0.0,0.0,0.0,0.0,31.19,-31.19,0.0,540.0,-540.0,0.0,571.19,-571.19,0.0,61356.11,-61356.11,0.0,0.0,0.0,0.0,0.0,0.0,1440.0,1440.0,0.0,1440.0,1440.0,0.0,1440.0,1440.0,0.0,0.0,0.0,0.0
35,5.0,1.0,6,7,1.2,637.9433807742483,700.2586599581538,-62.31527918390543,637.9433807742483,700.2586599581538,-62.31527918390543,1000.0,1000.0,1.0,1.0,0.0,1.0,1.0,0.0,1.0125,0.868,0.14449999999999996,0.0,0.0,0.0,0.0,1000.0,1000.0,23.0,23.0,0.0,9.0,987.7,31.19,0.0,540.0,0.0,580.95,0.0,580.95,987.7,612.14,375.56000000000006,0.0,540.0,-540.0,987.7,1152.14,-164.44000000000005,42943.28,86614.68,-43671.399999999994,1.0125,1.6336,-0.6211,1.0125,0.868,0.14449999999999996,582.9433807742483,645.258627987424,-62.31524721317567,623.4433807742485,685.7586599581539,-62.31527918390543,632.9433807742483,695.2586599581538,-62.31527918390543,1.0,1.0,0.0
35,5.0,1.0,7,8,1.2,inf,inf,,1441440.0,1441440.0,0.0,0.0,0.0,0.0,0.0,0.0,0.0,0.0,0.0,0.0,0.0,0.0,1000.0,1000.0,1000.0,1000.0,1000.0,1000.0,0.0,23.0,0.0,9.0,0.0,31.19,0.0,540.0,0.0,0.0,0.0,0.0,0.0,31.19,-31.19,0.0,540.0,-540.0,0.0,571.19,-571.19,0.0,61356.11,-61356.11,0.0,0.0,0.0,0.0,0.0,0.0,1440.0,1440.0,0.0,1440.0,1440.0,0.0,1440.0,1440.0,0.0,0.0,0.0,0.0
35,5.0,1.0,8,9,1.2,639.0108448481018,696.0349748954934,-57.02413004739162,639.0108448481018,696.0349748954934,-57.02413004739162,1000.0,1000.0,1.0,1.0,0.0,1.0,1.0,0.0,0.9879,0.9479,0.040000000000000036,0.0,0.0,0.0,0.0,1000.0,1000.0,23.0,23.0,0.0,9.0,1012.25,31.19,0.0,540.0,0.0,483.8,0.0,483.8,1012.25,514.99,497.26,0.0,540.0,-540.0,1012.25,1054.99,-42.74000000000001,44010.75,82391.01,-38380.259999999995,0.9879,1.9418,-0.9539,0.9879,0.9479,0.040000000000000036,584.0108448481018,641.0349489585966,-57.02410411049482,624.5108448481019,681.5349748954935,-57.02413004739162,634.0108448481018,691.0349748954934,-57.02413004739162,1.0,1.0,0.0
35,5.0,1.0,9,10,1.2,inf,inf,,1441440.0,1441440.0,0.0,0.0,0.0,0.0,0.0,0.0,0.0,0.0,0.0,0.0,0.0,0.0,1000.0,1000.0,1000.0,1000.0,1000.0,1000.0,0.0,23.0,0.0,9.0,0.0,31.19,0.0,540.0,0.0,0.0,0.0,0.0,0.0,31.19,-31.19,0.0,540.0,-540.0,0.0,571.19,-571.19,0.0,61356.11,-61356.11,0.0,0.0,0.0,0.0,0.0,0.0,1440.0,1440.0,0.0,1440.0,1440.0,0.0,1440.0,1440.0,0.0,0.0,0.0,0.0
35,5.0,1.0,10,11,1.2,638.5489002805878,696.0349748954934,-57.48607461490565,638.5489002805878,696.0349748954934,-57.48607461490565,1000.0,1000.0,1.0,1.0,0.0,1.0,1.0,0.0,0.9984,0.9479,0.05049999999999999,0.0,0.0,0.0,0.0,1000.0,1000.0,23.0,23.0,0.0,9.0,1001.62,31.19,0.0,540.0,0.0,483.8,0.0,483.8,1001.62,514.99,486.63,0.0,540.0,-540.0,1001.62,1054.99,-53.370000000000005,43548.79,82391.01,-38842.219999999994,0.9984,1.9418,-0.9434,0.9984,0.9479,0.05049999999999999,583.5489002805878,641.0349489585966,-57.48604867800884,624.0489002805879,681.5349748954935,-57.48607461490565,633.5489002805878,691.0349748954934,-57.48607461490565,1.0,1.0,0.0
35,5.0,1.0,11,12,1.2,637.6751282372506,700.933978306757,-63.258850069506366,637.6751282372506,700.933978306757,-63.258850069506366,1000.0,1000.0,1.0,1.0,0.0,1.0,1.0,0.0,1.0188,0.8564,0.16239999999999988,0.0,0.0,0.0,0.0,1000.0,1000.0,23.0,23.0,0.0,9.0,981.53,31.19,0.0,540.0,0.0,596.48,0.0,596.48,981.53,627.67,353.86,0.0,540.0,-540.0,981.53,1167.67,-186.1400000000001,42675.04,87290.0,-44614.96,1.0188,1.5932,-0.5744,1.0188,0.8564,0.16239999999999988,582.6751282372506,645.9339464844287,-63.258818247178056,623.1751282372508,686.4339783067571,-63.258850069506366,632.6751282372506,695.933978306757,-63.258850069506366,1.0,1.0,0.0
35,5.0,1.0,12,13,1.2,inf,inf,,1441440.0,1441440.0,0.0,0.0,0.0,0.0,0.0,0.0,0.0,0.0,0.0,0.0,0.0,0.0,1000.0,1000.0,1000.0,1000.0,1000.0,1000.0,0.0,23.0,0.0,9.0,0.0,31.19,0.0,540.0,0.0,0.0,0.0,0.0,0.0,31.19,-31.19,0.0,540.0,-540.0,0.0,571.19,-571.19,0.0,61356.11,-61356.11,0.0,0.0,0.0,0.0,0.0,0.0,1440.0,1440.0,0.0,1440.0,1440.0,0.0,1440.0,1440.0,0.0,0.0,0.0,0.0
35,5.0,1.0,13,14,1.2,637.5242037255962,inf,-inf,637.5242037255962,1441440.0,-1440802.4757962744,1000.0,0.0,1.0,0.0,1.0,1.0,0.0,1.0,1.0224,0.0,1.0224,0.0,1000.0,0.0,1000.0,1000.0,1000.0,23.0,23.0,0.0,9.0,978.05,31.19,0.0,540.0,0.0,0.0,0.0,0.0,978.05,31.19,946.8599999999999,0.0,540.0,-540.0,978.05,571.19,406.8599999999999,42524.12,61356.11,-18831.989999999998,1.0224,0.0,1.0224,1.0224,0.0,1.0224,582.5242037255962,1440.0,-857.4757962744038,623.0242037255963,1440.0,-816.9757962744037,632.5242037255962,1440.0,-807.4757962744038,1.0,0.0,1.0
35,5.0,1.0,14,15,1.2,641.0497841901513,696.0349748954934,-54.98519070534212,641.0497841901513,696.0349748954934,-54.98519070534212,1000.0,1000.0,1.0,1.0,0.0,1.0,1.0,0.0,0.9442,0.9479,-0.0036999999999999256,0.0,0.0,0.0,0.0,1000.0,1000.0,23.0,23.0,0.0,9.0,1059.14,31.19,0.0,540.0,0.0,483.8,0.0,483.8,1059.14,514.99,544.1500000000001,0.0,540.0,-540.0,1059.14,1054.99,4.150000000000091,46049.68,82391.01,-36341.329999999994,0.9442,1.9418,-0.9975999999999999,0.9442,0.9479,-0.0036999999999999256,586.0497841901513,641.0349489585966,-54.985164768445316,626.5497841901514,681.5349748954935,-54.98519070534212,636.0497841901513,691.0349748954934,-54.98519070534212,1.0,1.0,0.0
35,5.0,1.0,15,16,1.2,637.5242037255962,696.0349748954934,-58.510771169897225,637.5242037255962,696.0349748954934,-58.510771169897225,1000.0,1000.0,1.0,1.0,0.0,1.0,1.0,0.0,1.0224,0.9479,0.07450000000000001,0.0,0.0,0.0,0.0,1000.0,1000.0,23.0,23.0,0.0,9.0,978.05,31.19,0.0,540.0,0.0,483.8,0.0,483.8,978.05,514.99,463.05999999999995,0.0,540.0,-540.0,978.05,1054.99,-76.94000000000005,42524.12,82391.01,-39866.88999999999,1.0224,1.9418,-0.9194,1.0224,0.9479,0.07450000000000001,582.5242037255962,641.0349489585966,-58.51074523300042,623.0242037255963,681.5349748954935,-58.510771169897225,632.5242037255962,691.0349748954934,-58.510771169897225,1.0,1.0,0.0
35,5.0,1.0,16,17,1.2,637.5242037255962,696.0349771303399,-58.51077340474376,637.5242037255962,696.0349771303399,-58.51077340474376,1000.0,1000.0,1.0,1.0,0.0,1.0,1.0,0.0,1.0224,0.9479,0.07450000000000001,0.0,0.0,0.0,0.0,1000.0,1000.0,23.0,23.0,0.0,9.0,978.05,31.19,0.0,540.0,0.0,483.8,0.0,483.8,978.05,514.99,463.05999999999995,0.0,540.0,-540.0,978.05,1054.99,-76.94000000000005,42524.12,82391.01,-39866.88999999999,1.0224,1.9418,-0.9194,1.0224,0.9479,0.07450000000000001,582.5242037255962,641.0349516079461,-58.51074788234996,623.0242037255963,681.53497713034,-58.51077340474376,632.5242037255962,691.0349771303399,-58.51077340474376,1.0,1.0,0.0
35,5.0,1.0,17,18,1.2,inf,inf,,1441440.0,1441440.0,0.0,0.0,0.0,0.0,0.0,0.0,0.0,0.0,0.0,0.0,0.0,0.0,1000.0,1000.0,1000.0,1000.0,1000.0,1000.0,0.0,0.0,0.0,0.0,0.0,0.0,0.0,0.0,0.0,0.0,0.0,0.0,0.0,0.0,0.0,0.0,0.0,0.0,0.0,0.0,0.0,0.0,0.0,0.0,0.0,0.0,0.0,0.0,0.0,0.0,1440.0,1440.0,0.0,1440.0,1440.0,0.0,1440.0,1440.0,0.0,0.0,0.0,0.0
35,5.0,1.0,18,19,1.2,638.4235945458386,inf,-inf,638.4235945458386,1441440.0,-1440801.5764054542,1000.0,0.0,1.0,0.0,1.0,1.0,0.0,1.0,1.0013,0.0,1.0013,0.0,1000.0,0.0,1000.0,1000.0,1000.0,23.0,23.0,0.0,9.0,998.74,31.19,0.0,540.0,0.0,0.0,0.0,0.0,998.74,31.19,967.55,0.0,540.0,-540.0,998.74,571.19,427.54999999999995,43423.51,61356.11,-17932.6,1.0013,0.0,1.0013,1.0013,0.0,1.0013,583.4235945458386,1440.0,-856.5764054541614,623.9235945458387,1440.0,-816.0764054541613,633.4235945458386,1440.0,-806.5764054541614,1.0,0.0,1.0
35,5.0,1.0,19,20,1.2,639.1043011176155,696.0349748954934,-56.93067377787793,639.1043011176155,696.0349748954934,-56.93067377787793,1000.0,1000.0,1.0,1.0,0.0,1.0,1.0,0.0,0.9858,0.9479,0.037900000000000045,0.0,0.0,0.0,0.0,1000.0,1000.0,23.0,23.0,0.0,9.0,1014.4,31.19,0.0,540.0,0.0,483.8,0.0,483.8,1014.4,514.99,499.40999999999997,0.0,540.0,-540.0,1014.4,1054.99,-40.59000000000003,44104.19,82391.01,-38286.81999999999,0.9858,1.9418,-0.956,0.9858,0.9479,0.037900000000000045,584.1043011176155,641.0349489585966,-56.93064784098112,624.6043011176156,681.5349748954935,-56.93067377787793,634.1043011176155,691.0349748954934,-56.93067377787793,1.0,1.0,0.0
35,5.0,2.0,0,1,1.2,inf,inf,,1441440.0,1441440.0,0.0,0.0,0.0,0.0,0.0,0.0,0.0,0.0,0.0,0.0,0.0,0.0,1000.0,1000.0,1000.0,1000.0,1000.0,1000.0,0.0,0.0,0.0,0.0,0.0,0.0,0.0,0.0,0.0,0.0,0.0,0.0,0.0,0.0,0.0,0.0,0.0,0.0,0.0,0.0,0.0,0.0,0.0,0.0,0.0,0.0,0.0,0.0,0.0,0.0,1440.0,1440.0,0.0,1440.0,1440.0,0.0,1440.0,1440.0,0.0,0.0,0.0,0.0
35,5.0,2.0,1,2,1.2,inf,inf,,1441440.0,1441440.0,0.0,0.0,0.0,0.0,0.0,0.0,0.0,0.0,0.0,0.0,0.0,0.0,1000.0,1000.0,1000.0,1000.0,1000.0,1000.0,0.0,23.0,0.0,9.0,0.0,31.19,0.0,540.0,0.0,0.0,0.0,0.0,0.0,31.19,-31.19,0.0,540.0,-540.0,0.0,571.19,-571.19,0.0,61356.11,-61356.11,0.0,0.0,0.0,0.0,0.0,0.0,1440.0,1440.0,0.0,1440.0,1440.0,0.0,1440.0,1440.0,0.0,0.0,0.0,0.0
35,5.0,2.0,2,3,1.2,639.17836000498,705.9585883729338,-66.78022836795378,639.17836000498,705.9585883729338,-66.78022836795378,1000.0,1000.0,1.0,1.0,0.0,1.0,1.0,0.0,0.9842,0.813,0.17120000000000002,0.0,0.0,0.0,0.0,1000.0,1000.0,23.0,23.0,0.0,8.0,1016.1,152.91,0.0,480.0,0.0,597.05,0.0,597.05,1016.1,749.95,266.15,0.0,480.0,-480.0,1016.1,1229.95,-213.85000000000002,44178.27,92606.6,-48428.33000000001,0.9842,1.3334,-0.34919999999999995,0.9842,0.813,0.17120000000000002,584.17836000498,650.9585883729338,-66.78022836795378,624.6783600049802,691.458588372934,-66.78022836795378,634.17836000498,700.9585883729338,-66.78022836795378,1.0,1.0,0.0
35,5.0,2.0,3,4,1.2,inf,inf,,1441440.0,1441440.0,0.0,0.0,0.0,0.0,0.0,0.0,0.0,0.0,0.0,0.0,0.0,0.0,1000.0,1000.0,1000.0,1000.0,1000.0,1000.0,0.0,0.0,0.0,0.0,0.0,0.0,0.0,0.0,0.0,0.0,0.0,0.0,0.0,0.0,0.0,0.0,0.0,0.0,0.0,0.0,0.0,0.0,0.0,0.0,0.0,0.0,0.0,0.0,0.0,0.0,1440.0,1440.0,0.0,1440.0,1440.0,0.0,1440.0,1440.0,0.0,0.0,0.0,0.0
35,5.0,2.0,4,5,1.2,640.2011081743418,inf,-inf,640.2011081743418,1441440.0,-1440799.7988918256,1000.0,0.0,1.0,0.0,1.0,1.0,0.0,1.0,0.9619,0.0,0.9619,0.0,1000.0,0.0,1000.0,1000.0,1000.0,23.0,23.0,0.0,9.0,1039.62,31.19,0.0,540.0,0.0,0.0,0.0,0.0,1039.62,31.19,1008.4299999999998,0.0,540.0,-540.0,1039.62,571.19,468.42999999999984,45200.99,61356.11,-16155.120000000003,0.9619,0.0,0.9619,0.9619,0.0,0.9619,585.2011081743418,1440.0,-854.7988918256582,625.7011081743419,1440.0,-814.2988918256581,635.2011081743418,1440.0,-804.7988918256582,1.0,0.0,1.0
35,5.0,2.0,5,6,1.2,inf,inf,,1441440.0,1441440.0,0.0,0.0,0.0,0.0,0.0,0.0,0.0,0.0,0.0,0.0,0.0,0.0,1000.0,1000.0,1000.0,1000.0,1000.0,1000.0,0.0,23.0,0.0,9.0,0.0,31.19,0.0,540.0,0.0,0.0,0.0,0.0,0.0,31.19,-31.19,0.0,540.0,-540.0,0.0,571.19,-571.19,0.0,61356.11,-61356.11,0.0,0.0,0.0,0.0,0.0,0.0,1440.0,1440.0,0.0,1440.0,1440.0,0.0,1440.0,1440.0,0.0,0.0,0.0,0.0
35,5.0,2.0,6,7,1.2,inf,inf,,1441440.0,1441440.0,0.0,0.0,0.0,0.0,0.0,0.0,0.0,0.0,0.0,0.0,0.0,0.0,1000.0,1000.0,1000.0,1000.0,1000.0,1000.0,0.0,0.0,0.0,0.0,0.0,0.0,0.0,0.0,0.0,0.0,0.0,0.0,0.0,0.0,0.0,0.0,0.0,0.0,0.0,0.0,0.0,0.0,0.0,0.0,0.0,0.0,0.0,0.0,0.0,0.0,1440.0,1440.0,0.0,1440.0,1440.0,0.0,1440.0,1440.0,0.0,0.0,0.0,0.0
35,5.0,2.0,7,8,1.2,inf,inf,,1441440.0,1441440.0,0.0,0.0,0.0,0.0,0.0,0.0,0.0,0.0,0.0,0.0,0.0,0.0,1000.0,1000.0,1000.0,1000.0,1000.0,1000.0,0.0,23.0,0.0,9.0,0.0,31.19,0.0,540.0,0.0,0.0,0.0,0.0,0.0,31.19,-31.19,0.0,540.0,-540.0,0.0,571.19,-571.19,0.0,61356.11,-61356.11,0.0,0.0,0.0,0.0,0.0,0.0,1440.0,1440.0,0.0,1440.0,1440.0,0.0,1440.0,1440.0,0.0,0.0,0.0,0.0
35,5.0,2.0,8,9,1.2,641.0499205227401,inf,-inf,641.0499205227401,1441440.0,-1440798.9500794772,1000.0,0.0,1.0,0.0,1.0,1.0,0.0,1.0,0.9442,0.0,0.9442,0.0,1000.0,0.0,1000.0,1000.0,1000.0,23.0,23.0,0.0,8.0,1059.15,166.91,0.0,480.0,0.0,0.0,0.0,0.0,1059.15,166.91,892.2400000000001,0.0,480.0,-480.0,1059.15,646.91,412.2400000000001,46049.8,67256.94,-21207.14,0.9442,0.0,0.9442,0.9442,0.0,0.9442,586.0499205227401,1440.0,-853.9500794772599,626.5499205227402,1440.0,-813.4500794772598,636.0499205227401,1440.0,-803.9500794772599,1.0,0.0,1.0
35,5.0,2.0,9,10,1.2,inf,inf,,1441440.0,1441440.0,0.0,0.0,0.0,0.0,0.0,0.0,0.0,0.0,0.0,0.0,0.0,0.0,1000.0,1000.0,1000.0,1000.0,1000.0,1000.0,0.0,23.0,0.0,9.0,0.0,31.19,0.0,540.0,0.0,0.0,0.0,0.0,0.0,31.19,-31.19,0.0,540.0,-540.0,0.0,571.19,-571.19,0.0,61356.11,-61356.11,0.0,0.0,0.0,0.0,0.0,0.0,1440.0,1440.0,0.0,1440.0,1440.0,0.0,1440.0,1440.0,0.0,0.0,0.0,0.0
35,5.0,2.0,10,11,1.2,639.6898844483829,inf,-inf,639.6898844483829,1441440.0,-1440800.3101155516,1000.0,0.0,1.0,0.0,1.0,1.0,0.0,1.0,0.9729,0.0,0.9729,0.0,1000.0,0.0,1000.0,1000.0,1000.0,23.0,23.0,0.0,9.0,1027.87,31.19,0.0,540.0,0.0,0.0,0.0,0.0,1027.87,31.19,996.6799999999998,0.0,540.0,-540.0,1027.87,571.19,456.67999999999984,44689.78,61356.11,-16666.33,0.9729,0.0,0.9729,0.9729,0.0,0.9729,584.6898844483829,1440.0,-855.3101155516171,625.189884448383,1440.0,-814.810115551617,634.6898844483829,1440.0,-805.3101155516171,1.0,0.0,1.0
35,5.0,2.0,11,12,1.2,638.9810911311428,700.9585883729338,-61.97749724179107,638.9810911311428,700.9585883729338,-61.97749724179107,1000.0,1000.0,1.0,1.0,0.0,1.0,1.0,0.0,0.9886,0.856,0.13260000000000005,0.0,0.0,0.0,0.0,1000.0,1000.0,23.0,23.0,0.0,9.0,1011.56,31.19,0.0,540.0,0.0,597.05,0.0,597.05,1011.56,628.24,383.31999999999994,0.0,540.0,-540.0,1011.56,1168.24,-156.68000000000006,43981.01,87314.6,-43333.590000000004,0.9886,1.5918,-0.6032000000000001,0.9886,0.856,0.13260000000000005,583.9810911311428,645.9585554191221,-61.97746428797939,624.4810911311429,686.458588372934,-61.97749724179107,633.9810911311428,695.9585883729338,-61.97749724179107,1.0,1.0,0.0
35,5.0,2.0,12,13,1.2,inf,inf,,1441440.0,1441440.0,0.0,0.0,0.0,0.0,0.0,0.0,0.0,0.0,0.0,0.0,0.0,0.0,1000.0,1000.0,1000.0,1000.0,1000.0,1000.0,0.0,23.0,0.0,9.0,0.0,31.19,0.0,540.0,0.0,0.0,0.0,0.0,0.0,31.19,-31.19,0.0,540.0,-540.0,0.0,571.19,-571.19,0.0,61356.11,-61356.11,0.0,0.0,0.0,0.0,0.0,0.0,1440.0,1440.0,0.0,1440.0,1440.0,0.0,1440.0,1440.0,0.0,0.0,0.0,0.0
35,5.0,2.0,13,14,1.2,641.4890051543464,inf,-inf,641.4890051543464,1441440.0,-1440798.5109948458,1000.0,0.0,1.0,0.0,1.0,1.0,0.0,1.0,0.9352,0.0,0.9352,0.0,1000.0,0.0,1000.0,1000.0,1000.0,23.0,23.0,0.0,9.0,1069.25,31.19,0.0,540.0,0.0,0.0,0.0,0.0,1069.25,31.19,1038.06,0.0,540.0,-540.0,1069.25,571.19,498.05999999999995,46488.91,61356.11,-14867.199999999997,0.9352,0.0,0.9352,0.9352,0.0,0.9352,586.4890051543464,1440.0,-853.5109948456536,626.9890051543465,1440.0,-813.0109948456535,636.4890051543464,1440.0,-803.5109948456536,1.0,0.0,1.0
35,5.0,2.0,14,15,1.2,inf,inf,,1441440.0,1441440.0,0.0,0.0,0.0,0.0,0.0,0.0,0.0,0.0,0.0,0.0,0.0,0.0,1000.0,1000.0,1000.0,1000.0,1000.0,1000.0,0.0,0.0,0.0,0.0,0.0,0.0,0.0,0.0,0.0,0.0,0.0,0.0,0.0,0.0,0.0,0.0,0.0,0.0,0.0,0.0,0.0,0.0,0.0,0.0,0.0,0.0,0.0,0.0,0.0,0.0,1440.0,1440.0,0.0,1440.0,1440.0,0.0,1440.0,1440.0,0.0,0.0,0.0,0.0
35,5.0,2.0,15,16,1.2,638.9365800621749,inf,-inf,638.9365800621749,1441440.0,-1440801.0634199379,1000.0,0.0,1.0,0.0,1.0,1.0,0.0,1.0,0.9896,0.0,0.9896,0.0,1000.0,0.0,1000.0,1000.0,1000.0,23.0,23.0,0.0,9.0,1010.54,31.19,0.0,540.0,0.0,0.0,0.0,0.0,1010.54,31.19,979.3499999999999,0.0,540.0,-540.0,1010.54,571.19,439.3499999999999,43936.49,61356.11,-17419.620000000003,0.9896,0.0,0.9896,0.9896,0.0,0.9896,583.9365800621749,1440.0,-856.0634199378251,624.436580062175,1440.0,-815.563419937825,633.9365800621749,1440.0,-806.0634199378251,1.0,0.0,1.0
35,5.0,2.0,16,17,1.2,637.5242037255962,inf,-inf,637.5242037255962,1441440.0,-1440802.4757962744,1000.0,0.0,1.0,0.0,1.0,1.0,0.0,1.0,1.0224,0.0,1.0224,0.0,1000.0,0.0,1000.0,1000.0,1000.0,23.0,23.0,0.0,9.0,978.05,31.19,0.0,540.0,0.0,0.0,0.0,0.0,978.05,31.19,946.8599999999999,0.0,540.0,-540.0,978.05,571.19,406.8599999999999,42524.12,61356.11,-18831.989999999998,1.0224,0.0,1.0224,1.0224,0.0,1.0224,582.5242037255962,1440.0,-857.4757962744038,623.0242037255963,1440.0,-816.9757962744037,632.5242037255962,1440.0,-807.4757962744038,1.0,0.0,1.0
35,5.0,2.0,17,18,1.2,inf,inf,,1441440.0,1441440.0,0.0,0.0,0.0,0.0,0.0,0.0,0.0,0.0,0.0,0.0,0.0,0.0,1000.0,1000.0,1000.0,1000.0,1000.0,1000.0,0.0,0.0,0.0,0.0,0.0,0.0,0.0,0.0,0.0,0.0,0.0,0.0,0.0,0.0,0.0,0.0,0.0,0.0,0.0,0.0,0.0,0.0,0.0,0.0,0.0,0.0,0.0,0.0,0.0,0.0,1440.0,1440.0,0.0,1440.0,1440.0,0.0,1440.0,1440.0,0.0,0.0,0.0,0.0
35,5.0,2.0,18,19,1.2,639.8374924313351,inf,-inf,639.8374924313351,1441440.0,-1440800.1625075687,1000.0,0.0,1.0,0.0,1.0,1.0,0.0,1.0,0.9697,0.0,0.9697,0.0,1000.0,0.0,1000.0,1000.0,1000.0,23.0,23.0,0.0,9.0,1031.26,31.19,0.0,540.0,0.0,0.0,0.0,0.0,1031.26,31.19,1000.0699999999999,0.0,540.0,-540.0,1031.26,571.19,460.06999999999994,44837.4,61356.11,-16518.71,0.9697,0.0,0.9697,0.9697,0.0,0.9697,584.8374924313351,1440.0,-855.1625075686649,625.3374924313352,1440.0,-814.6625075686648,634.8374924313351,1440.0,-805.1625075686649,1.0,0.0,1.0
35,5.0,2.0,19,20,1.2,644.8291898741236,inf,-inf,644.8291898741236,1441440.0,-1440795.1708101258,1000.0,0.0,1.0,0.0,1.0,1.0,0.0,1.0,0.8725,0.0,0.8725,0.0,1000.0,0.0,1000.0,1000.0,1000.0,23.0,23.0,0.0,9.0,1146.07,31.19,0.0,540.0,0.0,0.0,0.0,0.0,1146.07,31.19,1114.8799999999999,0.0,540.0,-540.0,1146.07,571.19,574.8799999999999,49829.06,61356.11,-11527.050000000003,0.8725,0.0,0.8725,0.8725,0.0,0.8725,589.8291898741236,1440.0,-850.1708101258764,630.3291898741237,1440.0,-809.6708101258763,639.8291898741236,1440.0,-800.1708101258764,1.0,0.0,1.0
35,10.0,0.5,0,1,1.2,752.9431676877244,696.0349748954934,56.908192792231034,752.9431676877244,696.0349748954934,56.908192792231034,1000.0,1000.0,1.0,1.0,0.0,1.0,1.0,0.0,1.0125,0.9479,0.06459999999999999,0.0,0.0,0.0,0.0,1000.0,1000.0,23.0,23.0,0.0,9.0,987.69,31.19,0.0,540.0,0.0,483.8,0.0,483.8,987.69,514.99,472.70000000000005,0.0,540.0,-540.0,987.69,1054.99,-67.29999999999995,42943.15,82391.01,-39447.85999999999,1.0125,1.9418,-0.9293,1.0125,0.9479,0.06459999999999999,642.9431676877244,641.0349489585966,1.9082187291278387,723.9431676877247,681.5349748954935,42.40819279223115,742.9431676877244,691.0349748954934,51.908192792231034,1.0,1.0,0.0
35,10.0,0.5,1,2,1.2,752.8753839084211,696.0349748954934,56.840409012927694,752.8753839084211,696.0349748954934,56.840409012927694,1000.0,1000.0,1.0,1.0,0.0,1.0,1.0,0.0,1.0141,0.9479,0.06620000000000004,0.0,0.0,0.0,0.0,1000.0,1000.0,23.0,23.0,0.0,9.0,986.13,31.19,0.0,540.0,0.0,483.8,0.0,483.8,986.13,514.99,471.14,0.0,540.0,-540.0,986.13,1054.99,-68.86000000000001,42875.37,82391.01,-39515.63999999999,1.0141,1.9418,-0.9277,1.0141,0.9479,0.06620000000000004,642.8753839084211,641.0349489585966,1.8404349498244983,723.8753839084213,681.5349748954935,42.34040901292781,742.8753839084211,691.0349748954934,51.840409012927694,1.0,1.0,0.0
35,10.0,0.5,2,3,1.2,752.5240352373265,700.9585883729338,51.5654468643927,752.5240352373265,700.9585883729338,51.5654468643927,1000.0,1000.0,1.0,1.0,0.0,1.0,1.0,0.0,1.0224,0.856,0.1664,0.0,0.0,0.0,0.0,1000.0,1000.0,23.0,23.0,0.0,9.0,978.05,31.19,0.0,540.0,0.0,597.05,0.0,597.05,978.05,628.24,349.80999999999995,0.0,540.0,-540.0,978.05,1168.24,-190.19000000000005,42524.02,87314.6,-44790.58000000001,1.0224,1.5918,-0.5694000000000001,1.0224,0.856,0.1664,642.5240352373265,645.9585554191221,-3.4345201817956195,723.5240352373268,686.458588372934,37.06544686439281,742.5240352373265,695.9585883729338,46.5654468643927,1.0,1.0,0.0
35,10.0,0.5,3,4,1.2,inf,inf,,1441440.0,1441440.0,0.0,0.0,0.0,0.0,0.0,0.0,0.0,0.0,0.0,0.0,0.0,0.0,1000.0,1000.0,1000.0,1000.0,1000.0,1000.0,0.0,0.0,0.0,0.0,0.0,0.0,0.0,0.0,0.0,0.0,0.0,0.0,0.0,0.0,0.0,0.0,0.0,0.0,0.0,0.0,0.0,0.0,0.0,0.0,0.0,0.0,0.0,0.0,0.0,0.0,1440.0,1440.0,0.0,1440.0,1440.0,0.0,1440.0,1440.0,0.0,0.0,0.0,0.0
35,10.0,0.5,4,5,1.2,752.9846201643397,696.0349748954934,56.949645268846325,752.9846201643397,696.0349748954934,56.949645268846325,1000.0,1000.0,1.0,1.0,0.0,1.0,1.0,0.0,1.0115,0.9479,0.0636000000000001,0.0,0.0,0.0,0.0,1000.0,1000.0,23.0,23.0,0.0,9.0,988.65,31.19,0.0,540.0,0.0,483.8,0.0,483.8,988.65,514.99,473.65999999999997,0.0,540.0,-540.0,988.65,1054.99,-66.34000000000003,42984.6,82391.01,-39406.409999999996,1.0115,1.9418,-0.9302999999999999,1.0115,0.9479,0.0636000000000001,642.9846201643397,641.0349489585966,1.9496712057431296,723.98462016434,681.5349748954935,42.44964526884644,742.9846201643397,691.0349748954934,51.949645268846325,1.0,1.0,0.0
35,10.0,0.5,5,6,1.2,inf,inf,,1441440.0,1441440.0,0.0,0.0,0.0,0.0,0.0,0.0,0.0,0.0,0.0,0.0,0.0,0.0,1000.0,1000.0,1000.0,1000.0,1000.0,1000.0,0.0,23.0,0.0,9.0,0.0,31.19,0.0,540.0,0.0,0.0,0.0,0.0,0.0,31.19,-31.19,0.0,540.0,-540.0,0.0,571.19,-571.19,0.0,61356.11,-61356.11,0.0,0.0,0.0,0.0,0.0,0.0,1440.0,1440.0,0.0,1440.0,1440.0,0.0,1440.0,1440.0,0.0,0.0,0.0,0.0
35,10.0,0.5,6,7,1.2,752.5240352373265,700.2586599581538,52.26537527917276,752.5240352373265,700.2586599581538,52.26537527917276,1000.0,1000.0,1.0,1.0,0.0,1.0,1.0,0.0,1.0224,0.868,0.15439999999999998,0.0,0.0,0.0,0.0,1000.0,1000.0,23.0,23.0,0.0,9.0,978.05,31.19,0.0,540.0,0.0,580.95,0.0,580.95,978.05,612.14,365.90999999999997,0.0,540.0,-540.0,978.05,1152.14,-174.09000000000015,42524.02,86614.68,-44090.659999999996,1.0224,1.6336,-0.6112,1.0224,0.868,0.15439999999999998,642.5240352373265,645.258627987424,-2.7345927500974767,723.5240352373268,685.7586599581539,37.76537527917287,742.5240352373265,695.2586599581538,47.26537527917276,1.0,1.0,0.0
35,10.0,0.5,7,8,1.2,inf,inf,,1441440.0,1441440.0,0.0,0.0,0.0,0.0,0.0,0.0,0.0,0.0,0.0,0.0,0.0,0.0,1000.0,1000.0,1000.0,1000.0,1000.0,1000.0,0.0,23.0,0.0,9.0,0.0,31.19,0.0,540.0,0.0,0.0,0.0,0.0,0.0,31.19,-31.19,0.0,540.0,-540.0,0.0,571.19,-571.19,0.0,61356.11,-61356.11,0.0,0.0,0.0,0.0,0.0,0.0,1440.0,1440.0,0.0,1440.0,1440.0,0.0,1440.0,1440.0,0.0,0.0,0.0,0.0
35,10.0,0.5,8,9,1.2,752.5240352373265,696.0349748954934,56.489060341833124,752.5240352373265,696.0349748954934,56.489060341833124,1000.0,1000.0,1.0,1.0,0.0,1.0,1.0,0.0,1.0224,0.9479,0.07450000000000001,0.0,0.0,0.0,0.0,1000.0,1000.0,23.0,23.0,0.0,9.0,978.05,31.19,0.0,540.0,0.0,483.8,0.0,483.8,978.05,514.99,463.05999999999995,0.0,540.0,-540.0,978.05,1054.99,-76.94000000000005,42524.02,82391.01,-39866.99,1.0224,1.9418,-0.9194,1.0224,0.9479,0.07450000000000001,642.5240352373265,641.0349489585966,1.4890862787299284,723.5240352373268,681.5349748954935,41.98906034183324,742.5240352373265,691.0349748954934,51.489060341833124,1.0,1.0,0.0
35,10.0,0.5,9,10,1.2,752.5240352373265,696.0349748954934,56.489060341833124,752.5240352373265,696.0349748954934,56.489060341833124,1000.0,1000.0,1.0,1.0,0.0,1.0,1.0,0.0,1.0224,0.9479,0.07450000000000001,0.0,0.0,0.0,0.0,1000.0,1000.0,23.0,23.0,0.0,9.0,978.05,31.19,0.0,540.0,0.0,483.8,0.0,483.8,978.05,514.99,463.05999999999995,0.0,540.0,-540.0,978.05,1054.99,-76.94000000000005,42524.02,82391.01,-39866.99,1.0224,1.9418,-0.9194,1.0224,0.9479,0.07450000000000001,642.5240352373265,641.0349489585966,1.4890862787299284,723.5240352373268,681.5349748954935,41.98906034183324,742.5240352373265,691.0349748954934,51.489060341833124,1.0,1.0,0.0
35,10.0,0.5,10,11,1.2,753.5486640553657,696.0349748954934,57.51368915987234,753.5486640553657,696.0349748954934,57.51368915987234,1000.0,1000.0,1.0,1.0,0.0,1.0,1.0,0.0,0.9984,0.9479,0.05049999999999999,0.0,0.0,0.0,0.0,1000.0,1000.0,23.0,23.0,0.0,9.0,1001.62,31.19,0.0,540.0,0.0,483.8,0.0,483.8,1001.62,514.99,486.63,0.0,540.0,-540.0,1001.62,1054.99,-53.370000000000005,43548.64,82391.01,-38842.369999999995,0.9984,1.9418,-0.9434,0.9984,0.9479,0.05049999999999999,643.5486640553657,641.0349489585966,2.513715096769147,724.548664055366,681.5349748954935,43.013689159872456,743.5486640553657,691.0349748954934,52.51368915987234,1.0,1.0,0.0
35,10.0,0.5,11,12,1.2,752.5240352373265,700.933978306757,51.59005693056952,752.5240352373265,700.933978306757,51.59005693056952,1000.0,1000.0,1.0,1.0,0.0,1.0,1.0,0.0,1.0224,0.8564,0.16599999999999993,0.0,0.0,0.0,0.0,1000.0,1000.0,23.0,23.0,0.0,9.0,978.05,31.19,0.0,540.0,0.0,596.48,0.0,596.48,978.05,627.67,350.38,0.0,540.0,-540.0,978.05,1167.67,-189.62000000000012,42524.02,87290.0,-44765.98,1.0224,1.5932,-0.5708,1.0224,0.8564,0.16599999999999993,642.5240352373265,645.9339464844287,-3.4099112471021726,723.5240352373268,686.4339783067571,37.09005693056963,742.5240352373265,695.933978306757,46.59005693056952,1.0,1.0,0.0
35,10.0,0.5,12,13,1.2,752.9431676877244,696.0349748954934,56.908192792231034,752.9431676877244,696.0349748954934,56.908192792231034,1000.0,1000.0,1.0,1.0,0.0,1.0,1.0,0.0,1.0125,0.9479,0.06459999999999999,0.0,0.0,0.0,0.0,1000.0,1000.0,23.0,23.0,0.0,9.0,987.69,31.19,0.0,540.0,0.0,483.8,0.0,483.8,987.69,514.99,472.70000000000005,0.0,540.0,-540.0,987.69,1054.99,-67.29999999999995,42943.15,82391.01,-39447.85999999999,1.0125,1.9418,-0.9293,1.0125,0.9479,0.06459999999999999,642.9431676877244,641.0349489585966,1.9082187291278387,723.9431676877247,681.5349748954935,42.40819279223115,742.9431676877244,691.0349748954934,51.908192792231034,1.0,1.0,0.0
35,10.0,0.5,13,14,1.2,752.5240352373265,696.0349748954934,56.489060341833124,752.5240352373265,696.0349748954934,56.489060341833124,1000.0,1000.0,1.0,1.0,0.0,1.0,1.0,0.0,1.0224,0.9479,0.07450000000000001,0.0,0.0,0.0,0.0,1000.0,1000.0,23.0,23.0,0.0,9.0,978.05,31.19,0.0,540.0,0.0,483.8,0.0,483.8,978.05,514.99,463.05999999999995,0.0,540.0,-540.0,978.05,1054.99,-76.94000000000005,42524.02,82391.01,-39866.99,1.0224,1.9418,-0.9194,1.0224,0.9479,0.07450000000000001,642.5240352373265,641.0349489585966,1.4890862787299284,723.5240352373268,681.5349748954935,41.98906034183324,742.5240352373265,691.0349748954934,51.489060341833124,1.0,1.0,0.0
35,10.0,0.5,14,15,1.2,756.0495741166286,696.0349748954934,60.0145992211352,756.0495741166286,696.0349748954934,60.0145992211352,1000.0,1000.0,1.0,1.0,0.0,1.0,1.0,0.0,0.9442,0.9479,-0.0036999999999999256,0.0,0.0,0.0,0.0,1000.0,1000.0,23.0,23.0,0.0,9.0,1059.14,31.19,0.0,540.0,0.0,483.8,0.0,483.8,1059.14,514.99,544.1500000000001,0.0,540.0,-540.0,1059.14,1054.99,4.150000000000091,46049.55,82391.01,-36341.45999999999,0.9442,1.9418,-0.9975999999999999,0.9442,0.9479,-0.0036999999999999256,646.0495741166286,641.0349489585966,5.014625158032004,727.0495741166288,681.5349748954935,45.51459922113531,746.0495741166286,691.0349748954934,55.0145992211352,1.0,1.0,0.0
35,10.0,0.5,15,16,1.2,752.5240352373265,696.0349748954934,56.489060341833124,752.5240352373265,696.0349748954934,56.489060341833124,1000.0,1000.0,1.0,1.0,0.0,1.0,1.0,0.0,1.0224,0.9479,0.07450000000000001,0.0,0.0,0.0,0.0,1000.0,1000.0,23.0,23.0,0.0,9.0,978.05,31.19,0.0,540.0,0.0,483.8,0.0,483.8,978.05,514.99,463.05999999999995,0.0,540.0,-540.0,978.05,1054.99,-76.94000000000005,42524.02,82391.01,-39866.99,1.0224,1.9418,-0.9194,1.0224,0.9479,0.07450000000000001,642.5240352373265,641.0349489585966,1.4890862787299284,723.5240352373268,681.5349748954935,41.98906034183324,742.5240352373265,691.0349748954934,51.489060341833124,1.0,1.0,0.0
35,10.0,0.5,16,17,1.2,752.5240352373265,696.0349771303399,56.48905810698659,752.5240352373265,696.0349771303399,56.48905810698659,1000.0,1000.0,1.0,1.0,0.0,1.0,1.0,0.0,1.0224,0.9479,0.07450000000000001,0.0,0.0,0.0,0.0,1000.0,1000.0,23.0,23.0,0.0,9.0,978.05,31.19,0.0,540.0,0.0,483.8,0.0,483.8,978.05,514.99,463.05999999999995,0.0,540.0,-540.0,978.05,1054.99,-76.94000000000005,42524.02,82391.01,-39866.99,1.0224,1.9418,-0.9194,1.0224,0.9479,0.07450000000000001,642.5240352373265,641.0349516079461,1.4890836293803886,723.5240352373268,681.53497713034,41.989058106986704,742.5240352373265,691.0349771303399,51.48905810698659,1.0,1.0,0.0
35,10.0,0.5,17,18,1.2,inf,inf,,1441440.0,1441440.0,0.0,0.0,0.0,0.0,0.0,0.0,0.0,0.0,0.0,0.0,0.0,0.0,1000.0,1000.0,1000.0,1000.0,1000.0,1000.0,0.0,0.0,0.0,0.0,0.0,0.0,0.0,0.0,0.0,0.0,0.0,0.0,0.0,0.0,0.0,0.0,0.0,0.0,0.0,0.0,0.0,0.0,0.0,0.0,0.0,0.0,0.0,0.0,0.0,0.0,1440.0,1440.0,0.0,1440.0,1440.0,0.0,1440.0,1440.0,0.0,0.0,0.0,0.0
35,10.0,0.5,18,19,1.2,752.5240352373265,inf,-inf,752.5240352373265,1441440.0,-1440687.4759647627,1000.0,0.0,1.0,0.0,1.0,1.0,0.0,1.0,1.0224,0.0,1.0224,0.0,1000.0,0.0,1000.0,1000.0,1000.0,23.0,23.0,0.0,9.0,978.05,31.19,0.0,540.0,0.0,0.0,0.0,0.0,978.05,31.19,946.8599999999999,0.0,540.0,-540.0,978.05,571.19,406.8599999999999,42524.02,61356.11,-18832.090000000004,1.0224,0.0,1.0224,1.0224,0.0,1.0224,642.5240352373265,1440.0,-797.4759647626735,723.5240352373268,1440.0,-716.4759647626732,742.5240352373265,1440.0,-697.4759647626735,1.0,0.0,1.0
35,10.0,0.5,19,20,1.2,752.5240352373265,696.0349748954934,56.489060341833124,752.5240352373265,696.0349748954934,56.489060341833124,1000.0,1000.0,1.0,1.0,0.0,1.0,1.0,0.0,1.0224,0.9479,0.07450000000000001,0.0,0.0,0.0,0.0,1000.0,1000.0,23.0,23.0,0.0,9.0,978.05,31.19,0.0,540.0,0.0,483.8,0.0,483.8,978.05,514.99,463.05999999999995,0.0,540.0,-540.0,978.05,1054.99,-76.94000000000005,42524.02,82391.01,-39866.99,1.0224,1.9418,-0.9194,1.0224,0.9479,0.07450000000000001,642.5240352373265,641.0349489585966,1.4890862787299284,723.5240352373268,681.5349748954935,41.98906034183324,742.5240352373265,691.0349748954934,51.489060341833124,1.0,1.0,0.0
35,10.0,1.0,0,1,1.2,753.3914975669466,696.0349748954934,57.35652267145315,753.3914975669466,696.0349748954934,57.35652267145315,1000.0,1000.0,1.0,1.0,0.0,1.0,1.0,0.0,1.002,0.9479,0.05410000000000004,0.0,0.0,0.0,0.0,1000.0,1000.0,23.0,23.0,0.0,9.0,998.0,31.19,0.0,540.0,0.0,483.8,0.0,483.8,998.0,514.99,483.01,0.0,540.0,-540.0,998.0,1054.99,-56.99000000000001,43391.48,82391.01,-38999.52999999999,1.002,1.9418,-0.9398,1.002,0.9479,0.05410000000000004,643.3914975669466,641.0349489585966,2.3565486083499536,724.3914975669468,681.5349748954935,42.85652267145326,743.3914975669466,691.0349748954934,52.35652267145315,1.0,1.0,0.0
35,10.0,1.0,1,2,1.2,753.5262538489822,inf,-inf,753.5262538489822,1441440.0,-1440686.473746151,1000.0,0.0,1.0,0.0,1.0,1.0,0.0,1.0,0.9989,0.0,0.9989,0.0,1000.0,0.0,1000.0,1000.0,1000.0,23.0,23.0,0.0,9.0,1001.1,31.19,0.0,540.0,0.0,0.0,0.0,0.0,1001.1,31.19,969.91,0.0,540.0,-540.0,1001.1,571.19,429.90999999999997,43526.23,61356.11,-17829.879999999997,0.9989,0.0,0.9989,0.9989,0.0,0.9989,643.5262538489822,1440.0,-796.4737461510178,724.5262538489824,1440.0,-715.4737461510176,743.5262538489822,1440.0,-696.4737461510178,1.0,0.0,1.0
35,10.0,1.0,2,3,1.2,752.5240352373265,700.9585883729338,51.5654468643927,752.5240352373265,700.9585883729338,51.5654468643927,1000.0,1000.0,1.0,1.0,0.0,1.0,1.0,0.0,1.0224,0.856,0.1664,0.0,0.0,0.0,0.0,1000.0,1000.0,23.0,23.0,0.0,9.0,978.05,31.19,0.0,540.0,0.0,597.05,0.0,597.05,978.05,628.24,349.80999999999995,0.0,540.0,-540.0,978.05,1168.24,-190.19000000000005,42524.02,87314.6,-44790.58000000001,1.0224,1.5918,-0.5694000000000001,1.0224,0.856,0.1664,642.5240352373265,645.9585554191221,-3.4345201817956195,723.5240352373268,686.458588372934,37.06544686439281,742.5240352373265,695.9585883729338,46.5654468643927,1.0,1.0,0.0
35,10.0,1.0,3,4,1.2,inf,inf,,1441440.0,1441440.0,0.0,0.0,0.0,0.0,0.0,0.0,0.0,0.0,0.0,0.0,0.0,0.0,1000.0,1000.0,1000.0,1000.0,1000.0,1000.0,0.0,0.0,0.0,0.0,0.0,0.0,0.0,0.0,0.0,0.0,0.0,0.0,0.0,0.0,0.0,0.0,0.0,0.0,0.0,0.0,0.0,0.0,0.0,0.0,0.0,0.0,0.0,0.0,0.0,0.0,1440.0,1440.0,0.0,1440.0,1440.0,0.0,1440.0,1440.0,0.0,0.0,0.0,0.0
35,10.0,1.0,4,5,1.2,752.9846201643397,696.1744686893275,56.810151475012276,752.9846201643397,696.1744686893275,56.810151475012276,1000.0,1000.0,1.0,1.0,0.0,1.0,1.0,0.0,1.0115,0.945,0.06650000000000011,0.0,0.0,0.0,0.0,1000.0,1000.0,23.0,23.0,0.0,9.0,988.65,31.19,0.0,540.0,0.0,487.01,0.0,487.01,988.65,518.2,470.44999999999993,0.0,540.0,-540.0,988.65,1058.2,-69.55000000000007,42984.6,82530.5,-39545.9,1.0115,1.9298,-0.9182999999999999,1.0115,0.945,0.06650000000000011,642.9846201643397,641.1744410415415,1.8101791227982176,723.98462016434,681.6744686893276,42.31015147501239,742.9846201643397,691.1744686893275,51.810151475012276,1.0,1.0,0.0
35,10.0,1.0,5,6,1.2,inf,inf,,1441440.0,1441440.0,0.0,0.0,0.0,0.0,0.0,0.0,0.0,0.0,0.0,0.0,0.0,0.0,1000.0,1000.0,1000.0,1000.0,1000.0,1000.0,0.0,23.0,0.0,9.0,0.0,31.19,0.0,540.0,0.0,0.0,0.0,0.0,0.0,31.19,-31.19,0.0,540.0,-540.0,0.0,571.19,-571.19,0.0,61356.11,-61356.11,0.0,0.0,0.0,0.0,0.0,0.0,1440.0,1440.0,0.0,1440.0,1440.0,0.0,1440.0,1440.0,0.0,0.0,0.0,0.0
35,10.0,1.0,6,7,1.2,752.9431676877244,700.2586599581538,52.68450772957067,752.9431676877244,700.2586599581538,52.68450772957067,1000.0,1000.0,1.0,1.0,0.0,1.0,1.0,0.0,1.0125,0.868,0.14449999999999996,0.0,0.0,0.0,0.0,1000.0,1000.0,23.0,23.0,0.0,9.0,987.69,31.19,0.0,540.0,0.0,580.95,0.0,580.95,987.69,612.14,375.55000000000007,0.0,540.0,-540.0,987.69,1152.14,-164.45000000000005,42943.15,86614.68,-43671.52999999999,1.0125,1.6336,-0.6211,1.0125,0.868,0.14449999999999996,642.9431676877244,645.258627987424,-2.3154602996995663,723.9431676877247,685.7586599581539,38.18450772957078,742.9431676877244,695.2586599581538,47.68450772957067,1.0,1.0,0.0
35,10.0,1.0,7,8,1.2,inf,inf,,1441440.0,1441440.0,0.0,0.0,0.0,0.0,0.0,0.0,0.0,0.0,0.0,0.0,0.0,0.0,1000.0,1000.0,1000.0,1000.0,1000.0,1000.0,0.0,23.0,0.0,9.0,0.0,31.19,0.0,540.0,0.0,0.0,0.0,0.0,0.0,31.19,-31.19,0.0,540.0,-540.0,0.0,571.19,-571.19,0.0,61356.11,-61356.11,0.0,0.0,0.0,0.0,0.0,0.0,1440.0,1440.0,0.0,1440.0,1440.0,0.0,1440.0,1440.0,0.0,0.0,0.0,0.0
35,10.0,1.0,8,9,1.2,754.0106496015634,696.0349748954934,57.97567470606998,754.0106496015634,696.0349748954934,57.97567470606998,1000.0,1000.0,1.0,1.0,0.0,1.0,1.0,0.0,0.9879,0.9479,0.040000000000000036,0.0,0.0,0.0,0.0,1000.0,1000.0,23.0,23.0,0.0,9.0,1012.24,31.19,0.0,540.0,0.0,483.8,0.0,483.8,1012.24,514.99,497.25,0.0,540.0,-540.0,1012.24,1054.99,-42.75,44010.63,82391.01,-38380.38,0.9879,1.9418,-0.9539,0.9879,0.9479,0.040000000000000036,644.0106496015634,641.0349489585966,2.9757006429667854,725.0106496015636,681.5349748954935,43.475674706070095,744.0106496015634,691.0349748954934,52.97567470606998,1.0,1.0,0.0
35,10.0,1.0,9,10,1.2,inf,inf,,1441440.0,1441440.0,0.0,0.0,0.0,0.0,0.0,0.0,0.0,0.0,0.0,0.0,0.0,0.0,1000.0,1000.0,1000.0,1000.0,1000.0,1000.0,0.0,23.0,0.0,9.0,0.0,31.19,0.0,540.0,0.0,0.0,0.0,0.0,0.0,31.19,-31.19,0.0,540.0,-540.0,0.0,571.19,-571.19,0.0,61356.11,-61356.11,0.0,0.0,0.0,0.0,0.0,0.0,1440.0,1440.0,0.0,1440.0,1440.0,0.0,1440.0,1440.0,0.0,0.0,0.0,0.0
35,10.0,1.0,10,11,1.2,753.5486640553657,696.0349748954934,57.51368915987234,753.5486640553657,696.0349748954934,57.51368915987234,1000.0,1000.0,1.0,1.0,0.0,1.0,1.0,0.0,0.9984,0.9479,0.05049999999999999,0.0,0.0,0.0,0.0,1000.0,1000.0,23.0,23.0,0.0,9.0,1001.62,31.19,0.0,540.0,0.0,483.8,0.0,483.8,1001.62,514.99,486.63,0.0,540.0,-540.0,1001.62,1054.99,-53.370000000000005,43548.64,82391.01,-38842.369999999995,0.9984,1.9418,-0.9434,0.9984,0.9479,0.05049999999999999,643.5486640553657,641.0349489585966,2.513715096769147,724.548664055366,681.5349748954935,43.013689159872456,743.5486640553657,691.0349748954934,52.51368915987234,1.0,1.0,0.0
35,10.0,1.0,11,12,1.2,752.674950326589,700.933978306757,51.74097201983204,752.674950326589,700.933978306757,51.74097201983204,1000.0,1000.0,1.0,1.0,0.0,1.0,1.0,0.0,1.0188,0.8564,0.16239999999999988,0.0,0.0,0.0,0.0,1000.0,1000.0,23.0,23.0,0.0,9.0,981.52,31.19,0.0,540.0,0.0,596.48,0.0,596.48,981.52,627.67,353.85,0.0,540.0,-540.0,981.52,1167.67,-186.1500000000001,42674.93,87290.0,-44615.07,1.0188,1.5932,-0.5744,1.0188,0.8564,0.16239999999999988,642.674950326589,645.9339464844287,-3.258996157839647,723.6749503265893,686.4339783067571,37.24097201983216,742.674950326589,695.933978306757,46.74097201983204,1.0,1.0,0.0
35,10.0,1.0,12,13,1.2,inf,inf,,1441440.0,1441440.0,0.0,0.0,0.0,0.0,0.0,0.0,0.0,0.0,0.0,0.0,0.0,0.0,1000.0,1000.0,1000.0,1000.0,1000.0,1000.0,0.0,23.0,0.0,9.0,0.0,31.19,0.0,540.0,0.0,0.0,0.0,0.0,0.0,31.19,-31.19,0.0,540.0,-540.0,0.0,571.19,-571.19,0.0,61356.11,-61356.11,0.0,0.0,0.0,0.0,0.0,0.0,1440.0,1440.0,0.0,1440.0,1440.0,0.0,1440.0,1440.0,0.0,0.0,0.0,0.0
35,10.0,1.0,13,14,1.2,752.5240352373265,inf,-inf,752.5240352373265,1441440.0,-1440687.4759647627,1000.0,0.0,1.0,0.0,1.0,1.0,0.0,1.0,1.0224,0.0,1.0224,0.0,1000.0,0.0,1000.0,1000.0,1000.0,23.0,23.0,0.0,9.0,978.05,31.19,0.0,540.0,0.0,0.0,0.0,0.0,978.05,31.19,946.8599999999999,0.0,540.0,-540.0,978.05,571.19,406.8599999999999,42524.02,61356.11,-18832.090000000004,1.0224,0.0,1.0224,1.0224,0.0,1.0224,642.5240352373265,1440.0,-797.4759647626735,723.5240352373268,1440.0,-716.4759647626732,742.5240352373265,1440.0,-697.4759647626735,1.0,0.0,1.0
35,10.0,1.0,14,15,1.2,756.0495741166286,696.0349748954934,60.0145992211352,756.0495741166286,696.0349748954934,60.0145992211352,1000.0,1000.0,1.0,1.0,0.0,1.0,1.0,0.0,0.9442,0.9479,-0.0036999999999999256,0.0,0.0,0.0,0.0,1000.0,1000.0,23.0,23.0,0.0,9.0,1059.14,31.19,0.0,540.0,0.0,483.8,0.0,483.8,1059.14,514.99,544.1500000000001,0.0,540.0,-540.0,1059.14,1054.99,4.150000000000091,46049.55,82391.01,-36341.45999999999,0.9442,1.9418,-0.9975999999999999,0.9442,0.9479,-0.0036999999999999256,646.0495741166286,641.0349489585966,5.014625158032004,727.0495741166288,681.5349748954935,45.51459922113531,746.0495741166286,691.0349748954934,55.0145992211352,1.0,1.0,0.0
35,10.0,1.0,15,16,1.2,752.5240352373265,696.0349748954934,56.489060341833124,752.5240352373265,696.0349748954934,56.489060341833124,1000.0,1000.0,1.0,1.0,0.0,1.0,1.0,0.0,1.0224,0.9479,0.07450000000000001,0.0,0.0,0.0,0.0,1000.0,1000.0,23.0,23.0,0.0,9.0,978.05,31.19,0.0,540.0,0.0,483.8,0.0,483.8,978.05,514.99,463.05999999999995,0.0,540.0,-540.0,978.05,1054.99,-76.94000000000005,42524.02,82391.01,-39866.99,1.0224,1.9418,-0.9194,1.0224,0.9479,0.07450000000000001,642.5240352373265,641.0349489585966,1.4890862787299284,723.5240352373268,681.5349748954935,41.98906034183324,742.5240352373265,691.0349748954934,51.489060341833124,1.0,1.0,0.0
35,10.0,1.0,16,17,1.2,752.5240352373265,696.0349771303399,56.48905810698659,752.5240352373265,696.0349771303399,56.48905810698659,1000.0,1000.0,1.0,1.0,0.0,1.0,1.0,0.0,1.0224,0.9479,0.07450000000000001,0.0,0.0,0.0,0.0,1000.0,1000.0,23.0,23.0,0.0,9.0,978.05,31.19,0.0,540.0,0.0,483.8,0.0,483.8,978.05,514.99,463.05999999999995,0.0,540.0,-540.0,978.05,1054.99,-76.94000000000005,42524.02,82391.01,-39866.99,1.0224,1.9418,-0.9194,1.0224,0.9479,0.07450000000000001,642.5240352373265,641.0349516079461,1.4890836293803886,723.5240352373268,681.53497713034,41.989058106986704,742.5240352373265,691.0349771303399,51.48905810698659,1.0,1.0,0.0
35,10.0,1.0,17,18,1.2,inf,inf,,1441440.0,1441440.0,0.0,0.0,0.0,0.0,0.0,0.0,0.0,0.0,0.0,0.0,0.0,0.0,1000.0,1000.0,1000.0,1000.0,1000.0,1000.0,0.0,0.0,0.0,0.0,0.0,0.0,0.0,0.0,0.0,0.0,0.0,0.0,0.0,0.0,0.0,0.0,0.0,0.0,0.0,0.0,0.0,0.0,0.0,0.0,0.0,0.0,0.0,0.0,0.0,0.0,1440.0,1440.0,0.0,1440.0,1440.0,0.0,1440.0,1440.0,0.0,0.0,0.0,0.0
35,10.0,1.0,18,19,1.2,753.4234173172056,inf,-inf,753.4234173172056,1441440.0,-1440686.5765826828,1000.0,0.0,1.0,0.0,1.0,1.0,0.0,1.0,1.0013,0.0,1.0013,0.0,1000.0,0.0,1000.0,1000.0,1000.0,23.0,23.0,0.0,9.0,998.74,31.19,0.0,540.0,0.0,0.0,0.0,0.0,998.74,31.19,967.55,0.0,540.0,-540.0,998.74,571.19,427.54999999999995,43423.4,61356.11,-17932.71,1.0013,0.0,1.0013,1.0013,0.0,1.0013,643.4234173172056,1440.0,-796.5765826827944,724.4234173172058,1440.0,-715.5765826827942,743.4234173172056,1440.0,-696.5765826827944,1.0,0.0,1.0
35,10.0,1.0,19,20,1.2,754.1040782245416,696.0349748954934,58.069103329048176,754.1040782245416,696.0349748954934,58.069103329048176,1000.0,1000.0,1.0,1.0,0.0,1.0,1.0,0.0,0.9858,0.9479,0.037900000000000045,0.0,0.0,0.0,0.0,1000.0,1000.0,23.0,23.0,0.0,9.0,1014.39,31.19,0.0,540.0,0.0,483.8,0.0,483.8,1014.39,514.99,499.4,0.0,540.0,-540.0,1014.39,1054.99,-40.60000000000002,44104.06,82391.01,-38286.95,0.9858,1.9418,-0.956,0.9858,0.9479,0.037900000000000045,644.1040782245416,641.0349489585966,3.06912926594498,725.1040782245418,681.5349748954935,43.56910332904829,744.1040782245416,691.0349748954934,53.069103329048176,1.0,1.0,0.0
35,10.0,2.0,0,1,1.2,inf,inf,,1441440.0,1441440.0,0.0,0.0,0.0,0.0,0.0,0.0,0.0,0.0,0.0,0.0,0.0,0.0,1000.0,1000.0,1000.0,1000.0,1000.0,1000.0,0.0,0.0,0.0,0.0,0.0,0.0,0.0,0.0,0.0,0.0,0.0,0.0,0.0,0.0,0.0,0.0,0.0,0.0,0.0,0.0,0.0,0.0,0.0,0.0,0.0,0.0,0.0,0.0,0.0,0.0,1440.0,1440.0,0.0,1440.0,1440.0,0.0,1440.0,1440.0,0.0,0.0,0.0,0.0
35,10.0,2.0,1,2,1.2,inf,inf,,1441440.0,1441440.0,0.0,0.0,0.0,0.0,0.0,0.0,0.0,0.0,0.0,0.0,0.0,0.0,1000.0,1000.0,1000.0,1000.0,1000.0,1000.0,0.0,23.0,0.0,9.0,0.0,31.19,0.0,540.0,0.0,0.0,0.0,0.0,0.0,31.19,-31.19,0.0,540.0,-540.0,0.0,571.19,-571.19,0.0,61356.11,-61356.11,0.0,0.0,0.0,0.0,0.0,0.0,1440.0,1440.0,0.0,1440.0,1440.0,0.0,1440.0,1440.0,0.0,0.0,0.0,0.0
35,10.0,2.0,2,3,1.2,754.1781662157337,705.9585883729338,48.21957784279982,754.1781662157337,705.9585883729338,48.21957784279982,1000.0,1000.0,1.0,1.0,0.0,1.0,1.0,0.0,0.9842,0.813,0.17120000000000002,0.0,0.0,0.0,0.0,1000.0,1000.0,23.0,23.0,0.0,8.0,1016.1,152.91,0.0,480.0,0.0,597.05,0.0,597.05,1016.1,749.95,266.15,0.0,480.0,-480.0,1016.1,1229.95,-213.85000000000002,44178.15,92606.6,-48428.450000000004,0.9842,1.3334,-0.34919999999999995,0.9842,0.813,0.17120000000000002,644.1781662157337,650.9585883729338,-6.780422157200178,725.1781662157339,691.458588372934,33.719577842799936,744.1781662157337,700.9585883729338,43.21957784279982,1.0,1.0,0.0
35,10.0,2.0,3,4,1.2,inf,inf,,1441440.0,1441440.0,0.0,0.0,0.0,0.0,0.0,0.0,0.0,0.0,0.0,0.0,0.0,0.0,1000.0,1000.0,1000.0,1000.0,1000.0,1000.0,0.0,0.0,0.0,0.0,0.0,0.0,0.0,0.0,0.0,0.0,0.0,0.0,0.0,0.0,0.0,0.0,0.0,0.0,0.0,0.0,0.0,0.0,0.0,0.0,0.0,0.0,0.0,0.0,0.0,0.0,1440.0,1440.0,0.0,1440.0,1440.0,0.0,1440.0,1440.0,0.0,0.0,0.0,0.0
35,10.0,2.0,4,5,1.2,755.2008691231597,inf,-inf,755.2008691231597,1441440.0,-1440684.7991308768,1000.0,0.0,1.0,0.0,1.0,1.0,0.0,1.0,0.9619,0.0,0.9619,0.0,1000.0,0.0,1000.0,1000.0,1000.0,23.0,23.0,0.0,9.0,1039.62,31.19,0.0,540.0,0.0,0.0,0.0,0.0,1039.62,31.19,1008.4299999999998,0.0,540.0,-540.0,1039.62,571.19,468.42999999999984,45200.85,61356.11,-16155.260000000002,0.9619,0.0,0.9619,0.9619,0.0,0.9619,645.2008691231597,1440.0,-794.7991308768403,726.2008691231599,1440.0,-713.7991308768401,745.2008691231597,1440.0,-694.7991308768403,1.0,0.0,1.0
35,10.0,2.0,5,6,1.2,inf,inf,,1441440.0,1441440.0,0.0,0.0,0.0,0.0,0.0,0.0,0.0,0.0,0.0,0.0,0.0,0.0,1000.0,1000.0,1000.0,1000.0,1000.0,1000.0,0.0,23.0,0.0,9.0,0.0,31.19,0.0,540.0,0.0,0.0,0.0,0.0,0.0,31.19,-31.19,0.0,540.0,-540.0,0.0,571.19,-571.19,0.0,61356.11,-61356.11,0.0,0.0,0.0,0.0,0.0,0.0,1440.0,1440.0,0.0,1440.0,1440.0,0.0,1440.0,1440.0,0.0,0.0,0.0,0.0
35,10.0,2.0,6,7,1.2,inf,inf,,1441440.0,1441440.0,0.0,0.0,0.0,0.0,0.0,0.0,0.0,0.0,0.0,0.0,0.0,0.0,1000.0,1000.0,1000.0,1000.0,1000.0,1000.0,0.0,0.0,0.0,0.0,0.0,0.0,0.0,0.0,0.0,0.0,0.0,0.0,0.0,0.0,0.0,0.0,0.0,0.0,0.0,0.0,0.0,0.0,0.0,0.0,0.0,0.0,0.0,0.0,0.0,0.0,1440.0,1440.0,0.0,1440.0,1440.0,0.0,1440.0,1440.0,0.0,0.0,0.0,0.0
35,10.0,2.0,7,8,1.2,inf,inf,,1441440.0,1441440.0,0.0,0.0,0.0,0.0,0.0,0.0,0.0,0.0,0.0,0.0,0.0,0.0,1000.0,1000.0,1000.0,1000.0,1000.0,1000.0,0.0,23.0,0.0,9.0,0.0,31.19,0.0,540.0,0.0,0.0,0.0,0.0,0.0,31.19,-31.19,0.0,540.0,-540.0,0.0,571.19,-571.19,0.0,61356.11,-61356.11,0.0,0.0,0.0,0.0,0.0,0.0,1440.0,1440.0,0.0,1440.0,1440.0,0.0,1440.0,1440.0,0.0,0.0,0.0,0.0
35,10.0,2.0,8,9,1.2,756.0496784827145,inf,-inf,756.0496784827145,1441440.0,-1440683.9503215172,1000.0,0.0,1.0,0.0,1.0,1.0,0.0,1.0,0.9442,0.0,0.9442,0.0,1000.0,0.0,1000.0,1000.0,1000.0,23.0,23.0,0.0,8.0,1059.14,166.91,0.0,480.0,0.0,0.0,0.0,0.0,1059.14,166.91,892.2300000000001,0.0,480.0,-480.0,1059.14,646.91,412.23000000000013,46049.65,67256.94,-21207.29,0.9442,0.0,0.9442,0.9442,0.0,0.9442,646.0496784827145,1440.0,-793.9503215172855,727.0496784827147,1440.0,-712.9503215172853,746.0496784827145,1440.0,-693.9503215172855,1.0,0.0,1.0
35,10.0,2.0,9,10,1.2,inf,inf,,1441440.0,1441440.0,0.0,0.0,0.0,0.0,0.0,0.0,0.0,0.0,0.0,0.0,0.0,0.0,1000.0,1000.0,1000.0,1000.0,1000.0,1000.0,0.0,23.0,0.0,9.0,0.0,31.19,0.0,540.0,0.0,0.0,0.0,0.0,0.0,31.19,-31.19,0.0,540.0,-540.0,0.0,571.19,-571.19,0.0,61356.11,-61356.11,0.0,0.0,0.0,0.0,0.0,0.0,1440.0,1440.0,0.0,1440.0,1440.0,0.0,1440.0,1440.0,0.0,0.0,0.0,0.0
35,10.0,2.0,10,11,1.2,754.6896783083668,inf,-inf,754.6896783083668,1441440.0,-1440685.3103216917,1000.0,0.0,1.0,0.0,1.0,1.0,0.0,1.0,0.9729,0.0,0.9729,0.0,1000.0,0.0,1000.0,1000.0,1000.0,23.0,23.0,0.0,9.0,1027.86,31.19,0.0,540.0,0.0,0.0,0.0,0.0,1027.86,31.19,996.6699999999998,0.0,540.0,-540.0,1027.86,571.19,456.66999999999985,44689.66,61356.11,-16666.449999999997,0.9729,0.0,0.9729,0.9729,0.0,0.9729,644.6896783083668,1440.0,-795.3103216916332,725.689678308367,1440.0,-714.310321691633,744.6896783083668,1440.0,-695.3103216916332,1.0,0.0,1.0
35,10.0,2.0,11,12,1.2,753.9809202918601,700.9585883729338,53.022331918926284,753.9809202918601,700.9585883729338,53.022331918926284,1000.0,1000.0,1.0,1.0,0.0,1.0,1.0,0.0,0.9886,0.856,0.13260000000000005,0.0,0.0,0.0,0.0,1000.0,1000.0,23.0,23.0,0.0,9.0,1011.56,31.19,0.0,540.0,0.0,597.05,0.0,597.05,1011.56,628.24,383.31999999999994,0.0,540.0,-540.0,1011.56,1168.24,-156.68000000000006,43980.9,87314.6,-43333.700000000004,0.9886,1.5918,-0.6032000000000001,0.9886,0.856,0.13260000000000005,643.9809202918601,645.9585554191221,-1.9776351272620332,724.9809202918603,686.458588372934,38.5223319189264,743.9809202918601,695.9585883729338,48.022331918926284,1.0,1.0,0.0
35,10.0,2.0,12,13,1.2,inf,inf,,1441440.0,1441440.0,0.0,0.0,0.0,0.0,0.0,0.0,0.0,0.0,0.0,0.0,0.0,0.0,1000.0,1000.0,1000.0,1000.0,1000.0,1000.0,0.0,23.0,0.0,9.0,0.0,31.19,0.0,540.0,0.0,0.0,0.0,0.0,0.0,31.19,-31.19,0.0,540.0,-540.0,0.0,571.19,-571.19,0.0,61356.11,-61356.11,0.0,0.0,0.0,0.0,0.0,0.0,1440.0,1440.0,0.0,1440.0,1440.0,0.0,1440.0,1440.0,0.0,0.0,0.0,0.0
35,10.0,2.0,13,14,1.2,756.4888152115722,inf,-inf,756.4888152115722,1441440.0,-1440683.5111847885,1000.0,0.0,1.0,0.0,1.0,1.0,0.0,1.0,0.9352,0.0,0.9352,0.0,1000.0,0.0,1000.0,1000.0,1000.0,23.0,23.0,0.0,9.0,1069.24,31.19,0.0,540.0,0.0,0.0,0.0,0.0,1069.24,31.19,1038.05,0.0,540.0,-540.0,1069.24,571.19,498.04999999999995,46488.8,61356.11,-14867.309999999998,0.9352,0.0,0.9352,0.9352,0.0,0.9352,646.4888152115722,1440.0,-793.5111847884278,727.4888152115724,1440.0,-712.5111847884276,746.4888152115722,1440.0,-693.5111847884278,1.0,0.0,1.0
35,10.0,2.0,14,15,1.2,inf,inf,,1441440.0,1441440.0,0.0,0.0,0.0,0.0,0.0,0.0,0.0,0.0,0.0,0.0,0.0,0.0,1000.0,1000.0,1000.0,1000.0,1000.0,1000.0,0.0,0.0,0.0,0.0,0.0,0.0,0.0,0.0,0.0,0.0,0.0,0.0,0.0,0.0,0.0,0.0,0.0,0.0,0.0,0.0,0.0,0.0,0.0,0.0,0.0,0.0,0.0,0.0,0.0,0.0,1440.0,1440.0,0.0,1440.0,1440.0,0.0,1440.0,1440.0,0.0,0.0,0.0,0.0
35,10.0,2.0,15,16,1.2,753.9364023143655,inf,-inf,753.9364023143655,1441440.0,-1440686.0635976857,1000.0,0.0,1.0,0.0,1.0,1.0,0.0,1.0,0.9896,0.0,0.9896,0.0,1000.0,0.0,1000.0,1000.0,1000.0,23.0,23.0,0.0,9.0,1010.54,31.19,0.0,540.0,0.0,0.0,0.0,0.0,1010.54,31.19,979.3499999999999,0.0,540.0,-540.0,1010.54,571.19,439.3499999999999,43936.38,61356.11,-17419.730000000003,0.9896,0.0,0.9896,0.9896,0.0,0.9896,643.9364023143655,1440.0,-796.0635976856345,724.9364023143658,1440.0,-715.0635976856342,743.9364023143655,1440.0,-696.0635976856345,1.0,0.0,1.0
35,10.0,2.0,16,17,1.2,752.5240352373265,inf,-inf,752.5240352373265,1441440.0,-1440687.4759647627,1000.0,0.0,1.0,0.0,1.0,1.0,0.0,1.0,1.0224,0.0,1.0224,0.0,1000.0,0.0,1000.0,1000.0,1000.0,23.0,23.0,0.0,9.0,978.05,31.19,0.0,540.0,0.0,0.0,0.0,0.0,978.05,31.19,946.8599999999999,0.0,540.0,-540.0,978.05,571.19,406.8599999999999,42524.02,61356.11,-18832.090000000004,1.0224,0.0,1.0224,1.0224,0.0,1.0224,642.5240352373265,1440.0,-797.4759647626735,723.5240352373268,1440.0,-716.4759647626732,742.5240352373265,1440.0,-697.4759647626735,1.0,0.0,1.0
35,10.0,2.0,17,18,1.2,inf,inf,,1441440.0,1441440.0,0.0,0.0,0.0,0.0,0.0,0.0,0.0,0.0,0.0,0.0,0.0,0.0,1000.0,1000.0,1000.0,1000.0,1000.0,1000.0,0.0,0.0,0.0,0.0,0.0,0.0,0.0,0.0,0.0,0.0,0.0,0.0,0.0,0.0,0.0,0.0,0.0,0.0,0.0,0.0,0.0,0.0,0.0,0.0,0.0,0.0,0.0,0.0,0.0,0.0,1440.0,1440.0,0.0,1440.0,1440.0,0.0,1440.0,1440.0,0.0,0.0,0.0,0.0
35,10.0,2.0,18,19,1.2,754.837311059766,inf,-inf,754.837311059766,1441440.0,-1440685.1626889403,1000.0,0.0,1.0,0.0,1.0,1.0,0.0,1.0,0.9697,0.0,0.9697,0.0,1000.0,0.0,1000.0,1000.0,1000.0,23.0,23.0,0.0,9.0,1031.26,31.19,0.0,540.0,0.0,0.0,0.0,0.0,1031.26,31.19,1000.0699999999999,0.0,540.0,-540.0,1031.26,571.19,460.06999999999994,44837.29,61356.11,-16518.82,0.9697,0.0,0.9697,0.9697,0.0,0.9697,644.837311059766,1440.0,-795.162688940234,725.8373110597662,1440.0,-714.1626889402338,744.837311059766,1440.0,-695.162688940234,1.0,0.0,1.0
35,10.0,2.0,19,20,1.2,759.8289166535676,inf,-inf,759.8289166535676,1441440.0,-1440680.1710833465,1000.0,0.0,1.0,0.0,1.0,1.0,0.0,1.0,0.8726,0.0,0.8726,0.0,1000.0,0.0,1000.0,1000.0,1000.0,23.0,23.0,0.0,9.0,1146.06,31.19,0.0,540.0,0.0,0.0,0.0,0.0,1146.06,31.19,1114.87,0.0,540.0,-540.0,1146.06,571.19,574.8699999999999,49828.89,61356.11,-11527.220000000001,0.8726,0.0,0.8726,0.8726,0.0,0.8726,649.8289166535676,1440.0,-790.1710833464324,730.8289166535678,1440.0,-709.1710833464322,749.8289166535676,1440.0,-690.1710833464324,1.0,0.0,1.0
50,3.0,0.5,0,1,1.2,594.9437233656265,696.0349748954934,-101.0912515298669,594.9437233656265,696.0349748954934,-101.0912515298669,1000.0,1000.0,1.0,1.0,0.0,1.0,1.0,0.0,0.9703,0.9479,0.022400000000000087,0.0,0.0,0.0,0.0,1000.0,1000.0,24.0,23.0,0.0,9.0,1030.64,31.19,0.0,540.0,0.0,483.8,0.0,483.8,1030.64,514.99,515.6500000000001,0.0,540.0,-540.0,1030.64,1054.99,-24.34999999999991,42943.41,82391.01,-39447.59999999999,0.9703,1.9418,-0.9714999999999999,0.9703,0.9479,0.022400000000000087,561.9434197920257,641.0349489585966,-79.09152916657092,585.9437233656265,681.5349748954935,-95.59125152986701,591.9437233656265,691.0349748954934,-99.0912515298669,1.0,1.0,0.0
50,3.0,0.5,1,2,1.2,594.875845136541,696.0349748954934,-101.15912975895242,594.875845136541,696.0349748954934,-101.15912975895242,1000.0,1000.0,1.0,1.0,0.0,1.0,1.0,0.0,1.0141,0.9479,0.06620000000000004,0.0,0.0,0.0,0.0,1000.0,1000.0,23.0,23.0,0.0,9.0,986.14,31.19,0.0,540.0,0.0,483.8,0.0,483.8,986.14,514.99,471.15,0.0,540.0,-540.0,986.14,1054.99,-68.85000000000002,42875.56,82391.01,-39515.45,1.0141,1.9418,-0.9277,1.0141,0.9479,0.06620000000000004,561.8755607761644,641.0349489585966,-79.15938818243217,586.175845136541,681.5349748954935,-95.35912975895246,591.875845136541,691.0349748954934,-99.15912975895242,1.0,1.0,0.0
50,3.0,0.5,2,3,1.2,594.5244746138139,700.9585883729338,-106.4341137591199,594.5244746138139,700.9585883729338,-106.4341137591199,1000.0,1000.0,1.0,1.0,0.0,1.0,1.0,0.0,0.9798,0.856,0.12380000000000002,0.0,0.0,0.0,0.0,1000.0,1000.0,24.0,23.0,0.0,9.0,1020.58,31.19,0.0,540.0,0.0,597.05,0.0,597.05,1020.58,628.24,392.34000000000003,0.0,540.0,-540.0,1020.58,1168.24,-147.65999999999997,42524.23,87314.6,-44790.37,0.9798,1.5918,-0.6120000000000001,0.9798,0.856,0.12380000000000002,561.524234577091,645.9585554191221,-84.43432084203118,585.5244746138139,686.458588372934,-100.93411375912001,591.5244746138139,695.9585883729338,-104.4341137591199,1.0,1.0,0.0
50,3.0,0.5,3,4,1.2,inf,inf,,1441440.0,1441440.0,0.0,0.0,0.0,0.0,0.0,0.0,0.0,0.0,0.0,0.0,0.0,0.0,1000.0,1000.0,1000.0,1000.0,1000.0,1000.0,0.0,0.0,0.0,0.0,0.0,0.0,0.0,0.0,0.0,0.0,0.0,0.0,0.0,0.0,0.0,0.0,0.0,0.0,0.0,0.0,0.0,0.0,0.0,0.0,0.0,0.0,0.0,0.0,0.0,0.0,1440.0,1440.0,0.0,1440.0,1440.0,0.0,1440.0,1440.0,0.0,0.0,0.0,0.0
50,3.0,0.5,4,5,1.2,594.9850827576796,696.0349748954934,-101.0498921378138,594.9850827576796,696.0349748954934,-101.0498921378138,1000.0,1000.0,1.0,1.0,0.0,1.0,1.0,0.0,0.9693,0.9479,0.021400000000000086,0.0,0.0,0.0,0.0,1000.0,1000.0,24.0,23.0,0.0,9.0,1031.64,31.19,0.0,540.0,0.0,483.8,0.0,483.8,1031.64,514.99,516.6500000000001,0.0,540.0,-540.0,1031.64,1054.99,-23.34999999999991,42984.82,82391.01,-39406.189999999995,0.9693,1.9418,-0.9724999999999999,0.9693,0.9479,0.021400000000000086,561.9848300373077,641.0349489585966,-79.05011892128891,585.9850827576796,681.5349748954935,-95.54989213781391,591.9850827576796,691.0349748954934,-99.0498921378138,1.0,1.0,0.0
50,3.0,0.5,5,6,1.2,inf,inf,,1441440.0,1441440.0,0.0,0.0,0.0,0.0,0.0,0.0,0.0,0.0,0.0,0.0,0.0,0.0,1000.0,1000.0,1000.0,1000.0,1000.0,1000.0,0.0,23.0,0.0,9.0,0.0,31.19,0.0,540.0,0.0,0.0,0.0,0.0,0.0,31.19,-31.19,0.0,540.0,-540.0,0.0,571.19,-571.19,0.0,61356.11,-61356.11,0.0,0.0,0.0,0.0,0.0,0.0,1440.0,1440.0,0.0,1440.0,1440.0,0.0,1440.0,1440.0,0.0,0.0,0.0,0.0
50,3.0,0.5,6,7,1.2,594.5244746138139,700.2586599581538,-105.73418534433983,594.5244746138139,700.2586599581538,-105.73418534433983,1000.0,1000.0,1.0,1.0,0.0,1.0,1.0,0.0,0.9798,0.868,0.11180000000000001,0.0,0.0,0.0,0.0,1000.0,1000.0,24.0,23.0,0.0,9.0,1020.58,31.19,0.0,540.0,0.0,580.95,0.0,580.95,1020.58,612.14,408.44000000000005,0.0,540.0,-540.0,1020.58,1152.14,-131.56000000000006,42524.23,86614.68,-44090.44999999999,0.9798,1.6336,-0.6537999999999999,0.9798,0.868,0.11180000000000001,561.524234577091,645.258627987424,-83.73439341033304,585.5244746138139,685.7586599581539,-100.23418534433995,591.5244746138139,695.2586599581538,-103.73418534433983,1.0,1.0,0.0
50,3.0,0.5,7,8,1.2,inf,inf,,1441440.0,1441440.0,0.0,0.0,0.0,0.0,0.0,0.0,0.0,0.0,0.0,0.0,0.0,0.0,1000.0,1000.0,1000.0,1000.0,1000.0,1000.0,0.0,23.0,0.0,9.0,0.0,31.19,0.0,540.0,0.0,0.0,0.0,0.0,0.0,31.19,-31.19,0.0,540.0,-540.0,0.0,571.19,-571.19,0.0,61356.11,-61356.11,0.0,0.0,0.0,0.0,0.0,0.0,1440.0,1440.0,0.0,1440.0,1440.0,0.0,1440.0,1440.0,0.0,0.0,0.0,0.0
50,3.0,0.5,8,9,1.2,594.5244746138139,696.0349748954934,-101.51050028167947,594.5244746138139,696.0349748954934,-101.51050028167947,1000.0,1000.0,1.0,1.0,0.0,1.0,1.0,0.0,0.9798,0.9479,0.03190000000000004,0.0,0.0,0.0,0.0,1000.0,1000.0,24.0,23.0,0.0,9.0,1020.58,31.19,0.0,540.0,0.0,483.8,0.0,483.8,1020.58,514.99,505.59000000000003,0.0,540.0,-540.0,1020.58,1054.99,-34.40999999999997,42524.23,82391.01,-39866.77999999999,0.9798,1.9418,-0.962,0.9798,0.9479,0.03190000000000004,561.524234577091,641.0349489585966,-79.51071438150564,585.5244746138139,681.5349748954935,-96.01050028167958,591.5244746138139,691.0349748954934,-99.51050028167947,1.0,1.0,0.0
50,3.0,0.5,9,10,1.2,594.5244746138139,696.0349748954934,-101.51050028167947,594.5244746138139,696.0349748954934,-101.51050028167947,1000.0,1000.0,1.0,1.0,0.0,1.0,1.0,0.0,0.9798,0.9479,0.03190000000000004,0.0,0.0,0.0,0.0,1000.0,1000.0,24.0,23.0,0.0,9.0,1020.58,31.19,0.0,540.0,0.0,483.8,0.0,483.8,1020.58,514.99,505.59000000000003,0.0,540.0,-540.0,1020.58,1054.99,-34.40999999999997,42524.23,82391.01,-39866.77999999999,0.9798,1.9418,-0.962,0.9798,0.9479,0.03190000000000004,561.524234577091,641.0349489585966,-79.51071438150564,585.5244746138139,681.5349748954935,-96.01050028167958,591.5244746138139,691.0349748954934,-99.51050028167947,1.0,1.0,0.0
50,3.0,0.5,10,11,1.2,595.5492800733738,696.0349748954934,-100.48569482211963,595.5492800733738,696.0349748954934,-100.48569482211963,1000.0,1000.0,1.0,1.0,0.0,1.0,1.0,0.0,0.9984,0.9479,0.05049999999999999,0.0,0.0,0.0,0.0,1000.0,1000.0,23.0,23.0,0.0,9.0,1001.62,31.19,0.0,540.0,0.0,483.8,0.0,483.8,1001.62,514.99,486.63,0.0,540.0,-540.0,1001.62,1054.99,-53.370000000000005,43548.9,82391.01,-38842.10999999999,0.9984,1.9418,-0.9434,0.9984,0.9479,0.05049999999999999,562.5489002805878,641.0349489585966,-78.48604867800884,586.8492800733738,681.5349748954935,-94.68569482211967,592.5492800733738,691.0349748954934,-98.48569482211963,1.0,1.0,0.0
50,3.0,0.5,11,12,1.2,594.5244746138139,700.933978306757,-106.40950369294308,594.5244746138139,700.933978306757,-106.40950369294308,1000.0,1000.0,1.0,1.0,0.0,1.0,1.0,0.0,1.0224,0.8564,0.16599999999999993,0.0,0.0,0.0,0.0,1000.0,1000.0,23.0,23.0,0.0,9.0,978.06,31.19,0.0,540.0,0.0,596.48,0.0,596.48,978.06,627.67,350.39,0.0,540.0,-540.0,978.06,1167.67,-189.61000000000013,42524.2,87290.0,-44765.8,1.0224,1.5932,-0.5708,1.0224,0.8564,0.16599999999999993,561.5242037255962,645.9339464844287,-84.40974275883252,585.824474613814,686.4339783067571,-100.60950369294312,591.5244746138139,695.933978306757,-104.40950369294308,1.0,1.0,0.0
50,3.0,0.5,12,13,1.2,594.9437233656265,696.0349748954934,-101.0912515298669,594.9437233656265,696.0349748954934,-101.0912515298669,1000.0,1000.0,1.0,1.0,0.0,1.0,1.0,0.0,0.9703,0.9479,0.022400000000000087,0.0,0.0,0.0,0.0,1000.0,1000.0,24.0,23.0,0.0,9.0,1030.64,31.19,0.0,540.0,0.0,483.8,0.0,483.8,1030.64,514.99,515.6500000000001,0.0,540.0,-540.0,1030.64,1054.99,-24.34999999999991,42943.41,82391.01,-39447.59999999999,0.9703,1.9418,-0.9714999999999999,0.9703,0.9479,0.022400000000000087,561.9434197920257,641.0349489585966,-79.09152916657092,585.9437233656265,681.5349748954935,-95.59125152986701,591.9437233656265,691.0349748954934,-99.0912515298669,1.0,1.0,0.0
50,3.0,0.5,13,14,1.2,594.5244746138139,696.0349748954934,-101.51050028167947,594.5244746138139,696.0349748954934,-101.51050028167947,1000.0,1000.0,1.0,1.0,0.0,1.0,1.0,0.0,0.9798,0.9479,0.03190000000000004,0.0,0.0,0.0,0.0,1000.0,1000.0,24.0,23.0,0.0,9.0,1020.58,31.19,0.0,540.0,0.0,483.8,0.0,483.8,1020.58,514.99,505.59000000000003,0.0,540.0,-540.0,1020.58,1054.99,-34.40999999999997,42524.23,82391.01,-39866.77999999999,0.9798,1.9418,-0.962,0.9798,0.9479,0.03190000000000004,561.524234577091,641.0349489585966,-79.51071438150564,585.5244746138139,681.5349748954935,-96.01050028167958,591.5244746138139,691.0349748954934,-99.51050028167947,1.0,1.0,0.0
50,3.0,0.5,14,15,1.2,598.0501219373559,696.0349748954934,-97.98485295813748,598.0501219373559,696.0349748954934,-97.98485295813748,1000.0,1000.0,1.0,1.0,0.0,1.0,1.0,0.0,0.9442,0.9479,-0.0036999999999999256,0.0,0.0,0.0,0.0,1000.0,1000.0,23.0,23.0,0.0,9.0,1059.15,31.19,0.0,540.0,0.0,483.8,0.0,483.8,1059.15,514.99,544.1600000000001,0.0,540.0,-540.0,1059.15,1054.99,4.160000000000082,46049.78,82391.01,-36341.229999999996,0.9442,1.9418,-0.9975999999999999,0.9442,0.9479,-0.0036999999999999256,565.0497841901513,641.0349489585966,-75.98516476844532,589.350121937356,681.5349748954935,-92.18485295813753,595.0501219373559,691.0349748954934,-95.98485295813748,1.0,1.0,0.0
50,3.0,0.5,15,16,1.2,594.5244746138139,696.0349748954934,-101.51050028167947,594.5244746138139,696.0349748954934,-101.51050028167947,1000.0,1000.0,1.0,1.0,0.0,1.0,1.0,0.0,0.9798,0.9479,0.03190000000000004,0.0,0.0,0.0,0.0,1000.0,1000.0,24.0,23.0,0.0,9.0,1020.58,31.19,0.0,540.0,0.0,483.8,0.0,483.8,1020.58,514.99,505.59000000000003,0.0,540.0,-540.0,1020.58,1054.99,-34.40999999999997,42524.23,82391.01,-39866.77999999999,0.9798,1.9418,-0.962,0.9798,0.9479,0.03190000000000004,561.524234577091,641.0349489585966,-79.51071438150564,585.5244746138139,681.5349748954935,-96.01050028167958,591.5244746138139,691.0349748954934,-99.51050028167947,1.0,1.0,0.0
50,3.0,0.5,16,17,1.2,594.5244746138139,696.0349771303399,-101.510502516526,594.5244746138139,696.0349771303399,-101.510502516526,1000.0,1000.0,1.0,1.0,0.0,1.0,1.0,0.0,1.0224,0.9479,0.07450000000000001,0.0,0.0,0.0,0.0,1000.0,1000.0,23.0,23.0,0.0,9.0,978.06,31.19,0.0,540.0,0.0,483.8,0.0,483.8,978.06,514.99,463.06999999999994,0.0,540.0,-540.0,978.06,1054.99,-76.93000000000006,42524.2,82391.01,-39866.81,1.0224,1.9418,-0.9194,1.0224,0.9479,0.07450000000000001,561.5242037255962,641.0349516079461,-79.51074788234996,585.824474613814,681.53497713034,-95.71050251652605,591.5244746138139,691.0349771303399,-99.510502516526,1.0,1.0,0.0
50,3.0,0.5,17,18,1.2,inf,inf,,1441440.0,1441440.0,0.0,0.0,0.0,0.0,0.0,0.0,0.0,0.0,0.0,0.0,0.0,0.0,1000.0,1000.0,1000.0,1000.0,1000.0,1000.0,0.0,0.0,0.0,0.0,0.0,0.0,0.0,0.0,0.0,0.0,0.0,0.0,0.0,0.0,0.0,0.0,0.0,0.0,0.0,0.0,0.0,0.0,0.0,0.0,0.0,0.0,0.0,0.0,0.0,0.0,1440.0,1440.0,0.0,1440.0,1440.0,0.0,1440.0,1440.0,0.0,0.0,0.0,0.0
50,3.0,0.5,18,19,1.2,594.5244746138139,inf,-inf,594.5244746138139,1441440.0,-1440845.4755253862,1000.0,0.0,1.0,0.0,1.0,1.0,0.0,1.0,0.9798,0.0,0.9798,0.0,1000.0,0.0,1000.0,1000.0,1000.0,24.0,23.0,0.0,9.0,1020.58,31.19,0.0,540.0,0.0,0.0,0.0,0.0,1020.58,31.19,989.39,0.0,540.0,-540.0,1020.58,571.19,449.39,42524.23,61356.11,-18831.879999999997,0.9798,0.0,0.9798,0.9798,0.0,0.9798,561.524234577091,1440.0,-878.475765422909,585.5244746138139,1440.0,-854.4755253861861,591.5244746138139,1440.0,-848.4755253861861,1.0,0.0,1.0
50,3.0,0.5,19,20,1.2,594.5244746138139,696.0349748954934,-101.51050028167947,594.5244746138139,696.0349748954934,-101.51050028167947,1000.0,1000.0,1.0,1.0,0.0,1.0,1.0,0.0,0.9798,0.9479,0.03190000000000004,0.0,0.0,0.0,0.0,1000.0,1000.0,24.0,23.0,0.0,9.0,1020.58,31.19,0.0,540.0,0.0,483.8,0.0,483.8,1020.58,514.99,505.59000000000003,0.0,540.0,-540.0,1020.58,1054.99,-34.40999999999997,42524.23,82391.01,-39866.77999999999,0.9798,1.9418,-0.962,0.9798,0.9479,0.03190000000000004,561.524234577091,641.0349489585966,-79.51071438150564,585.5244746138139,681.5349748954935,-96.01050028167958,591.5244746138139,691.0349748954934,-99.51050028167947,1.0,1.0,0.0
50,3.0,1.0,0,1,1.2,595.3920021235192,696.0349748954934,-100.6429727719742,595.3920021235192,696.0349748954934,-100.6429727719742,1000.0,1000.0,1.0,1.0,0.0,1.0,1.0,0.0,0.9602,0.9479,0.012300000000000089,0.0,0.0,0.0,0.0,1000.0,1000.0,24.0,23.0,0.0,9.0,1041.4,31.19,0.0,540.0,0.0,483.8,0.0,483.8,1041.4,514.99,526.4100000000001,0.0,540.0,-540.0,1041.4,1054.99,-13.589999999999918,43391.72,82391.01,-38999.28999999999,0.9602,1.9418,-0.9815999999999999,0.9602,0.9479,0.012300000000000089,562.3917264781223,641.0349489585966,-78.64322248047426,586.3920021235192,681.5349748954935,-95.14297277197431,592.3920021235192,691.0349748954934,-98.6429727719742,1.0,1.0,0.0
50,3.0,1.0,1,2,1.2,595.5268298806967,inf,-inf,595.5268298806967,1441440.0,-1440844.4731701193,1000.0,0.0,1.0,0.0,1.0,1.0,0.0,1.0,0.9989,0.0,0.9989,0.0,1000.0,0.0,1000.0,1000.0,1000.0,23.0,23.0,0.0,9.0,1001.11,31.19,0.0,540.0,0.0,0.0,0.0,0.0,1001.11,31.19,969.92,0.0,540.0,-540.0,1001.11,571.19,429.91999999999996,43526.47,61356.11,-17829.64,0.9989,0.0,0.9989,0.9989,0.0,0.9989,562.5264747406088,1440.0,-877.4735252593912,586.8268298806968,1440.0,-853.1731701193032,592.5268298806967,1440.0,-847.4731701193033,1.0,0.0,1.0
50,3.0,1.0,2,3,1.2,594.5244746138139,700.9585883729338,-106.4341137591199,594.5244746138139,700.9585883729338,-106.4341137591199,1000.0,1000.0,1.0,1.0,0.0,1.0,1.0,0.0,0.9798,0.856,0.12380000000000002,0.0,0.0,0.0,0.0,1000.0,1000.0,24.0,23.0,0.0,9.0,1020.58,31.19,0.0,540.0,0.0,597.05,0.0,597.05,1020.58,628.24,392.34000000000003,0.0,540.0,-540.0,1020.58,1168.24,-147.65999999999997,42524.23,87314.6,-44790.37,0.9798,1.5918,-0.6120000000000001,0.9798,0.856,0.12380000000000002,561.524234577091,645.9585554191221,-84.43432084203118,585.5244746138139,686.458588372934,-100.93411375912001,591.5244746138139,695.9585883729338,-104.4341137591199,1.0,1.0,0.0
50,3.0,1.0,3,4,1.2,inf,inf,,1441440.0,1441440.0,0.0,0.0,0.0,0.0,0.0,0.0,0.0,0.0,0.0,0.0,0.0,0.0,1000.0,1000.0,1000.0,1000.0,1000.0,1000.0,0.0,0.0,0.0,0.0,0.0,0.0,0.0,0.0,0.0,0.0,0.0,0.0,0.0,0.0,0.0,0.0,0.0,0.0,0.0,0.0,0.0,0.0,0.0,0.0,0.0,0.0,0.0,0.0,0.0,0.0,1440.0,1440.0,0.0,1440.0,1440.0,0.0,1440.0,1440.0,0.0,0.0,0.0,0.0
50,3.0,1.0,4,5,1.2,594.9850827576796,696.1744686893275,-101.18938593164785,594.9850827576796,696.1744686893275,-101.18938593164785,1000.0,1000.0,1.0,1.0,0.0,1.0,1.0,0.0,0.9693,0.945,0.0243000000000001,0.0,0.0,0.0,0.0,1000.0,1000.0,24.0,23.0,0.0,9.0,1031.64,31.19,0.0,540.0,0.0,487.01,0.0,487.01,1031.64,518.2,513.44,0.0,540.0,-540.0,1031.64,1058.2,-26.559999999999945,42984.82,82530.5,-39545.68,0.9693,1.9298,-0.9604999999999999,0.9693,0.945,0.0243000000000001,561.9848300373077,641.1744410415415,-79.18961100423383,585.9850827576796,681.6744686893276,-95.68938593164796,591.9850827576796,691.1744686893275,-99.18938593164785,1.0,1.0,0.0
50,3.0,1.0,5,6,1.2,inf,inf,,1441440.0,1441440.0,0.0,0.0,0.0,0.0,0.0,0.0,0.0,0.0,0.0,0.0,0.0,0.0,1000.0,1000.0,1000.0,1000.0,1000.0,1000.0,0.0,23.0,0.0,9.0,0.0,31.19,0.0,540.0,0.0,0.0,0.0,0.0,0.0,31.19,-31.19,0.0,540.0,-540.0,0.0,571.19,-571.19,0.0,61356.11,-61356.11,0.0,0.0,0.0,0.0,0.0,0.0,1440.0,1440.0,0.0,1440.0,1440.0,0.0,1440.0,1440.0,0.0,0.0,0.0,0.0
50,3.0,1.0,6,7,1.2,594.9437233656265,700.2586599581538,-105.31493659252726,594.9437233656265,700.2586599581538,-105.31493659252726,1000.0,1000.0,1.0,1.0,0.0,1.0,1.0,0.0,0.9703,0.868,0.10230000000000006,0.0,0.0,0.0,0.0,1000.0,1000.0,24.0,23.0,0.0,9.0,1030.64,31.19,0.0,540.0,0.0,580.95,0.0,580.95,1030.64,612.14,418.5000000000001,0.0,540.0,-540.0,1030.64,1152.14,-121.5,42943.41,86614.68,-43671.26999999999,0.9703,1.6336,-0.6632999999999999,0.9703,0.868,0.10230000000000006,561.9434197920257,645.258627987424,-83.31520819539833,585.9437233656265,685.7586599581539,-99.81493659252737,591.9437233656265,695.2586599581538,-103.31493659252726,1.0,1.0,0.0
50,3.0,1.0,7,8,1.2,inf,inf,,1441440.0,1441440.0,0.0,0.0,0.0,0.0,0.0,0.0,0.0,0.0,0.0,0.0,0.0,0.0,1000.0,1000.0,1000.0,1000.0,1000.0,1000.0,0.0,23.0,0.0,9.0,0.0,31.19,0.0,540.0,0.0,0.0,0.0,0.0,0.0,31.19,-31.19,0.0,540.0,-540.0,0.0,571.19,-571.19,0.0,61356.11,-61356.11,0.0,0.0,0.0,0.0,0.0,0.0,1440.0,1440.0,0.0,1440.0,1440.0,0.0,1440.0,1440.0,0.0,0.0,0.0,0.0
50,3.0,1.0,8,9,1.2,596.0111587571164,696.0349748954934,-100.02381613837701,596.0111587571164,696.0349748954934,-100.02381613837701,1000.0,1000.0,1.0,1.0,0.0,1.0,1.0,0.0,0.9467,0.9479,-0.0011999999999999789,0.0,0.0,0.0,0.0,1000.0,1000.0,24.0,23.0,0.0,9.0,1056.26,31.19,0.0,540.0,0.0,483.8,0.0,483.8,1056.26,514.99,541.27,0.0,540.0,-540.0,1056.26,1054.99,1.2699999999999818,44010.87,82391.01,-38380.13999999999,0.9467,1.9418,-0.9951,0.9467,0.9479,-0.0011999999999999789,563.0108805992406,641.0349489585966,-78.02406835935597,587.0111587571164,681.5349748954935,-94.52381613837713,593.0111587571164,691.0349748954934,-98.02381613837701,1.0,1.0,0.0
50,3.0,1.0,9,10,1.2,inf,inf,,1441440.0,1441440.0,0.0,0.0,0.0,0.0,0.0,0.0,0.0,0.0,0.0,0.0,0.0,0.0,1000.0,1000.0,1000.0,1000.0,1000.0,1000.0,0.0,23.0,0.0,9.0,0.0,31.19,0.0,540.0,0.0,0.0,0.0,0.0,0.0,31.19,-31.19,0.0,540.0,-540.0,0.0,571.19,-571.19,0.0,61356.11,-61356.11,0.0,0.0,0.0,0.0,0.0,0.0,1440.0,1440.0,0.0,1440.0,1440.0,0.0,1440.0,1440.0,0.0,0.0,0.0,0.0
50,3.0,1.0,10,11,1.2,595.5492800733738,696.0349748954934,-100.48569482211963,595.5492800733738,696.0349748954934,-100.48569482211963,1000.0,1000.0,1.0,1.0,0.0,1.0,1.0,0.0,0.9984,0.9479,0.05049999999999999,0.0,0.0,0.0,0.0,1000.0,1000.0,23.0,23.0,0.0,9.0,1001.62,31.19,0.0,540.0,0.0,483.8,0.0,483.8,1001.62,514.99,486.63,0.0,540.0,-540.0,1001.62,1054.99,-53.370000000000005,43548.9,82391.01,-38842.10999999999,0.9984,1.9418,-0.9434,0.9984,0.9479,0.05049999999999999,562.5489002805878,641.0349489585966,-78.48604867800884,586.8492800733738,681.5349748954935,-94.68569482211967,592.5492800733738,691.0349748954934,-98.48569482211963,1.0,1.0,0.0
50,3.0,1.0,11,12,1.2,594.6754142743864,700.933978306757,-106.2585640323706,594.6754142743864,700.933978306757,-106.2585640323706,1000.0,1000.0,1.0,1.0,0.0,1.0,1.0,0.0,1.0188,0.8564,0.16239999999999988,0.0,0.0,0.0,0.0,1000.0,1000.0,23.0,23.0,0.0,9.0,981.53,31.19,0.0,540.0,0.0,596.48,0.0,596.48,981.53,627.67,353.86,0.0,540.0,-540.0,981.53,1167.67,-186.1400000000001,42675.13,87290.0,-44614.87,1.0188,1.5932,-0.5744,1.0188,0.8564,0.16239999999999988,561.6751282372506,645.9339464844287,-84.25881824717806,585.9754142743865,686.4339783067571,-100.45856403237065,591.6754142743864,695.933978306757,-104.2585640323706,1.0,1.0,0.0
50,3.0,1.0,12,13,1.2,inf,inf,,1441440.0,1441440.0,0.0,0.0,0.0,0.0,0.0,0.0,0.0,0.0,0.0,0.0,0.0,0.0,1000.0,1000.0,1000.0,1000.0,1000.0,1000.0,0.0,23.0,0.0,9.0,0.0,31.19,0.0,540.0,0.0,0.0,0.0,0.0,0.0,31.19,-31.19,0.0,540.0,-540.0,0.0,571.19,-571.19,0.0,61356.11,-61356.11,0.0,0.0,0.0,0.0,0.0,0.0,1440.0,1440.0,0.0,1440.0,1440.0,0.0,1440.0,1440.0,0.0,0.0,0.0,0.0
50,3.0,1.0,13,14,1.2,594.5244746138139,inf,-inf,594.5244746138139,1441440.0,-1440845.4755253862,1000.0,0.0,1.0,0.0,1.0,1.0,0.0,1.0,0.9798,0.0,0.9798,0.0,1000.0,0.0,1000.0,1000.0,1000.0,24.0,23.0,0.0,9.0,1020.58,31.19,0.0,540.0,0.0,0.0,0.0,0.0,1020.58,31.19,989.39,0.0,540.0,-540.0,1020.58,571.19,449.39,42524.23,61356.11,-18831.879999999997,0.9798,0.0,0.9798,0.9798,0.0,0.9798,561.524234577091,1440.0,-878.475765422909,585.5244746138139,1440.0,-854.4755253861861,591.5244746138139,1440.0,-848.4755253861861,1.0,0.0,1.0
50,3.0,1.0,14,15,1.2,598.0501219373559,696.0349748954934,-97.98485295813748,598.0501219373559,696.0349748954934,-97.98485295813748,1000.0,1000.0,1.0,1.0,0.0,1.0,1.0,0.0,0.9442,0.9479,-0.0036999999999999256,0.0,0.0,0.0,0.0,1000.0,1000.0,23.0,23.0,0.0,9.0,1059.15,31.19,0.0,540.0,0.0,483.8,0.0,483.8,1059.15,514.99,544.1600000000001,0.0,540.0,-540.0,1059.15,1054.99,4.160000000000082,46049.78,82391.01,-36341.229999999996,0.9442,1.9418,-0.9975999999999999,0.9442,0.9479,-0.0036999999999999256,565.0497841901513,641.0349489585966,-75.98516476844532,589.350121937356,681.5349748954935,-92.18485295813753,595.0501219373559,691.0349748954934,-95.98485295813748,1.0,1.0,0.0
50,3.0,1.0,15,16,1.2,594.5244746138139,696.0349748954934,-101.51050028167947,594.5244746138139,696.0349748954934,-101.51050028167947,1000.0,1000.0,1.0,1.0,0.0,1.0,1.0,0.0,0.9798,0.9479,0.03190000000000004,0.0,0.0,0.0,0.0,1000.0,1000.0,24.0,23.0,0.0,9.0,1020.58,31.19,0.0,540.0,0.0,483.8,0.0,483.8,1020.58,514.99,505.59000000000003,0.0,540.0,-540.0,1020.58,1054.99,-34.40999999999997,42524.23,82391.01,-39866.77999999999,0.9798,1.9418,-0.962,0.9798,0.9479,0.03190000000000004,561.524234577091,641.0349489585966,-79.51071438150564,585.5244746138139,681.5349748954935,-96.01050028167958,591.5244746138139,691.0349748954934,-99.51050028167947,1.0,1.0,0.0
50,3.0,1.0,16,17,1.2,594.5244746138139,696.0349771303399,-101.510502516526,594.5244746138139,696.0349771303399,-101.510502516526,1000.0,1000.0,1.0,1.0,0.0,1.0,1.0,0.0,1.0224,0.9479,0.07450000000000001,0.0,0.0,0.0,0.0,1000.0,1000.0,23.0,23.0,0.0,9.0,978.06,31.19,0.0,540.0,0.0,483.8,0.0,483.8,978.06,514.99,463.06999999999994,0.0,540.0,-540.0,978.06,1054.99,-76.93000000000006,42524.2,82391.01,-39866.81,1.0224,1.9418,-0.9194,1.0224,0.9479,0.07450000000000001,561.5242037255962,641.0349516079461,-79.51074788234996,585.824474613814,681.53497713034,-95.71050251652605,591.5244746138139,691.0349771303399,-99.510502516526,1.0,1.0,0.0
50,3.0,1.0,17,18,1.2,inf,inf,,1441440.0,1441440.0,0.0,0.0,0.0,0.0,0.0,0.0,0.0,0.0,0.0,0.0,0.0,0.0,1000.0,1000.0,1000.0,1000.0,1000.0,1000.0,0.0,0.0,0.0,0.0,0.0,0.0,0.0,0.0,0.0,0.0,0.0,0.0,0.0,0.0,0.0,0.0,0.0,0.0,0.0,0.0,0.0,0.0,0.0,0.0,0.0,0.0,0.0,0.0,0.0,0.0,1440.0,1440.0,0.0,1440.0,1440.0,0.0,1440.0,1440.0,0.0,0.0,0.0,0.0
50,3.0,1.0,18,19,1.2,595.4238794864369,inf,-inf,595.4238794864369,1441440.0,-1440844.5761205135,1000.0,0.0,1.0,0.0,1.0,1.0,0.0,1.0,0.9595,0.0,0.9595,0.0,1000.0,0.0,1000.0,1000.0,1000.0,24.0,23.0,0.0,9.0,1042.17,31.19,0.0,540.0,0.0,0.0,0.0,0.0,1042.17,31.19,1010.98,0.0,540.0,-540.0,1042.17,571.19,470.98,43423.62,61356.11,-17932.489999999998,0.9595,0.0,0.9595,0.9595,0.0,0.9595,562.423626997761,1440.0,-877.576373002239,586.4238794864369,1440.0,-853.5761205135631,592.4238794864369,1440.0,-847.5761205135631,1.0,0.0,1.0
50,3.0,1.0,19,20,1.2,596.1046594755452,696.0349748954934,-99.93031541994822,596.1046594755452,696.0349748954934,-99.93031541994822,1000.0,1000.0,1.0,1.0,0.0,1.0,1.0,0.0,0.9447,0.9479,-0.0031999999999999806,0.0,0.0,0.0,0.0,1000.0,1000.0,24.0,23.0,0.0,9.0,1058.5,31.19,0.0,540.0,0.0,483.8,0.0,483.8,1058.5,514.99,543.51,0.0,540.0,-540.0,1058.5,1054.99,3.509999999999991,44104.33,82391.01,-38286.67999999999,0.9447,1.9418,-0.9971,0.9447,0.9479,-0.0031999999999999806,563.1043419310477,641.0349489585966,-77.93060702754894,587.1046594755452,681.5349748954935,-94.43031541994833,593.1046594755452,691.0349748954934,-97.93031541994822,1.0,1.0,0.0
50,3.0,2.0,0,1,1.2,inf,inf,,1441440.0,1441440.0,0.0,0.0,0.0,0.0,0.0,0.0,0.0,0.0,0.0,0.0,0.0,0.0,1000.0,1000.0,1000.0,1000.0,1000.0,1000.0,0.0,0.0,0.0,0.0,0.0,0.0,0.0,0.0,0.0,0.0,0.0,0.0,0.0,0.0,0.0,0.0,0.0,0.0,0.0,0.0,0.0,0.0,0.0,0.0,0.0,0.0,0.0,0.0,0.0,0.0,1440.0,1440.0,0.0,1440.0,1440.0,0.0,1440.0,1440.0,0.0,0.0,0.0,0.0
50,3.0,2.0,1,2,1.2,inf,inf,,1441440.0,1441440.0,0.0,0.0,0.0,0.0,0.0,0.0,0.0,0.0,0.0,0.0,0.0,0.0,1000.0,1000.0,1000.0,1000.0,1000.0,1000.0,0.0,23.0,0.0,9.0,0.0,31.19,0.0,540.0,0.0,0.0,0.0,0.0,0.0,31.19,-31.19,0.0,540.0,-540.0,0.0,571.19,-571.19,0.0,61356.11,-61356.11,0.0,0.0,0.0,0.0,0.0,0.0,1440.0,1440.0,0.0,1440.0,1440.0,0.0,1440.0,1440.0,0.0,0.0,0.0,0.0
50,3.0,2.0,2,3,1.2,596.1786715710247,705.9585883729338,-109.77991680190917,596.1786715710247,705.9585883729338,-109.77991680190917,1000.0,1000.0,1.0,1.0,0.0,1.0,1.0,0.0,0.9431,0.813,0.1301000000000001,0.0,0.0,0.0,0.0,1000.0,1000.0,24.0,23.0,0.0,8.0,1060.28,152.91,0.0,480.0,0.0,597.05,0.0,597.05,1060.28,749.95,310.3299999999999,0.0,480.0,-480.0,1060.28,1229.95,-169.67000000000007,44178.39,92606.6,-48428.21000000001,0.9431,1.3334,-0.39029999999999987,0.9431,0.813,0.1301000000000001,563.1783954892782,650.9585883729338,-87.78019288365567,587.1786715710247,691.458588372934,-104.27991680190928,593.1786715710247,700.9585883729338,-107.77991680190917,1.0,1.0,0.0
50,3.0,2.0,3,4,1.2,inf,inf,,1441440.0,1441440.0,0.0,0.0,0.0,0.0,0.0,0.0,0.0,0.0,0.0,0.0,0.0,0.0,1000.0,1000.0,1000.0,1000.0,1000.0,1000.0,0.0,0.0,0.0,0.0,0.0,0.0,0.0,0.0,0.0,0.0,0.0,0.0,0.0,0.0,0.0,0.0,0.0,0.0,0.0,0.0,0.0,0.0,0.0,0.0,0.0,0.0,0.0,0.0,0.0,0.0,1440.0,1440.0,0.0,1440.0,1440.0,0.0,1440.0,1440.0,0.0,0.0,0.0,0.0
50,3.0,2.0,4,5,1.2,597.2014925105849,inf,-inf,597.2014925105849,1441440.0,-1440842.7985074895,1000.0,0.0,1.0,0.0,1.0,1.0,0.0,1.0,0.9218,0.0,0.9218,0.0,1000.0,0.0,1000.0,1000.0,1000.0,24.0,23.0,0.0,9.0,1084.83,31.19,0.0,540.0,0.0,0.0,0.0,0.0,1084.83,31.19,1053.6399999999999,0.0,540.0,-540.0,1084.83,571.19,513.6399999999999,45201.14,61356.11,-16154.970000000001,0.9218,0.0,0.9218,0.9218,0.0,0.9218,564.2011519464473,1440.0,-875.7988480535527,588.2014925105849,1440.0,-851.7985074894151,594.2014925105849,1440.0,-845.7985074894151,1.0,0.0,1.0
50,3.0,2.0,5,6,1.2,inf,inf,,1441440.0,1441440.0,0.0,0.0,0.0,0.0,0.0,0.0,0.0,0.0,0.0,0.0,0.0,0.0,1000.0,1000.0,1000.0,1000.0,1000.0,1000.0,0.0,23.0,0.0,9.0,0.0,31.19,0.0,540.0,0.0,0.0,0.0,0.0,0.0,31.19,-31.19,0.0,540.0,-540.0,0.0,571.19,-571.19,0.0,61356.11,-61356.11,0.0,0.0,0.0,0.0,0.0,0.0,1440.0,1440.0,0.0,1440.0,1440.0,0.0,1440.0,1440.0,0.0,0.0,0.0,0.0
50,3.0,2.0,6,7,1.2,inf,inf,,1441440.0,1441440.0,0.0,0.0,0.0,0.0,0.0,0.0,0.0,0.0,0.0,0.0,0.0,0.0,1000.0,1000.0,1000.0,1000.0,1000.0,1000.0,0.0,0.0,0.0,0.0,0.0,0.0,0.0,0.0,0.0,0.0,0.0,0.0,0.0,0.0,0.0,0.0,0.0,0.0,0.0,0.0,0.0,0.0,0.0,0.0,0.0,0.0,0.0,0.0,0.0,0.0,1440.0,1440.0,0.0,1440.0,1440.0,0.0,1440.0,1440.0,0.0,0.0,0.0,0.0
50,3.0,2.0,7,8,1.2,inf,inf,,1441440.0,1441440.0,0.0,0.0,0.0,0.0,0.0,0.0,0.0,0.0,0.0,0.0,0.0,0.0,1000.0,1000.0,1000.0,1000.0,1000.0,1000.0,0.0,23.0,0.0,9.0,0.0,31.19,0.0,540.0,0.0,0.0,0.0,0.0,0.0,31.19,-31.19,0.0,540.0,-540.0,0.0,571.19,-571.19,0.0,61356.11,-61356.11,0.0,0.0,0.0,0.0,0.0,0.0,1440.0,1440.0,0.0,1440.0,1440.0,0.0,1440.0,1440.0,0.0,0.0,0.0,0.0
50,3.0,2.0,8,9,1.2,598.0503096643172,inf,-inf,598.0503096643172,1441440.0,-1440841.9496903357,1000.0,0.0,1.0,0.0,1.0,1.0,0.0,1.0,0.9048,0.0,0.9048,0.0,1000.0,0.0,1000.0,1000.0,1000.0,24.0,23.0,0.0,8.0,1105.2,166.91,0.0,480.0,0.0,0.0,0.0,0.0,1105.2,166.91,938.2900000000001,0.0,480.0,-480.0,1105.2,646.91,458.2900000000001,46049.95,67256.94,-21206.990000000005,0.9048,0.0,0.9048,0.9048,0.0,0.9048,565.0499648421251,1440.0,-874.9500351578749,589.0503096643172,1440.0,-850.9496903356828,595.0503096643172,1440.0,-844.9496903356828,1.0,0.0,1.0
50,3.0,2.0,9,10,1.2,inf,inf,,1441440.0,1441440.0,0.0,0.0,0.0,0.0,0.0,0.0,0.0,0.0,0.0,0.0,0.0,0.0,1000.0,1000.0,1000.0,1000.0,1000.0,1000.0,0.0,23.0,0.0,9.0,0.0,31.19,0.0,540.0,0.0,0.0,0.0,0.0,0.0,31.19,-31.19,0.0,540.0,-540.0,0.0,571.19,-571.19,0.0,61356.11,-61356.11,0.0,0.0,0.0,0.0,0.0,0.0,1440.0,1440.0,0.0,1440.0,1440.0,0.0,1440.0,1440.0,0.0,0.0,0.0,0.0
50,3.0,2.0,10,11,1.2,596.6902158714641,inf,-inf,596.6902158714641,1441440.0,-1440843.3097841286,1000.0,0.0,1.0,0.0,1.0,1.0,0.0,1.0,0.9729,0.0,0.9729,0.0,1000.0,0.0,1000.0,1000.0,1000.0,23.0,23.0,0.0,9.0,1027.87,31.19,0.0,540.0,0.0,0.0,0.0,0.0,1027.87,31.19,996.6799999999998,0.0,540.0,-540.0,1027.87,571.19,456.67999999999984,44689.88,61356.11,-16666.230000000003,0.9729,0.0,0.9729,0.9729,0.0,0.9729,563.6898844483829,1440.0,-876.3101155516171,587.9902158714642,1440.0,-852.0097841285358,593.6902158714641,1440.0,-846.3097841285359,1.0,0.0,1.0
50,3.0,2.0,11,12,1.2,595.9813657992175,700.9585883729338,-104.97722257371629,595.9813657992175,700.9585883729338,-104.97722257371629,1000.0,1000.0,1.0,1.0,0.0,1.0,1.0,0.0,0.9886,0.856,0.13260000000000005,0.0,0.0,0.0,0.0,1000.0,1000.0,23.0,23.0,0.0,9.0,1011.57,31.19,0.0,540.0,0.0,597.05,0.0,597.05,1011.57,628.24,383.33000000000004,0.0,540.0,-540.0,1011.57,1168.24,-156.66999999999996,43981.09,87314.6,-43333.51000000001,0.9886,1.5918,-0.6032000000000001,0.9886,0.856,0.13260000000000005,562.9810911311428,645.9585554191221,-82.97746428797939,587.2813657992176,686.458588372934,-99.17722257371634,592.9813657992175,695.9585883729338,-102.97722257371629,1.0,1.0,0.0
50,3.0,2.0,12,13,1.2,inf,inf,,1441440.0,1441440.0,0.0,0.0,0.0,0.0,0.0,0.0,0.0,0.0,0.0,0.0,0.0,0.0,1000.0,1000.0,1000.0,1000.0,1000.0,1000.0,0.0,23.0,0.0,9.0,0.0,31.19,0.0,540.0,0.0,0.0,0.0,0.0,0.0,31.19,-31.19,0.0,540.0,-540.0,0.0,571.19,-571.19,0.0,61356.11,-61356.11,0.0,0.0,0.0,0.0,0.0,0.0,1440.0,1440.0,0.0,1440.0,1440.0,0.0,1440.0,1440.0,0.0,0.0,0.0,0.0
50,3.0,2.0,13,14,1.2,598.4893105361976,inf,-inf,598.4893105361976,1441440.0,-1440841.5106894637,1000.0,0.0,1.0,0.0,1.0,1.0,0.0,1.0,0.8963,0.0,0.8963,0.0,1000.0,0.0,1000.0,1000.0,1000.0,24.0,23.0,0.0,9.0,1115.74,31.19,0.0,540.0,0.0,0.0,0.0,0.0,1115.74,31.19,1084.55,0.0,540.0,-540.0,1115.74,571.19,544.55,46489.03,61356.11,-14867.080000000002,0.8963,0.0,0.8963,0.8963,0.0,0.8963,565.4890399343255,1440.0,-874.5109600656745,589.4893105361976,1440.0,-850.5106894638024,595.4893105361976,1440.0,-844.5106894638024,1.0,0.0,1.0
50,3.0,2.0,14,15,1.2,inf,inf,,1441440.0,1441440.0,0.0,0.0,0.0,0.0,0.0,0.0,0.0,0.0,0.0,0.0,0.0,0.0,1000.0,1000.0,1000.0,1000.0,1000.0,1000.0,0.0,0.0,0.0,0.0,0.0,0.0,0.0,0.0,0.0,0.0,0.0,0.0,0.0,0.0,0.0,0.0,0.0,0.0,0.0,0.0,0.0,0.0,0.0,0.0,0.0,0.0,0.0,0.0,0.0,0.0,1440.0,1440.0,0.0,1440.0,1440.0,0.0,1440.0,1440.0,0.0,0.0,0.0,0.0
50,3.0,2.0,15,16,1.2,595.9368658374839,inf,-inf,595.9368658374839,1441440.0,-1440844.0631341625,1000.0,0.0,1.0,0.0,1.0,1.0,0.0,1.0,0.9483,0.0,0.9483,0.0,1000.0,0.0,1000.0,1000.0,1000.0,24.0,23.0,0.0,9.0,1054.48,31.19,0.0,540.0,0.0,0.0,0.0,0.0,1054.48,31.19,1023.29,0.0,540.0,-540.0,1054.48,571.19,483.28999999999996,43936.6,61356.11,-17419.510000000002,0.9483,0.0,0.9483,0.9483,0.0,0.9483,562.9366126091626,1440.0,-877.0633873908374,586.9368658374839,1440.0,-853.0631341625161,592.9368658374839,1440.0,-847.0631341625161,1.0,0.0,1.0
50,3.0,2.0,16,17,1.2,594.5244746138139,inf,-inf,594.5244746138139,1441440.0,-1440845.4755253862,1000.0,0.0,1.0,0.0,1.0,1.0,0.0,1.0,1.0224,0.0,1.0224,0.0,1000.0,0.0,1000.0,1000.0,1000.0,23.0,23.0,0.0,9.0,978.06,31.19,0.0,540.0,0.0,0.0,0.0,0.0,978.06,31.19,946.8699999999999,0.0,540.0,-540.0,978.06,571.19,406.8699999999999,42524.2,61356.11,-18831.910000000003,1.0224,0.0,1.0224,1.0224,0.0,1.0224,561.5242037255962,1440.0,-878.4757962744038,585.824474613814,1440.0,-854.175525386186,591.5244746138139,1440.0,-848.4755253861861,1.0,0.0,1.0
50,3.0,2.0,17,18,1.2,inf,inf,,1441440.0,1441440.0,0.0,0.0,0.0,0.0,0.0,0.0,0.0,0.0,0.0,0.0,0.0,0.0,1000.0,1000.0,1000.0,1000.0,1000.0,1000.0,0.0,0.0,0.0,0.0,0.0,0.0,0.0,0.0,0.0,0.0,0.0,0.0,0.0,0.0,0.0,0.0,0.0,0.0,0.0,0.0,0.0,0.0,0.0,0.0,0.0,0.0,0.0,0.0,0.0,0.0,1440.0,1440.0,0.0,1440.0,1440.0,0.0,1440.0,1440.0,0.0,0.0,0.0,0.0
50,3.0,2.0,18,19,1.2,596.8377840327693,inf,-inf,596.8377840327693,1441440.0,-1440843.1622159672,1000.0,0.0,1.0,0.0,1.0,1.0,0.0,1.0,0.9293,0.0,0.9293,0.0,1000.0,0.0,1000.0,1000.0,1000.0,24.0,23.0,0.0,9.0,1076.1,31.19,0.0,540.0,0.0,0.0,0.0,0.0,1076.1,31.19,1044.9099999999999,0.0,540.0,-540.0,1076.1,571.19,504.90999999999985,44837.52,61356.11,-16518.590000000004,0.9293,0.0,0.9293,0.9293,0.0,0.9293,563.8375256418606,1440.0,-876.1624743581394,587.8377840327693,1440.0,-852.1622159672307,593.8377840327693,1440.0,-846.1622159672307,1.0,0.0,1.0
50,3.0,2.0,19,20,1.2,601.8296291464216,inf,-inf,601.8296291464216,1441440.0,-1440838.1703708535,1000.0,0.0,1.0,0.0,1.0,1.0,0.0,1.0,0.8362,0.0,0.8362,0.0,1000.0,0.0,1000.0,1000.0,1000.0,24.0,23.0,0.0,9.0,1195.9,31.19,0.0,540.0,0.0,0.0,0.0,0.0,1195.9,31.19,1164.71,0.0,540.0,-540.0,1195.9,571.19,624.71,49829.23,61356.11,-11526.879999999997,0.8362,0.0,0.8362,0.8362,0.0,0.8362,568.8292399029035,1440.0,-871.1707600970965,592.8296291464216,1440.0,-847.1703708535784,598.8296291464216,1440.0,-841.1703708535784,1.0,0.0,1.0
50,5.0,0.5,0,1,1.2,637.9433807742483,696.0349748954934,-58.091594121245066,637.9433807742483,696.0349748954934,-58.091594121245066,1000.0,1000.0,1.0,1.0,0.0,1.0,1.0,0.0,1.0125,0.9479,0.06459999999999999,0.0,0.0,0.0,0.0,1000.0,1000.0,23.0,23.0,0.0,9.0,987.7,31.19,0.0,540.0,0.0,483.8,0.0,483.8,987.7,514.99,472.71000000000004,0.0,540.0,-540.0,987.7,1054.99,-67.28999999999996,42943.28,82391.01,-39447.729999999996,1.0125,1.9418,-0.9293,1.0125,0.9479,0.06459999999999999,582.9433807742483,641.0349489585966,-58.09156818434826,623.4433807742485,681.5349748954935,-58.091594121245066,632.9433807742483,691.0349748954934,-58.091594121245066,1.0,1.0,0.0
50,5.0,0.5,1,2,1.2,637.8755607761644,696.0349748954934,-58.15941411932897,637.8755607761644,696.0349748954934,-58.15941411932897,1000.0,1000.0,1.0,1.0,0.0,1.0,1.0,0.0,1.0141,0.9479,0.06620000000000004,0.0,0.0,0.0,0.0,1000.0,1000.0,23.0,23.0,0.0,9.0,986.14,31.19,0.0,540.0,0.0,483.8,0.0,483.8,986.14,514.99,471.15,0.0,540.0,-540.0,986.14,1054.99,-68.85000000000002,42875.48,82391.01,-39515.52999999999,1.0141,1.9418,-0.9277,1.0141,0.9479,0.06620000000000004,582.8755607761644,641.0349489585966,-58.15938818243217,623.3755607761645,681.5349748954935,-58.15941411932897,632.8755607761644,691.0349748954934,-58.15941411932897,1.0,1.0,0.0
50,5.0,0.5,2,3,1.2,637.5242037255962,700.9585883729338,-63.43438464733765,637.5242037255962,700.9585883729338,-63.43438464733765,1000.0,1000.0,1.0,1.0,0.0,1.0,1.0,0.0,1.0224,0.856,0.1664,0.0,0.0,0.0,0.0,1000.0,1000.0,23.0,23.0,0.0,9.0,978.05,31.19,0.0,540.0,0.0,597.05,0.0,597.05,978.05,628.24,349.80999999999995,0.0,540.0,-540.0,978.05,1168.24,-190.19000000000005,42524.12,87314.6,-44790.48,1.0224,1.5918,-0.5694000000000001,1.0224,0.856,0.1664,582.5242037255962,645.9585554191221,-63.43435169352597,623.0242037255963,686.458588372934,-63.43438464733765,632.5242037255962,695.9585883729338,-63.43438464733765,1.0,1.0,0.0
50,5.0,0.5,3,4,1.2,inf,inf,,1441440.0,1441440.0,0.0,0.0,0.0,0.0,0.0,0.0,0.0,0.0,0.0,0.0,0.0,0.0,1000.0,1000.0,1000.0,1000.0,1000.0,1000.0,0.0,0.0,0.0,0.0,0.0,0.0,0.0,0.0,0.0,0.0,0.0,0.0,0.0,0.0,0.0,0.0,0.0,0.0,0.0,0.0,0.0,0.0,0.0,0.0,0.0,0.0,0.0,0.0,0.0,0.0,1440.0,1440.0,0.0,1440.0,1440.0,0.0,1440.0,1440.0,0.0,0.0,0.0,0.0
50,5.0,0.5,4,5,1.2,637.9847975556058,696.0349748954934,-58.05017733988757,637.9847975556058,696.0349748954934,-58.05017733988757,1000.0,1000.0,1.0,1.0,0.0,1.0,1.0,0.0,1.0115,0.9479,0.0636000000000001,0.0,0.0,0.0,0.0,1000.0,1000.0,23.0,23.0,0.0,9.0,988.65,31.19,0.0,540.0,0.0,483.8,0.0,483.8,988.65,514.99,473.65999999999997,0.0,540.0,-540.0,988.65,1054.99,-66.34000000000003,42984.71,82391.01,-39406.299999999996,1.0115,1.9418,-0.9302999999999999,1.0115,0.9479,0.0636000000000001,582.9847975556058,641.0349489585966,-58.050151402990764,623.484797555606,681.5349748954935,-58.05017733988757,632.9847975556058,691.0349748954934,-58.05017733988757,1.0,1.0,0.0
50,5.0,0.5,5,6,1.2,inf,inf,,1441440.0,1441440.0,0.0,0.0,0.0,0.0,0.0,0.0,0.0,0.0,0.0,0.0,0.0,0.0,1000.0,1000.0,1000.0,1000.0,1000.0,1000.0,0.0,23.0,0.0,9.0,0.0,31.19,0.0,540.0,0.0,0.0,0.0,0.0,0.0,31.19,-31.19,0.0,540.0,-540.0,0.0,571.19,-571.19,0.0,61356.11,-61356.11,0.0,0.0,0.0,0.0,0.0,0.0,1440.0,1440.0,0.0,1440.0,1440.0,0.0,1440.0,1440.0,0.0,0.0,0.0,0.0
50,5.0,0.5,6,7,1.2,637.5242037255962,700.2586599581538,-62.73445623255759,637.5242037255962,700.2586599581538,-62.73445623255759,1000.0,1000.0,1.0,1.0,0.0,1.0,1.0,0.0,1.0224,0.868,0.15439999999999998,0.0,0.0,0.0,0.0,1000.0,1000.0,23.0,23.0,0.0,9.0,978.05,31.19,0.0,540.0,0.0,580.95,0.0,580.95,978.05,612.14,365.90999999999997,0.0,540.0,-540.0,978.05,1152.14,-174.09000000000015,42524.12,86614.68,-44090.55999999999,1.0224,1.6336,-0.6112,1.0224,0.868,0.15439999999999998,582.5242037255962,645.258627987424,-62.734424261827826,623.0242037255963,685.7586599581539,-62.73445623255759,632.5242037255962,695.2586599581538,-62.73445623255759,1.0,1.0,0.0
50,5.0,0.5,7,8,1.2,inf,inf,,1441440.0,1441440.0,0.0,0.0,0.0,0.0,0.0,0.0,0.0,0.0,0.0,0.0,0.0,0.0,1000.0,1000.0,1000.0,1000.0,1000.0,1000.0,0.0,23.0,0.0,9.0,0.0,31.19,0.0,540.0,0.0,0.0,0.0,0.0,0.0,31.19,-31.19,0.0,540.0,-540.0,0.0,571.19,-571.19,0.0,61356.11,-61356.11,0.0,0.0,0.0,0.0,0.0,0.0,1440.0,1440.0,0.0,1440.0,1440.0,0.0,1440.0,1440.0,0.0,0.0,0.0,0.0
50,5.0,0.5,8,9,1.2,637.5242037255962,696.0349748954934,-58.510771169897225,637.5242037255962,696.0349748954934,-58.510771169897225,1000.0,1000.0,1.0,1.0,0.0,1.0,1.0,0.0,1.0224,0.9479,0.07450000000000001,0.0,0.0,0.0,0.0,1000.0,1000.0,23.0,23.0,0.0,9.0,978.05,31.19,0.0,540.0,0.0,483.8,0.0,483.8,978.05,514.99,463.05999999999995,0.0,540.0,-540.0,978.05,1054.99,-76.94000000000005,42524.12,82391.01,-39866.88999999999,1.0224,1.9418,-0.9194,1.0224,0.9479,0.07450000000000001,582.5242037255962,641.0349489585966,-58.51074523300042,623.0242037255963,681.5349748954935,-58.510771169897225,632.5242037255962,691.0349748954934,-58.510771169897225,1.0,1.0,0.0
50,5.0,0.5,9,10,1.2,637.5242037255962,696.0349748954934,-58.510771169897225,637.5242037255962,696.0349748954934,-58.510771169897225,1000.0,1000.0,1.0,1.0,0.0,1.0,1.0,0.0,1.0224,0.9479,0.07450000000000001,0.0,0.0,0.0,0.0,1000.0,1000.0,23.0,23.0,0.0,9.0,978.05,31.19,0.0,540.0,0.0,483.8,0.0,483.8,978.05,514.99,463.05999999999995,0.0,540.0,-540.0,978.05,1054.99,-76.94000000000005,42524.12,82391.01,-39866.88999999999,1.0224,1.9418,-0.9194,1.0224,0.9479,0.07450000000000001,582.5242037255962,641.0349489585966,-58.51074523300042,623.0242037255963,681.5349748954935,-58.510771169897225,632.5242037255962,691.0349748954934,-58.510771169897225,1.0,1.0,0.0
50,5.0,0.5,10,11,1.2,638.5489002805878,696.0349748954934,-57.48607461490565,638.5489002805878,696.0349748954934,-57.48607461490565,1000.0,1000.0,1.0,1.0,0.0,1.0,1.0,0.0,0.9984,0.9479,0.05049999999999999,0.0,0.0,0.0,0.0,1000.0,1000.0,23.0,23.0,0.0,9.0,1001.62,31.19,0.0,540.0,0.0,483.8,0.0,483.8,1001.62,514.99,486.63,0.0,540.0,-540.0,1001.62,1054.99,-53.370000000000005,43548.79,82391.01,-38842.219999999994,0.9984,1.9418,-0.9434,0.9984,0.9479,0.05049999999999999,583.5489002805878,641.0349489585966,-57.48604867800884,624.0489002805879,681.5349748954935,-57.48607461490565,633.5489002805878,691.0349748954934,-57.48607461490565,1.0,1.0,0.0
50,5.0,0.5,11,12,1.2,637.5242037255962,700.933978306757,-63.40977458116083,637.5242037255962,700.933978306757,-63.40977458116083,1000.0,1000.0,1.0,1.0,0.0,1.0,1.0,0.0,1.0224,0.8564,0.16599999999999993,0.0,0.0,0.0,0.0,1000.0,1000.0,23.0,23.0,0.0,9.0,978.05,31.19,0.0,540.0,0.0,596.48,0.0,596.48,978.05,627.67,350.38,0.0,540.0,-540.0,978.05,1167.67,-189.62000000000012,42524.12,87290.0,-44765.88,1.0224,1.5932,-0.5708,1.0224,0.8564,0.16599999999999993,582.5242037255962,645.9339464844287,-63.40974275883252,623.0242037255963,686.4339783067571,-63.40977458116083,632.5242037255962,695.933978306757,-63.40977458116083,1.0,1.0,0.0
50,5.0,0.5,12,13,1.2,637.9433807742483,696.0349748954934,-58.091594121245066,637.9433807742483,696.0349748954934,-58.091594121245066,1000.0,1000.0,1.0,1.0,0.0,1.0,1.0,0.0,1.0125,0.9479,0.06459999999999999,0.0,0.0,0.0,0.0,1000.0,1000.0,23.0,23.0,0.0,9.0,987.7,31.19,0.0,540.0,0.0,483.8,0.0,483.8,987.7,514.99,472.71000000000004,0.0,540.0,-540.0,987.7,1054.99,-67.28999999999996,42943.28,82391.01,-39447.729999999996,1.0125,1.9418,-0.9293,1.0125,0.9479,0.06459999999999999,582.9433807742483,641.0349489585966,-58.09156818434826,623.4433807742485,681.5349748954935,-58.091594121245066,632.9433807742483,691.0349748954934,-58.091594121245066,1.0,1.0,0.0
50,5.0,0.5,13,14,1.2,637.5242037255962,696.0349748954934,-58.510771169897225,637.5242037255962,696.0349748954934,-58.510771169897225,1000.0,1000.0,1.0,1.0,0.0,1.0,1.0,0.0,1.0224,0.9479,0.07450000000000001,0.0,0.0,0.0,0.0,1000.0,1000.0,23.0,23.0,0.0,9.0,978.05,31.19,0.0,540.0,0.0,483.8,0.0,483.8,978.05,514.99,463.05999999999995,0.0,540.0,-540.0,978.05,1054.99,-76.94000000000005,42524.12,82391.01,-39866.88999999999,1.0224,1.9418,-0.9194,1.0224,0.9479,0.07450000000000001,582.5242037255962,641.0349489585966,-58.51074523300042,623.0242037255963,681.5349748954935,-58.510771169897225,632.5242037255962,691.0349748954934,-58.510771169897225,1.0,1.0,0.0
50,5.0,0.5,14,15,1.2,641.0497841901513,696.0349748954934,-54.98519070534212,641.0497841901513,696.0349748954934,-54.98519070534212,1000.0,1000.0,1.0,1.0,0.0,1.0,1.0,0.0,0.9442,0.9479,-0.0036999999999999256,0.0,0.0,0.0,0.0,1000.0,1000.0,23.0,23.0,0.0,9.0,1059.14,31.19,0.0,540.0,0.0,483.8,0.0,483.8,1059.14,514.99,544.1500000000001,0.0,540.0,-540.0,1059.14,1054.99,4.150000000000091,46049.68,82391.01,-36341.329999999994,0.9442,1.9418,-0.9975999999999999,0.9442,0.9479,-0.0036999999999999256,586.0497841901513,641.0349489585966,-54.985164768445316,626.5497841901514,681.5349748954935,-54.98519070534212,636.0497841901513,691.0349748954934,-54.98519070534212,1.0,1.0,0.0
50,5.0,0.5,15,16,1.2,637.5242037255962,696.0349748954934,-58.510771169897225,637.5242037255962,696.0349748954934,-58.510771169897225,1000.0,1000.0,1.0,1.0,0.0,1.0,1.0,0.0,1.0224,0.9479,0.07450000000000001,0.0,0.0,0.0,0.0,1000.0,1000.0,23.0,23.0,0.0,9.0,978.05,31.19,0.0,540.0,0.0,483.8,0.0,483.8,978.05,514.99,463.05999999999995,0.0,540.0,-540.0,978.05,1054.99,-76.94000000000005,42524.12,82391.01,-39866.88999999999,1.0224,1.9418,-0.9194,1.0224,0.9479,0.07450000000000001,582.5242037255962,641.0349489585966,-58.51074523300042,623.0242037255963,681.5349748954935,-58.510771169897225,632.5242037255962,691.0349748954934,-58.510771169897225,1.0,1.0,0.0
50,5.0,0.5,16,17,1.2,637.5242037255962,696.0349771303399,-58.51077340474376,637.5242037255962,696.0349771303399,-58.51077340474376,1000.0,1000.0,1.0,1.0,0.0,1.0,1.0,0.0,1.0224,0.9479,0.07450000000000001,0.0,0.0,0.0,0.0,1000.0,1000.0,23.0,23.0,0.0,9.0,978.05,31.19,0.0,540.0,0.0,483.8,0.0,483.8,978.05,514.99,463.05999999999995,0.0,540.0,-540.0,978.05,1054.99,-76.94000000000005,42524.12,82391.01,-39866.88999999999,1.0224,1.9418,-0.9194,1.0224,0.9479,0.07450000000000001,582.5242037255962,641.0349516079461,-58.51074788234996,623.0242037255963,681.53497713034,-58.51077340474376,632.5242037255962,691.0349771303399,-58.51077340474376,1.0,1.0,0.0
50,5.0,0.5,17,18,1.2,inf,inf,,1441440.0,1441440.0,0.0,0.0,0.0,0.0,0.0,0.0,0.0,0.0,0.0,0.0,0.0,0.0,1000.0,1000.0,1000.0,1000.0,1000.0,1000.0,0.0,0.0,0.0,0.0,0.0,0.0,0.0,0.0,0.0,0.0,0.0,0.0,0.0,0.0,0.0,0.0,0.0,0.0,0.0,0.0,0.0,0.0,0.0,0.0,0.0,0.0,0.0,0.0,0.0,0.0,1440.0,1440.0,0.0,1440.0,1440.0,0.0,1440.0,1440.0,0.0,0.0,0.0,0.0
50,5.0,0.5,18,19,1.2,637.5242037255962,inf,-inf,637.5242037255962,1441440.0,-1440802.4757962744,1000.0,0.0,1.0,0.0,1.0,1.0,0.0,1.0,1.0224,0.0,1.0224,0.0,1000.0,0.0,1000.0,1000.0,1000.0,23.0,23.0,0.0,9.0,978.05,31.19,0.0,540.0,0.0,0.0,0.0,0.0,978.05,31.19,946.8599999999999,0.0,540.0,-540.0,978.05,571.19,406.8599999999999,42524.12,61356.11,-18831.989999999998,1.0224,0.0,1.0224,1.0224,0.0,1.0224,582.5242037255962,1440.0,-857.4757962744038,623.0242037255963,1440.0,-816.9757962744037,632.5242037255962,1440.0,-807.4757962744038,1.0,0.0,1.0
50,5.0,0.5,19,20,1.2,637.5242037255962,696.0349748954934,-58.510771169897225,637.5242037255962,696.0349748954934,-58.510771169897225,1000.0,1000.0,1.0,1.0,0.0,1.0,1.0,0.0,1.0224,0.9479,0.07450000000000001,0.0,0.0,0.0,0.0,1000.0,1000.0,23.0,23.0,0.0,9.0,978.05,31.19,0.0,540.0,0.0,483.8,0.0,483.8,978.05,514.99,463.05999999999995,0.0,540.0,-540.0,978.05,1054.99,-76.94000000000005,42524.12,82391.01,-39866.88999999999,1.0224,1.9418,-0.9194,1.0224,0.9479,0.07450000000000001,582.5242037255962,641.0349489585966,-58.51074523300042,623.0242037255963,681.5349748954935,-58.510771169897225,632.5242037255962,691.0349748954934,-58.510771169897225,1.0,1.0,0.0
50,5.0,1.0,0,1,1.2,638.391691049908,696.0349748954934,-57.643283845585415,638.391691049908,696.0349748954934,-57.643283845585415,1000.0,1000.0,1.0,1.0,0.0,1.0,1.0,0.0,1.002,0.9479,0.05410000000000004,0.0,0.0,0.0,0.0,1000.0,1000.0,23.0,23.0,0.0,9.0,998.01,31.19,0.0,540.0,0.0,483.8,0.0,483.8,998.01,514.99,483.02,0.0,540.0,-540.0,998.01,1054.99,-56.98000000000002,43391.6,82391.01,-38999.409999999996,1.002,1.9418,-0.9398,1.002,0.9479,0.05410000000000004,583.391691049908,641.0349489585966,-57.64325790868861,623.8916910499081,681.5349748954935,-57.643283845585415,633.391691049908,691.0349748954934,-57.643283845585415,1.0,1.0,0.0
50,5.0,1.0,1,2,1.2,638.5264747406088,inf,-inf,638.5264747406088,1441440.0,-1440801.4735252594,1000.0,0.0,1.0,0.0,1.0,1.0,0.0,1.0,0.9989,0.0,0.9989,0.0,1000.0,0.0,1000.0,1000.0,1000.0,23.0,23.0,0.0,9.0,1001.11,31.19,0.0,540.0,0.0,0.0,0.0,0.0,1001.11,31.19,969.92,0.0,540.0,-540.0,1001.11,571.19,429.91999999999996,43526.37,61356.11,-17829.739999999998,0.9989,0.0,0.9989,0.9989,0.0,0.9989,583.5264747406088,1440.0,-856.4735252593912,624.0264747406089,1440.0,-815.9735252593911,633.5264747406088,1440.0,-806.4735252593912,1.0,0.0,1.0
50,5.0,1.0,2,3,1.2,637.5242037255962,700.9585883729338,-63.43438464733765,637.5242037255962,700.9585883729338,-63.43438464733765,1000.0,1000.0,1.0,1.0,0.0,1.0,1.0,0.0,1.0224,0.856,0.1664,0.0,0.0,0.0,0.0,1000.0,1000.0,23.0,23.0,0.0,9.0,978.05,31.19,0.0,540.0,0.0,597.05,0.0,597.05,978.05,628.24,349.80999999999995,0.0,540.0,-540.0,978.05,1168.24,-190.19000000000005,42524.12,87314.6,-44790.48,1.0224,1.5918,-0.5694000000000001,1.0224,0.856,0.1664,582.5242037255962,645.9585554191221,-63.43435169352597,623.0242037255963,686.458588372934,-63.43438464733765,632.5242037255962,695.9585883729338,-63.43438464733765,1.0,1.0,0.0
50,5.0,1.0,3,4,1.2,inf,inf,,1441440.0,1441440.0,0.0,0.0,0.0,0.0,0.0,0.0,0.0,0.0,0.0,0.0,0.0,0.0,1000.0,1000.0,1000.0,1000.0,1000.0,1000.0,0.0,0.0,0.0,0.0,0.0,0.0,0.0,0.0,0.0,0.0,0.0,0.0,0.0,0.0,0.0,0.0,0.0,0.0,0.0,0.0,0.0,0.0,0.0,0.0,0.0,0.0,0.0,0.0,0.0,0.0,1440.0,1440.0,0.0,1440.0,1440.0,0.0,1440.0,1440.0,0.0,0.0,0.0,0.0
50,5.0,1.0,4,5,1.2,637.9847975556058,696.1744686893275,-58.18967113372162,637.9847975556058,696.1744686893275,-58.18967113372162,1000.0,1000.0,1.0,1.0,0.0,1.0,1.0,0.0,1.0115,0.945,0.06650000000000011,0.0,0.0,0.0,0.0,1000.0,1000.0,23.0,23.0,0.0,9.0,988.65,31.19,0.0,540.0,0.0,487.01,0.0,487.01,988.65,518.2,470.44999999999993,0.0,540.0,-540.0,988.65,1058.2,-69.55000000000007,42984.71,82530.5,-39545.79,1.0115,1.9298,-0.9182999999999999,1.0115,0.945,0.06650000000000011,582.9847975556058,641.1744410415415,-58.189643485935676,623.484797555606,681.6744686893276,-58.18967113372162,632.9847975556058,691.1744686893275,-58.18967113372162,1.0,1.0,0.0
50,5.0,1.0,5,6,1.2,inf,inf,,1441440.0,1441440.0,0.0,0.0,0.0,0.0,0.0,0.0,0.0,0.0,0.0,0.0,0.0,0.0,1000.0,1000.0,1000.0,1000.0,1000.0,1000.0,0.0,23.0,0.0,9.0,0.0,31.19,0.0,540.0,0.0,0.0,0.0,0.0,0.0,31.19,-31.19,0.0,540.0,-540.0,0.0,571.19,-571.19,0.0,61356.11,-61356.11,0.0,0.0,0.0,0.0,0.0,0.0,1440.0,1440.0,0.0,1440.0,1440.0,0.0,1440.0,1440.0,0.0,0.0,0.0,0.0
50,5.0,1.0,6,7,1.2,637.9433807742483,700.2586599581538,-62.31527918390543,637.9433807742483,700.2586599581538,-62.31527918390543,1000.0,1000.0,1.0,1.0,0.0,1.0,1.0,0.0,1.0125,0.868,0.14449999999999996,0.0,0.0,0.0,0.0,1000.0,1000.0,23.0,23.0,0.0,9.0,987.7,31.19,0.0,540.0,0.0,580.95,0.0,580.95,987.7,612.14,375.56000000000006,0.0,540.0,-540.0,987.7,1152.14,-164.44000000000005,42943.28,86614.68,-43671.399999999994,1.0125,1.6336,-0.6211,1.0125,0.868,0.14449999999999996,582.9433807742483,645.258627987424,-62.31524721317567,623.4433807742485,685.7586599581539,-62.31527918390543,632.9433807742483,695.2586599581538,-62.31527918390543,1.0,1.0,0.0
50,5.0,1.0,7,8,1.2,inf,inf,,1441440.0,1441440.0,0.0,0.0,0.0,0.0,0.0,0.0,0.0,0.0,0.0,0.0,0.0,0.0,1000.0,1000.0,1000.0,1000.0,1000.0,1000.0,0.0,23.0,0.0,9.0,0.0,31.19,0.0,540.0,0.0,0.0,0.0,0.0,0.0,31.19,-31.19,0.0,540.0,-540.0,0.0,571.19,-571.19,0.0,61356.11,-61356.11,0.0,0.0,0.0,0.0,0.0,0.0,1440.0,1440.0,0.0,1440.0,1440.0,0.0,1440.0,1440.0,0.0,0.0,0.0,0.0
50,5.0,1.0,8,9,1.2,639.0108448481018,696.0349748954934,-57.02413004739162,639.0108448481018,696.0349748954934,-57.02413004739162,1000.0,1000.0,1.0,1.0,0.0,1.0,1.0,0.0,0.9879,0.9479,0.040000000000000036,0.0,0.0,0.0,0.0,1000.0,1000.0,23.0,23.0,0.0,9.0,1012.25,31.19,0.0,540.0,0.0,483.8,0.0,483.8,1012.25,514.99,497.26,0.0,540.0,-540.0,1012.25,1054.99,-42.74000000000001,44010.75,82391.01,-38380.259999999995,0.9879,1.9418,-0.9539,0.9879,0.9479,0.040000000000000036,584.0108448481018,641.0349489585966,-57.02410411049482,624.5108448481019,681.5349748954935,-57.02413004739162,634.0108448481018,691.0349748954934,-57.02413004739162,1.0,1.0,0.0
50,5.0,1.0,9,10,1.2,inf,inf,,1441440.0,1441440.0,0.0,0.0,0.0,0.0,0.0,0.0,0.0,0.0,0.0,0.0,0.0,0.0,1000.0,1000.0,1000.0,1000.0,1000.0,1000.0,0.0,23.0,0.0,9.0,0.0,31.19,0.0,540.0,0.0,0.0,0.0,0.0,0.0,31.19,-31.19,0.0,540.0,-540.0,0.0,571.19,-571.19,0.0,61356.11,-61356.11,0.0,0.0,0.0,0.0,0.0,0.0,1440.0,1440.0,0.0,1440.0,1440.0,0.0,1440.0,1440.0,0.0,0.0,0.0,0.0
50,5.0,1.0,10,11,1.2,638.5489002805878,696.0349748954934,-57.48607461490565,638.5489002805878,696.0349748954934,-57.48607461490565,1000.0,1000.0,1.0,1.0,0.0,1.0,1.0,0.0,0.9984,0.9479,0.05049999999999999,0.0,0.0,0.0,0.0,1000.0,1000.0,23.0,23.0,0.0,9.0,1001.62,31.19,0.0,540.0,0.0,483.8,0.0,483.8,1001.62,514.99,486.63,0.0,540.0,-540.0,1001.62,1054.99,-53.370000000000005,43548.79,82391.01,-38842.219999999994,0.9984,1.9418,-0.9434,0.9984,0.9479,0.05049999999999999,583.5489002805878,641.0349489585966,-57.48604867800884,624.0489002805879,681.5349748954935,-57.48607461490565,633.5489002805878,691.0349748954934,-57.48607461490565,1.0,1.0,0.0
50,5.0,1.0,11,12,1.2,637.6751282372506,700.933978306757,-63.258850069506366,637.6751282372506,700.933978306757,-63.258850069506366,1000.0,1000.0,1.0,1.0,0.0,1.0,1.0,0.0,1.0188,0.8564,0.16239999999999988,0.0,0.0,0.0,0.0,1000.0,1000.0,23.0,23.0,0.0,9.0,981.53,31.19,0.0,540.0,0.0,596.48,0.0,596.48,981.53,627.67,353.86,0.0,540.0,-540.0,981.53,1167.67,-186.1400000000001,42675.04,87290.0,-44614.96,1.0188,1.5932,-0.5744,1.0188,0.8564,0.16239999999999988,582.6751282372506,645.9339464844287,-63.258818247178056,623.1751282372508,686.4339783067571,-63.258850069506366,632.6751282372506,695.933978306757,-63.258850069506366,1.0,1.0,0.0
50,5.0,1.0,12,13,1.2,inf,inf,,1441440.0,1441440.0,0.0,0.0,0.0,0.0,0.0,0.0,0.0,0.0,0.0,0.0,0.0,0.0,1000.0,1000.0,1000.0,1000.0,1000.0,1000.0,0.0,23.0,0.0,9.0,0.0,31.19,0.0,540.0,0.0,0.0,0.0,0.0,0.0,31.19,-31.19,0.0,540.0,-540.0,0.0,571.19,-571.19,0.0,61356.11,-61356.11,0.0,0.0,0.0,0.0,0.0,0.0,1440.0,1440.0,0.0,1440.0,1440.0,0.0,1440.0,1440.0,0.0,0.0,0.0,0.0
50,5.0,1.0,13,14,1.2,637.5242037255962,inf,-inf,637.5242037255962,1441440.0,-1440802.4757962744,1000.0,0.0,1.0,0.0,1.0,1.0,0.0,1.0,1.0224,0.0,1.0224,0.0,1000.0,0.0,1000.0,1000.0,1000.0,23.0,23.0,0.0,9.0,978.05,31.19,0.0,540.0,0.0,0.0,0.0,0.0,978.05,31.19,946.8599999999999,0.0,540.0,-540.0,978.05,571.19,406.8599999999999,42524.12,61356.11,-18831.989999999998,1.0224,0.0,1.0224,1.0224,0.0,1.0224,582.5242037255962,1440.0,-857.4757962744038,623.0242037255963,1440.0,-816.9757962744037,632.5242037255962,1440.0,-807.4757962744038,1.0,0.0,1.0
50,5.0,1.0,14,15,1.2,641.0497841901513,696.0349748954934,-54.98519070534212,641.0497841901513,696.0349748954934,-54.98519070534212,1000.0,1000.0,1.0,1.0,0.0,1.0,1.0,0.0,0.9442,0.9479,-0.0036999999999999256,0.0,0.0,0.0,0.0,1000.0,1000.0,23.0,23.0,0.0,9.0,1059.14,31.19,0.0,540.0,0.0,483.8,0.0,483.8,1059.14,514.99,544.1500000000001,0.0,540.0,-540.0,1059.14,1054.99,4.150000000000091,46049.68,82391.01,-36341.329999999994,0.9442,1.9418,-0.9975999999999999,0.9442,0.9479,-0.0036999999999999256,586.0497841901513,641.0349489585966,-54.985164768445316,626.5497841901514,681.5349748954935,-54.98519070534212,636.0497841901513,691.0349748954934,-54.98519070534212,1.0,1.0,0.0
50,5.0,1.0,15,16,1.2,637.5242037255962,696.0349748954934,-58.510771169897225,637.5242037255962,696.0349748954934,-58.510771169897225,1000.0,1000.0,1.0,1.0,0.0,1.0,1.0,0.0,1.0224,0.9479,0.07450000000000001,0.0,0.0,0.0,0.0,1000.0,1000.0,23.0,23.0,0.0,9.0,978.05,31.19,0.0,540.0,0.0,483.8,0.0,483.8,978.05,514.99,463.05999999999995,0.0,540.0,-540.0,978.05,1054.99,-76.94000000000005,42524.12,82391.01,-39866.88999999999,1.0224,1.9418,-0.9194,1.0224,0.9479,0.07450000000000001,582.5242037255962,641.0349489585966,-58.51074523300042,623.0242037255963,681.5349748954935,-58.510771169897225,632.5242037255962,691.0349748954934,-58.510771169897225,1.0,1.0,0.0
50,5.0,1.0,16,17,1.2,637.5242037255962,696.0349771303399,-58.51077340474376,637.5242037255962,696.0349771303399,-58.51077340474376,1000.0,1000.0,1.0,1.0,0.0,1.0,1.0,0.0,1.0224,0.9479,0.07450000000000001,0.0,0.0,0.0,0.0,1000.0,1000.0,23.0,23.0,0.0,9.0,978.05,31.19,0.0,540.0,0.0,483.8,0.0,483.8,978.05,514.99,463.05999999999995,0.0,540.0,-540.0,978.05,1054.99,-76.94000000000005,42524.12,82391.01,-39866.88999999999,1.0224,1.9418,-0.9194,1.0224,0.9479,0.07450000000000001,582.5242037255962,641.0349516079461,-58.51074788234996,623.0242037255963,681.53497713034,-58.51077340474376,632.5242037255962,691.0349771303399,-58.51077340474376,1.0,1.0,0.0
50,5.0,1.0,17,18,1.2,inf,inf,,1441440.0,1441440.0,0.0,0.0,0.0,0.0,0.0,0.0,0.0,0.0,0.0,0.0,0.0,0.0,1000.0,1000.0,1000.0,1000.0,1000.0,1000.0,0.0,0.0,0.0,0.0,0.0,0.0,0.0,0.0,0.0,0.0,0.0,0.0,0.0,0.0,0.0,0.0,0.0,0.0,0.0,0.0,0.0,0.0,0.0,0.0,0.0,0.0,0.0,0.0,0.0,0.0,1440.0,1440.0,0.0,1440.0,1440.0,0.0,1440.0,1440.0,0.0,0.0,0.0,0.0
50,5.0,1.0,18,19,1.2,638.4235945458386,inf,-inf,638.4235945458386,1441440.0,-1440801.5764054542,1000.0,0.0,1.0,0.0,1.0,1.0,0.0,1.0,1.0013,0.0,1.0013,0.0,1000.0,0.0,1000.0,1000.0,1000.0,23.0,23.0,0.0,9.0,998.74,31.19,0.0,540.0,0.0,0.0,0.0,0.0,998.74,31.19,967.55,0.0,540.0,-540.0,998.74,571.19,427.54999999999995,43423.51,61356.11,-17932.6,1.0013,0.0,1.0013,1.0013,0.0,1.0013,583.4235945458386,1440.0,-856.5764054541614,623.9235945458387,1440.0,-816.0764054541613,633.4235945458386,1440.0,-806.5764054541614,1.0,0.0,1.0
50,5.0,1.0,19,20,1.2,639.1043011176155,696.0349748954934,-56.93067377787793,639.1043011176155,696.0349748954934,-56.93067377787793,1000.0,1000.0,1.0,1.0,0.0,1.0,1.0,0.0,0.9858,0.9479,0.037900000000000045,0.0,0.0,0.0,0.0,1000.0,1000.0,23.0,23.0,0.0,9.0,1014.4,31.19,0.0,540.0,0.0,483.8,0.0,483.8,1014.4,514.99,499.40999999999997,0.0,540.0,-540.0,1014.4,1054.99,-40.59000000000003,44104.19,82391.01,-38286.81999999999,0.9858,1.9418,-0.956,0.9858,0.9479,0.037900000000000045,584.1043011176155,641.0349489585966,-56.93064784098112,624.6043011176156,681.5349748954935,-56.93067377787793,634.1043011176155,691.0349748954934,-56.93067377787793,1.0,1.0,0.0
50,5.0,2.0,0,1,1.2,inf,inf,,1441440.0,1441440.0,0.0,0.0,0.0,0.0,0.0,0.0,0.0,0.0,0.0,0.0,0.0,0.0,1000.0,1000.0,1000.0,1000.0,1000.0,1000.0,0.0,0.0,0.0,0.0,0.0,0.0,0.0,0.0,0.0,0.0,0.0,0.0,0.0,0.0,0.0,0.0,0.0,0.0,0.0,0.0,0.0,0.0,0.0,0.0,0.0,0.0,0.0,0.0,0.0,0.0,1440.0,1440.0,0.0,1440.0,1440.0,0.0,1440.0,1440.0,0.0,0.0,0.0,0.0
50,5.0,2.0,1,2,1.2,inf,inf,,1441440.0,1441440.0,0.0,0.0,0.0,0.0,0.0,0.0,0.0,0.0,0.0,0.0,0.0,0.0,1000.0,1000.0,1000.0,1000.0,1000.0,1000.0,0.0,23.0,0.0,9.0,0.0,31.19,0.0,540.0,0.0,0.0,0.0,0.0,0.0,31.19,-31.19,0.0,540.0,-540.0,0.0,571.19,-571.19,0.0,61356.11,-61356.11,0.0,0.0,0.0,0.0,0.0,0.0,1440.0,1440.0,0.0,1440.0,1440.0,0.0,1440.0,1440.0,0.0,0.0,0.0,0.0
50,5.0,2.0,2,3,1.2,639.17836000498,705.9585883729338,-66.78022836795378,639.17836000498,705.9585883729338,-66.78022836795378,1000.0,1000.0,1.0,1.0,0.0,1.0,1.0,0.0,0.9842,0.813,0.17120000000000002,0.0,0.0,0.0,0.0,1000.0,1000.0,23.0,23.0,0.0,8.0,1016.1,152.91,0.0,480.0,0.0,597.05,0.0,597.05,1016.1,749.95,266.15,0.0,480.0,-480.0,1016.1,1229.95,-213.85000000000002,44178.27,92606.6,-48428.33000000001,0.9842,1.3334,-0.34919999999999995,0.9842,0.813,0.17120000000000002,584.17836000498,650.9585883729338,-66.78022836795378,624.6783600049802,691.458588372934,-66.78022836795378,634.17836000498,700.9585883729338,-66.78022836795378,1.0,1.0,0.0
50,5.0,2.0,3,4,1.2,inf,inf,,1441440.0,1441440.0,0.0,0.0,0.0,0.0,0.0,0.0,0.0,0.0,0.0,0.0,0.0,0.0,1000.0,1000.0,1000.0,1000.0,1000.0,1000.0,0.0,0.0,0.0,0.0,0.0,0.0,0.0,0.0,0.0,0.0,0.0,0.0,0.0,0.0,0.0,0.0,0.0,0.0,0.0,0.0,0.0,0.0,0.0,0.0,0.0,0.0,0.0,0.0,0.0,0.0,1440.0,1440.0,0.0,1440.0,1440.0,0.0,1440.0,1440.0,0.0,0.0,0.0,0.0
50,5.0,2.0,4,5,1.2,640.2011081743418,inf,-inf,640.2011081743418,1441440.0,-1440799.7988918256,1000.0,0.0,1.0,0.0,1.0,1.0,0.0,1.0,0.9619,0.0,0.9619,0.0,1000.0,0.0,1000.0,1000.0,1000.0,23.0,23.0,0.0,9.0,1039.62,31.19,0.0,540.0,0.0,0.0,0.0,0.0,1039.62,31.19,1008.4299999999998,0.0,540.0,-540.0,1039.62,571.19,468.42999999999984,45200.99,61356.11,-16155.120000000003,0.9619,0.0,0.9619,0.9619,0.0,0.9619,585.2011081743418,1440.0,-854.7988918256582,625.7011081743419,1440.0,-814.2988918256581,635.2011081743418,1440.0,-804.7988918256582,1.0,0.0,1.0
50,5.0,2.0,5,6,1.2,inf,inf,,1441440.0,1441440.0,0.0,0.0,0.0,0.0,0.0,0.0,0.0,0.0,0.0,0.0,0.0,0.0,1000.0,1000.0,1000.0,1000.0,1000.0,1000.0,0.0,23.0,0.0,9.0,0.0,31.19,0.0,540.0,0.0,0.0,0.0,0.0,0.0,31.19,-31.19,0.0,540.0,-540.0,0.0,571.19,-571.19,0.0,61356.11,-61356.11,0.0,0.0,0.0,0.0,0.0,0.0,1440.0,1440.0,0.0,1440.0,1440.0,0.0,1440.0,1440.0,0.0,0.0,0.0,0.0
50,5.0,2.0,6,7,1.2,inf,inf,,1441440.0,1441440.0,0.0,0.0,0.0,0.0,0.0,0.0,0.0,0.0,0.0,0.0,0.0,0.0,1000.0,1000.0,1000.0,1000.0,1000.0,1000.0,0.0,0.0,0.0,0.0,0.0,0.0,0.0,0.0,0.0,0.0,0.0,0.0,0.0,0.0,0.0,0.0,0.0,0.0,0.0,0.0,0.0,0.0,0.0,0.0,0.0,0.0,0.0,0.0,0.0,0.0,1440.0,1440.0,0.0,1440.0,1440.0,0.0,1440.0,1440.0,0.0,0.0,0.0,0.0
50,5.0,2.0,7,8,1.2,inf,inf,,1441440.0,1441440.0,0.0,0.0,0.0,0.0,0.0,0.0,0.0,0.0,0.0,0.0,0.0,0.0,1000.0,1000.0,1000.0,1000.0,1000.0,1000.0,0.0,23.0,0.0,9.0,0.0,31.19,0.0,540.0,0.0,0.0,0.0,0.0,0.0,31.19,-31.19,0.0,540.0,-540.0,0.0,571.19,-571.19,0.0,61356.11,-61356.11,0.0,0.0,0.0,0.0,0.0,0.0,1440.0,1440.0,0.0,1440.0,1440.0,0.0,1440.0,1440.0,0.0,0.0,0.0,0.0
50,5.0,2.0,8,9,1.2,641.0499205227401,inf,-inf,641.0499205227401,1441440.0,-1440798.9500794772,1000.0,0.0,1.0,0.0,1.0,1.0,0.0,1.0,0.9442,0.0,0.9442,0.0,1000.0,0.0,1000.0,1000.0,1000.0,23.0,23.0,0.0,8.0,1059.15,166.91,0.0,480.0,0.0,0.0,0.0,0.0,1059.15,166.91,892.2400000000001,0.0,480.0,-480.0,1059.15,646.91,412.2400000000001,46049.8,67256.94,-21207.14,0.9442,0.0,0.9442,0.9442,0.0,0.9442,586.0499205227401,1440.0,-853.9500794772599,626.5499205227402,1440.0,-813.4500794772598,636.0499205227401,1440.0,-803.9500794772599,1.0,0.0,1.0
50,5.0,2.0,9,10,1.2,inf,inf,,1441440.0,1441440.0,0.0,0.0,0.0,0.0,0.0,0.0,0.0,0.0,0.0,0.0,0.0,0.0,1000.0,1000.0,1000.0,1000.0,1000.0,1000.0,0.0,23.0,0.0,9.0,0.0,31.19,0.0,540.0,0.0,0.0,0.0,0.0,0.0,31.19,-31.19,0.0,540.0,-540.0,0.0,571.19,-571.19,0.0,61356.11,-61356.11,0.0,0.0,0.0,0.0,0.0,0.0,1440.0,1440.0,0.0,1440.0,1440.0,0.0,1440.0,1440.0,0.0,0.0,0.0,0.0
50,5.0,2.0,10,11,1.2,639.6898844483829,inf,-inf,639.6898844483829,1441440.0,-1440800.3101155516,1000.0,0.0,1.0,0.0,1.0,1.0,0.0,1.0,0.9729,0.0,0.9729,0.0,1000.0,0.0,1000.0,1000.0,1000.0,23.0,23.0,0.0,9.0,1027.87,31.19,0.0,540.0,0.0,0.0,0.0,0.0,1027.87,31.19,996.6799999999998,0.0,540.0,-540.0,1027.87,571.19,456.67999999999984,44689.78,61356.11,-16666.33,0.9729,0.0,0.9729,0.9729,0.0,0.9729,584.6898844483829,1440.0,-855.3101155516171,625.189884448383,1440.0,-814.810115551617,634.6898844483829,1440.0,-805.3101155516171,1.0,0.0,1.0
50,5.0,2.0,11,12,1.2,638.9810911311428,700.9585883729338,-61.97749724179107,638.9810911311428,700.9585883729338,-61.97749724179107,1000.0,1000.0,1.0,1.0,0.0,1.0,1.0,0.0,0.9886,0.856,0.13260000000000005,0.0,0.0,0.0,0.0,1000.0,1000.0,23.0,23.0,0.0,9.0,1011.56,31.19,0.0,540.0,0.0,597.05,0.0,597.05,1011.56,628.24,383.31999999999994,0.0,540.0,-540.0,1011.56,1168.24,-156.68000000000006,43981.01,87314.6,-43333.590000000004,0.9886,1.5918,-0.6032000000000001,0.9886,0.856,0.13260000000000005,583.9810911311428,645.9585554191221,-61.97746428797939,624.4810911311429,686.458588372934,-61.97749724179107,633.9810911311428,695.9585883729338,-61.97749724179107,1.0,1.0,0.0
50,5.0,2.0,12,13,1.2,inf,inf,,1441440.0,1441440.0,0.0,0.0,0.0,0.0,0.0,0.0,0.0,0.0,0.0,0.0,0.0,0.0,1000.0,1000.0,1000.0,1000.0,1000.0,1000.0,0.0,23.0,0.0,9.0,0.0,31.19,0.0,540.0,0.0,0.0,0.0,0.0,0.0,31.19,-31.19,0.0,540.0,-540.0,0.0,571.19,-571.19,0.0,61356.11,-61356.11,0.0,0.0,0.0,0.0,0.0,0.0,1440.0,1440.0,0.0,1440.0,1440.0,0.0,1440.0,1440.0,0.0,0.0,0.0,0.0
50,5.0,2.0,13,14,1.2,641.4890051543464,inf,-inf,641.4890051543464,1441440.0,-1440798.5109948458,1000.0,0.0,1.0,0.0,1.0,1.0,0.0,1.0,0.9352,0.0,0.9352,0.0,1000.0,0.0,1000.0,1000.0,1000.0,23.0,23.0,0.0,9.0,1069.25,31.19,0.0,540.0,0.0,0.0,0.0,0.0,1069.25,31.19,1038.06,0.0,540.0,-540.0,1069.25,571.19,498.05999999999995,46488.91,61356.11,-14867.199999999997,0.9352,0.0,0.9352,0.9352,0.0,0.9352,586.4890051543464,1440.0,-853.5109948456536,626.9890051543465,1440.0,-813.0109948456535,636.4890051543464,1440.0,-803.5109948456536,1.0,0.0,1.0
50,5.0,2.0,14,15,1.2,inf,inf,,1441440.0,1441440.0,0.0,0.0,0.0,0.0,0.0,0.0,0.0,0.0,0.0,0.0,0.0,0.0,1000.0,1000.0,1000.0,1000.0,1000.0,1000.0,0.0,0.0,0.0,0.0,0.0,0.0,0.0,0.0,0.0,0.0,0.0,0.0,0.0,0.0,0.0,0.0,0.0,0.0,0.0,0.0,0.0,0.0,0.0,0.0,0.0,0.0,0.0,0.0,0.0,0.0,1440.0,1440.0,0.0,1440.0,1440.0,0.0,1440.0,1440.0,0.0,0.0,0.0,0.0
50,5.0,2.0,15,16,1.2,638.9365800621749,inf,-inf,638.9365800621749,1441440.0,-1440801.0634199379,1000.0,0.0,1.0,0.0,1.0,1.0,0.0,1.0,0.9896,0.0,0.9896,0.0,1000.0,0.0,1000.0,1000.0,1000.0,23.0,23.0,0.0,9.0,1010.54,31.19,0.0,540.0,0.0,0.0,0.0,0.0,1010.54,31.19,979.3499999999999,0.0,540.0,-540.0,1010.54,571.19,439.3499999999999,43936.49,61356.11,-17419.620000000003,0.9896,0.0,0.9896,0.9896,0.0,0.9896,583.9365800621749,1440.0,-856.0634199378251,624.436580062175,1440.0,-815.563419937825,633.9365800621749,1440.0,-806.0634199378251,1.0,0.0,1.0
50,5.0,2.0,16,17,1.2,637.5242037255962,inf,-inf,637.5242037255962,1441440.0,-1440802.4757962744,1000.0,0.0,1.0,0.0,1.0,1.0,0.0,1.0,1.0224,0.0,1.0224,0.0,1000.0,0.0,1000.0,1000.0,1000.0,23.0,23.0,0.0,9.0,978.05,31.19,0.0,540.0,0.0,0.0,0.0,0.0,978.05,31.19,946.8599999999999,0.0,540.0,-540.0,978.05,571.19,406.8599999999999,42524.12,61356.11,-18831.989999999998,1.0224,0.0,1.0224,1.0224,0.0,1.0224,582.5242037255962,1440.0,-857.4757962744038,623.0242037255963,1440.0,-816.9757962744037,632.5242037255962,1440.0,-807.4757962744038,1.0,0.0,1.0
50,5.0,2.0,17,18,1.2,inf,inf,,1441440.0,1441440.0,0.0,0.0,0.0,0.0,0.0,0.0,0.0,0.0,0.0,0.0,0.0,0.0,1000.0,1000.0,1000.0,1000.0,1000.0,1000.0,0.0,0.0,0.0,0.0,0.0,0.0,0.0,0.0,0.0,0.0,0.0,0.0,0.0,0.0,0.0,0.0,0.0,0.0,0.0,0.0,0.0,0.0,0.0,0.0,0.0,0.0,0.0,0.0,0.0,0.0,1440.0,1440.0,0.0,1440.0,1440.0,0.0,1440.0,1440.0,0.0,0.0,0.0,0.0
50,5.0,2.0,18,19,1.2,639.8374924313351,inf,-inf,639.8374924313351,1441440.0,-1440800.1625075687,1000.0,0.0,1.0,0.0,1.0,1.0,0.0,1.0,0.9697,0.0,0.9697,0.0,1000.0,0.0,1000.0,1000.0,1000.0,23.0,23.0,0.0,9.0,1031.26,31.19,0.0,540.0,0.0,0.0,0.0,0.0,1031.26,31.19,1000.0699999999999,0.0,540.0,-540.0,1031.26,571.19,460.06999999999994,44837.4,61356.11,-16518.71,0.9697,0.0,0.9697,0.9697,0.0,0.9697,584.8374924313351,1440.0,-855.1625075686649,625.3374924313352,1440.0,-814.6625075686648,634.8374924313351,1440.0,-805.1625075686649,1.0,0.0,1.0
50,5.0,2.0,19,20,1.2,644.8291898741236,inf,-inf,644.8291898741236,1441440.0,-1440795.1708101258,1000.0,0.0,1.0,0.0,1.0,1.0,0.0,1.0,0.8725,0.0,0.8725,0.0,1000.0,0.0,1000.0,1000.0,1000.0,23.0,23.0,0.0,9.0,1146.07,31.19,0.0,540.0,0.0,0.0,0.0,0.0,1146.07,31.19,1114.8799999999999,0.0,540.0,-540.0,1146.07,571.19,574.8799999999999,49829.06,61356.11,-11527.050000000003,0.8725,0.0,0.8725,0.8725,0.0,0.8725,589.8291898741236,1440.0,-850.1708101258764,630.3291898741237,1440.0,-809.6708101258763,639.8291898741236,1440.0,-800.1708101258764,1.0,0.0,1.0
50,10.0,0.5,0,1,1.2,752.9431676877244,696.0349748954934,56.908192792231034,752.9431676877244,696.0349748954934,56.908192792231034,1000.0,1000.0,1.0,1.0,0.0,1.0,1.0,0.0,1.0125,0.9479,0.06459999999999999,0.0,0.0,0.0,0.0,1000.0,1000.0,23.0,23.0,0.0,9.0,987.69,31.19,0.0,540.0,0.0,483.8,0.0,483.8,987.69,514.99,472.70000000000005,0.0,540.0,-540.0,987.69,1054.99,-67.29999999999995,42943.15,82391.01,-39447.85999999999,1.0125,1.9418,-0.9293,1.0125,0.9479,0.06459999999999999,642.9431676877244,641.0349489585966,1.9082187291278387,723.9431676877247,681.5349748954935,42.40819279223115,742.9431676877244,691.0349748954934,51.908192792231034,1.0,1.0,0.0
50,10.0,0.5,1,2,1.2,752.8753839084211,696.0349748954934,56.840409012927694,752.8753839084211,696.0349748954934,56.840409012927694,1000.0,1000.0,1.0,1.0,0.0,1.0,1.0,0.0,1.0141,0.9479,0.06620000000000004,0.0,0.0,0.0,0.0,1000.0,1000.0,23.0,23.0,0.0,9.0,986.13,31.19,0.0,540.0,0.0,483.8,0.0,483.8,986.13,514.99,471.14,0.0,540.0,-540.0,986.13,1054.99,-68.86000000000001,42875.37,82391.01,-39515.63999999999,1.0141,1.9418,-0.9277,1.0141,0.9479,0.06620000000000004,642.8753839084211,641.0349489585966,1.8404349498244983,723.8753839084213,681.5349748954935,42.34040901292781,742.8753839084211,691.0349748954934,51.840409012927694,1.0,1.0,0.0
50,10.0,0.5,2,3,1.2,752.5240352373265,700.9585883729338,51.5654468643927,752.5240352373265,700.9585883729338,51.5654468643927,1000.0,1000.0,1.0,1.0,0.0,1.0,1.0,0.0,1.0224,0.856,0.1664,0.0,0.0,0.0,0.0,1000.0,1000.0,23.0,23.0,0.0,9.0,978.05,31.19,0.0,540.0,0.0,597.05,0.0,597.05,978.05,628.24,349.80999999999995,0.0,540.0,-540.0,978.05,1168.24,-190.19000000000005,42524.02,87314.6,-44790.58000000001,1.0224,1.5918,-0.5694000000000001,1.0224,0.856,0.1664,642.5240352373265,645.9585554191221,-3.4345201817956195,723.5240352373268,686.458588372934,37.06544686439281,742.5240352373265,695.9585883729338,46.5654468643927,1.0,1.0,0.0
50,10.0,0.5,3,4,1.2,inf,inf,,1441440.0,1441440.0,0.0,0.0,0.0,0.0,0.0,0.0,0.0,0.0,0.0,0.0,0.0,0.0,1000.0,1000.0,1000.0,1000.0,1000.0,1000.0,0.0,0.0,0.0,0.0,0.0,0.0,0.0,0.0,0.0,0.0,0.0,0.0,0.0,0.0,0.0,0.0,0.0,0.0,0.0,0.0,0.0,0.0,0.0,0.0,0.0,0.0,0.0,0.0,0.0,0.0,1440.0,1440.0,0.0,1440.0,1440.0,0.0,1440.0,1440.0,0.0,0.0,0.0,0.0
50,10.0,0.5,4,5,1.2,752.9846201643397,696.0349748954934,56.949645268846325,752.9846201643397,696.0349748954934,56.949645268846325,1000.0,1000.0,1.0,1.0,0.0,1.0,1.0,0.0,1.0115,0.9479,0.0636000000000001,0.0,0.0,0.0,0.0,1000.0,1000.0,23.0,23.0,0.0,9.0,988.65,31.19,0.0,540.0,0.0,483.8,0.0,483.8,988.65,514.99,473.65999999999997,0.0,540.0,-540.0,988.65,1054.99,-66.34000000000003,42984.6,82391.01,-39406.409999999996,1.0115,1.9418,-0.9302999999999999,1.0115,0.9479,0.0636000000000001,642.9846201643397,641.0349489585966,1.9496712057431296,723.98462016434,681.5349748954935,42.44964526884644,742.9846201643397,691.0349748954934,51.949645268846325,1.0,1.0,0.0
50,10.0,0.5,5,6,1.2,inf,inf,,1441440.0,1441440.0,0.0,0.0,0.0,0.0,0.0,0.0,0.0,0.0,0.0,0.0,0.0,0.0,1000.0,1000.0,1000.0,1000.0,1000.0,1000.0,0.0,23.0,0.0,9.0,0.0,31.19,0.0,540.0,0.0,0.0,0.0,0.0,0.0,31.19,-31.19,0.0,540.0,-540.0,0.0,571.19,-571.19,0.0,61356.11,-61356.11,0.0,0.0,0.0,0.0,0.0,0.0,1440.0,1440.0,0.0,1440.0,1440.0,0.0,1440.0,1440.0,0.0,0.0,0.0,0.0
50,10.0,0.5,6,7,1.2,752.5240352373265,700.2586599581538,52.26537527917276,752.5240352373265,700.2586599581538,52.26537527917276,1000.0,1000.0,1.0,1.0,0.0,1.0,1.0,0.0,1.0224,0.868,0.15439999999999998,0.0,0.0,0.0,0.0,1000.0,1000.0,23.0,23.0,0.0,9.0,978.05,31.19,0.0,540.0,0.0,580.95,0.0,580.95,978.05,612.14,365.90999999999997,0.0,540.0,-540.0,978.05,1152.14,-174.09000000000015,42524.02,86614.68,-44090.659999999996,1.0224,1.6336,-0.6112,1.0224,0.868,0.15439999999999998,642.5240352373265,645.258627987424,-2.7345927500974767,723.5240352373268,685.7586599581539,37.76537527917287,742.5240352373265,695.2586599581538,47.26537527917276,1.0,1.0,0.0
50,10.0,0.5,7,8,1.2,inf,inf,,1441440.0,1441440.0,0.0,0.0,0.0,0.0,0.0,0.0,0.0,0.0,0.0,0.0,0.0,0.0,1000.0,1000.0,1000.0,1000.0,1000.0,1000.0,0.0,23.0,0.0,9.0,0.0,31.19,0.0,540.0,0.0,0.0,0.0,0.0,0.0,31.19,-31.19,0.0,540.0,-540.0,0.0,571.19,-571.19,0.0,61356.11,-61356.11,0.0,0.0,0.0,0.0,0.0,0.0,1440.0,1440.0,0.0,1440.0,1440.0,0.0,1440.0,1440.0,0.0,0.0,0.0,0.0
50,10.0,0.5,8,9,1.2,752.5240352373265,696.0349748954934,56.489060341833124,752.5240352373265,696.0349748954934,56.489060341833124,1000.0,1000.0,1.0,1.0,0.0,1.0,1.0,0.0,1.0224,0.9479,0.07450000000000001,0.0,0.0,0.0,0.0,1000.0,1000.0,23.0,23.0,0.0,9.0,978.05,31.19,0.0,540.0,0.0,483.8,0.0,483.8,978.05,514.99,463.05999999999995,0.0,540.0,-540.0,978.05,1054.99,-76.94000000000005,42524.02,82391.01,-39866.99,1.0224,1.9418,-0.9194,1.0224,0.9479,0.07450000000000001,642.5240352373265,641.0349489585966,1.4890862787299284,723.5240352373268,681.5349748954935,41.98906034183324,742.5240352373265,691.0349748954934,51.489060341833124,1.0,1.0,0.0
50,10.0,0.5,9,10,1.2,752.5240352373265,696.0349748954934,56.489060341833124,752.5240352373265,696.0349748954934,56.489060341833124,1000.0,1000.0,1.0,1.0,0.0,1.0,1.0,0.0,1.0224,0.9479,0.07450000000000001,0.0,0.0,0.0,0.0,1000.0,1000.0,23.0,23.0,0.0,9.0,978.05,31.19,0.0,540.0,0.0,483.8,0.0,483.8,978.05,514.99,463.05999999999995,0.0,540.0,-540.0,978.05,1054.99,-76.94000000000005,42524.02,82391.01,-39866.99,1.0224,1.9418,-0.9194,1.0224,0.9479,0.07450000000000001,642.5240352373265,641.0349489585966,1.4890862787299284,723.5240352373268,681.5349748954935,41.98906034183324,742.5240352373265,691.0349748954934,51.489060341833124,1.0,1.0,0.0
50,10.0,0.5,10,11,1.2,753.5486640553657,696.0349748954934,57.51368915987234,753.5486640553657,696.0349748954934,57.51368915987234,1000.0,1000.0,1.0,1.0,0.0,1.0,1.0,0.0,0.9984,0.9479,0.05049999999999999,0.0,0.0,0.0,0.0,1000.0,1000.0,23.0,23.0,0.0,9.0,1001.62,31.19,0.0,540.0,0.0,483.8,0.0,483.8,1001.62,514.99,486.63,0.0,540.0,-540.0,1001.62,1054.99,-53.370000000000005,43548.64,82391.01,-38842.369999999995,0.9984,1.9418,-0.9434,0.9984,0.9479,0.05049999999999999,643.5486640553657,641.0349489585966,2.513715096769147,724.548664055366,681.5349748954935,43.013689159872456,743.5486640553657,691.0349748954934,52.51368915987234,1.0,1.0,0.0
50,10.0,0.5,11,12,1.2,752.5240352373265,700.933978306757,51.59005693056952,752.5240352373265,700.933978306757,51.59005693056952,1000.0,1000.0,1.0,1.0,0.0,1.0,1.0,0.0,1.0224,0.8564,0.16599999999999993,0.0,0.0,0.0,0.0,1000.0,1000.0,23.0,23.0,0.0,9.0,978.05,31.19,0.0,540.0,0.0,596.48,0.0,596.48,978.05,627.67,350.38,0.0,540.0,-540.0,978.05,1167.67,-189.62000000000012,42524.02,87290.0,-44765.98,1.0224,1.5932,-0.5708,1.0224,0.8564,0.16599999999999993,642.5240352373265,645.9339464844287,-3.4099112471021726,723.5240352373268,686.4339783067571,37.09005693056963,742.5240352373265,695.933978306757,46.59005693056952,1.0,1.0,0.0
50,10.0,0.5,12,13,1.2,752.9431676877244,696.0349748954934,56.908192792231034,752.9431676877244,696.0349748954934,56.908192792231034,1000.0,1000.0,1.0,1.0,0.0,1.0,1.0,0.0,1.0125,0.9479,0.06459999999999999,0.0,0.0,0.0,0.0,1000.0,1000.0,23.0,23.0,0.0,9.0,987.69,31.19,0.0,540.0,0.0,483.8,0.0,483.8,987.69,514.99,472.70000000000005,0.0,540.0,-540.0,987.69,1054.99,-67.29999999999995,42943.15,82391.01,-39447.85999999999,1.0125,1.9418,-0.9293,1.0125,0.9479,0.06459999999999999,642.9431676877244,641.0349489585966,1.9082187291278387,723.9431676877247,681.5349748954935,42.40819279223115,742.9431676877244,691.0349748954934,51.908192792231034,1.0,1.0,0.0
50,10.0,0.5,13,14,1.2,752.5240352373265,696.0349748954934,56.489060341833124,752.5240352373265,696.0349748954934,56.489060341833124,1000.0,1000.0,1.0,1.0,0.0,1.0,1.0,0.0,1.0224,0.9479,0.07450000000000001,0.0,0.0,0.0,0.0,1000.0,1000.0,23.0,23.0,0.0,9.0,978.05,31.19,0.0,540.0,0.0,483.8,0.0,483.8,978.05,514.99,463.05999999999995,0.0,540.0,-540.0,978.05,1054.99,-76.94000000000005,42524.02,82391.01,-39866.99,1.0224,1.9418,-0.9194,1.0224,0.9479,0.07450000000000001,642.5240352373265,641.0349489585966,1.4890862787299284,723.5240352373268,681.5349748954935,41.98906034183324,742.5240352373265,691.0349748954934,51.489060341833124,1.0,1.0,0.0
50,10.0,0.5,14,15,1.2,756.0495741166286,696.0349748954934,60.0145992211352,756.0495741166286,696.0349748954934,60.0145992211352,1000.0,1000.0,1.0,1.0,0.0,1.0,1.0,0.0,0.9442,0.9479,-0.0036999999999999256,0.0,0.0,0.0,0.0,1000.0,1000.0,23.0,23.0,0.0,9.0,1059.14,31.19,0.0,540.0,0.0,483.8,0.0,483.8,1059.14,514.99,544.1500000000001,0.0,540.0,-540.0,1059.14,1054.99,4.150000000000091,46049.55,82391.01,-36341.45999999999,0.9442,1.9418,-0.9975999999999999,0.9442,0.9479,-0.0036999999999999256,646.0495741166286,641.0349489585966,5.014625158032004,727.0495741166288,681.5349748954935,45.51459922113531,746.0495741166286,691.0349748954934,55.0145992211352,1.0,1.0,0.0
50,10.0,0.5,15,16,1.2,752.5240352373265,696.0349748954934,56.489060341833124,752.5240352373265,696.0349748954934,56.489060341833124,1000.0,1000.0,1.0,1.0,0.0,1.0,1.0,0.0,1.0224,0.9479,0.07450000000000001,0.0,0.0,0.0,0.0,1000.0,1000.0,23.0,23.0,0.0,9.0,978.05,31.19,0.0,540.0,0.0,483.8,0.0,483.8,978.05,514.99,463.05999999999995,0.0,540.0,-540.0,978.05,1054.99,-76.94000000000005,42524.02,82391.01,-39866.99,1.0224,1.9418,-0.9194,1.0224,0.9479,0.07450000000000001,642.5240352373265,641.0349489585966,1.4890862787299284,723.5240352373268,681.5349748954935,41.98906034183324,742.5240352373265,691.0349748954934,51.489060341833124,1.0,1.0,0.0
50,10.0,0.5,16,17,1.2,752.5240352373265,696.0349771303399,56.48905810698659,752.5240352373265,696.0349771303399,56.48905810698659,1000.0,1000.0,1.0,1.0,0.0,1.0,1.0,0.0,1.0224,0.9479,0.07450000000000001,0.0,0.0,0.0,0.0,1000.0,1000.0,23.0,23.0,0.0,9.0,978.05,31.19,0.0,540.0,0.0,483.8,0.0,483.8,978.05,514.99,463.05999999999995,0.0,540.0,-540.0,978.05,1054.99,-76.94000000000005,42524.02,82391.01,-39866.99,1.0224,1.9418,-0.9194,1.0224,0.9479,0.07450000000000001,642.5240352373265,641.0349516079461,1.4890836293803886,723.5240352373268,681.53497713034,41.989058106986704,742.5240352373265,691.0349771303399,51.48905810698659,1.0,1.0,0.0
50,10.0,0.5,17,18,1.2,inf,inf,,1441440.0,1441440.0,0.0,0.0,0.0,0.0,0.0,0.0,0.0,0.0,0.0,0.0,0.0,0.0,1000.0,1000.0,1000.0,1000.0,1000.0,1000.0,0.0,0.0,0.0,0.0,0.0,0.0,0.0,0.0,0.0,0.0,0.0,0.0,0.0,0.0,0.0,0.0,0.0,0.0,0.0,0.0,0.0,0.0,0.0,0.0,0.0,0.0,0.0,0.0,0.0,0.0,1440.0,1440.0,0.0,1440.0,1440.0,0.0,1440.0,1440.0,0.0,0.0,0.0,0.0
50,10.0,0.5,18,19,1.2,752.5240352373265,inf,-inf,752.5240352373265,1441440.0,-1440687.4759647627,1000.0,0.0,1.0,0.0,1.0,1.0,0.0,1.0,1.0224,0.0,1.0224,0.0,1000.0,0.0,1000.0,1000.0,1000.0,23.0,23.0,0.0,9.0,978.05,31.19,0.0,540.0,0.0,0.0,0.0,0.0,978.05,31.19,946.8599999999999,0.0,540.0,-540.0,978.05,571.19,406.8599999999999,42524.02,61356.11,-18832.090000000004,1.0224,0.0,1.0224,1.0224,0.0,1.0224,642.5240352373265,1440.0,-797.4759647626735,723.5240352373268,1440.0,-716.4759647626732,742.5240352373265,1440.0,-697.4759647626735,1.0,0.0,1.0
50,10.0,0.5,19,20,1.2,752.5240352373265,696.0349748954934,56.489060341833124,752.5240352373265,696.0349748954934,56.489060341833124,1000.0,1000.0,1.0,1.0,0.0,1.0,1.0,0.0,1.0224,0.9479,0.07450000000000001,0.0,0.0,0.0,0.0,1000.0,1000.0,23.0,23.0,0.0,9.0,978.05,31.19,0.0,540.0,0.0,483.8,0.0,483.8,978.05,514.99,463.05999999999995,0.0,540.0,-540.0,978.05,1054.99,-76.94000000000005,42524.02,82391.01,-39866.99,1.0224,1.9418,-0.9194,1.0224,0.9479,0.07450000000000001,642.5240352373265,641.0349489585966,1.4890862787299284,723.5240352373268,681.5349748954935,41.98906034183324,742.5240352373265,691.0349748954934,51.489060341833124,1.0,1.0,0.0
50,10.0,1.0,0,1,1.2,753.3914975669466,696.0349748954934,57.35652267145315,753.3914975669466,696.0349748954934,57.35652267145315,1000.0,1000.0,1.0,1.0,0.0,1.0,1.0,0.0,1.002,0.9479,0.05410000000000004,0.0,0.0,0.0,0.0,1000.0,1000.0,23.0,23.0,0.0,9.0,998.0,31.19,0.0,540.0,0.0,483.8,0.0,483.8,998.0,514.99,483.01,0.0,540.0,-540.0,998.0,1054.99,-56.99000000000001,43391.48,82391.01,-38999.52999999999,1.002,1.9418,-0.9398,1.002,0.9479,0.05410000000000004,643.3914975669466,641.0349489585966,2.3565486083499536,724.3914975669468,681.5349748954935,42.85652267145326,743.3914975669466,691.0349748954934,52.35652267145315,1.0,1.0,0.0
50,10.0,1.0,1,2,1.2,753.5262538489822,inf,-inf,753.5262538489822,1441440.0,-1440686.473746151,1000.0,0.0,1.0,0.0,1.0,1.0,0.0,1.0,0.9989,0.0,0.9989,0.0,1000.0,0.0,1000.0,1000.0,1000.0,23.0,23.0,0.0,9.0,1001.1,31.19,0.0,540.0,0.0,0.0,0.0,0.0,1001.1,31.19,969.91,0.0,540.0,-540.0,1001.1,571.19,429.90999999999997,43526.23,61356.11,-17829.879999999997,0.9989,0.0,0.9989,0.9989,0.0,0.9989,643.5262538489822,1440.0,-796.4737461510178,724.5262538489824,1440.0,-715.4737461510176,743.5262538489822,1440.0,-696.4737461510178,1.0,0.0,1.0
50,10.0,1.0,2,3,1.2,752.5240352373265,700.9585883729338,51.5654468643927,752.5240352373265,700.9585883729338,51.5654468643927,1000.0,1000.0,1.0,1.0,0.0,1.0,1.0,0.0,1.0224,0.856,0.1664,0.0,0.0,0.0,0.0,1000.0,1000.0,23.0,23.0,0.0,9.0,978.05,31.19,0.0,540.0,0.0,597.05,0.0,597.05,978.05,628.24,349.80999999999995,0.0,540.0,-540.0,978.05,1168.24,-190.19000000000005,42524.02,87314.6,-44790.58000000001,1.0224,1.5918,-0.5694000000000001,1.0224,0.856,0.1664,642.5240352373265,645.9585554191221,-3.4345201817956195,723.5240352373268,686.458588372934,37.06544686439281,742.5240352373265,695.9585883729338,46.5654468643927,1.0,1.0,0.0
50,10.0,1.0,3,4,1.2,inf,inf,,1441440.0,1441440.0,0.0,0.0,0.0,0.0,0.0,0.0,0.0,0.0,0.0,0.0,0.0,0.0,1000.0,1000.0,1000.0,1000.0,1000.0,1000.0,0.0,0.0,0.0,0.0,0.0,0.0,0.0,0.0,0.0,0.0,0.0,0.0,0.0,0.0,0.0,0.0,0.0,0.0,0.0,0.0,0.0,0.0,0.0,0.0,0.0,0.0,0.0,0.0,0.0,0.0,1440.0,1440.0,0.0,1440.0,1440.0,0.0,1440.0,1440.0,0.0,0.0,0.0,0.0
50,10.0,1.0,4,5,1.2,752.9846201643397,696.1744686893275,56.810151475012276,752.9846201643397,696.1744686893275,56.810151475012276,1000.0,1000.0,1.0,1.0,0.0,1.0,1.0,0.0,1.0115,0.945,0.06650000000000011,0.0,0.0,0.0,0.0,1000.0,1000.0,23.0,23.0,0.0,9.0,988.65,31.19,0.0,540.0,0.0,487.01,0.0,487.01,988.65,518.2,470.44999999999993,0.0,540.0,-540.0,988.65,1058.2,-69.55000000000007,42984.6,82530.5,-39545.9,1.0115,1.9298,-0.9182999999999999,1.0115,0.945,0.06650000000000011,642.9846201643397,641.1744410415415,1.8101791227982176,723.98462016434,681.6744686893276,42.31015147501239,742.9846201643397,691.1744686893275,51.810151475012276,1.0,1.0,0.0
50,10.0,1.0,5,6,1.2,inf,inf,,1441440.0,1441440.0,0.0,0.0,0.0,0.0,0.0,0.0,0.0,0.0,0.0,0.0,0.0,0.0,1000.0,1000.0,1000.0,1000.0,1000.0,1000.0,0.0,23.0,0.0,9.0,0.0,31.19,0.0,540.0,0.0,0.0,0.0,0.0,0.0,31.19,-31.19,0.0,540.0,-540.0,0.0,571.19,-571.19,0.0,61356.11,-61356.11,0.0,0.0,0.0,0.0,0.0,0.0,1440.0,1440.0,0.0,1440.0,1440.0,0.0,1440.0,1440.0,0.0,0.0,0.0,0.0
50,10.0,1.0,6,7,1.2,752.9431676877244,700.2586599581538,52.68450772957067,752.9431676877244,700.2586599581538,52.68450772957067,1000.0,1000.0,1.0,1.0,0.0,1.0,1.0,0.0,1.0125,0.868,0.14449999999999996,0.0,0.0,0.0,0.0,1000.0,1000.0,23.0,23.0,0.0,9.0,987.69,31.19,0.0,540.0,0.0,580.95,0.0,580.95,987.69,612.14,375.55000000000007,0.0,540.0,-540.0,987.69,1152.14,-164.45000000000005,42943.15,86614.68,-43671.52999999999,1.0125,1.6336,-0.6211,1.0125,0.868,0.14449999999999996,642.9431676877244,645.258627987424,-2.3154602996995663,723.9431676877247,685.7586599581539,38.18450772957078,742.9431676877244,695.2586599581538,47.68450772957067,1.0,1.0,0.0
50,10.0,1.0,7,8,1.2,inf,inf,,1441440.0,1441440.0,0.0,0.0,0.0,0.0,0.0,0.0,0.0,0.0,0.0,0.0,0.0,0.0,1000.0,1000.0,1000.0,1000.0,1000.0,1000.0,0.0,23.0,0.0,9.0,0.0,31.19,0.0,540.0,0.0,0.0,0.0,0.0,0.0,31.19,-31.19,0.0,540.0,-540.0,0.0,571.19,-571.19,0.0,61356.11,-61356.11,0.0,0.0,0.0,0.0,0.0,0.0,1440.0,1440.0,0.0,1440.0,1440.0,0.0,1440.0,1440.0,0.0,0.0,0.0,0.0
50,10.0,1.0,8,9,1.2,754.0106496015634,696.0349748954934,57.97567470606998,754.0106496015634,696.0349748954934,57.97567470606998,1000.0,1000.0,1.0,1.0,0.0,1.0,1.0,0.0,0.9879,0.9479,0.040000000000000036,0.0,0.0,0.0,0.0,1000.0,1000.0,23.0,23.0,0.0,9.0,1012.24,31.19,0.0,540.0,0.0,483.8,0.0,483.8,1012.24,514.99,497.25,0.0,540.0,-540.0,1012.24,1054.99,-42.75,44010.63,82391.01,-38380.38,0.9879,1.9418,-0.9539,0.9879,0.9479,0.040000000000000036,644.0106496015634,641.0349489585966,2.9757006429667854,725.0106496015636,681.5349748954935,43.475674706070095,744.0106496015634,691.0349748954934,52.97567470606998,1.0,1.0,0.0
50,10.0,1.0,9,10,1.2,inf,inf,,1441440.0,1441440.0,0.0,0.0,0.0,0.0,0.0,0.0,0.0,0.0,0.0,0.0,0.0,0.0,1000.0,1000.0,1000.0,1000.0,1000.0,1000.0,0.0,23.0,0.0,9.0,0.0,31.19,0.0,540.0,0.0,0.0,0.0,0.0,0.0,31.19,-31.19,0.0,540.0,-540.0,0.0,571.19,-571.19,0.0,61356.11,-61356.11,0.0,0.0,0.0,0.0,0.0,0.0,1440.0,1440.0,0.0,1440.0,1440.0,0.0,1440.0,1440.0,0.0,0.0,0.0,0.0
50,10.0,1.0,10,11,1.2,753.5486640553657,696.0349748954934,57.51368915987234,753.5486640553657,696.0349748954934,57.51368915987234,1000.0,1000.0,1.0,1.0,0.0,1.0,1.0,0.0,0.9984,0.9479,0.05049999999999999,0.0,0.0,0.0,0.0,1000.0,1000.0,23.0,23.0,0.0,9.0,1001.62,31.19,0.0,540.0,0.0,483.8,0.0,483.8,1001.62,514.99,486.63,0.0,540.0,-540.0,1001.62,1054.99,-53.370000000000005,43548.64,82391.01,-38842.369999999995,0.9984,1.9418,-0.9434,0.9984,0.9479,0.05049999999999999,643.5486640553657,641.0349489585966,2.513715096769147,724.548664055366,681.5349748954935,43.013689159872456,743.5486640553657,691.0349748954934,52.51368915987234,1.0,1.0,0.0
50,10.0,1.0,11,12,1.2,752.674950326589,700.933978306757,51.74097201983204,752.674950326589,700.933978306757,51.74097201983204,1000.0,1000.0,1.0,1.0,0.0,1.0,1.0,0.0,1.0188,0.8564,0.16239999999999988,0.0,0.0,0.0,0.0,1000.0,1000.0,23.0,23.0,0.0,9.0,981.52,31.19,0.0,540.0,0.0,596.48,0.0,596.48,981.52,627.67,353.85,0.0,540.0,-540.0,981.52,1167.67,-186.1500000000001,42674.93,87290.0,-44615.07,1.0188,1.5932,-0.5744,1.0188,0.8564,0.16239999999999988,642.674950326589,645.9339464844287,-3.258996157839647,723.6749503265893,686.4339783067571,37.24097201983216,742.674950326589,695.933978306757,46.74097201983204,1.0,1.0,0.0
50,10.0,1.0,12,13,1.2,inf,inf,,1441440.0,1441440.0,0.0,0.0,0.0,0.0,0.0,0.0,0.0,0.0,0.0,0.0,0.0,0.0,1000.0,1000.0,1000.0,1000.0,1000.0,1000.0,0.0,23.0,0.0,9.0,0.0,31.19,0.0,540.0,0.0,0.0,0.0,0.0,0.0,31.19,-31.19,0.0,540.0,-540.0,0.0,571.19,-571.19,0.0,61356.11,-61356.11,0.0,0.0,0.0,0.0,0.0,0.0,1440.0,1440.0,0.0,1440.0,1440.0,0.0,1440.0,1440.0,0.0,0.0,0.0,0.0
50,10.0,1.0,13,14,1.2,752.5240352373265,inf,-inf,752.5240352373265,1441440.0,-1440687.4759647627,1000.0,0.0,1.0,0.0,1.0,1.0,0.0,1.0,1.0224,0.0,1.0224,0.0,1000.0,0.0,1000.0,1000.0,1000.0,23.0,23.0,0.0,9.0,978.05,31.19,0.0,540.0,0.0,0.0,0.0,0.0,978.05,31.19,946.8599999999999,0.0,540.0,-540.0,978.05,571.19,406.8599999999999,42524.02,61356.11,-18832.090000000004,1.0224,0.0,1.0224,1.0224,0.0,1.0224,642.5240352373265,1440.0,-797.4759647626735,723.5240352373268,1440.0,-716.4759647626732,742.5240352373265,1440.0,-697.4759647626735,1.0,0.0,1.0
50,10.0,1.0,14,15,1.2,756.0495741166286,696.0349748954934,60.0145992211352,756.0495741166286,696.0349748954934,60.0145992211352,1000.0,1000.0,1.0,1.0,0.0,1.0,1.0,0.0,0.9442,0.9479,-0.0036999999999999256,0.0,0.0,0.0,0.0,1000.0,1000.0,23.0,23.0,0.0,9.0,1059.14,31.19,0.0,540.0,0.0,483.8,0.0,483.8,1059.14,514.99,544.1500000000001,0.0,540.0,-540.0,1059.14,1054.99,4.150000000000091,46049.55,82391.01,-36341.45999999999,0.9442,1.9418,-0.9975999999999999,0.9442,0.9479,-0.0036999999999999256,646.0495741166286,641.0349489585966,5.014625158032004,727.0495741166288,681.5349748954935,45.51459922113531,746.0495741166286,691.0349748954934,55.0145992211352,1.0,1.0,0.0
50,10.0,1.0,15,16,1.2,752.5240352373265,696.0349748954934,56.489060341833124,752.5240352373265,696.0349748954934,56.489060341833124,1000.0,1000.0,1.0,1.0,0.0,1.0,1.0,0.0,1.0224,0.9479,0.07450000000000001,0.0,0.0,0.0,0.0,1000.0,1000.0,23.0,23.0,0.0,9.0,978.05,31.19,0.0,540.0,0.0,483.8,0.0,483.8,978.05,514.99,463.05999999999995,0.0,540.0,-540.0,978.05,1054.99,-76.94000000000005,42524.02,82391.01,-39866.99,1.0224,1.9418,-0.9194,1.0224,0.9479,0.07450000000000001,642.5240352373265,641.0349489585966,1.4890862787299284,723.5240352373268,681.5349748954935,41.98906034183324,742.5240352373265,691.0349748954934,51.489060341833124,1.0,1.0,0.0
50,10.0,1.0,16,17,1.2,752.5240352373265,696.0349771303399,56.48905810698659,752.5240352373265,696.0349771303399,56.48905810698659,1000.0,1000.0,1.0,1.0,0.0,1.0,1.0,0.0,1.0224,0.9479,0.07450000000000001,0.0,0.0,0.0,0.0,1000.0,1000.0,23.0,23.0,0.0,9.0,978.05,31.19,0.0,540.0,0.0,483.8,0.0,483.8,978.05,514.99,463.05999999999995,0.0,540.0,-540.0,978.05,1054.99,-76.94000000000005,42524.02,82391.01,-39866.99,1.0224,1.9418,-0.9194,1.0224,0.9479,0.07450000000000001,642.5240352373265,641.0349516079461,1.4890836293803886,723.5240352373268,681.53497713034,41.989058106986704,742.5240352373265,691.0349771303399,51.48905810698659,1.0,1.0,0.0
50,10.0,1.0,17,18,1.2,inf,inf,,1441440.0,1441440.0,0.0,0.0,0.0,0.0,0.0,0.0,0.0,0.0,0.0,0.0,0.0,0.0,1000.0,1000.0,1000.0,1000.0,1000.0,1000.0,0.0,0.0,0.0,0.0,0.0,0.0,0.0,0.0,0.0,0.0,0.0,0.0,0.0,0.0,0.0,0.0,0.0,0.0,0.0,0.0,0.0,0.0,0.0,0.0,0.0,0.0,0.0,0.0,0.0,0.0,1440.0,1440.0,0.0,1440.0,1440.0,0.0,1440.0,1440.0,0.0,0.0,0.0,0.0
50,10.0,1.0,18,19,1.2,753.4234173172056,inf,-inf,753.4234173172056,1441440.0,-1440686.5765826828,1000.0,0.0,1.0,0.0,1.0,1.0,0.0,1.0,1.0013,0.0,1.0013,0.0,1000.0,0.0,1000.0,1000.0,1000.0,23.0,23.0,0.0,9.0,998.74,31.19,0.0,540.0,0.0,0.0,0.0,0.0,998.74,31.19,967.55,0.0,540.0,-540.0,998.74,571.19,427.54999999999995,43423.4,61356.11,-17932.71,1.0013,0.0,1.0013,1.0013,0.0,1.0013,643.4234173172056,1440.0,-796.5765826827944,724.4234173172058,1440.0,-715.5765826827942,743.4234173172056,1440.0,-696.5765826827944,1.0,0.0,1.0
50,10.0,1.0,19,20,1.2,754.1040782245416,696.0349748954934,58.069103329048176,754.1040782245416,696.0349748954934,58.069103329048176,1000.0,1000.0,1.0,1.0,0.0,1.0,1.0,0.0,0.9858,0.9479,0.037900000000000045,0.0,0.0,0.0,0.0,1000.0,1000.0,23.0,23.0,0.0,9.0,1014.39,31.19,0.0,540.0,0.0,483.8,0.0,483.8,1014.39,514.99,499.4,0.0,540.0,-540.0,1014.39,1054.99,-40.60000000000002,44104.06,82391.01,-38286.95,0.9858,1.9418,-0.956,0.9858,0.9479,0.037900000000000045,644.1040782245416,641.0349489585966,3.06912926594498,725.1040782245418,681.5349748954935,43.56910332904829,744.1040782245416,691.0349748954934,53.069103329048176,1.0,1.0,0.0
50,10.0,2.0,0,1,1.2,inf,inf,,1441440.0,1441440.0,0.0,0.0,0.0,0.0,0.0,0.0,0.0,0.0,0.0,0.0,0.0,0.0,1000.0,1000.0,1000.0,1000.0,1000.0,1000.0,0.0,0.0,0.0,0.0,0.0,0.0,0.0,0.0,0.0,0.0,0.0,0.0,0.0,0.0,0.0,0.0,0.0,0.0,0.0,0.0,0.0,0.0,0.0,0.0,0.0,0.0,0.0,0.0,0.0,0.0,1440.0,1440.0,0.0,1440.0,1440.0,0.0,1440.0,1440.0,0.0,0.0,0.0,0.0
50,10.0,2.0,1,2,1.2,inf,inf,,1441440.0,1441440.0,0.0,0.0,0.0,0.0,0.0,0.0,0.0,0.0,0.0,0.0,0.0,0.0,1000.0,1000.0,1000.0,1000.0,1000.0,1000.0,0.0,23.0,0.0,9.0,0.0,31.19,0.0,540.0,0.0,0.0,0.0,0.0,0.0,31.19,-31.19,0.0,540.0,-540.0,0.0,571.19,-571.19,0.0,61356.11,-61356.11,0.0,0.0,0.0,0.0,0.0,0.0,1440.0,1440.0,0.0,1440.0,1440.0,0.0,1440.0,1440.0,0.0,0.0,0.0,0.0
50,10.0,2.0,2,3,1.2,754.1781662157337,705.9585883729338,48.21957784279982,754.1781662157337,705.9585883729338,48.21957784279982,1000.0,1000.0,1.0,1.0,0.0,1.0,1.0,0.0,0.9842,0.813,0.17120000000000002,0.0,0.0,0.0,0.0,1000.0,1000.0,23.0,23.0,0.0,8.0,1016.1,152.91,0.0,480.0,0.0,597.05,0.0,597.05,1016.1,749.95,266.15,0.0,480.0,-480.0,1016.1,1229.95,-213.85000000000002,44178.15,92606.6,-48428.450000000004,0.9842,1.3334,-0.34919999999999995,0.9842,0.813,0.17120000000000002,644.1781662157337,650.9585883729338,-6.780422157200178,725.1781662157339,691.458588372934,33.719577842799936,744.1781662157337,700.9585883729338,43.21957784279982,1.0,1.0,0.0
50,10.0,2.0,3,4,1.2,inf,inf,,1441440.0,1441440.0,0.0,0.0,0.0,0.0,0.0,0.0,0.0,0.0,0.0,0.0,0.0,0.0,1000.0,1000.0,1000.0,1000.0,1000.0,1000.0,0.0,0.0,0.0,0.0,0.0,0.0,0.0,0.0,0.0,0.0,0.0,0.0,0.0,0.0,0.0,0.0,0.0,0.0,0.0,0.0,0.0,0.0,0.0,0.0,0.0,0.0,0.0,0.0,0.0,0.0,1440.0,1440.0,0.0,1440.0,1440.0,0.0,1440.0,1440.0,0.0,0.0,0.0,0.0
50,10.0,2.0,4,5,1.2,755.2008691231597,inf,-inf,755.2008691231597,1441440.0,-1440684.7991308768,1000.0,0.0,1.0,0.0,1.0,1.0,0.0,1.0,0.9619,0.0,0.9619,0.0,1000.0,0.0,1000.0,1000.0,1000.0,23.0,23.0,0.0,9.0,1039.62,31.19,0.0,540.0,0.0,0.0,0.0,0.0,1039.62,31.19,1008.4299999999998,0.0,540.0,-540.0,1039.62,571.19,468.42999999999984,45200.85,61356.11,-16155.260000000002,0.9619,0.0,0.9619,0.9619,0.0,0.9619,645.2008691231597,1440.0,-794.7991308768403,726.2008691231599,1440.0,-713.7991308768401,745.2008691231597,1440.0,-694.7991308768403,1.0,0.0,1.0
50,10.0,2.0,5,6,1.2,inf,inf,,1441440.0,1441440.0,0.0,0.0,0.0,0.0,0.0,0.0,0.0,0.0,0.0,0.0,0.0,0.0,1000.0,1000.0,1000.0,1000.0,1000.0,1000.0,0.0,23.0,0.0,9.0,0.0,31.19,0.0,540.0,0.0,0.0,0.0,0.0,0.0,31.19,-31.19,0.0,540.0,-540.0,0.0,571.19,-571.19,0.0,61356.11,-61356.11,0.0,0.0,0.0,0.0,0.0,0.0,1440.0,1440.0,0.0,1440.0,1440.0,0.0,1440.0,1440.0,0.0,0.0,0.0,0.0
50,10.0,2.0,6,7,1.2,inf,inf,,1441440.0,1441440.0,0.0,0.0,0.0,0.0,0.0,0.0,0.0,0.0,0.0,0.0,0.0,0.0,1000.0,1000.0,1000.0,1000.0,1000.0,1000.0,0.0,0.0,0.0,0.0,0.0,0.0,0.0,0.0,0.0,0.0,0.0,0.0,0.0,0.0,0.0,0.0,0.0,0.0,0.0,0.0,0.0,0.0,0.0,0.0,0.0,0.0,0.0,0.0,0.0,0.0,1440.0,1440.0,0.0,1440.0,1440.0,0.0,1440.0,1440.0,0.0,0.0,0.0,0.0
50,10.0,2.0,7,8,1.2,inf,inf,,1441440.0,1441440.0,0.0,0.0,0.0,0.0,0.0,0.0,0.0,0.0,0.0,0.0,0.0,0.0,1000.0,1000.0,1000.0,1000.0,1000.0,1000.0,0.0,23.0,0.0,9.0,0.0,31.19,0.0,540.0,0.0,0.0,0.0,0.0,0.0,31.19,-31.19,0.0,540.0,-540.0,0.0,571.19,-571.19,0.0,61356.11,-61356.11,0.0,0.0,0.0,0.0,0.0,0.0,1440.0,1440.0,0.0,1440.0,1440.0,0.0,1440.0,1440.0,0.0,0.0,0.0,0.0
50,10.0,2.0,8,9,1.2,756.0496784827145,inf,-inf,756.0496784827145,1441440.0,-1440683.9503215172,1000.0,0.0,1.0,0.0,1.0,1.0,0.0,1.0,0.9442,0.0,0.9442,0.0,1000.0,0.0,1000.0,1000.0,1000.0,23.0,23.0,0.0,8.0,1059.14,166.91,0.0,480.0,0.0,0.0,0.0,0.0,1059.14,166.91,892.2300000000001,0.0,480.0,-480.0,1059.14,646.91,412.23000000000013,46049.65,67256.94,-21207.29,0.9442,0.0,0.9442,0.9442,0.0,0.9442,646.0496784827145,1440.0,-793.9503215172855,727.0496784827147,1440.0,-712.9503215172853,746.0496784827145,1440.0,-693.9503215172855,1.0,0.0,1.0
50,10.0,2.0,9,10,1.2,inf,inf,,1441440.0,1441440.0,0.0,0.0,0.0,0.0,0.0,0.0,0.0,0.0,0.0,0.0,0.0,0.0,1000.0,1000.0,1000.0,1000.0,1000.0,1000.0,0.0,23.0,0.0,9.0,0.0,31.19,0.0,540.0,0.0,0.0,0.0,0.0,0.0,31.19,-31.19,0.0,540.0,-540.0,0.0,571.19,-571.19,0.0,61356.11,-61356.11,0.0,0.0,0.0,0.0,0.0,0.0,1440.0,1440.0,0.0,1440.0,1440.0,0.0,1440.0,1440.0,0.0,0.0,0.0,0.0
50,10.0,2.0,10,11,1.2,754.6896783083668,inf,-inf,754.6896783083668,1441440.0,-1440685.3103216917,1000.0,0.0,1.0,0.0,1.0,1.0,0.0,1.0,0.9729,0.0,0.9729,0.0,1000.0,0.0,1000.0,1000.0,1000.0,23.0,23.0,0.0,9.0,1027.86,31.19,0.0,540.0,0.0,0.0,0.0,0.0,1027.86,31.19,996.6699999999998,0.0,540.0,-540.0,1027.86,571.19,456.66999999999985,44689.66,61356.11,-16666.449999999997,0.9729,0.0,0.9729,0.9729,0.0,0.9729,644.6896783083668,1440.0,-795.3103216916332,725.689678308367,1440.0,-714.310321691633,744.6896783083668,1440.0,-695.3103216916332,1.0,0.0,1.0
50,10.0,2.0,11,12,1.2,753.9809202918601,700.9585883729338,53.022331918926284,753.9809202918601,700.9585883729338,53.022331918926284,1000.0,1000.0,1.0,1.0,0.0,1.0,1.0,0.0,0.9886,0.856,0.13260000000000005,0.0,0.0,0.0,0.0,1000.0,1000.0,23.0,23.0,0.0,9.0,1011.56,31.19,0.0,540.0,0.0,597.05,0.0,597.05,1011.56,628.24,383.31999999999994,0.0,540.0,-540.0,1011.56,1168.24,-156.68000000000006,43980.9,87314.6,-43333.700000000004,0.9886,1.5918,-0.6032000000000001,0.9886,0.856,0.13260000000000005,643.9809202918601,645.9585554191221,-1.9776351272620332,724.9809202918603,686.458588372934,38.5223319189264,743.9809202918601,695.9585883729338,48.022331918926284,1.0,1.0,0.0
50,10.0,2.0,12,13,1.2,inf,inf,,1441440.0,1441440.0,0.0,0.0,0.0,0.0,0.0,0.0,0.0,0.0,0.0,0.0,0.0,0.0,1000.0,1000.0,1000.0,1000.0,1000.0,1000.0,0.0,23.0,0.0,9.0,0.0,31.19,0.0,540.0,0.0,0.0,0.0,0.0,0.0,31.19,-31.19,0.0,540.0,-540.0,0.0,571.19,-571.19,0.0,61356.11,-61356.11,0.0,0.0,0.0,0.0,0.0,0.0,1440.0,1440.0,0.0,1440.0,1440.0,0.0,1440.0,1440.0,0.0,0.0,0.0,0.0
50,10.0,2.0,13,14,1.2,756.4888152115722,inf,-inf,756.4888152115722,1441440.0,-1440683.5111847885,1000.0,0.0,1.0,0.0,1.0,1.0,0.0,1.0,0.9352,0.0,0.9352,0.0,1000.0,0.0,1000.0,1000.0,1000.0,23.0,23.0,0.0,9.0,1069.24,31.19,0.0,540.0,0.0,0.0,0.0,0.0,1069.24,31.19,1038.05,0.0,540.0,-540.0,1069.24,571.19,498.04999999999995,46488.8,61356.11,-14867.309999999998,0.9352,0.0,0.9352,0.9352,0.0,0.9352,646.4888152115722,1440.0,-793.5111847884278,727.4888152115724,1440.0,-712.5111847884276,746.4888152115722,1440.0,-693.5111847884278,1.0,0.0,1.0
50,10.0,2.0,14,15,1.2,inf,inf,,1441440.0,1441440.0,0.0,0.0,0.0,0.0,0.0,0.0,0.0,0.0,0.0,0.0,0.0,0.0,1000.0,1000.0,1000.0,1000.0,1000.0,1000.0,0.0,0.0,0.0,0.0,0.0,0.0,0.0,0.0,0.0,0.0,0.0,0.0,0.0,0.0,0.0,0.0,0.0,0.0,0.0,0.0,0.0,0.0,0.0,0.0,0.0,0.0,0.0,0.0,0.0,0.0,1440.0,1440.0,0.0,1440.0,1440.0,0.0,1440.0,1440.0,0.0,0.0,0.0,0.0
50,10.0,2.0,15,16,1.2,753.9364023143655,inf,-inf,753.9364023143655,1441440.0,-1440686.0635976857,1000.0,0.0,1.0,0.0,1.0,1.0,0.0,1.0,0.9896,0.0,0.9896,0.0,1000.0,0.0,1000.0,1000.0,1000.0,23.0,23.0,0.0,9.0,1010.54,31.19,0.0,540.0,0.0,0.0,0.0,0.0,1010.54,31.19,979.3499999999999,0.0,540.0,-540.0,1010.54,571.19,439.3499999999999,43936.38,61356.11,-17419.730000000003,0.9896,0.0,0.9896,0.9896,0.0,0.9896,643.9364023143655,1440.0,-796.0635976856345,724.9364023143658,1440.0,-715.0635976856342,743.9364023143655,1440.0,-696.0635976856345,1.0,0.0,1.0
50,10.0,2.0,16,17,1.2,752.5240352373265,inf,-inf,752.5240352373265,1441440.0,-1440687.4759647627,1000.0,0.0,1.0,0.0,1.0,1.0,0.0,1.0,1.0224,0.0,1.0224,0.0,1000.0,0.0,1000.0,1000.0,1000.0,23.0,23.0,0.0,9.0,978.05,31.19,0.0,540.0,0.0,0.0,0.0,0.0,978.05,31.19,946.8599999999999,0.0,540.0,-540.0,978.05,571.19,406.8599999999999,42524.02,61356.11,-18832.090000000004,1.0224,0.0,1.0224,1.0224,0.0,1.0224,642.5240352373265,1440.0,-797.4759647626735,723.5240352373268,1440.0,-716.4759647626732,742.5240352373265,1440.0,-697.4759647626735,1.0,0.0,1.0
50,10.0,2.0,17,18,1.2,inf,inf,,1441440.0,1441440.0,0.0,0.0,0.0,0.0,0.0,0.0,0.0,0.0,0.0,0.0,0.0,0.0,1000.0,1000.0,1000.0,1000.0,1000.0,1000.0,0.0,0.0,0.0,0.0,0.0,0.0,0.0,0.0,0.0,0.0,0.0,0.0,0.0,0.0,0.0,0.0,0.0,0.0,0.0,0.0,0.0,0.0,0.0,0.0,0.0,0.0,0.0,0.0,0.0,0.0,1440.0,1440.0,0.0,1440.0,1440.0,0.0,1440.0,1440.0,0.0,0.0,0.0,0.0
50,10.0,2.0,18,19,1.2,754.837311059766,inf,-inf,754.837311059766,1441440.0,-1440685.1626889403,1000.0,0.0,1.0,0.0,1.0,1.0,0.0,1.0,0.9697,0.0,0.9697,0.0,1000.0,0.0,1000.0,1000.0,1000.0,23.0,23.0,0.0,9.0,1031.26,31.19,0.0,540.0,0.0,0.0,0.0,0.0,1031.26,31.19,1000.0699999999999,0.0,540.0,-540.0,1031.26,571.19,460.06999999999994,44837.29,61356.11,-16518.82,0.9697,0.0,0.9697,0.9697,0.0,0.9697,644.837311059766,1440.0,-795.162688940234,725.8373110597662,1440.0,-714.1626889402338,744.837311059766,1440.0,-695.162688940234,1.0,0.0,1.0
50,10.0,2.0,19,20,1.2,759.8289166535676,inf,-inf,759.8289166535676,1441440.0,-1440680.1710833465,1000.0,0.0,1.0,0.0,1.0,1.0,0.0,1.0,0.8726,0.0,0.8726,0.0,1000.0,0.0,1000.0,1000.0,1000.0,23.0,23.0,0.0,9.0,1146.06,31.19,0.0,540.0,0.0,0.0,0.0,0.0,1146.06,31.19,1114.87,0.0,540.0,-540.0,1146.06,571.19,574.8699999999999,49828.89,61356.11,-11527.220000000001,0.8726,0.0,0.8726,0.8726,0.0,0.8726,649.8289166535676,1440.0,-790.1710833464324,730.8289166535678,1440.0,-709.1710833464322,749.8289166535676,1440.0,-690.1710833464324,1.0,0.0,1.0
80,3.0,0.5,0,1,1.2,594.9437233656265,696.0349748954934,-101.0912515298669,594.9437233656265,696.0349748954934,-101.0912515298669,1000.0,1000.0,1.0,1.0,0.0,1.0,1.0,0.0,0.9703,0.9479,0.022400000000000087,0.0,0.0,0.0,0.0,1000.0,1000.0,24.0,23.0,0.0,9.0,1030.64,31.19,0.0,540.0,0.0,483.8,0.0,483.8,1030.64,514.99,515.6500000000001,0.0,540.0,-540.0,1030.64,1054.99,-24.34999999999991,42943.41,82391.01,-39447.59999999999,0.9703,1.9418,-0.9714999999999999,0.9703,0.9479,0.022400000000000087,561.9434197920257,641.0349489585966,-79.09152916657092,585.9437233656265,681.5349748954935,-95.59125152986701,591.9437233656265,691.0349748954934,-99.0912515298669,1.0,1.0,0.0
80,3.0,0.5,1,2,1.2,594.875845136541,696.0349748954934,-101.15912975895242,594.875845136541,696.0349748954934,-101.15912975895242,1000.0,1000.0,1.0,1.0,0.0,1.0,1.0,0.0,1.0141,0.9479,0.06620000000000004,0.0,0.0,0.0,0.0,1000.0,1000.0,23.0,23.0,0.0,9.0,986.14,31.19,0.0,540.0,0.0,483.8,0.0,483.8,986.14,514.99,471.15,0.0,540.0,-540.0,986.14,1054.99,-68.85000000000002,42875.56,82391.01,-39515.45,1.0141,1.9418,-0.9277,1.0141,0.9479,0.06620000000000004,561.8755607761644,641.0349489585966,-79.15938818243217,586.175845136541,681.5349748954935,-95.35912975895246,591.875845136541,691.0349748954934,-99.15912975895242,1.0,1.0,0.0
80,3.0,0.5,2,3,1.2,594.5244746138139,700.9585883729338,-106.4341137591199,594.5244746138139,700.9585883729338,-106.4341137591199,1000.0,1000.0,1.0,1.0,0.0,1.0,1.0,0.0,0.9798,0.856,0.12380000000000002,0.0,0.0,0.0,0.0,1000.0,1000.0,24.0,23.0,0.0,9.0,1020.58,31.19,0.0,540.0,0.0,597.05,0.0,597.05,1020.58,628.24,392.34000000000003,0.0,540.0,-540.0,1020.58,1168.24,-147.65999999999997,42524.23,87314.6,-44790.37,0.9798,1.5918,-0.6120000000000001,0.9798,0.856,0.12380000000000002,561.524234577091,645.9585554191221,-84.43432084203118,585.5244746138139,686.458588372934,-100.93411375912001,591.5244746138139,695.9585883729338,-104.4341137591199,1.0,1.0,0.0
80,3.0,0.5,3,4,1.2,inf,inf,,1441440.0,1441440.0,0.0,0.0,0.0,0.0,0.0,0.0,0.0,0.0,0.0,0.0,0.0,0.0,1000.0,1000.0,1000.0,1000.0,1000.0,1000.0,0.0,0.0,0.0,0.0,0.0,0.0,0.0,0.0,0.0,0.0,0.0,0.0,0.0,0.0,0.0,0.0,0.0,0.0,0.0,0.0,0.0,0.0,0.0,0.0,0.0,0.0,0.0,0.0,0.0,0.0,1440.0,1440.0,0.0,1440.0,1440.0,0.0,1440.0,1440.0,0.0,0.0,0.0,0.0
80,3.0,0.5,4,5,1.2,594.9850827576796,696.0349748954934,-101.0498921378138,594.9850827576796,696.0349748954934,-101.0498921378138,1000.0,1000.0,1.0,1.0,0.0,1.0,1.0,0.0,0.9693,0.9479,0.021400000000000086,0.0,0.0,0.0,0.0,1000.0,1000.0,24.0,23.0,0.0,9.0,1031.64,31.19,0.0,540.0,0.0,483.8,0.0,483.8,1031.64,514.99,516.6500000000001,0.0,540.0,-540.0,1031.64,1054.99,-23.34999999999991,42984.82,82391.01,-39406.189999999995,0.9693,1.9418,-0.9724999999999999,0.9693,0.9479,0.021400000000000086,561.9848300373077,641.0349489585966,-79.05011892128891,585.9850827576796,681.5349748954935,-95.54989213781391,591.9850827576796,691.0349748954934,-99.0498921378138,1.0,1.0,0.0
80,3.0,0.5,5,6,1.2,inf,inf,,1441440.0,1441440.0,0.0,0.0,0.0,0.0,0.0,0.0,0.0,0.0,0.0,0.0,0.0,0.0,1000.0,1000.0,1000.0,1000.0,1000.0,1000.0,0.0,23.0,0.0,9.0,0.0,31.19,0.0,540.0,0.0,0.0,0.0,0.0,0.0,31.19,-31.19,0.0,540.0,-540.0,0.0,571.19,-571.19,0.0,61356.11,-61356.11,0.0,0.0,0.0,0.0,0.0,0.0,1440.0,1440.0,0.0,1440.0,1440.0,0.0,1440.0,1440.0,0.0,0.0,0.0,0.0
80,3.0,0.5,6,7,1.2,594.5244746138139,700.2586599581538,-105.73418534433983,594.5244746138139,700.2586599581538,-105.73418534433983,1000.0,1000.0,1.0,1.0,0.0,1.0,1.0,0.0,0.9798,0.868,0.11180000000000001,0.0,0.0,0.0,0.0,1000.0,1000.0,24.0,23.0,0.0,9.0,1020.58,31.19,0.0,540.0,0.0,580.95,0.0,580.95,1020.58,612.14,408.44000000000005,0.0,540.0,-540.0,1020.58,1152.14,-131.56000000000006,42524.23,86614.68,-44090.44999999999,0.9798,1.6336,-0.6537999999999999,0.9798,0.868,0.11180000000000001,561.524234577091,645.258627987424,-83.73439341033304,585.5244746138139,685.7586599581539,-100.23418534433995,591.5244746138139,695.2586599581538,-103.73418534433983,1.0,1.0,0.0
80,3.0,0.5,7,8,1.2,inf,inf,,1441440.0,1441440.0,0.0,0.0,0.0,0.0,0.0,0.0,0.0,0.0,0.0,0.0,0.0,0.0,1000.0,1000.0,1000.0,1000.0,1000.0,1000.0,0.0,23.0,0.0,9.0,0.0,31.19,0.0,540.0,0.0,0.0,0.0,0.0,0.0,31.19,-31.19,0.0,540.0,-540.0,0.0,571.19,-571.19,0.0,61356.11,-61356.11,0.0,0.0,0.0,0.0,0.0,0.0,1440.0,1440.0,0.0,1440.0,1440.0,0.0,1440.0,1440.0,0.0,0.0,0.0,0.0
80,3.0,0.5,8,9,1.2,594.5244746138139,696.0349748954934,-101.51050028167947,594.5244746138139,696.0349748954934,-101.51050028167947,1000.0,1000.0,1.0,1.0,0.0,1.0,1.0,0.0,0.9798,0.9479,0.03190000000000004,0.0,0.0,0.0,0.0,1000.0,1000.0,24.0,23.0,0.0,9.0,1020.58,31.19,0.0,540.0,0.0,483.8,0.0,483.8,1020.58,514.99,505.59000000000003,0.0,540.0,-540.0,1020.58,1054.99,-34.40999999999997,42524.23,82391.01,-39866.77999999999,0.9798,1.9418,-0.962,0.9798,0.9479,0.03190000000000004,561.524234577091,641.0349489585966,-79.51071438150564,585.5244746138139,681.5349748954935,-96.01050028167958,591.5244746138139,691.0349748954934,-99.51050028167947,1.0,1.0,0.0
80,3.0,0.5,9,10,1.2,594.5244746138139,696.0349748954934,-101.51050028167947,594.5244746138139,696.0349748954934,-101.51050028167947,1000.0,1000.0,1.0,1.0,0.0,1.0,1.0,0.0,0.9798,0.9479,0.03190000000000004,0.0,0.0,0.0,0.0,1000.0,1000.0,24.0,23.0,0.0,9.0,1020.58,31.19,0.0,540.0,0.0,483.8,0.0,483.8,1020.58,514.99,505.59000000000003,0.0,540.0,-540.0,1020.58,1054.99,-34.40999999999997,42524.23,82391.01,-39866.77999999999,0.9798,1.9418,-0.962,0.9798,0.9479,0.03190000000000004,561.524234577091,641.0349489585966,-79.51071438150564,585.5244746138139,681.5349748954935,-96.01050028167958,591.5244746138139,691.0349748954934,-99.51050028167947,1.0,1.0,0.0
80,3.0,0.5,10,11,1.2,595.5492800733738,696.0349748954934,-100.48569482211963,595.5492800733738,696.0349748954934,-100.48569482211963,1000.0,1000.0,1.0,1.0,0.0,1.0,1.0,0.0,0.9984,0.9479,0.05049999999999999,0.0,0.0,0.0,0.0,1000.0,1000.0,23.0,23.0,0.0,9.0,1001.62,31.19,0.0,540.0,0.0,483.8,0.0,483.8,1001.62,514.99,486.63,0.0,540.0,-540.0,1001.62,1054.99,-53.370000000000005,43548.9,82391.01,-38842.10999999999,0.9984,1.9418,-0.9434,0.9984,0.9479,0.05049999999999999,562.5489002805878,641.0349489585966,-78.48604867800884,586.8492800733738,681.5349748954935,-94.68569482211967,592.5492800733738,691.0349748954934,-98.48569482211963,1.0,1.0,0.0
80,3.0,0.5,11,12,1.2,594.5244746138139,700.933978306757,-106.40950369294308,594.5244746138139,700.933978306757,-106.40950369294308,1000.0,1000.0,1.0,1.0,0.0,1.0,1.0,0.0,1.0224,0.8564,0.16599999999999993,0.0,0.0,0.0,0.0,1000.0,1000.0,23.0,23.0,0.0,9.0,978.06,31.19,0.0,540.0,0.0,596.48,0.0,596.48,978.06,627.67,350.39,0.0,540.0,-540.0,978.06,1167.67,-189.61000000000013,42524.2,87290.0,-44765.8,1.0224,1.5932,-0.5708,1.0224,0.8564,0.16599999999999993,561.5242037255962,645.9339464844287,-84.40974275883252,585.824474613814,686.4339783067571,-100.60950369294312,591.5244746138139,695.933978306757,-104.40950369294308,1.0,1.0,0.0
80,3.0,0.5,12,13,1.2,594.9437233656265,696.0349748954934,-101.0912515298669,594.9437233656265,696.0349748954934,-101.0912515298669,1000.0,1000.0,1.0,1.0,0.0,1.0,1.0,0.0,0.9703,0.9479,0.022400000000000087,0.0,0.0,0.0,0.0,1000.0,1000.0,24.0,23.0,0.0,9.0,1030.64,31.19,0.0,540.0,0.0,483.8,0.0,483.8,1030.64,514.99,515.6500000000001,0.0,540.0,-540.0,1030.64,1054.99,-24.34999999999991,42943.41,82391.01,-39447.59999999999,0.9703,1.9418,-0.9714999999999999,0.9703,0.9479,0.022400000000000087,561.9434197920257,641.0349489585966,-79.09152916657092,585.9437233656265,681.5349748954935,-95.59125152986701,591.9437233656265,691.0349748954934,-99.0912515298669,1.0,1.0,0.0
80,3.0,0.5,13,14,1.2,594.5244746138139,696.0349748954934,-101.51050028167947,594.5244746138139,696.0349748954934,-101.51050028167947,1000.0,1000.0,1.0,1.0,0.0,1.0,1.0,0.0,0.9798,0.9479,0.03190000000000004,0.0,0.0,0.0,0.0,1000.0,1000.0,24.0,23.0,0.0,9.0,1020.58,31.19,0.0,540.0,0.0,483.8,0.0,483.8,1020.58,514.99,505.59000000000003,0.0,540.0,-540.0,1020.58,1054.99,-34.40999999999997,42524.23,82391.01,-39866.77999999999,0.9798,1.9418,-0.962,0.9798,0.9479,0.03190000000000004,561.524234577091,641.0349489585966,-79.51071438150564,585.5244746138139,681.5349748954935,-96.01050028167958,591.5244746138139,691.0349748954934,-99.51050028167947,1.0,1.0,0.0
80,3.0,0.5,14,15,1.2,598.0501219373559,696.0349748954934,-97.98485295813748,598.0501219373559,696.0349748954934,-97.98485295813748,1000.0,1000.0,1.0,1.0,0.0,1.0,1.0,0.0,0.9442,0.9479,-0.0036999999999999256,0.0,0.0,0.0,0.0,1000.0,1000.0,23.0,23.0,0.0,9.0,1059.15,31.19,0.0,540.0,0.0,483.8,0.0,483.8,1059.15,514.99,544.1600000000001,0.0,540.0,-540.0,1059.15,1054.99,4.160000000000082,46049.78,82391.01,-36341.229999999996,0.9442,1.9418,-0.9975999999999999,0.9442,0.9479,-0.0036999999999999256,565.0497841901513,641.0349489585966,-75.98516476844532,589.350121937356,681.5349748954935,-92.18485295813753,595.0501219373559,691.0349748954934,-95.98485295813748,1.0,1.0,0.0
80,3.0,0.5,15,16,1.2,594.5244746138139,696.0349748954934,-101.51050028167947,594.5244746138139,696.0349748954934,-101.51050028167947,1000.0,1000.0,1.0,1.0,0.0,1.0,1.0,0.0,0.9798,0.9479,0.03190000000000004,0.0,0.0,0.0,0.0,1000.0,1000.0,24.0,23.0,0.0,9.0,1020.58,31.19,0.0,540.0,0.0,483.8,0.0,483.8,1020.58,514.99,505.59000000000003,0.0,540.0,-540.0,1020.58,1054.99,-34.40999999999997,42524.23,82391.01,-39866.77999999999,0.9798,1.9418,-0.962,0.9798,0.9479,0.03190000000000004,561.524234577091,641.0349489585966,-79.51071438150564,585.5244746138139,681.5349748954935,-96.01050028167958,591.5244746138139,691.0349748954934,-99.51050028167947,1.0,1.0,0.0
80,3.0,0.5,16,17,1.2,594.5244746138139,696.0349771303399,-101.510502516526,594.5244746138139,696.0349771303399,-101.510502516526,1000.0,1000.0,1.0,1.0,0.0,1.0,1.0,0.0,1.0224,0.9479,0.07450000000000001,0.0,0.0,0.0,0.0,1000.0,1000.0,23.0,23.0,0.0,9.0,978.06,31.19,0.0,540.0,0.0,483.8,0.0,483.8,978.06,514.99,463.06999999999994,0.0,540.0,-540.0,978.06,1054.99,-76.93000000000006,42524.2,82391.01,-39866.81,1.0224,1.9418,-0.9194,1.0224,0.9479,0.07450000000000001,561.5242037255962,641.0349516079461,-79.51074788234996,585.824474613814,681.53497713034,-95.71050251652605,591.5244746138139,691.0349771303399,-99.510502516526,1.0,1.0,0.0
80,3.0,0.5,17,18,1.2,inf,inf,,1441440.0,1441440.0,0.0,0.0,0.0,0.0,0.0,0.0,0.0,0.0,0.0,0.0,0.0,0.0,1000.0,1000.0,1000.0,1000.0,1000.0,1000.0,0.0,0.0,0.0,0.0,0.0,0.0,0.0,0.0,0.0,0.0,0.0,0.0,0.0,0.0,0.0,0.0,0.0,0.0,0.0,0.0,0.0,0.0,0.0,0.0,0.0,0.0,0.0,0.0,0.0,0.0,1440.0,1440.0,0.0,1440.0,1440.0,0.0,1440.0,1440.0,0.0,0.0,0.0,0.0
80,3.0,0.5,18,19,1.2,594.5244746138139,inf,-inf,594.5244746138139,1441440.0,-1440845.4755253862,1000.0,0.0,1.0,0.0,1.0,1.0,0.0,1.0,0.9798,0.0,0.9798,0.0,1000.0,0.0,1000.0,1000.0,1000.0,24.0,23.0,0.0,9.0,1020.58,31.19,0.0,540.0,0.0,0.0,0.0,0.0,1020.58,31.19,989.39,0.0,540.0,-540.0,1020.58,571.19,449.39,42524.23,61356.11,-18831.879999999997,0.9798,0.0,0.9798,0.9798,0.0,0.9798,561.524234577091,1440.0,-878.475765422909,585.5244746138139,1440.0,-854.4755253861861,591.5244746138139,1440.0,-848.4755253861861,1.0,0.0,1.0
80,3.0,0.5,19,20,1.2,594.5244746138139,696.0349748954934,-101.51050028167947,594.5244746138139,696.0349748954934,-101.51050028167947,1000.0,1000.0,1.0,1.0,0.0,1.0,1.0,0.0,0.9798,0.9479,0.03190000000000004,0.0,0.0,0.0,0.0,1000.0,1000.0,24.0,23.0,0.0,9.0,1020.58,31.19,0.0,540.0,0.0,483.8,0.0,483.8,1020.58,514.99,505.59000000000003,0.0,540.0,-540.0,1020.58,1054.99,-34.40999999999997,42524.23,82391.01,-39866.77999999999,0.9798,1.9418,-0.962,0.9798,0.9479,0.03190000000000004,561.524234577091,641.0349489585966,-79.51071438150564,585.5244746138139,681.5349748954935,-96.01050028167958,591.5244746138139,691.0349748954934,-99.51050028167947,1.0,1.0,0.0
80,3.0,1.0,0,1,1.2,595.3920021235192,696.0349748954934,-100.6429727719742,595.3920021235192,696.0349748954934,-100.6429727719742,1000.0,1000.0,1.0,1.0,0.0,1.0,1.0,0.0,0.9602,0.9479,0.012300000000000089,0.0,0.0,0.0,0.0,1000.0,1000.0,24.0,23.0,0.0,9.0,1041.4,31.19,0.0,540.0,0.0,483.8,0.0,483.8,1041.4,514.99,526.4100000000001,0.0,540.0,-540.0,1041.4,1054.99,-13.589999999999918,43391.72,82391.01,-38999.28999999999,0.9602,1.9418,-0.9815999999999999,0.9602,0.9479,0.012300000000000089,562.3917264781223,641.0349489585966,-78.64322248047426,586.3920021235192,681.5349748954935,-95.14297277197431,592.3920021235192,691.0349748954934,-98.6429727719742,1.0,1.0,0.0
80,3.0,1.0,1,2,1.2,595.5268298806967,inf,-inf,595.5268298806967,1441440.0,-1440844.4731701193,1000.0,0.0,1.0,0.0,1.0,1.0,0.0,1.0,0.9989,0.0,0.9989,0.0,1000.0,0.0,1000.0,1000.0,1000.0,23.0,23.0,0.0,9.0,1001.11,31.19,0.0,540.0,0.0,0.0,0.0,0.0,1001.11,31.19,969.92,0.0,540.0,-540.0,1001.11,571.19,429.91999999999996,43526.47,61356.11,-17829.64,0.9989,0.0,0.9989,0.9989,0.0,0.9989,562.5264747406088,1440.0,-877.4735252593912,586.8268298806968,1440.0,-853.1731701193032,592.5268298806967,1440.0,-847.4731701193033,1.0,0.0,1.0
80,3.0,1.0,2,3,1.2,594.5244746138139,700.9585883729338,-106.4341137591199,594.5244746138139,700.9585883729338,-106.4341137591199,1000.0,1000.0,1.0,1.0,0.0,1.0,1.0,0.0,0.9798,0.856,0.12380000000000002,0.0,0.0,0.0,0.0,1000.0,1000.0,24.0,23.0,0.0,9.0,1020.58,31.19,0.0,540.0,0.0,597.05,0.0,597.05,1020.58,628.24,392.34000000000003,0.0,540.0,-540.0,1020.58,1168.24,-147.65999999999997,42524.23,87314.6,-44790.37,0.9798,1.5918,-0.6120000000000001,0.9798,0.856,0.12380000000000002,561.524234577091,645.9585554191221,-84.43432084203118,585.5244746138139,686.458588372934,-100.93411375912001,591.5244746138139,695.9585883729338,-104.4341137591199,1.0,1.0,0.0
80,3.0,1.0,3,4,1.2,inf,inf,,1441440.0,1441440.0,0.0,0.0,0.0,0.0,0.0,0.0,0.0,0.0,0.0,0.0,0.0,0.0,1000.0,1000.0,1000.0,1000.0,1000.0,1000.0,0.0,0.0,0.0,0.0,0.0,0.0,0.0,0.0,0.0,0.0,0.0,0.0,0.0,0.0,0.0,0.0,0.0,0.0,0.0,0.0,0.0,0.0,0.0,0.0,0.0,0.0,0.0,0.0,0.0,0.0,1440.0,1440.0,0.0,1440.0,1440.0,0.0,1440.0,1440.0,0.0,0.0,0.0,0.0
80,3.0,1.0,4,5,1.2,594.9850827576796,696.1744686893275,-101.18938593164785,594.9850827576796,696.1744686893275,-101.18938593164785,1000.0,1000.0,1.0,1.0,0.0,1.0,1.0,0.0,0.9693,0.945,0.0243000000000001,0.0,0.0,0.0,0.0,1000.0,1000.0,24.0,23.0,0.0,9.0,1031.64,31.19,0.0,540.0,0.0,487.01,0.0,487.01,1031.64,518.2,513.44,0.0,540.0,-540.0,1031.64,1058.2,-26.559999999999945,42984.82,82530.5,-39545.68,0.9693,1.9298,-0.9604999999999999,0.9693,0.945,0.0243000000000001,561.9848300373077,641.1744410415415,-79.18961100423383,585.9850827576796,681.6744686893276,-95.68938593164796,591.9850827576796,691.1744686893275,-99.18938593164785,1.0,1.0,0.0
80,3.0,1.0,5,6,1.2,inf,inf,,1441440.0,1441440.0,0.0,0.0,0.0,0.0,0.0,0.0,0.0,0.0,0.0,0.0,0.0,0.0,1000.0,1000.0,1000.0,1000.0,1000.0,1000.0,0.0,23.0,0.0,9.0,0.0,31.19,0.0,540.0,0.0,0.0,0.0,0.0,0.0,31.19,-31.19,0.0,540.0,-540.0,0.0,571.19,-571.19,0.0,61356.11,-61356.11,0.0,0.0,0.0,0.0,0.0,0.0,1440.0,1440.0,0.0,1440.0,1440.0,0.0,1440.0,1440.0,0.0,0.0,0.0,0.0
80,3.0,1.0,6,7,1.2,594.9437233656265,700.2586599581538,-105.31493659252726,594.9437233656265,700.2586599581538,-105.31493659252726,1000.0,1000.0,1.0,1.0,0.0,1.0,1.0,0.0,0.9703,0.868,0.10230000000000006,0.0,0.0,0.0,0.0,1000.0,1000.0,24.0,23.0,0.0,9.0,1030.64,31.19,0.0,540.0,0.0,580.95,0.0,580.95,1030.64,612.14,418.5000000000001,0.0,540.0,-540.0,1030.64,1152.14,-121.5,42943.41,86614.68,-43671.26999999999,0.9703,1.6336,-0.6632999999999999,0.9703,0.868,0.10230000000000006,561.9434197920257,645.258627987424,-83.31520819539833,585.9437233656265,685.7586599581539,-99.81493659252737,591.9437233656265,695.2586599581538,-103.31493659252726,1.0,1.0,0.0
80,3.0,1.0,7,8,1.2,inf,inf,,1441440.0,1441440.0,0.0,0.0,0.0,0.0,0.0,0.0,0.0,0.0,0.0,0.0,0.0,0.0,1000.0,1000.0,1000.0,1000.0,1000.0,1000.0,0.0,23.0,0.0,9.0,0.0,31.19,0.0,540.0,0.0,0.0,0.0,0.0,0.0,31.19,-31.19,0.0,540.0,-540.0,0.0,571.19,-571.19,0.0,61356.11,-61356.11,0.0,0.0,0.0,0.0,0.0,0.0,1440.0,1440.0,0.0,1440.0,1440.0,0.0,1440.0,1440.0,0.0,0.0,0.0,0.0
80,3.0,1.0,8,9,1.2,596.0111587571164,696.0349748954934,-100.02381613837701,596.0111587571164,696.0349748954934,-100.02381613837701,1000.0,1000.0,1.0,1.0,0.0,1.0,1.0,0.0,0.9467,0.9479,-0.0011999999999999789,0.0,0.0,0.0,0.0,1000.0,1000.0,24.0,23.0,0.0,9.0,1056.26,31.19,0.0,540.0,0.0,483.8,0.0,483.8,1056.26,514.99,541.27,0.0,540.0,-540.0,1056.26,1054.99,1.2699999999999818,44010.87,82391.01,-38380.13999999999,0.9467,1.9418,-0.9951,0.9467,0.9479,-0.0011999999999999789,563.0108805992406,641.0349489585966,-78.02406835935597,587.0111587571164,681.5349748954935,-94.52381613837713,593.0111587571164,691.0349748954934,-98.02381613837701,1.0,1.0,0.0
80,3.0,1.0,9,10,1.2,inf,inf,,1441440.0,1441440.0,0.0,0.0,0.0,0.0,0.0,0.0,0.0,0.0,0.0,0.0,0.0,0.0,1000.0,1000.0,1000.0,1000.0,1000.0,1000.0,0.0,23.0,0.0,9.0,0.0,31.19,0.0,540.0,0.0,0.0,0.0,0.0,0.0,31.19,-31.19,0.0,540.0,-540.0,0.0,571.19,-571.19,0.0,61356.11,-61356.11,0.0,0.0,0.0,0.0,0.0,0.0,1440.0,1440.0,0.0,1440.0,1440.0,0.0,1440.0,1440.0,0.0,0.0,0.0,0.0
80,3.0,1.0,10,11,1.2,595.5492800733738,696.0349748954934,-100.48569482211963,595.5492800733738,696.0349748954934,-100.48569482211963,1000.0,1000.0,1.0,1.0,0.0,1.0,1.0,0.0,0.9984,0.9479,0.05049999999999999,0.0,0.0,0.0,0.0,1000.0,1000.0,23.0,23.0,0.0,9.0,1001.62,31.19,0.0,540.0,0.0,483.8,0.0,483.8,1001.62,514.99,486.63,0.0,540.0,-540.0,1001.62,1054.99,-53.370000000000005,43548.9,82391.01,-38842.10999999999,0.9984,1.9418,-0.9434,0.9984,0.9479,0.05049999999999999,562.5489002805878,641.0349489585966,-78.48604867800884,586.8492800733738,681.5349748954935,-94.68569482211967,592.5492800733738,691.0349748954934,-98.48569482211963,1.0,1.0,0.0
80,3.0,1.0,11,12,1.2,594.6754142743864,700.933978306757,-106.2585640323706,594.6754142743864,700.933978306757,-106.2585640323706,1000.0,1000.0,1.0,1.0,0.0,1.0,1.0,0.0,1.0188,0.8564,0.16239999999999988,0.0,0.0,0.0,0.0,1000.0,1000.0,23.0,23.0,0.0,9.0,981.53,31.19,0.0,540.0,0.0,596.48,0.0,596.48,981.53,627.67,353.86,0.0,540.0,-540.0,981.53,1167.67,-186.1400000000001,42675.13,87290.0,-44614.87,1.0188,1.5932,-0.5744,1.0188,0.8564,0.16239999999999988,561.6751282372506,645.9339464844287,-84.25881824717806,585.9754142743865,686.4339783067571,-100.45856403237065,591.6754142743864,695.933978306757,-104.2585640323706,1.0,1.0,0.0
80,3.0,1.0,12,13,1.2,inf,inf,,1441440.0,1441440.0,0.0,0.0,0.0,0.0,0.0,0.0,0.0,0.0,0.0,0.0,0.0,0.0,1000.0,1000.0,1000.0,1000.0,1000.0,1000.0,0.0,23.0,0.0,9.0,0.0,31.19,0.0,540.0,0.0,0.0,0.0,0.0,0.0,31.19,-31.19,0.0,540.0,-540.0,0.0,571.19,-571.19,0.0,61356.11,-61356.11,0.0,0.0,0.0,0.0,0.0,0.0,1440.0,1440.0,0.0,1440.0,1440.0,0.0,1440.0,1440.0,0.0,0.0,0.0,0.0
80,3.0,1.0,13,14,1.2,594.5244746138139,inf,-inf,594.5244746138139,1441440.0,-1440845.4755253862,1000.0,0.0,1.0,0.0,1.0,1.0,0.0,1.0,0.9798,0.0,0.9798,0.0,1000.0,0.0,1000.0,1000.0,1000.0,24.0,23.0,0.0,9.0,1020.58,31.19,0.0,540.0,0.0,0.0,0.0,0.0,1020.58,31.19,989.39,0.0,540.0,-540.0,1020.58,571.19,449.39,42524.23,61356.11,-18831.879999999997,0.9798,0.0,0.9798,0.9798,0.0,0.9798,561.524234577091,1440.0,-878.475765422909,585.5244746138139,1440.0,-854.4755253861861,591.5244746138139,1440.0,-848.4755253861861,1.0,0.0,1.0
80,3.0,1.0,14,15,1.2,598.0501219373559,696.0349748954934,-97.98485295813748,598.0501219373559,696.0349748954934,-97.98485295813748,1000.0,1000.0,1.0,1.0,0.0,1.0,1.0,0.0,0.9442,0.9479,-0.0036999999999999256,0.0,0.0,0.0,0.0,1000.0,1000.0,23.0,23.0,0.0,9.0,1059.15,31.19,0.0,540.0,0.0,483.8,0.0,483.8,1059.15,514.99,544.1600000000001,0.0,540.0,-540.0,1059.15,1054.99,4.160000000000082,46049.78,82391.01,-36341.229999999996,0.9442,1.9418,-0.9975999999999999,0.9442,0.9479,-0.0036999999999999256,565.0497841901513,641.0349489585966,-75.98516476844532,589.350121937356,681.5349748954935,-92.18485295813753,595.0501219373559,691.0349748954934,-95.98485295813748,1.0,1.0,0.0
80,3.0,1.0,15,16,1.2,594.5244746138139,696.0349748954934,-101.51050028167947,594.5244746138139,696.0349748954934,-101.51050028167947,1000.0,1000.0,1.0,1.0,0.0,1.0,1.0,0.0,0.9798,0.9479,0.03190000000000004,0.0,0.0,0.0,0.0,1000.0,1000.0,24.0,23.0,0.0,9.0,1020.58,31.19,0.0,540.0,0.0,483.8,0.0,483.8,1020.58,514.99,505.59000000000003,0.0,540.0,-540.0,1020.58,1054.99,-34.40999999999997,42524.23,82391.01,-39866.77999999999,0.9798,1.9418,-0.962,0.9798,0.9479,0.03190000000000004,561.524234577091,641.0349489585966,-79.51071438150564,585.5244746138139,681.5349748954935,-96.01050028167958,591.5244746138139,691.0349748954934,-99.51050028167947,1.0,1.0,0.0
80,3.0,1.0,16,17,1.2,594.5244746138139,696.0349771303399,-101.510502516526,594.5244746138139,696.0349771303399,-101.510502516526,1000.0,1000.0,1.0,1.0,0.0,1.0,1.0,0.0,1.0224,0.9479,0.07450000000000001,0.0,0.0,0.0,0.0,1000.0,1000.0,23.0,23.0,0.0,9.0,978.06,31.19,0.0,540.0,0.0,483.8,0.0,483.8,978.06,514.99,463.06999999999994,0.0,540.0,-540.0,978.06,1054.99,-76.93000000000006,42524.2,82391.01,-39866.81,1.0224,1.9418,-0.9194,1.0224,0.9479,0.07450000000000001,561.5242037255962,641.0349516079461,-79.51074788234996,585.824474613814,681.53497713034,-95.71050251652605,591.5244746138139,691.0349771303399,-99.510502516526,1.0,1.0,0.0
80,3.0,1.0,17,18,1.2,inf,inf,,1441440.0,1441440.0,0.0,0.0,0.0,0.0,0.0,0.0,0.0,0.0,0.0,0.0,0.0,0.0,1000.0,1000.0,1000.0,1000.0,1000.0,1000.0,0.0,0.0,0.0,0.0,0.0,0.0,0.0,0.0,0.0,0.0,0.0,0.0,0.0,0.0,0.0,0.0,0.0,0.0,0.0,0.0,0.0,0.0,0.0,0.0,0.0,0.0,0.0,0.0,0.0,0.0,1440.0,1440.0,0.0,1440.0,1440.0,0.0,1440.0,1440.0,0.0,0.0,0.0,0.0
80,3.0,1.0,18,19,1.2,595.4238794864369,inf,-inf,595.4238794864369,1441440.0,-1440844.5761205135,1000.0,0.0,1.0,0.0,1.0,1.0,0.0,1.0,0.9595,0.0,0.9595,0.0,1000.0,0.0,1000.0,1000.0,1000.0,24.0,23.0,0.0,9.0,1042.17,31.19,0.0,540.0,0.0,0.0,0.0,0.0,1042.17,31.19,1010.98,0.0,540.0,-540.0,1042.17,571.19,470.98,43423.62,61356.11,-17932.489999999998,0.9595,0.0,0.9595,0.9595,0.0,0.9595,562.423626997761,1440.0,-877.576373002239,586.4238794864369,1440.0,-853.5761205135631,592.4238794864369,1440.0,-847.5761205135631,1.0,0.0,1.0
80,3.0,1.0,19,20,1.2,596.1046594755452,696.0349748954934,-99.93031541994822,596.1046594755452,696.0349748954934,-99.93031541994822,1000.0,1000.0,1.0,1.0,0.0,1.0,1.0,0.0,0.9447,0.9479,-0.0031999999999999806,0.0,0.0,0.0,0.0,1000.0,1000.0,24.0,23.0,0.0,9.0,1058.5,31.19,0.0,540.0,0.0,483.8,0.0,483.8,1058.5,514.99,543.51,0.0,540.0,-540.0,1058.5,1054.99,3.509999999999991,44104.33,82391.01,-38286.67999999999,0.9447,1.9418,-0.9971,0.9447,0.9479,-0.0031999999999999806,563.1043419310477,641.0349489585966,-77.93060702754894,587.1046594755452,681.5349748954935,-94.43031541994833,593.1046594755452,691.0349748954934,-97.93031541994822,1.0,1.0,0.0
80,3.0,2.0,0,1,1.2,inf,inf,,1441440.0,1441440.0,0.0,0.0,0.0,0.0,0.0,0.0,0.0,0.0,0.0,0.0,0.0,0.0,1000.0,1000.0,1000.0,1000.0,1000.0,1000.0,0.0,0.0,0.0,0.0,0.0,0.0,0.0,0.0,0.0,0.0,0.0,0.0,0.0,0.0,0.0,0.0,0.0,0.0,0.0,0.0,0.0,0.0,0.0,0.0,0.0,0.0,0.0,0.0,0.0,0.0,1440.0,1440.0,0.0,1440.0,1440.0,0.0,1440.0,1440.0,0.0,0.0,0.0,0.0
80,3.0,2.0,1,2,1.2,inf,inf,,1441440.0,1441440.0,0.0,0.0,0.0,0.0,0.0,0.0,0.0,0.0,0.0,0.0,0.0,0.0,1000.0,1000.0,1000.0,1000.0,1000.0,1000.0,0.0,23.0,0.0,9.0,0.0,31.19,0.0,540.0,0.0,0.0,0.0,0.0,0.0,31.19,-31.19,0.0,540.0,-540.0,0.0,571.19,-571.19,0.0,61356.11,-61356.11,0.0,0.0,0.0,0.0,0.0,0.0,1440.0,1440.0,0.0,1440.0,1440.0,0.0,1440.0,1440.0,0.0,0.0,0.0,0.0
80,3.0,2.0,2,3,1.2,596.1786715710247,705.9585883729338,-109.77991680190917,596.1786715710247,705.9585883729338,-109.77991680190917,1000.0,1000.0,1.0,1.0,0.0,1.0,1.0,0.0,0.9431,0.813,0.1301000000000001,0.0,0.0,0.0,0.0,1000.0,1000.0,24.0,23.0,0.0,8.0,1060.28,152.91,0.0,480.0,0.0,597.05,0.0,597.05,1060.28,749.95,310.3299999999999,0.0,480.0,-480.0,1060.28,1229.95,-169.67000000000007,44178.39,92606.6,-48428.21000000001,0.9431,1.3334,-0.39029999999999987,0.9431,0.813,0.1301000000000001,563.1783954892782,650.9585883729338,-87.78019288365567,587.1786715710247,691.458588372934,-104.27991680190928,593.1786715710247,700.9585883729338,-107.77991680190917,1.0,1.0,0.0
80,3.0,2.0,3,4,1.2,inf,inf,,1441440.0,1441440.0,0.0,0.0,0.0,0.0,0.0,0.0,0.0,0.0,0.0,0.0,0.0,0.0,1000.0,1000.0,1000.0,1000.0,1000.0,1000.0,0.0,0.0,0.0,0.0,0.0,0.0,0.0,0.0,0.0,0.0,0.0,0.0,0.0,0.0,0.0,0.0,0.0,0.0,0.0,0.0,0.0,0.0,0.0,0.0,0.0,0.0,0.0,0.0,0.0,0.0,1440.0,1440.0,0.0,1440.0,1440.0,0.0,1440.0,1440.0,0.0,0.0,0.0,0.0
80,3.0,2.0,4,5,1.2,597.2014925105849,inf,-inf,597.2014925105849,1441440.0,-1440842.7985074895,1000.0,0.0,1.0,0.0,1.0,1.0,0.0,1.0,0.9218,0.0,0.9218,0.0,1000.0,0.0,1000.0,1000.0,1000.0,24.0,23.0,0.0,9.0,1084.83,31.19,0.0,540.0,0.0,0.0,0.0,0.0,1084.83,31.19,1053.6399999999999,0.0,540.0,-540.0,1084.83,571.19,513.6399999999999,45201.14,61356.11,-16154.970000000001,0.9218,0.0,0.9218,0.9218,0.0,0.9218,564.2011519464473,1440.0,-875.7988480535527,588.2014925105849,1440.0,-851.7985074894151,594.2014925105849,1440.0,-845.7985074894151,1.0,0.0,1.0
80,3.0,2.0,5,6,1.2,inf,inf,,1441440.0,1441440.0,0.0,0.0,0.0,0.0,0.0,0.0,0.0,0.0,0.0,0.0,0.0,0.0,1000.0,1000.0,1000.0,1000.0,1000.0,1000.0,0.0,23.0,0.0,9.0,0.0,31.19,0.0,540.0,0.0,0.0,0.0,0.0,0.0,31.19,-31.19,0.0,540.0,-540.0,0.0,571.19,-571.19,0.0,61356.11,-61356.11,0.0,0.0,0.0,0.0,0.0,0.0,1440.0,1440.0,0.0,1440.0,1440.0,0.0,1440.0,1440.0,0.0,0.0,0.0,0.0
80,3.0,2.0,6,7,1.2,inf,inf,,1441440.0,1441440.0,0.0,0.0,0.0,0.0,0.0,0.0,0.0,0.0,0.0,0.0,0.0,0.0,1000.0,1000.0,1000.0,1000.0,1000.0,1000.0,0.0,0.0,0.0,0.0,0.0,0.0,0.0,0.0,0.0,0.0,0.0,0.0,0.0,0.0,0.0,0.0,0.0,0.0,0.0,0.0,0.0,0.0,0.0,0.0,0.0,0.0,0.0,0.0,0.0,0.0,1440.0,1440.0,0.0,1440.0,1440.0,0.0,1440.0,1440.0,0.0,0.0,0.0,0.0
80,3.0,2.0,7,8,1.2,inf,inf,,1441440.0,1441440.0,0.0,0.0,0.0,0.0,0.0,0.0,0.0,0.0,0.0,0.0,0.0,0.0,1000.0,1000.0,1000.0,1000.0,1000.0,1000.0,0.0,23.0,0.0,9.0,0.0,31.19,0.0,540.0,0.0,0.0,0.0,0.0,0.0,31.19,-31.19,0.0,540.0,-540.0,0.0,571.19,-571.19,0.0,61356.11,-61356.11,0.0,0.0,0.0,0.0,0.0,0.0,1440.0,1440.0,0.0,1440.0,1440.0,0.0,1440.0,1440.0,0.0,0.0,0.0,0.0
80,3.0,2.0,8,9,1.2,598.0503096643172,inf,-inf,598.0503096643172,1441440.0,-1440841.9496903357,1000.0,0.0,1.0,0.0,1.0,1.0,0.0,1.0,0.9048,0.0,0.9048,0.0,1000.0,0.0,1000.0,1000.0,1000.0,24.0,23.0,0.0,8.0,1105.2,166.91,0.0,480.0,0.0,0.0,0.0,0.0,1105.2,166.91,938.2900000000001,0.0,480.0,-480.0,1105.2,646.91,458.2900000000001,46049.95,67256.94,-21206.990000000005,0.9048,0.0,0.9048,0.9048,0.0,0.9048,565.0499648421251,1440.0,-874.9500351578749,589.0503096643172,1440.0,-850.9496903356828,595.0503096643172,1440.0,-844.9496903356828,1.0,0.0,1.0
80,3.0,2.0,9,10,1.2,inf,inf,,1441440.0,1441440.0,0.0,0.0,0.0,0.0,0.0,0.0,0.0,0.0,0.0,0.0,0.0,0.0,1000.0,1000.0,1000.0,1000.0,1000.0,1000.0,0.0,23.0,0.0,9.0,0.0,31.19,0.0,540.0,0.0,0.0,0.0,0.0,0.0,31.19,-31.19,0.0,540.0,-540.0,0.0,571.19,-571.19,0.0,61356.11,-61356.11,0.0,0.0,0.0,0.0,0.0,0.0,1440.0,1440.0,0.0,1440.0,1440.0,0.0,1440.0,1440.0,0.0,0.0,0.0,0.0
80,3.0,2.0,10,11,1.2,596.6902158714641,inf,-inf,596.6902158714641,1441440.0,-1440843.3097841286,1000.0,0.0,1.0,0.0,1.0,1.0,0.0,1.0,0.9729,0.0,0.9729,0.0,1000.0,0.0,1000.0,1000.0,1000.0,23.0,23.0,0.0,9.0,1027.87,31.19,0.0,540.0,0.0,0.0,0.0,0.0,1027.87,31.19,996.6799999999998,0.0,540.0,-540.0,1027.87,571.19,456.67999999999984,44689.88,61356.11,-16666.230000000003,0.9729,0.0,0.9729,0.9729,0.0,0.9729,563.6898844483829,1440.0,-876.3101155516171,587.9902158714642,1440.0,-852.0097841285358,593.6902158714641,1440.0,-846.3097841285359,1.0,0.0,1.0
80,3.0,2.0,11,12,1.2,595.9813657992175,700.9585883729338,-104.97722257371629,595.9813657992175,700.9585883729338,-104.97722257371629,1000.0,1000.0,1.0,1.0,0.0,1.0,1.0,0.0,0.9886,0.856,0.13260000000000005,0.0,0.0,0.0,0.0,1000.0,1000.0,23.0,23.0,0.0,9.0,1011.57,31.19,0.0,540.0,0.0,597.05,0.0,597.05,1011.57,628.24,383.33000000000004,0.0,540.0,-540.0,1011.57,1168.24,-156.66999999999996,43981.09,87314.6,-43333.51000000001,0.9886,1.5918,-0.6032000000000001,0.9886,0.856,0.13260000000000005,562.9810911311428,645.9585554191221,-82.97746428797939,587.2813657992176,686.458588372934,-99.17722257371634,592.9813657992175,695.9585883729338,-102.97722257371629,1.0,1.0,0.0
80,3.0,2.0,12,13,1.2,inf,inf,,1441440.0,1441440.0,0.0,0.0,0.0,0.0,0.0,0.0,0.0,0.0,0.0,0.0,0.0,0.0,1000.0,1000.0,1000.0,1000.0,1000.0,1000.0,0.0,23.0,0.0,9.0,0.0,31.19,0.0,540.0,0.0,0.0,0.0,0.0,0.0,31.19,-31.19,0.0,540.0,-540.0,0.0,571.19,-571.19,0.0,61356.11,-61356.11,0.0,0.0,0.0,0.0,0.0,0.0,1440.0,1440.0,0.0,1440.0,1440.0,0.0,1440.0,1440.0,0.0,0.0,0.0,0.0
80,3.0,2.0,13,14,1.2,598.4893105361976,inf,-inf,598.4893105361976,1441440.0,-1440841.5106894637,1000.0,0.0,1.0,0.0,1.0,1.0,0.0,1.0,0.8963,0.0,0.8963,0.0,1000.0,0.0,1000.0,1000.0,1000.0,24.0,23.0,0.0,9.0,1115.74,31.19,0.0,540.0,0.0,0.0,0.0,0.0,1115.74,31.19,1084.55,0.0,540.0,-540.0,1115.74,571.19,544.55,46489.03,61356.11,-14867.080000000002,0.8963,0.0,0.8963,0.8963,0.0,0.8963,565.4890399343255,1440.0,-874.5109600656745,589.4893105361976,1440.0,-850.5106894638024,595.4893105361976,1440.0,-844.5106894638024,1.0,0.0,1.0
80,3.0,2.0,14,15,1.2,inf,inf,,1441440.0,1441440.0,0.0,0.0,0.0,0.0,0.0,0.0,0.0,0.0,0.0,0.0,0.0,0.0,1000.0,1000.0,1000.0,1000.0,1000.0,1000.0,0.0,0.0,0.0,0.0,0.0,0.0,0.0,0.0,0.0,0.0,0.0,0.0,0.0,0.0,0.0,0.0,0.0,0.0,0.0,0.0,0.0,0.0,0.0,0.0,0.0,0.0,0.0,0.0,0.0,0.0,1440.0,1440.0,0.0,1440.0,1440.0,0.0,1440.0,1440.0,0.0,0.0,0.0,0.0
80,3.0,2.0,15,16,1.2,595.9368658374839,inf,-inf,595.9368658374839,1441440.0,-1440844.0631341625,1000.0,0.0,1.0,0.0,1.0,1.0,0.0,1.0,0.9483,0.0,0.9483,0.0,1000.0,0.0,1000.0,1000.0,1000.0,24.0,23.0,0.0,9.0,1054.48,31.19,0.0,540.0,0.0,0.0,0.0,0.0,1054.48,31.19,1023.29,0.0,540.0,-540.0,1054.48,571.19,483.28999999999996,43936.6,61356.11,-17419.510000000002,0.9483,0.0,0.9483,0.9483,0.0,0.9483,562.9366126091626,1440.0,-877.0633873908374,586.9368658374839,1440.0,-853.0631341625161,592.9368658374839,1440.0,-847.0631341625161,1.0,0.0,1.0
80,3.0,2.0,16,17,1.2,594.5244746138139,inf,-inf,594.5244746138139,1441440.0,-1440845.4755253862,1000.0,0.0,1.0,0.0,1.0,1.0,0.0,1.0,1.0224,0.0,1.0224,0.0,1000.0,0.0,1000.0,1000.0,1000.0,23.0,23.0,0.0,9.0,978.06,31.19,0.0,540.0,0.0,0.0,0.0,0.0,978.06,31.19,946.8699999999999,0.0,540.0,-540.0,978.06,571.19,406.8699999999999,42524.2,61356.11,-18831.910000000003,1.0224,0.0,1.0224,1.0224,0.0,1.0224,561.5242037255962,1440.0,-878.4757962744038,585.824474613814,1440.0,-854.175525386186,591.5244746138139,1440.0,-848.4755253861861,1.0,0.0,1.0
80,3.0,2.0,17,18,1.2,inf,inf,,1441440.0,1441440.0,0.0,0.0,0.0,0.0,0.0,0.0,0.0,0.0,0.0,0.0,0.0,0.0,1000.0,1000.0,1000.0,1000.0,1000.0,1000.0,0.0,0.0,0.0,0.0,0.0,0.0,0.0,0.0,0.0,0.0,0.0,0.0,0.0,0.0,0.0,0.0,0.0,0.0,0.0,0.0,0.0,0.0,0.0,0.0,0.0,0.0,0.0,0.0,0.0,0.0,1440.0,1440.0,0.0,1440.0,1440.0,0.0,1440.0,1440.0,0.0,0.0,0.0,0.0
80,3.0,2.0,18,19,1.2,596.8377840327693,inf,-inf,596.8377840327693,1441440.0,-1440843.1622159672,1000.0,0.0,1.0,0.0,1.0,1.0,0.0,1.0,0.9293,0.0,0.9293,0.0,1000.0,0.0,1000.0,1000.0,1000.0,24.0,23.0,0.0,9.0,1076.1,31.19,0.0,540.0,0.0,0.0,0.0,0.0,1076.1,31.19,1044.9099999999999,0.0,540.0,-540.0,1076.1,571.19,504.90999999999985,44837.52,61356.11,-16518.590000000004,0.9293,0.0,0.9293,0.9293,0.0,0.9293,563.8375256418606,1440.0,-876.1624743581394,587.8377840327693,1440.0,-852.1622159672307,593.8377840327693,1440.0,-846.1622159672307,1.0,0.0,1.0
80,3.0,2.0,19,20,1.2,601.8296291464216,inf,-inf,601.8296291464216,1441440.0,-1440838.1703708535,1000.0,0.0,1.0,0.0,1.0,1.0,0.0,1.0,0.8362,0.0,0.8362,0.0,1000.0,0.0,1000.0,1000.0,1000.0,24.0,23.0,0.0,9.0,1195.9,31.19,0.0,540.0,0.0,0.0,0.0,0.0,1195.9,31.19,1164.71,0.0,540.0,-540.0,1195.9,571.19,624.71,49829.23,61356.11,-11526.879999999997,0.8362,0.0,0.8362,0.8362,0.0,0.8362,568.8292399029035,1440.0,-871.1707600970965,592.8296291464216,1440.0,-847.1703708535784,598.8296291464216,1440.0,-841.1703708535784,1.0,0.0,1.0
80,5.0,0.5,0,1,1.2,637.9433807742483,696.0349748954934,-58.091594121245066,637.9433807742483,696.0349748954934,-58.091594121245066,1000.0,1000.0,1.0,1.0,0.0,1.0,1.0,0.0,1.0125,0.9479,0.06459999999999999,0.0,0.0,0.0,0.0,1000.0,1000.0,23.0,23.0,0.0,9.0,987.7,31.19,0.0,540.0,0.0,483.8,0.0,483.8,987.7,514.99,472.71000000000004,0.0,540.0,-540.0,987.7,1054.99,-67.28999999999996,42943.28,82391.01,-39447.729999999996,1.0125,1.9418,-0.9293,1.0125,0.9479,0.06459999999999999,582.9433807742483,641.0349489585966,-58.09156818434826,623.4433807742485,681.5349748954935,-58.091594121245066,632.9433807742483,691.0349748954934,-58.091594121245066,1.0,1.0,0.0
80,5.0,0.5,1,2,1.2,637.8755607761644,696.0349748954934,-58.15941411932897,637.8755607761644,696.0349748954934,-58.15941411932897,1000.0,1000.0,1.0,1.0,0.0,1.0,1.0,0.0,1.0141,0.9479,0.06620000000000004,0.0,0.0,0.0,0.0,1000.0,1000.0,23.0,23.0,0.0,9.0,986.14,31.19,0.0,540.0,0.0,483.8,0.0,483.8,986.14,514.99,471.15,0.0,540.0,-540.0,986.14,1054.99,-68.85000000000002,42875.48,82391.01,-39515.52999999999,1.0141,1.9418,-0.9277,1.0141,0.9479,0.06620000000000004,582.8755607761644,641.0349489585966,-58.15938818243217,623.3755607761645,681.5349748954935,-58.15941411932897,632.8755607761644,691.0349748954934,-58.15941411932897,1.0,1.0,0.0
80,5.0,0.5,2,3,1.2,637.5242037255962,700.9585883729338,-63.43438464733765,637.5242037255962,700.9585883729338,-63.43438464733765,1000.0,1000.0,1.0,1.0,0.0,1.0,1.0,0.0,1.0224,0.856,0.1664,0.0,0.0,0.0,0.0,1000.0,1000.0,23.0,23.0,0.0,9.0,978.05,31.19,0.0,540.0,0.0,597.05,0.0,597.05,978.05,628.24,349.80999999999995,0.0,540.0,-540.0,978.05,1168.24,-190.19000000000005,42524.12,87314.6,-44790.48,1.0224,1.5918,-0.5694000000000001,1.0224,0.856,0.1664,582.5242037255962,645.9585554191221,-63.43435169352597,623.0242037255963,686.458588372934,-63.43438464733765,632.5242037255962,695.9585883729338,-63.43438464733765,1.0,1.0,0.0
80,5.0,0.5,3,4,1.2,inf,inf,,1441440.0,1441440.0,0.0,0.0,0.0,0.0,0.0,0.0,0.0,0.0,0.0,0.0,0.0,0.0,1000.0,1000.0,1000.0,1000.0,1000.0,1000.0,0.0,0.0,0.0,0.0,0.0,0.0,0.0,0.0,0.0,0.0,0.0,0.0,0.0,0.0,0.0,0.0,0.0,0.0,0.0,0.0,0.0,0.0,0.0,0.0,0.0,0.0,0.0,0.0,0.0,0.0,1440.0,1440.0,0.0,1440.0,1440.0,0.0,1440.0,1440.0,0.0,0.0,0.0,0.0
80,5.0,0.5,4,5,1.2,637.9847975556058,696.0349748954934,-58.05017733988757,637.9847975556058,696.0349748954934,-58.05017733988757,1000.0,1000.0,1.0,1.0,0.0,1.0,1.0,0.0,1.0115,0.9479,0.0636000000000001,0.0,0.0,0.0,0.0,1000.0,1000.0,23.0,23.0,0.0,9.0,988.65,31.19,0.0,540.0,0.0,483.8,0.0,483.8,988.65,514.99,473.65999999999997,0.0,540.0,-540.0,988.65,1054.99,-66.34000000000003,42984.71,82391.01,-39406.299999999996,1.0115,1.9418,-0.9302999999999999,1.0115,0.9479,0.0636000000000001,582.9847975556058,641.0349489585966,-58.050151402990764,623.484797555606,681.5349748954935,-58.05017733988757,632.9847975556058,691.0349748954934,-58.05017733988757,1.0,1.0,0.0
80,5.0,0.5,5,6,1.2,inf,inf,,1441440.0,1441440.0,0.0,0.0,0.0,0.0,0.0,0.0,0.0,0.0,0.0,0.0,0.0,0.0,1000.0,1000.0,1000.0,1000.0,1000.0,1000.0,0.0,23.0,0.0,9.0,0.0,31.19,0.0,540.0,0.0,0.0,0.0,0.0,0.0,31.19,-31.19,0.0,540.0,-540.0,0.0,571.19,-571.19,0.0,61356.11,-61356.11,0.0,0.0,0.0,0.0,0.0,0.0,1440.0,1440.0,0.0,1440.0,1440.0,0.0,1440.0,1440.0,0.0,0.0,0.0,0.0
80,5.0,0.5,6,7,1.2,637.5242037255962,700.2586599581538,-62.73445623255759,637.5242037255962,700.2586599581538,-62.73445623255759,1000.0,1000.0,1.0,1.0,0.0,1.0,1.0,0.0,1.0224,0.868,0.15439999999999998,0.0,0.0,0.0,0.0,1000.0,1000.0,23.0,23.0,0.0,9.0,978.05,31.19,0.0,540.0,0.0,580.95,0.0,580.95,978.05,612.14,365.90999999999997,0.0,540.0,-540.0,978.05,1152.14,-174.09000000000015,42524.12,86614.68,-44090.55999999999,1.0224,1.6336,-0.6112,1.0224,0.868,0.15439999999999998,582.5242037255962,645.258627987424,-62.734424261827826,623.0242037255963,685.7586599581539,-62.73445623255759,632.5242037255962,695.2586599581538,-62.73445623255759,1.0,1.0,0.0
80,5.0,0.5,7,8,1.2,inf,inf,,1441440.0,1441440.0,0.0,0.0,0.0,0.0,0.0,0.0,0.0,0.0,0.0,0.0,0.0,0.0,1000.0,1000.0,1000.0,1000.0,1000.0,1000.0,0.0,23.0,0.0,9.0,0.0,31.19,0.0,540.0,0.0,0.0,0.0,0.0,0.0,31.19,-31.19,0.0,540.0,-540.0,0.0,571.19,-571.19,0.0,61356.11,-61356.11,0.0,0.0,0.0,0.0,0.0,0.0,1440.0,1440.0,0.0,1440.0,1440.0,0.0,1440.0,1440.0,0.0,0.0,0.0,0.0
80,5.0,0.5,8,9,1.2,637.5242037255962,696.0349748954934,-58.510771169897225,637.5242037255962,696.0349748954934,-58.510771169897225,1000.0,1000.0,1.0,1.0,0.0,1.0,1.0,0.0,1.0224,0.9479,0.07450000000000001,0.0,0.0,0.0,0.0,1000.0,1000.0,23.0,23.0,0.0,9.0,978.05,31.19,0.0,540.0,0.0,483.8,0.0,483.8,978.05,514.99,463.05999999999995,0.0,540.0,-540.0,978.05,1054.99,-76.94000000000005,42524.12,82391.01,-39866.88999999999,1.0224,1.9418,-0.9194,1.0224,0.9479,0.07450000000000001,582.5242037255962,641.0349489585966,-58.51074523300042,623.0242037255963,681.5349748954935,-58.510771169897225,632.5242037255962,691.0349748954934,-58.510771169897225,1.0,1.0,0.0
80,5.0,0.5,9,10,1.2,637.5242037255962,696.0349748954934,-58.510771169897225,637.5242037255962,696.0349748954934,-58.510771169897225,1000.0,1000.0,1.0,1.0,0.0,1.0,1.0,0.0,1.0224,0.9479,0.07450000000000001,0.0,0.0,0.0,0.0,1000.0,1000.0,23.0,23.0,0.0,9.0,978.05,31.19,0.0,540.0,0.0,483.8,0.0,483.8,978.05,514.99,463.05999999999995,0.0,540.0,-540.0,978.05,1054.99,-76.94000000000005,42524.12,82391.01,-39866.88999999999,1.0224,1.9418,-0.9194,1.0224,0.9479,0.07450000000000001,582.5242037255962,641.0349489585966,-58.51074523300042,623.0242037255963,681.5349748954935,-58.510771169897225,632.5242037255962,691.0349748954934,-58.510771169897225,1.0,1.0,0.0
80,5.0,0.5,10,11,1.2,638.5489002805878,696.0349748954934,-57.48607461490565,638.5489002805878,696.0349748954934,-57.48607461490565,1000.0,1000.0,1.0,1.0,0.0,1.0,1.0,0.0,0.9984,0.9479,0.05049999999999999,0.0,0.0,0.0,0.0,1000.0,1000.0,23.0,23.0,0.0,9.0,1001.62,31.19,0.0,540.0,0.0,483.8,0.0,483.8,1001.62,514.99,486.63,0.0,540.0,-540.0,1001.62,1054.99,-53.370000000000005,43548.79,82391.01,-38842.219999999994,0.9984,1.9418,-0.9434,0.9984,0.9479,0.05049999999999999,583.5489002805878,641.0349489585966,-57.48604867800884,624.0489002805879,681.5349748954935,-57.48607461490565,633.5489002805878,691.0349748954934,-57.48607461490565,1.0,1.0,0.0
80,5.0,0.5,11,12,1.2,637.5242037255962,700.933978306757,-63.40977458116083,637.5242037255962,700.933978306757,-63.40977458116083,1000.0,1000.0,1.0,1.0,0.0,1.0,1.0,0.0,1.0224,0.8564,0.16599999999999993,0.0,0.0,0.0,0.0,1000.0,1000.0,23.0,23.0,0.0,9.0,978.05,31.19,0.0,540.0,0.0,596.48,0.0,596.48,978.05,627.67,350.38,0.0,540.0,-540.0,978.05,1167.67,-189.62000000000012,42524.12,87290.0,-44765.88,1.0224,1.5932,-0.5708,1.0224,0.8564,0.16599999999999993,582.5242037255962,645.9339464844287,-63.40974275883252,623.0242037255963,686.4339783067571,-63.40977458116083,632.5242037255962,695.933978306757,-63.40977458116083,1.0,1.0,0.0
80,5.0,0.5,12,13,1.2,637.9433807742483,696.0349748954934,-58.091594121245066,637.9433807742483,696.0349748954934,-58.091594121245066,1000.0,1000.0,1.0,1.0,0.0,1.0,1.0,0.0,1.0125,0.9479,0.06459999999999999,0.0,0.0,0.0,0.0,1000.0,1000.0,23.0,23.0,0.0,9.0,987.7,31.19,0.0,540.0,0.0,483.8,0.0,483.8,987.7,514.99,472.71000000000004,0.0,540.0,-540.0,987.7,1054.99,-67.28999999999996,42943.28,82391.01,-39447.729999999996,1.0125,1.9418,-0.9293,1.0125,0.9479,0.06459999999999999,582.9433807742483,641.0349489585966,-58.09156818434826,623.4433807742485,681.5349748954935,-58.091594121245066,632.9433807742483,691.0349748954934,-58.091594121245066,1.0,1.0,0.0
80,5.0,0.5,13,14,1.2,637.5242037255962,696.0349748954934,-58.510771169897225,637.5242037255962,696.0349748954934,-58.510771169897225,1000.0,1000.0,1.0,1.0,0.0,1.0,1.0,0.0,1.0224,0.9479,0.07450000000000001,0.0,0.0,0.0,0.0,1000.0,1000.0,23.0,23.0,0.0,9.0,978.05,31.19,0.0,540.0,0.0,483.8,0.0,483.8,978.05,514.99,463.05999999999995,0.0,540.0,-540.0,978.05,1054.99,-76.94000000000005,42524.12,82391.01,-39866.88999999999,1.0224,1.9418,-0.9194,1.0224,0.9479,0.07450000000000001,582.5242037255962,641.0349489585966,-58.51074523300042,623.0242037255963,681.5349748954935,-58.510771169897225,632.5242037255962,691.0349748954934,-58.510771169897225,1.0,1.0,0.0
80,5.0,0.5,14,15,1.2,641.0497841901513,696.0349748954934,-54.98519070534212,641.0497841901513,696.0349748954934,-54.98519070534212,1000.0,1000.0,1.0,1.0,0.0,1.0,1.0,0.0,0.9442,0.9479,-0.0036999999999999256,0.0,0.0,0.0,0.0,1000.0,1000.0,23.0,23.0,0.0,9.0,1059.14,31.19,0.0,540.0,0.0,483.8,0.0,483.8,1059.14,514.99,544.1500000000001,0.0,540.0,-540.0,1059.14,1054.99,4.150000000000091,46049.68,82391.01,-36341.329999999994,0.9442,1.9418,-0.9975999999999999,0.9442,0.9479,-0.0036999999999999256,586.0497841901513,641.0349489585966,-54.985164768445316,626.5497841901514,681.5349748954935,-54.98519070534212,636.0497841901513,691.0349748954934,-54.98519070534212,1.0,1.0,0.0
80,5.0,0.5,15,16,1.2,637.5242037255962,696.0349748954934,-58.510771169897225,637.5242037255962,696.0349748954934,-58.510771169897225,1000.0,1000.0,1.0,1.0,0.0,1.0,1.0,0.0,1.0224,0.9479,0.07450000000000001,0.0,0.0,0.0,0.0,1000.0,1000.0,23.0,23.0,0.0,9.0,978.05,31.19,0.0,540.0,0.0,483.8,0.0,483.8,978.05,514.99,463.05999999999995,0.0,540.0,-540.0,978.05,1054.99,-76.94000000000005,42524.12,82391.01,-39866.88999999999,1.0224,1.9418,-0.9194,1.0224,0.9479,0.07450000000000001,582.5242037255962,641.0349489585966,-58.51074523300042,623.0242037255963,681.5349748954935,-58.510771169897225,632.5242037255962,691.0349748954934,-58.510771169897225,1.0,1.0,0.0
80,5.0,0.5,16,17,1.2,637.5242037255962,696.0349771303399,-58.51077340474376,637.5242037255962,696.0349771303399,-58.51077340474376,1000.0,1000.0,1.0,1.0,0.0,1.0,1.0,0.0,1.0224,0.9479,0.07450000000000001,0.0,0.0,0.0,0.0,1000.0,1000.0,23.0,23.0,0.0,9.0,978.05,31.19,0.0,540.0,0.0,483.8,0.0,483.8,978.05,514.99,463.05999999999995,0.0,540.0,-540.0,978.05,1054.99,-76.94000000000005,42524.12,82391.01,-39866.88999999999,1.0224,1.9418,-0.9194,1.0224,0.9479,0.07450000000000001,582.5242037255962,641.0349516079461,-58.51074788234996,623.0242037255963,681.53497713034,-58.51077340474376,632.5242037255962,691.0349771303399,-58.51077340474376,1.0,1.0,0.0
80,5.0,0.5,17,18,1.2,inf,inf,,1441440.0,1441440.0,0.0,0.0,0.0,0.0,0.0,0.0,0.0,0.0,0.0,0.0,0.0,0.0,1000.0,1000.0,1000.0,1000.0,1000.0,1000.0,0.0,0.0,0.0,0.0,0.0,0.0,0.0,0.0,0.0,0.0,0.0,0.0,0.0,0.0,0.0,0.0,0.0,0.0,0.0,0.0,0.0,0.0,0.0,0.0,0.0,0.0,0.0,0.0,0.0,0.0,1440.0,1440.0,0.0,1440.0,1440.0,0.0,1440.0,1440.0,0.0,0.0,0.0,0.0
80,5.0,0.5,18,19,1.2,637.5242037255962,inf,-inf,637.5242037255962,1441440.0,-1440802.4757962744,1000.0,0.0,1.0,0.0,1.0,1.0,0.0,1.0,1.0224,0.0,1.0224,0.0,1000.0,0.0,1000.0,1000.0,1000.0,23.0,23.0,0.0,9.0,978.05,31.19,0.0,540.0,0.0,0.0,0.0,0.0,978.05,31.19,946.8599999999999,0.0,540.0,-540.0,978.05,571.19,406.8599999999999,42524.12,61356.11,-18831.989999999998,1.0224,0.0,1.0224,1.0224,0.0,1.0224,582.5242037255962,1440.0,-857.4757962744038,623.0242037255963,1440.0,-816.9757962744037,632.5242037255962,1440.0,-807.4757962744038,1.0,0.0,1.0
80,5.0,0.5,19,20,1.2,637.5242037255962,696.0349748954934,-58.510771169897225,637.5242037255962,696.0349748954934,-58.510771169897225,1000.0,1000.0,1.0,1.0,0.0,1.0,1.0,0.0,1.0224,0.9479,0.07450000000000001,0.0,0.0,0.0,0.0,1000.0,1000.0,23.0,23.0,0.0,9.0,978.05,31.19,0.0,540.0,0.0,483.8,0.0,483.8,978.05,514.99,463.05999999999995,0.0,540.0,-540.0,978.05,1054.99,-76.94000000000005,42524.12,82391.01,-39866.88999999999,1.0224,1.9418,-0.9194,1.0224,0.9479,0.07450000000000001,582.5242037255962,641.0349489585966,-58.51074523300042,623.0242037255963,681.5349748954935,-58.510771169897225,632.5242037255962,691.0349748954934,-58.510771169897225,1.0,1.0,0.0
80,5.0,1.0,0,1,1.2,638.391691049908,696.0349748954934,-57.643283845585415,638.391691049908,696.0349748954934,-57.643283845585415,1000.0,1000.0,1.0,1.0,0.0,1.0,1.0,0.0,1.002,0.9479,0.05410000000000004,0.0,0.0,0.0,0.0,1000.0,1000.0,23.0,23.0,0.0,9.0,998.01,31.19,0.0,540.0,0.0,483.8,0.0,483.8,998.01,514.99,483.02,0.0,540.0,-540.0,998.01,1054.99,-56.98000000000002,43391.6,82391.01,-38999.409999999996,1.002,1.9418,-0.9398,1.002,0.9479,0.05410000000000004,583.391691049908,641.0349489585966,-57.64325790868861,623.8916910499081,681.5349748954935,-57.643283845585415,633.391691049908,691.0349748954934,-57.643283845585415,1.0,1.0,0.0
80,5.0,1.0,1,2,1.2,638.5264747406088,inf,-inf,638.5264747406088,1441440.0,-1440801.4735252594,1000.0,0.0,1.0,0.0,1.0,1.0,0.0,1.0,0.9989,0.0,0.9989,0.0,1000.0,0.0,1000.0,1000.0,1000.0,23.0,23.0,0.0,9.0,1001.11,31.19,0.0,540.0,0.0,0.0,0.0,0.0,1001.11,31.19,969.92,0.0,540.0,-540.0,1001.11,571.19,429.91999999999996,43526.37,61356.11,-17829.739999999998,0.9989,0.0,0.9989,0.9989,0.0,0.9989,583.5264747406088,1440.0,-856.4735252593912,624.0264747406089,1440.0,-815.9735252593911,633.5264747406088,1440.0,-806.4735252593912,1.0,0.0,1.0
80,5.0,1.0,2,3,1.2,637.5242037255962,700.9585883729338,-63.43438464733765,637.5242037255962,700.9585883729338,-63.43438464733765,1000.0,1000.0,1.0,1.0,0.0,1.0,1.0,0.0,1.0224,0.856,0.1664,0.0,0.0,0.0,0.0,1000.0,1000.0,23.0,23.0,0.0,9.0,978.05,31.19,0.0,540.0,0.0,597.05,0.0,597.05,978.05,628.24,349.80999999999995,0.0,540.0,-540.0,978.05,1168.24,-190.19000000000005,42524.12,87314.6,-44790.48,1.0224,1.5918,-0.5694000000000001,1.0224,0.856,0.1664,582.5242037255962,645.9585554191221,-63.43435169352597,623.0242037255963,686.458588372934,-63.43438464733765,632.5242037255962,695.9585883729338,-63.43438464733765,1.0,1.0,0.0
80,5.0,1.0,3,4,1.2,inf,inf,,1441440.0,1441440.0,0.0,0.0,0.0,0.0,0.0,0.0,0.0,0.0,0.0,0.0,0.0,0.0,1000.0,1000.0,1000.0,1000.0,1000.0,1000.0,0.0,0.0,0.0,0.0,0.0,0.0,0.0,0.0,0.0,0.0,0.0,0.0,0.0,0.0,0.0,0.0,0.0,0.0,0.0,0.0,0.0,0.0,0.0,0.0,0.0,0.0,0.0,0.0,0.0,0.0,1440.0,1440.0,0.0,1440.0,1440.0,0.0,1440.0,1440.0,0.0,0.0,0.0,0.0
80,5.0,1.0,4,5,1.2,637.9847975556058,696.1744686893275,-58.18967113372162,637.9847975556058,696.1744686893275,-58.18967113372162,1000.0,1000.0,1.0,1.0,0.0,1.0,1.0,0.0,1.0115,0.945,0.06650000000000011,0.0,0.0,0.0,0.0,1000.0,1000.0,23.0,23.0,0.0,9.0,988.65,31.19,0.0,540.0,0.0,487.01,0.0,487.01,988.65,518.2,470.44999999999993,0.0,540.0,-540.0,988.65,1058.2,-69.55000000000007,42984.71,82530.5,-39545.79,1.0115,1.9298,-0.9182999999999999,1.0115,0.945,0.06650000000000011,582.9847975556058,641.1744410415415,-58.189643485935676,623.484797555606,681.6744686893276,-58.18967113372162,632.9847975556058,691.1744686893275,-58.18967113372162,1.0,1.0,0.0
80,5.0,1.0,5,6,1.2,inf,inf,,1441440.0,1441440.0,0.0,0.0,0.0,0.0,0.0,0.0,0.0,0.0,0.0,0.0,0.0,0.0,1000.0,1000.0,1000.0,1000.0,1000.0,1000.0,0.0,23.0,0.0,9.0,0.0,31.19,0.0,540.0,0.0,0.0,0.0,0.0,0.0,31.19,-31.19,0.0,540.0,-540.0,0.0,571.19,-571.19,0.0,61356.11,-61356.11,0.0,0.0,0.0,0.0,0.0,0.0,1440.0,1440.0,0.0,1440.0,1440.0,0.0,1440.0,1440.0,0.0,0.0,0.0,0.0
80,5.0,1.0,6,7,1.2,637.9433807742483,700.2586599581538,-62.31527918390543,637.9433807742483,700.2586599581538,-62.31527918390543,1000.0,1000.0,1.0,1.0,0.0,1.0,1.0,0.0,1.0125,0.868,0.14449999999999996,0.0,0.0,0.0,0.0,1000.0,1000.0,23.0,23.0,0.0,9.0,987.7,31.19,0.0,540.0,0.0,580.95,0.0,580.95,987.7,612.14,375.56000000000006,0.0,540.0,-540.0,987.7,1152.14,-164.44000000000005,42943.28,86614.68,-43671.399999999994,1.0125,1.6336,-0.6211,1.0125,0.868,0.14449999999999996,582.9433807742483,645.258627987424,-62.31524721317567,623.4433807742485,685.7586599581539,-62.31527918390543,632.9433807742483,695.2586599581538,-62.31527918390543,1.0,1.0,0.0
80,5.0,1.0,7,8,1.2,inf,inf,,1441440.0,1441440.0,0.0,0.0,0.0,0.0,0.0,0.0,0.0,0.0,0.0,0.0,0.0,0.0,1000.0,1000.0,1000.0,1000.0,1000.0,1000.0,0.0,23.0,0.0,9.0,0.0,31.19,0.0,540.0,0.0,0.0,0.0,0.0,0.0,31.19,-31.19,0.0,540.0,-540.0,0.0,571.19,-571.19,0.0,61356.11,-61356.11,0.0,0.0,0.0,0.0,0.0,0.0,1440.0,1440.0,0.0,1440.0,1440.0,0.0,1440.0,1440.0,0.0,0.0,0.0,0.0
80,5.0,1.0,8,9,1.2,639.0108448481018,696.0349748954934,-57.02413004739162,639.0108448481018,696.0349748954934,-57.02413004739162,1000.0,1000.0,1.0,1.0,0.0,1.0,1.0,0.0,0.9879,0.9479,0.040000000000000036,0.0,0.0,0.0,0.0,1000.0,1000.0,23.0,23.0,0.0,9.0,1012.25,31.19,0.0,540.0,0.0,483.8,0.0,483.8,1012.25,514.99,497.26,0.0,540.0,-540.0,1012.25,1054.99,-42.74000000000001,44010.75,82391.01,-38380.259999999995,0.9879,1.9418,-0.9539,0.9879,0.9479,0.040000000000000036,584.0108448481018,641.0349489585966,-57.02410411049482,624.5108448481019,681.5349748954935,-57.02413004739162,634.0108448481018,691.0349748954934,-57.02413004739162,1.0,1.0,0.0
80,5.0,1.0,9,10,1.2,inf,inf,,1441440.0,1441440.0,0.0,0.0,0.0,0.0,0.0,0.0,0.0,0.0,0.0,0.0,0.0,0.0,1000.0,1000.0,1000.0,1000.0,1000.0,1000.0,0.0,23.0,0.0,9.0,0.0,31.19,0.0,540.0,0.0,0.0,0.0,0.0,0.0,31.19,-31.19,0.0,540.0,-540.0,0.0,571.19,-571.19,0.0,61356.11,-61356.11,0.0,0.0,0.0,0.0,0.0,0.0,1440.0,1440.0,0.0,1440.0,1440.0,0.0,1440.0,1440.0,0.0,0.0,0.0,0.0
80,5.0,1.0,10,11,1.2,638.5489002805878,696.0349748954934,-57.48607461490565,638.5489002805878,696.0349748954934,-57.48607461490565,1000.0,1000.0,1.0,1.0,0.0,1.0,1.0,0.0,0.9984,0.9479,0.05049999999999999,0.0,0.0,0.0,0.0,1000.0,1000.0,23.0,23.0,0.0,9.0,1001.62,31.19,0.0,540.0,0.0,483.8,0.0,483.8,1001.62,514.99,486.63,0.0,540.0,-540.0,1001.62,1054.99,-53.370000000000005,43548.79,82391.01,-38842.219999999994,0.9984,1.9418,-0.9434,0.9984,0.9479,0.05049999999999999,583.5489002805878,641.0349489585966,-57.48604867800884,624.0489002805879,681.5349748954935,-57.48607461490565,633.5489002805878,691.0349748954934,-57.48607461490565,1.0,1.0,0.0
80,5.0,1.0,11,12,1.2,637.6751282372506,700.933978306757,-63.258850069506366,637.6751282372506,700.933978306757,-63.258850069506366,1000.0,1000.0,1.0,1.0,0.0,1.0,1.0,0.0,1.0188,0.8564,0.16239999999999988,0.0,0.0,0.0,0.0,1000.0,1000.0,23.0,23.0,0.0,9.0,981.53,31.19,0.0,540.0,0.0,596.48,0.0,596.48,981.53,627.67,353.86,0.0,540.0,-540.0,981.53,1167.67,-186.1400000000001,42675.04,87290.0,-44614.96,1.0188,1.5932,-0.5744,1.0188,0.8564,0.16239999999999988,582.6751282372506,645.9339464844287,-63.258818247178056,623.1751282372508,686.4339783067571,-63.258850069506366,632.6751282372506,695.933978306757,-63.258850069506366,1.0,1.0,0.0
80,5.0,1.0,12,13,1.2,inf,inf,,1441440.0,1441440.0,0.0,0.0,0.0,0.0,0.0,0.0,0.0,0.0,0.0,0.0,0.0,0.0,1000.0,1000.0,1000.0,1000.0,1000.0,1000.0,0.0,23.0,0.0,9.0,0.0,31.19,0.0,540.0,0.0,0.0,0.0,0.0,0.0,31.19,-31.19,0.0,540.0,-540.0,0.0,571.19,-571.19,0.0,61356.11,-61356.11,0.0,0.0,0.0,0.0,0.0,0.0,1440.0,1440.0,0.0,1440.0,1440.0,0.0,1440.0,1440.0,0.0,0.0,0.0,0.0
80,5.0,1.0,13,14,1.2,637.5242037255962,inf,-inf,637.5242037255962,1441440.0,-1440802.4757962744,1000.0,0.0,1.0,0.0,1.0,1.0,0.0,1.0,1.0224,0.0,1.0224,0.0,1000.0,0.0,1000.0,1000.0,1000.0,23.0,23.0,0.0,9.0,978.05,31.19,0.0,540.0,0.0,0.0,0.0,0.0,978.05,31.19,946.8599999999999,0.0,540.0,-540.0,978.05,571.19,406.8599999999999,42524.12,61356.11,-18831.989999999998,1.0224,0.0,1.0224,1.0224,0.0,1.0224,582.5242037255962,1440.0,-857.4757962744038,623.0242037255963,1440.0,-816.9757962744037,632.5242037255962,1440.0,-807.4757962744038,1.0,0.0,1.0
80,5.0,1.0,14,15,1.2,641.0497841901513,696.0349748954934,-54.98519070534212,641.0497841901513,696.0349748954934,-54.98519070534212,1000.0,1000.0,1.0,1.0,0.0,1.0,1.0,0.0,0.9442,0.9479,-0.0036999999999999256,0.0,0.0,0.0,0.0,1000.0,1000.0,23.0,23.0,0.0,9.0,1059.14,31.19,0.0,540.0,0.0,483.8,0.0,483.8,1059.14,514.99,544.1500000000001,0.0,540.0,-540.0,1059.14,1054.99,4.150000000000091,46049.68,82391.01,-36341.329999999994,0.9442,1.9418,-0.9975999999999999,0.9442,0.9479,-0.0036999999999999256,586.0497841901513,641.0349489585966,-54.985164768445316,626.5497841901514,681.5349748954935,-54.98519070534212,636.0497841901513,691.0349748954934,-54.98519070534212,1.0,1.0,0.0
80,5.0,1.0,15,16,1.2,637.5242037255962,696.0349748954934,-58.510771169897225,637.5242037255962,696.0349748954934,-58.510771169897225,1000.0,1000.0,1.0,1.0,0.0,1.0,1.0,0.0,1.0224,0.9479,0.07450000000000001,0.0,0.0,0.0,0.0,1000.0,1000.0,23.0,23.0,0.0,9.0,978.05,31.19,0.0,540.0,0.0,483.8,0.0,483.8,978.05,514.99,463.05999999999995,0.0,540.0,-540.0,978.05,1054.99,-76.94000000000005,42524.12,82391.01,-39866.88999999999,1.0224,1.9418,-0.9194,1.0224,0.9479,0.07450000000000001,582.5242037255962,641.0349489585966,-58.51074523300042,623.0242037255963,681.5349748954935,-58.510771169897225,632.5242037255962,691.0349748954934,-58.510771169897225,1.0,1.0,0.0
80,5.0,1.0,16,17,1.2,637.5242037255962,696.0349771303399,-58.51077340474376,637.5242037255962,696.0349771303399,-58.51077340474376,1000.0,1000.0,1.0,1.0,0.0,1.0,1.0,0.0,1.0224,0.9479,0.07450000000000001,0.0,0.0,0.0,0.0,1000.0,1000.0,23.0,23.0,0.0,9.0,978.05,31.19,0.0,540.0,0.0,483.8,0.0,483.8,978.05,514.99,463.05999999999995,0.0,540.0,-540.0,978.05,1054.99,-76.94000000000005,42524.12,82391.01,-39866.88999999999,1.0224,1.9418,-0.9194,1.0224,0.9479,0.07450000000000001,582.5242037255962,641.0349516079461,-58.51074788234996,623.0242037255963,681.53497713034,-58.51077340474376,632.5242037255962,691.0349771303399,-58.51077340474376,1.0,1.0,0.0
80,5.0,1.0,17,18,1.2,inf,inf,,1441440.0,1441440.0,0.0,0.0,0.0,0.0,0.0,0.0,0.0,0.0,0.0,0.0,0.0,0.0,1000.0,1000.0,1000.0,1000.0,1000.0,1000.0,0.0,0.0,0.0,0.0,0.0,0.0,0.0,0.0,0.0,0.0,0.0,0.0,0.0,0.0,0.0,0.0,0.0,0.0,0.0,0.0,0.0,0.0,0.0,0.0,0.0,0.0,0.0,0.0,0.0,0.0,1440.0,1440.0,0.0,1440.0,1440.0,0.0,1440.0,1440.0,0.0,0.0,0.0,0.0
80,5.0,1.0,18,19,1.2,638.4235945458386,inf,-inf,638.4235945458386,1441440.0,-1440801.5764054542,1000.0,0.0,1.0,0.0,1.0,1.0,0.0,1.0,1.0013,0.0,1.0013,0.0,1000.0,0.0,1000.0,1000.0,1000.0,23.0,23.0,0.0,9.0,998.74,31.19,0.0,540.0,0.0,0.0,0.0,0.0,998.74,31.19,967.55,0.0,540.0,-540.0,998.74,571.19,427.54999999999995,43423.51,61356.11,-17932.6,1.0013,0.0,1.0013,1.0013,0.0,1.0013,583.4235945458386,1440.0,-856.5764054541614,623.9235945458387,1440.0,-816.0764054541613,633.4235945458386,1440.0,-806.5764054541614,1.0,0.0,1.0
80,5.0,1.0,19,20,1.2,639.1043011176155,696.0349748954934,-56.93067377787793,639.1043011176155,696.0349748954934,-56.93067377787793,1000.0,1000.0,1.0,1.0,0.0,1.0,1.0,0.0,0.9858,0.9479,0.037900000000000045,0.0,0.0,0.0,0.0,1000.0,1000.0,23.0,23.0,0.0,9.0,1014.4,31.19,0.0,540.0,0.0,483.8,0.0,483.8,1014.4,514.99,499.40999999999997,0.0,540.0,-540.0,1014.4,1054.99,-40.59000000000003,44104.19,82391.01,-38286.81999999999,0.9858,1.9418,-0.956,0.9858,0.9479,0.037900000000000045,584.1043011176155,641.0349489585966,-56.93064784098112,624.6043011176156,681.5349748954935,-56.93067377787793,634.1043011176155,691.0349748954934,-56.93067377787793,1.0,1.0,0.0
80,5.0,2.0,0,1,1.2,inf,inf,,1441440.0,1441440.0,0.0,0.0,0.0,0.0,0.0,0.0,0.0,0.0,0.0,0.0,0.0,0.0,1000.0,1000.0,1000.0,1000.0,1000.0,1000.0,0.0,0.0,0.0,0.0,0.0,0.0,0.0,0.0,0.0,0.0,0.0,0.0,0.0,0.0,0.0,0.0,0.0,0.0,0.0,0.0,0.0,0.0,0.0,0.0,0.0,0.0,0.0,0.0,0.0,0.0,1440.0,1440.0,0.0,1440.0,1440.0,0.0,1440.0,1440.0,0.0,0.0,0.0,0.0
80,5.0,2.0,1,2,1.2,inf,inf,,1441440.0,1441440.0,0.0,0.0,0.0,0.0,0.0,0.0,0.0,0.0,0.0,0.0,0.0,0.0,1000.0,1000.0,1000.0,1000.0,1000.0,1000.0,0.0,23.0,0.0,9.0,0.0,31.19,0.0,540.0,0.0,0.0,0.0,0.0,0.0,31.19,-31.19,0.0,540.0,-540.0,0.0,571.19,-571.19,0.0,61356.11,-61356.11,0.0,0.0,0.0,0.0,0.0,0.0,1440.0,1440.0,0.0,1440.0,1440.0,0.0,1440.0,1440.0,0.0,0.0,0.0,0.0
80,5.0,2.0,2,3,1.2,639.17836000498,705.9585883729338,-66.78022836795378,639.17836000498,705.9585883729338,-66.78022836795378,1000.0,1000.0,1.0,1.0,0.0,1.0,1.0,0.0,0.9842,0.813,0.17120000000000002,0.0,0.0,0.0,0.0,1000.0,1000.0,23.0,23.0,0.0,8.0,1016.1,152.91,0.0,480.0,0.0,597.05,0.0,597.05,1016.1,749.95,266.15,0.0,480.0,-480.0,1016.1,1229.95,-213.85000000000002,44178.27,92606.6,-48428.33000000001,0.9842,1.3334,-0.34919999999999995,0.9842,0.813,0.17120000000000002,584.17836000498,650.9585883729338,-66.78022836795378,624.6783600049802,691.458588372934,-66.78022836795378,634.17836000498,700.9585883729338,-66.78022836795378,1.0,1.0,0.0
80,5.0,2.0,3,4,1.2,inf,inf,,1441440.0,1441440.0,0.0,0.0,0.0,0.0,0.0,0.0,0.0,0.0,0.0,0.0,0.0,0.0,1000.0,1000.0,1000.0,1000.0,1000.0,1000.0,0.0,0.0,0.0,0.0,0.0,0.0,0.0,0.0,0.0,0.0,0.0,0.0,0.0,0.0,0.0,0.0,0.0,0.0,0.0,0.0,0.0,0.0,0.0,0.0,0.0,0.0,0.0,0.0,0.0,0.0,1440.0,1440.0,0.0,1440.0,1440.0,0.0,1440.0,1440.0,0.0,0.0,0.0,0.0
80,5.0,2.0,4,5,1.2,640.2011081743418,inf,-inf,640.2011081743418,1441440.0,-1440799.7988918256,1000.0,0.0,1.0,0.0,1.0,1.0,0.0,1.0,0.9619,0.0,0.9619,0.0,1000.0,0.0,1000.0,1000.0,1000.0,23.0,23.0,0.0,9.0,1039.62,31.19,0.0,540.0,0.0,0.0,0.0,0.0,1039.62,31.19,1008.4299999999998,0.0,540.0,-540.0,1039.62,571.19,468.42999999999984,45200.99,61356.11,-16155.120000000003,0.9619,0.0,0.9619,0.9619,0.0,0.9619,585.2011081743418,1440.0,-854.7988918256582,625.7011081743419,1440.0,-814.2988918256581,635.2011081743418,1440.0,-804.7988918256582,1.0,0.0,1.0
80,5.0,2.0,5,6,1.2,inf,inf,,1441440.0,1441440.0,0.0,0.0,0.0,0.0,0.0,0.0,0.0,0.0,0.0,0.0,0.0,0.0,1000.0,1000.0,1000.0,1000.0,1000.0,1000.0,0.0,23.0,0.0,9.0,0.0,31.19,0.0,540.0,0.0,0.0,0.0,0.0,0.0,31.19,-31.19,0.0,540.0,-540.0,0.0,571.19,-571.19,0.0,61356.11,-61356.11,0.0,0.0,0.0,0.0,0.0,0.0,1440.0,1440.0,0.0,1440.0,1440.0,0.0,1440.0,1440.0,0.0,0.0,0.0,0.0
80,5.0,2.0,6,7,1.2,inf,inf,,1441440.0,1441440.0,0.0,0.0,0.0,0.0,0.0,0.0,0.0,0.0,0.0,0.0,0.0,0.0,1000.0,1000.0,1000.0,1000.0,1000.0,1000.0,0.0,0.0,0.0,0.0,0.0,0.0,0.0,0.0,0.0,0.0,0.0,0.0,0.0,0.0,0.0,0.0,0.0,0.0,0.0,0.0,0.0,0.0,0.0,0.0,0.0,0.0,0.0,0.0,0.0,0.0,1440.0,1440.0,0.0,1440.0,1440.0,0.0,1440.0,1440.0,0.0,0.0,0.0,0.0
80,5.0,2.0,7,8,1.2,inf,inf,,1441440.0,1441440.0,0.0,0.0,0.0,0.0,0.0,0.0,0.0,0.0,0.0,0.0,0.0,0.0,1000.0,1000.0,1000.0,1000.0,1000.0,1000.0,0.0,23.0,0.0,9.0,0.0,31.19,0.0,540.0,0.0,0.0,0.0,0.0,0.0,31.19,-31.19,0.0,540.0,-540.0,0.0,571.19,-571.19,0.0,61356.11,-61356.11,0.0,0.0,0.0,0.0,0.0,0.0,1440.0,1440.0,0.0,1440.0,1440.0,0.0,1440.0,1440.0,0.0,0.0,0.0,0.0
80,5.0,2.0,8,9,1.2,641.0499205227401,inf,-inf,641.0499205227401,1441440.0,-1440798.9500794772,1000.0,0.0,1.0,0.0,1.0,1.0,0.0,1.0,0.9442,0.0,0.9442,0.0,1000.0,0.0,1000.0,1000.0,1000.0,23.0,23.0,0.0,8.0,1059.15,166.91,0.0,480.0,0.0,0.0,0.0,0.0,1059.15,166.91,892.2400000000001,0.0,480.0,-480.0,1059.15,646.91,412.2400000000001,46049.8,67256.94,-21207.14,0.9442,0.0,0.9442,0.9442,0.0,0.9442,586.0499205227401,1440.0,-853.9500794772599,626.5499205227402,1440.0,-813.4500794772598,636.0499205227401,1440.0,-803.9500794772599,1.0,0.0,1.0
80,5.0,2.0,9,10,1.2,inf,inf,,1441440.0,1441440.0,0.0,0.0,0.0,0.0,0.0,0.0,0.0,0.0,0.0,0.0,0.0,0.0,1000.0,1000.0,1000.0,1000.0,1000.0,1000.0,0.0,23.0,0.0,9.0,0.0,31.19,0.0,540.0,0.0,0.0,0.0,0.0,0.0,31.19,-31.19,0.0,540.0,-540.0,0.0,571.19,-571.19,0.0,61356.11,-61356.11,0.0,0.0,0.0,0.0,0.0,0.0,1440.0,1440.0,0.0,1440.0,1440.0,0.0,1440.0,1440.0,0.0,0.0,0.0,0.0
80,5.0,2.0,10,11,1.2,639.6898844483829,inf,-inf,639.6898844483829,1441440.0,-1440800.3101155516,1000.0,0.0,1.0,0.0,1.0,1.0,0.0,1.0,0.9729,0.0,0.9729,0.0,1000.0,0.0,1000.0,1000.0,1000.0,23.0,23.0,0.0,9.0,1027.87,31.19,0.0,540.0,0.0,0.0,0.0,0.0,1027.87,31.19,996.6799999999998,0.0,540.0,-540.0,1027.87,571.19,456.67999999999984,44689.78,61356.11,-16666.33,0.9729,0.0,0.9729,0.9729,0.0,0.9729,584.6898844483829,1440.0,-855.3101155516171,625.189884448383,1440.0,-814.810115551617,634.6898844483829,1440.0,-805.3101155516171,1.0,0.0,1.0
80,5.0,2.0,11,12,1.2,638.9810911311428,700.9585883729338,-61.97749724179107,638.9810911311428,700.9585883729338,-61.97749724179107,1000.0,1000.0,1.0,1.0,0.0,1.0,1.0,0.0,0.9886,0.856,0.13260000000000005,0.0,0.0,0.0,0.0,1000.0,1000.0,23.0,23.0,0.0,9.0,1011.56,31.19,0.0,540.0,0.0,597.05,0.0,597.05,1011.56,628.24,383.31999999999994,0.0,540.0,-540.0,1011.56,1168.24,-156.68000000000006,43981.01,87314.6,-43333.590000000004,0.9886,1.5918,-0.6032000000000001,0.9886,0.856,0.13260000000000005,583.9810911311428,645.9585554191221,-61.97746428797939,624.4810911311429,686.458588372934,-61.97749724179107,633.9810911311428,695.9585883729338,-61.97749724179107,1.0,1.0,0.0
80,5.0,2.0,12,13,1.2,inf,inf,,1441440.0,1441440.0,0.0,0.0,0.0,0.0,0.0,0.0,0.0,0.0,0.0,0.0,0.0,0.0,1000.0,1000.0,1000.0,1000.0,1000.0,1000.0,0.0,23.0,0.0,9.0,0.0,31.19,0.0,540.0,0.0,0.0,0.0,0.0,0.0,31.19,-31.19,0.0,540.0,-540.0,0.0,571.19,-571.19,0.0,61356.11,-61356.11,0.0,0.0,0.0,0.0,0.0,0.0,1440.0,1440.0,0.0,1440.0,1440.0,0.0,1440.0,1440.0,0.0,0.0,0.0,0.0
80,5.0,2.0,13,14,1.2,641.4890051543464,inf,-inf,641.4890051543464,1441440.0,-1440798.5109948458,1000.0,0.0,1.0,0.0,1.0,1.0,0.0,1.0,0.9352,0.0,0.9352,0.0,1000.0,0.0,1000.0,1000.0,1000.0,23.0,23.0,0.0,9.0,1069.25,31.19,0.0,540.0,0.0,0.0,0.0,0.0,1069.25,31.19,1038.06,0.0,540.0,-540.0,1069.25,571.19,498.05999999999995,46488.91,61356.11,-14867.199999999997,0.9352,0.0,0.9352,0.9352,0.0,0.9352,586.4890051543464,1440.0,-853.5109948456536,626.9890051543465,1440.0,-813.0109948456535,636.4890051543464,1440.0,-803.5109948456536,1.0,0.0,1.0
80,5.0,2.0,14,15,1.2,inf,inf,,1441440.0,1441440.0,0.0,0.0,0.0,0.0,0.0,0.0,0.0,0.0,0.0,0.0,0.0,0.0,1000.0,1000.0,1000.0,1000.0,1000.0,1000.0,0.0,0.0,0.0,0.0,0.0,0.0,0.0,0.0,0.0,0.0,0.0,0.0,0.0,0.0,0.0,0.0,0.0,0.0,0.0,0.0,0.0,0.0,0.0,0.0,0.0,0.0,0.0,0.0,0.0,0.0,1440.0,1440.0,0.0,1440.0,1440.0,0.0,1440.0,1440.0,0.0,0.0,0.0,0.0
80,5.0,2.0,15,16,1.2,638.9365800621749,inf,-inf,638.9365800621749,1441440.0,-1440801.0634199379,1000.0,0.0,1.0,0.0,1.0,1.0,0.0,1.0,0.9896,0.0,0.9896,0.0,1000.0,0.0,1000.0,1000.0,1000.0,23.0,23.0,0.0,9.0,1010.54,31.19,0.0,540.0,0.0,0.0,0.0,0.0,1010.54,31.19,979.3499999999999,0.0,540.0,-540.0,1010.54,571.19,439.3499999999999,43936.49,61356.11,-17419.620000000003,0.9896,0.0,0.9896,0.9896,0.0,0.9896,583.9365800621749,1440.0,-856.0634199378251,624.436580062175,1440.0,-815.563419937825,633.9365800621749,1440.0,-806.0634199378251,1.0,0.0,1.0
80,5.0,2.0,16,17,1.2,637.5242037255962,inf,-inf,637.5242037255962,1441440.0,-1440802.4757962744,1000.0,0.0,1.0,0.0,1.0,1.0,0.0,1.0,1.0224,0.0,1.0224,0.0,1000.0,0.0,1000.0,1000.0,1000.0,23.0,23.0,0.0,9.0,978.05,31.19,0.0,540.0,0.0,0.0,0.0,0.0,978.05,31.19,946.8599999999999,0.0,540.0,-540.0,978.05,571.19,406.8599999999999,42524.12,61356.11,-18831.989999999998,1.0224,0.0,1.0224,1.0224,0.0,1.0224,582.5242037255962,1440.0,-857.4757962744038,623.0242037255963,1440.0,-816.9757962744037,632.5242037255962,1440.0,-807.4757962744038,1.0,0.0,1.0
80,5.0,2.0,17,18,1.2,inf,inf,,1441440.0,1441440.0,0.0,0.0,0.0,0.0,0.0,0.0,0.0,0.0,0.0,0.0,0.0,0.0,1000.0,1000.0,1000.0,1000.0,1000.0,1000.0,0.0,0.0,0.0,0.0,0.0,0.0,0.0,0.0,0.0,0.0,0.0,0.0,0.0,0.0,0.0,0.0,0.0,0.0,0.0,0.0,0.0,0.0,0.0,0.0,0.0,0.0,0.0,0.0,0.0,0.0,1440.0,1440.0,0.0,1440.0,1440.0,0.0,1440.0,1440.0,0.0,0.0,0.0,0.0
80,5.0,2.0,18,19,1.2,639.8374924313351,inf,-inf,639.8374924313351,1441440.0,-1440800.1625075687,1000.0,0.0,1.0,0.0,1.0,1.0,0.0,1.0,0.9697,0.0,0.9697,0.0,1000.0,0.0,1000.0,1000.0,1000.0,23.0,23.0,0.0,9.0,1031.26,31.19,0.0,540.0,0.0,0.0,0.0,0.0,1031.26,31.19,1000.0699999999999,0.0,540.0,-540.0,1031.26,571.19,460.06999999999994,44837.4,61356.11,-16518.71,0.9697,0.0,0.9697,0.9697,0.0,0.9697,584.8374924313351,1440.0,-855.1625075686649,625.3374924313352,1440.0,-814.6625075686648,634.8374924313351,1440.0,-805.1625075686649,1.0,0.0,1.0
80,5.0,2.0,19,20,1.2,644.8291898741236,inf,-inf,644.8291898741236,1441440.0,-1440795.1708101258,1000.0,0.0,1.0,0.0,1.0,1.0,0.0,1.0,0.8725,0.0,0.8725,0.0,1000.0,0.0,1000.0,1000.0,1000.0,23.0,23.0,0.0,9.0,1146.07,31.19,0.0,540.0,0.0,0.0,0.0,0.0,1146.07,31.19,1114.8799999999999,0.0,540.0,-540.0,1146.07,571.19,574.8799999999999,49829.06,61356.11,-11527.050000000003,0.8725,0.0,0.8725,0.8725,0.0,0.8725,589.8291898741236,1440.0,-850.1708101258764,630.3291898741237,1440.0,-809.6708101258763,639.8291898741236,1440.0,-800.1708101258764,1.0,0.0,1.0
80,10.0,0.5,0,1,1.2,752.9431676877244,696.0349748954934,56.908192792231034,752.9431676877244,696.0349748954934,56.908192792231034,1000.0,1000.0,1.0,1.0,0.0,1.0,1.0,0.0,1.0125,0.9479,0.06459999999999999,0.0,0.0,0.0,0.0,1000.0,1000.0,23.0,23.0,0.0,9.0,987.69,31.19,0.0,540.0,0.0,483.8,0.0,483.8,987.69,514.99,472.70000000000005,0.0,540.0,-540.0,987.69,1054.99,-67.29999999999995,42943.15,82391.01,-39447.85999999999,1.0125,1.9418,-0.9293,1.0125,0.9479,0.06459999999999999,642.9431676877244,641.0349489585966,1.9082187291278387,723.9431676877247,681.5349748954935,42.40819279223115,742.9431676877244,691.0349748954934,51.908192792231034,1.0,1.0,0.0
80,10.0,0.5,1,2,1.2,752.8753839084211,696.0349748954934,56.840409012927694,752.8753839084211,696.0349748954934,56.840409012927694,1000.0,1000.0,1.0,1.0,0.0,1.0,1.0,0.0,1.0141,0.9479,0.06620000000000004,0.0,0.0,0.0,0.0,1000.0,1000.0,23.0,23.0,0.0,9.0,986.13,31.19,0.0,540.0,0.0,483.8,0.0,483.8,986.13,514.99,471.14,0.0,540.0,-540.0,986.13,1054.99,-68.86000000000001,42875.37,82391.01,-39515.63999999999,1.0141,1.9418,-0.9277,1.0141,0.9479,0.06620000000000004,642.8753839084211,641.0349489585966,1.8404349498244983,723.8753839084213,681.5349748954935,42.34040901292781,742.8753839084211,691.0349748954934,51.840409012927694,1.0,1.0,0.0
80,10.0,0.5,2,3,1.2,752.5240352373265,700.9585883729338,51.5654468643927,752.5240352373265,700.9585883729338,51.5654468643927,1000.0,1000.0,1.0,1.0,0.0,1.0,1.0,0.0,1.0224,0.856,0.1664,0.0,0.0,0.0,0.0,1000.0,1000.0,23.0,23.0,0.0,9.0,978.05,31.19,0.0,540.0,0.0,597.05,0.0,597.05,978.05,628.24,349.80999999999995,0.0,540.0,-540.0,978.05,1168.24,-190.19000000000005,42524.02,87314.6,-44790.58000000001,1.0224,1.5918,-0.5694000000000001,1.0224,0.856,0.1664,642.5240352373265,645.9585554191221,-3.4345201817956195,723.5240352373268,686.458588372934,37.06544686439281,742.5240352373265,695.9585883729338,46.5654468643927,1.0,1.0,0.0
80,10.0,0.5,3,4,1.2,inf,inf,,1441440.0,1441440.0,0.0,0.0,0.0,0.0,0.0,0.0,0.0,0.0,0.0,0.0,0.0,0.0,1000.0,1000.0,1000.0,1000.0,1000.0,1000.0,0.0,0.0,0.0,0.0,0.0,0.0,0.0,0.0,0.0,0.0,0.0,0.0,0.0,0.0,0.0,0.0,0.0,0.0,0.0,0.0,0.0,0.0,0.0,0.0,0.0,0.0,0.0,0.0,0.0,0.0,1440.0,1440.0,0.0,1440.0,1440.0,0.0,1440.0,1440.0,0.0,0.0,0.0,0.0
80,10.0,0.5,4,5,1.2,752.9846201643397,696.0349748954934,56.949645268846325,752.9846201643397,696.0349748954934,56.949645268846325,1000.0,1000.0,1.0,1.0,0.0,1.0,1.0,0.0,1.0115,0.9479,0.0636000000000001,0.0,0.0,0.0,0.0,1000.0,1000.0,23.0,23.0,0.0,9.0,988.65,31.19,0.0,540.0,0.0,483.8,0.0,483.8,988.65,514.99,473.65999999999997,0.0,540.0,-540.0,988.65,1054.99,-66.34000000000003,42984.6,82391.01,-39406.409999999996,1.0115,1.9418,-0.9302999999999999,1.0115,0.9479,0.0636000000000001,642.9846201643397,641.0349489585966,1.9496712057431296,723.98462016434,681.5349748954935,42.44964526884644,742.9846201643397,691.0349748954934,51.949645268846325,1.0,1.0,0.0
80,10.0,0.5,5,6,1.2,inf,inf,,1441440.0,1441440.0,0.0,0.0,0.0,0.0,0.0,0.0,0.0,0.0,0.0,0.0,0.0,0.0,1000.0,1000.0,1000.0,1000.0,1000.0,1000.0,0.0,23.0,0.0,9.0,0.0,31.19,0.0,540.0,0.0,0.0,0.0,0.0,0.0,31.19,-31.19,0.0,540.0,-540.0,0.0,571.19,-571.19,0.0,61356.11,-61356.11,0.0,0.0,0.0,0.0,0.0,0.0,1440.0,1440.0,0.0,1440.0,1440.0,0.0,1440.0,1440.0,0.0,0.0,0.0,0.0
80,10.0,0.5,6,7,1.2,752.5240352373265,700.2586599581538,52.26537527917276,752.5240352373265,700.2586599581538,52.26537527917276,1000.0,1000.0,1.0,1.0,0.0,1.0,1.0,0.0,1.0224,0.868,0.15439999999999998,0.0,0.0,0.0,0.0,1000.0,1000.0,23.0,23.0,0.0,9.0,978.05,31.19,0.0,540.0,0.0,580.95,0.0,580.95,978.05,612.14,365.90999999999997,0.0,540.0,-540.0,978.05,1152.14,-174.09000000000015,42524.02,86614.68,-44090.659999999996,1.0224,1.6336,-0.6112,1.0224,0.868,0.15439999999999998,642.5240352373265,645.258627987424,-2.7345927500974767,723.5240352373268,685.7586599581539,37.76537527917287,742.5240352373265,695.2586599581538,47.26537527917276,1.0,1.0,0.0
80,10.0,0.5,7,8,1.2,inf,inf,,1441440.0,1441440.0,0.0,0.0,0.0,0.0,0.0,0.0,0.0,0.0,0.0,0.0,0.0,0.0,1000.0,1000.0,1000.0,1000.0,1000.0,1000.0,0.0,23.0,0.0,9.0,0.0,31.19,0.0,540.0,0.0,0.0,0.0,0.0,0.0,31.19,-31.19,0.0,540.0,-540.0,0.0,571.19,-571.19,0.0,61356.11,-61356.11,0.0,0.0,0.0,0.0,0.0,0.0,1440.0,1440.0,0.0,1440.0,1440.0,0.0,1440.0,1440.0,0.0,0.0,0.0,0.0
80,10.0,0.5,8,9,1.2,752.5240352373265,696.0349748954934,56.489060341833124,752.5240352373265,696.0349748954934,56.489060341833124,1000.0,1000.0,1.0,1.0,0.0,1.0,1.0,0.0,1.0224,0.9479,0.07450000000000001,0.0,0.0,0.0,0.0,1000.0,1000.0,23.0,23.0,0.0,9.0,978.05,31.19,0.0,540.0,0.0,483.8,0.0,483.8,978.05,514.99,463.05999999999995,0.0,540.0,-540.0,978.05,1054.99,-76.94000000000005,42524.02,82391.01,-39866.99,1.0224,1.9418,-0.9194,1.0224,0.9479,0.07450000000000001,642.5240352373265,641.0349489585966,1.4890862787299284,723.5240352373268,681.5349748954935,41.98906034183324,742.5240352373265,691.0349748954934,51.489060341833124,1.0,1.0,0.0
80,10.0,0.5,9,10,1.2,752.5240352373265,696.0349748954934,56.489060341833124,752.5240352373265,696.0349748954934,56.489060341833124,1000.0,1000.0,1.0,1.0,0.0,1.0,1.0,0.0,1.0224,0.9479,0.07450000000000001,0.0,0.0,0.0,0.0,1000.0,1000.0,23.0,23.0,0.0,9.0,978.05,31.19,0.0,540.0,0.0,483.8,0.0,483.8,978.05,514.99,463.05999999999995,0.0,540.0,-540.0,978.05,1054.99,-76.94000000000005,42524.02,82391.01,-39866.99,1.0224,1.9418,-0.9194,1.0224,0.9479,0.07450000000000001,642.5240352373265,641.0349489585966,1.4890862787299284,723.5240352373268,681.5349748954935,41.98906034183324,742.5240352373265,691.0349748954934,51.489060341833124,1.0,1.0,0.0
80,10.0,0.5,10,11,1.2,753.5486640553657,696.0349748954934,57.51368915987234,753.5486640553657,696.0349748954934,57.51368915987234,1000.0,1000.0,1.0,1.0,0.0,1.0,1.0,0.0,0.9984,0.9479,0.05049999999999999,0.0,0.0,0.0,0.0,1000.0,1000.0,23.0,23.0,0.0,9.0,1001.62,31.19,0.0,540.0,0.0,483.8,0.0,483.8,1001.62,514.99,486.63,0.0,540.0,-540.0,1001.62,1054.99,-53.370000000000005,43548.64,82391.01,-38842.369999999995,0.9984,1.9418,-0.9434,0.9984,0.9479,0.05049999999999999,643.5486640553657,641.0349489585966,2.513715096769147,724.548664055366,681.5349748954935,43.013689159872456,743.5486640553657,691.0349748954934,52.51368915987234,1.0,1.0,0.0
80,10.0,0.5,11,12,1.2,752.5240352373265,700.933978306757,51.59005693056952,752.5240352373265,700.933978306757,51.59005693056952,1000.0,1000.0,1.0,1.0,0.0,1.0,1.0,0.0,1.0224,0.8564,0.16599999999999993,0.0,0.0,0.0,0.0,1000.0,1000.0,23.0,23.0,0.0,9.0,978.05,31.19,0.0,540.0,0.0,596.48,0.0,596.48,978.05,627.67,350.38,0.0,540.0,-540.0,978.05,1167.67,-189.62000000000012,42524.02,87290.0,-44765.98,1.0224,1.5932,-0.5708,1.0224,0.8564,0.16599999999999993,642.5240352373265,645.9339464844287,-3.4099112471021726,723.5240352373268,686.4339783067571,37.09005693056963,742.5240352373265,695.933978306757,46.59005693056952,1.0,1.0,0.0
80,10.0,0.5,12,13,1.2,752.9431676877244,696.0349748954934,56.908192792231034,752.9431676877244,696.0349748954934,56.908192792231034,1000.0,1000.0,1.0,1.0,0.0,1.0,1.0,0.0,1.0125,0.9479,0.06459999999999999,0.0,0.0,0.0,0.0,1000.0,1000.0,23.0,23.0,0.0,9.0,987.69,31.19,0.0,540.0,0.0,483.8,0.0,483.8,987.69,514.99,472.70000000000005,0.0,540.0,-540.0,987.69,1054.99,-67.29999999999995,42943.15,82391.01,-39447.85999999999,1.0125,1.9418,-0.9293,1.0125,0.9479,0.06459999999999999,642.9431676877244,641.0349489585966,1.9082187291278387,723.9431676877247,681.5349748954935,42.40819279223115,742.9431676877244,691.0349748954934,51.908192792231034,1.0,1.0,0.0
80,10.0,0.5,13,14,1.2,752.5240352373265,696.0349748954934,56.489060341833124,752.5240352373265,696.0349748954934,56.489060341833124,1000.0,1000.0,1.0,1.0,0.0,1.0,1.0,0.0,1.0224,0.9479,0.07450000000000001,0.0,0.0,0.0,0.0,1000.0,1000.0,23.0,23.0,0.0,9.0,978.05,31.19,0.0,540.0,0.0,483.8,0.0,483.8,978.05,514.99,463.05999999999995,0.0,540.0,-540.0,978.05,1054.99,-76.94000000000005,42524.02,82391.01,-39866.99,1.0224,1.9418,-0.9194,1.0224,0.9479,0.07450000000000001,642.5240352373265,641.0349489585966,1.4890862787299284,723.5240352373268,681.5349748954935,41.98906034183324,742.5240352373265,691.0349748954934,51.489060341833124,1.0,1.0,0.0
80,10.0,0.5,14,15,1.2,756.0495741166286,696.0349748954934,60.0145992211352,756.0495741166286,696.0349748954934,60.0145992211352,1000.0,1000.0,1.0,1.0,0.0,1.0,1.0,0.0,0.9442,0.9479,-0.0036999999999999256,0.0,0.0,0.0,0.0,1000.0,1000.0,23.0,23.0,0.0,9.0,1059.14,31.19,0.0,540.0,0.0,483.8,0.0,483.8,1059.14,514.99,544.1500000000001,0.0,540.0,-540.0,1059.14,1054.99,4.150000000000091,46049.55,82391.01,-36341.45999999999,0.9442,1.9418,-0.9975999999999999,0.9442,0.9479,-0.0036999999999999256,646.0495741166286,641.0349489585966,5.014625158032004,727.0495741166288,681.5349748954935,45.51459922113531,746.0495741166286,691.0349748954934,55.0145992211352,1.0,1.0,0.0
80,10.0,0.5,15,16,1.2,752.5240352373265,696.0349748954934,56.489060341833124,752.5240352373265,696.0349748954934,56.489060341833124,1000.0,1000.0,1.0,1.0,0.0,1.0,1.0,0.0,1.0224,0.9479,0.07450000000000001,0.0,0.0,0.0,0.0,1000.0,1000.0,23.0,23.0,0.0,9.0,978.05,31.19,0.0,540.0,0.0,483.8,0.0,483.8,978.05,514.99,463.05999999999995,0.0,540.0,-540.0,978.05,1054.99,-76.94000000000005,42524.02,82391.01,-39866.99,1.0224,1.9418,-0.9194,1.0224,0.9479,0.07450000000000001,642.5240352373265,641.0349489585966,1.4890862787299284,723.5240352373268,681.5349748954935,41.98906034183324,742.5240352373265,691.0349748954934,51.489060341833124,1.0,1.0,0.0
80,10.0,0.5,16,17,1.2,752.5240352373265,696.0349771303399,56.48905810698659,752.5240352373265,696.0349771303399,56.48905810698659,1000.0,1000.0,1.0,1.0,0.0,1.0,1.0,0.0,1.0224,0.9479,0.07450000000000001,0.0,0.0,0.0,0.0,1000.0,1000.0,23.0,23.0,0.0,9.0,978.05,31.19,0.0,540.0,0.0,483.8,0.0,483.8,978.05,514.99,463.05999999999995,0.0,540.0,-540.0,978.05,1054.99,-76.94000000000005,42524.02,82391.01,-39866.99,1.0224,1.9418,-0.9194,1.0224,0.9479,0.07450000000000001,642.5240352373265,641.0349516079461,1.4890836293803886,723.5240352373268,681.53497713034,41.989058106986704,742.5240352373265,691.0349771303399,51.48905810698659,1.0,1.0,0.0
80,10.0,0.5,17,18,1.2,inf,inf,,1441440.0,1441440.0,0.0,0.0,0.0,0.0,0.0,0.0,0.0,0.0,0.0,0.0,0.0,0.0,1000.0,1000.0,1000.0,1000.0,1000.0,1000.0,0.0,0.0,0.0,0.0,0.0,0.0,0.0,0.0,0.0,0.0,0.0,0.0,0.0,0.0,0.0,0.0,0.0,0.0,0.0,0.0,0.0,0.0,0.0,0.0,0.0,0.0,0.0,0.0,0.0,0.0,1440.0,1440.0,0.0,1440.0,1440.0,0.0,1440.0,1440.0,0.0,0.0,0.0,0.0
80,10.0,0.5,18,19,1.2,752.5240352373265,inf,-inf,752.5240352373265,1441440.0,-1440687.4759647627,1000.0,0.0,1.0,0.0,1.0,1.0,0.0,1.0,1.0224,0.0,1.0224,0.0,1000.0,0.0,1000.0,1000.0,1000.0,23.0,23.0,0.0,9.0,978.05,31.19,0.0,540.0,0.0,0.0,0.0,0.0,978.05,31.19,946.8599999999999,0.0,540.0,-540.0,978.05,571.19,406.8599999999999,42524.02,61356.11,-18832.090000000004,1.0224,0.0,1.0224,1.0224,0.0,1.0224,642.5240352373265,1440.0,-797.4759647626735,723.5240352373268,1440.0,-716.4759647626732,742.5240352373265,1440.0,-697.4759647626735,1.0,0.0,1.0
80,10.0,0.5,19,20,1.2,752.5240352373265,696.0349748954934,56.489060341833124,752.5240352373265,696.0349748954934,56.489060341833124,1000.0,1000.0,1.0,1.0,0.0,1.0,1.0,0.0,1.0224,0.9479,0.07450000000000001,0.0,0.0,0.0,0.0,1000.0,1000.0,23.0,23.0,0.0,9.0,978.05,31.19,0.0,540.0,0.0,483.8,0.0,483.8,978.05,514.99,463.05999999999995,0.0,540.0,-540.0,978.05,1054.99,-76.94000000000005,42524.02,82391.01,-39866.99,1.0224,1.9418,-0.9194,1.0224,0.9479,0.07450000000000001,642.5240352373265,641.0349489585966,1.4890862787299284,723.5240352373268,681.5349748954935,41.98906034183324,742.5240352373265,691.0349748954934,51.489060341833124,1.0,1.0,0.0
80,10.0,1.0,0,1,1.2,753.3914975669466,696.0349748954934,57.35652267145315,753.3914975669466,696.0349748954934,57.35652267145315,1000.0,1000.0,1.0,1.0,0.0,1.0,1.0,0.0,1.002,0.9479,0.05410000000000004,0.0,0.0,0.0,0.0,1000.0,1000.0,23.0,23.0,0.0,9.0,998.0,31.19,0.0,540.0,0.0,483.8,0.0,483.8,998.0,514.99,483.01,0.0,540.0,-540.0,998.0,1054.99,-56.99000000000001,43391.48,82391.01,-38999.52999999999,1.002,1.9418,-0.9398,1.002,0.9479,0.05410000000000004,643.3914975669466,641.0349489585966,2.3565486083499536,724.3914975669468,681.5349748954935,42.85652267145326,743.3914975669466,691.0349748954934,52.35652267145315,1.0,1.0,0.0
80,10.0,1.0,1,2,1.2,753.5262538489822,inf,-inf,753.5262538489822,1441440.0,-1440686.473746151,1000.0,0.0,1.0,0.0,1.0,1.0,0.0,1.0,0.9989,0.0,0.9989,0.0,1000.0,0.0,1000.0,1000.0,1000.0,23.0,23.0,0.0,9.0,1001.1,31.19,0.0,540.0,0.0,0.0,0.0,0.0,1001.1,31.19,969.91,0.0,540.0,-540.0,1001.1,571.19,429.90999999999997,43526.23,61356.11,-17829.879999999997,0.9989,0.0,0.9989,0.9989,0.0,0.9989,643.5262538489822,1440.0,-796.4737461510178,724.5262538489824,1440.0,-715.4737461510176,743.5262538489822,1440.0,-696.4737461510178,1.0,0.0,1.0
80,10.0,1.0,2,3,1.2,752.5240352373265,700.9585883729338,51.5654468643927,752.5240352373265,700.9585883729338,51.5654468643927,1000.0,1000.0,1.0,1.0,0.0,1.0,1.0,0.0,1.0224,0.856,0.1664,0.0,0.0,0.0,0.0,1000.0,1000.0,23.0,23.0,0.0,9.0,978.05,31.19,0.0,540.0,0.0,597.05,0.0,597.05,978.05,628.24,349.80999999999995,0.0,540.0,-540.0,978.05,1168.24,-190.19000000000005,42524.02,87314.6,-44790.58000000001,1.0224,1.5918,-0.5694000000000001,1.0224,0.856,0.1664,642.5240352373265,645.9585554191221,-3.4345201817956195,723.5240352373268,686.458588372934,37.06544686439281,742.5240352373265,695.9585883729338,46.5654468643927,1.0,1.0,0.0
80,10.0,1.0,3,4,1.2,inf,inf,,1441440.0,1441440.0,0.0,0.0,0.0,0.0,0.0,0.0,0.0,0.0,0.0,0.0,0.0,0.0,1000.0,1000.0,1000.0,1000.0,1000.0,1000.0,0.0,0.0,0.0,0.0,0.0,0.0,0.0,0.0,0.0,0.0,0.0,0.0,0.0,0.0,0.0,0.0,0.0,0.0,0.0,0.0,0.0,0.0,0.0,0.0,0.0,0.0,0.0,0.0,0.0,0.0,1440.0,1440.0,0.0,1440.0,1440.0,0.0,1440.0,1440.0,0.0,0.0,0.0,0.0
80,10.0,1.0,4,5,1.2,752.9846201643397,696.1744686893275,56.810151475012276,752.9846201643397,696.1744686893275,56.810151475012276,1000.0,1000.0,1.0,1.0,0.0,1.0,1.0,0.0,1.0115,0.945,0.06650000000000011,0.0,0.0,0.0,0.0,1000.0,1000.0,23.0,23.0,0.0,9.0,988.65,31.19,0.0,540.0,0.0,487.01,0.0,487.01,988.65,518.2,470.44999999999993,0.0,540.0,-540.0,988.65,1058.2,-69.55000000000007,42984.6,82530.5,-39545.9,1.0115,1.9298,-0.9182999999999999,1.0115,0.945,0.06650000000000011,642.9846201643397,641.1744410415415,1.8101791227982176,723.98462016434,681.6744686893276,42.31015147501239,742.9846201643397,691.1744686893275,51.810151475012276,1.0,1.0,0.0
80,10.0,1.0,5,6,1.2,inf,inf,,1441440.0,1441440.0,0.0,0.0,0.0,0.0,0.0,0.0,0.0,0.0,0.0,0.0,0.0,0.0,1000.0,1000.0,1000.0,1000.0,1000.0,1000.0,0.0,23.0,0.0,9.0,0.0,31.19,0.0,540.0,0.0,0.0,0.0,0.0,0.0,31.19,-31.19,0.0,540.0,-540.0,0.0,571.19,-571.19,0.0,61356.11,-61356.11,0.0,0.0,0.0,0.0,0.0,0.0,1440.0,1440.0,0.0,1440.0,1440.0,0.0,1440.0,1440.0,0.0,0.0,0.0,0.0
80,10.0,1.0,6,7,1.2,752.9431676877244,700.2586599581538,52.68450772957067,752.9431676877244,700.2586599581538,52.68450772957067,1000.0,1000.0,1.0,1.0,0.0,1.0,1.0,0.0,1.0125,0.868,0.14449999999999996,0.0,0.0,0.0,0.0,1000.0,1000.0,23.0,23.0,0.0,9.0,987.69,31.19,0.0,540.0,0.0,580.95,0.0,580.95,987.69,612.14,375.55000000000007,0.0,540.0,-540.0,987.69,1152.14,-164.45000000000005,42943.15,86614.68,-43671.52999999999,1.0125,1.6336,-0.6211,1.0125,0.868,0.14449999999999996,642.9431676877244,645.258627987424,-2.3154602996995663,723.9431676877247,685.7586599581539,38.18450772957078,742.9431676877244,695.2586599581538,47.68450772957067,1.0,1.0,0.0
80,10.0,1.0,7,8,1.2,inf,inf,,1441440.0,1441440.0,0.0,0.0,0.0,0.0,0.0,0.0,0.0,0.0,0.0,0.0,0.0,0.0,1000.0,1000.0,1000.0,1000.0,1000.0,1000.0,0.0,23.0,0.0,9.0,0.0,31.19,0.0,540.0,0.0,0.0,0.0,0.0,0.0,31.19,-31.19,0.0,540.0,-540.0,0.0,571.19,-571.19,0.0,61356.11,-61356.11,0.0,0.0,0.0,0.0,0.0,0.0,1440.0,1440.0,0.0,1440.0,1440.0,0.0,1440.0,1440.0,0.0,0.0,0.0,0.0
80,10.0,1.0,8,9,1.2,754.0106496015634,696.0349748954934,57.97567470606998,754.0106496015634,696.0349748954934,57.97567470606998,1000.0,1000.0,1.0,1.0,0.0,1.0,1.0,0.0,0.9879,0.9479,0.040000000000000036,0.0,0.0,0.0,0.0,1000.0,1000.0,23.0,23.0,0.0,9.0,1012.24,31.19,0.0,540.0,0.0,483.8,0.0,483.8,1012.24,514.99,497.25,0.0,540.0,-540.0,1012.24,1054.99,-42.75,44010.63,82391.01,-38380.38,0.9879,1.9418,-0.9539,0.9879,0.9479,0.040000000000000036,644.0106496015634,641.0349489585966,2.9757006429667854,725.0106496015636,681.5349748954935,43.475674706070095,744.0106496015634,691.0349748954934,52.97567470606998,1.0,1.0,0.0
80,10.0,1.0,9,10,1.2,inf,inf,,1441440.0,1441440.0,0.0,0.0,0.0,0.0,0.0,0.0,0.0,0.0,0.0,0.0,0.0,0.0,1000.0,1000.0,1000.0,1000.0,1000.0,1000.0,0.0,23.0,0.0,9.0,0.0,31.19,0.0,540.0,0.0,0.0,0.0,0.0,0.0,31.19,-31.19,0.0,540.0,-540.0,0.0,571.19,-571.19,0.0,61356.11,-61356.11,0.0,0.0,0.0,0.0,0.0,0.0,1440.0,1440.0,0.0,1440.0,1440.0,0.0,1440.0,1440.0,0.0,0.0,0.0,0.0
80,10.0,1.0,10,11,1.2,753.5486640553657,696.0349748954934,57.51368915987234,753.5486640553657,696.0349748954934,57.51368915987234,1000.0,1000.0,1.0,1.0,0.0,1.0,1.0,0.0,0.9984,0.9479,0.05049999999999999,0.0,0.0,0.0,0.0,1000.0,1000.0,23.0,23.0,0.0,9.0,1001.62,31.19,0.0,540.0,0.0,483.8,0.0,483.8,1001.62,514.99,486.63,0.0,540.0,-540.0,1001.62,1054.99,-53.370000000000005,43548.64,82391.01,-38842.369999999995,0.9984,1.9418,-0.9434,0.9984,0.9479,0.05049999999999999,643.5486640553657,641.0349489585966,2.513715096769147,724.548664055366,681.5349748954935,43.013689159872456,743.5486640553657,691.0349748954934,52.51368915987234,1.0,1.0,0.0
80,10.0,1.0,11,12,1.2,752.674950326589,700.933978306757,51.74097201983204,752.674950326589,700.933978306757,51.74097201983204,1000.0,1000.0,1.0,1.0,0.0,1.0,1.0,0.0,1.0188,0.8564,0.16239999999999988,0.0,0.0,0.0,0.0,1000.0,1000.0,23.0,23.0,0.0,9.0,981.52,31.19,0.0,540.0,0.0,596.48,0.0,596.48,981.52,627.67,353.85,0.0,540.0,-540.0,981.52,1167.67,-186.1500000000001,42674.93,87290.0,-44615.07,1.0188,1.5932,-0.5744,1.0188,0.8564,0.16239999999999988,642.674950326589,645.9339464844287,-3.258996157839647,723.6749503265893,686.4339783067571,37.24097201983216,742.674950326589,695.933978306757,46.74097201983204,1.0,1.0,0.0
80,10.0,1.0,12,13,1.2,inf,inf,,1441440.0,1441440.0,0.0,0.0,0.0,0.0,0.0,0.0,0.0,0.0,0.0,0.0,0.0,0.0,1000.0,1000.0,1000.0,1000.0,1000.0,1000.0,0.0,23.0,0.0,9.0,0.0,31.19,0.0,540.0,0.0,0.0,0.0,0.0,0.0,31.19,-31.19,0.0,540.0,-540.0,0.0,571.19,-571.19,0.0,61356.11,-61356.11,0.0,0.0,0.0,0.0,0.0,0.0,1440.0,1440.0,0.0,1440.0,1440.0,0.0,1440.0,1440.0,0.0,0.0,0.0,0.0
80,10.0,1.0,13,14,1.2,752.5240352373265,inf,-inf,752.5240352373265,1441440.0,-1440687.4759647627,1000.0,0.0,1.0,0.0,1.0,1.0,0.0,1.0,1.0224,0.0,1.0224,0.0,1000.0,0.0,1000.0,1000.0,1000.0,23.0,23.0,0.0,9.0,978.05,31.19,0.0,540.0,0.0,0.0,0.0,0.0,978.05,31.19,946.8599999999999,0.0,540.0,-540.0,978.05,571.19,406.8599999999999,42524.02,61356.11,-18832.090000000004,1.0224,0.0,1.0224,1.0224,0.0,1.0224,642.5240352373265,1440.0,-797.4759647626735,723.5240352373268,1440.0,-716.4759647626732,742.5240352373265,1440.0,-697.4759647626735,1.0,0.0,1.0
80,10.0,1.0,14,15,1.2,756.0495741166286,696.0349748954934,60.0145992211352,756.0495741166286,696.0349748954934,60.0145992211352,1000.0,1000.0,1.0,1.0,0.0,1.0,1.0,0.0,0.9442,0.9479,-0.0036999999999999256,0.0,0.0,0.0,0.0,1000.0,1000.0,23.0,23.0,0.0,9.0,1059.14,31.19,0.0,540.0,0.0,483.8,0.0,483.8,1059.14,514.99,544.1500000000001,0.0,540.0,-540.0,1059.14,1054.99,4.150000000000091,46049.55,82391.01,-36341.45999999999,0.9442,1.9418,-0.9975999999999999,0.9442,0.9479,-0.0036999999999999256,646.0495741166286,641.0349489585966,5.014625158032004,727.0495741166288,681.5349748954935,45.51459922113531,746.0495741166286,691.0349748954934,55.0145992211352,1.0,1.0,0.0
80,10.0,1.0,15,16,1.2,752.5240352373265,696.0349748954934,56.489060341833124,752.5240352373265,696.0349748954934,56.489060341833124,1000.0,1000.0,1.0,1.0,0.0,1.0,1.0,0.0,1.0224,0.9479,0.07450000000000001,0.0,0.0,0.0,0.0,1000.0,1000.0,23.0,23.0,0.0,9.0,978.05,31.19,0.0,540.0,0.0,483.8,0.0,483.8,978.05,514.99,463.05999999999995,0.0,540.0,-540.0,978.05,1054.99,-76.94000000000005,42524.02,82391.01,-39866.99,1.0224,1.9418,-0.9194,1.0224,0.9479,0.07450000000000001,642.5240352373265,641.0349489585966,1.4890862787299284,723.5240352373268,681.5349748954935,41.98906034183324,742.5240352373265,691.0349748954934,51.489060341833124,1.0,1.0,0.0
80,10.0,1.0,16,17,1.2,752.5240352373265,696.0349771303399,56.48905810698659,752.5240352373265,696.0349771303399,56.48905810698659,1000.0,1000.0,1.0,1.0,0.0,1.0,1.0,0.0,1.0224,0.9479,0.07450000000000001,0.0,0.0,0.0,0.0,1000.0,1000.0,23.0,23.0,0.0,9.0,978.05,31.19,0.0,540.0,0.0,483.8,0.0,483.8,978.05,514.99,463.05999999999995,0.0,540.0,-540.0,978.05,1054.99,-76.94000000000005,42524.02,82391.01,-39866.99,1.0224,1.9418,-0.9194,1.0224,0.9479,0.07450000000000001,642.5240352373265,641.0349516079461,1.4890836293803886,723.5240352373268,681.53497713034,41.989058106986704,742.5240352373265,691.0349771303399,51.48905810698659,1.0,1.0,0.0
80,10.0,1.0,17,18,1.2,inf,inf,,1441440.0,1441440.0,0.0,0.0,0.0,0.0,0.0,0.0,0.0,0.0,0.0,0.0,0.0,0.0,1000.0,1000.0,1000.0,1000.0,1000.0,1000.0,0.0,0.0,0.0,0.0,0.0,0.0,0.0,0.0,0.0,0.0,0.0,0.0,0.0,0.0,0.0,0.0,0.0,0.0,0.0,0.0,0.0,0.0,0.0,0.0,0.0,0.0,0.0,0.0,0.0,0.0,1440.0,1440.0,0.0,1440.0,1440.0,0.0,1440.0,1440.0,0.0,0.0,0.0,0.0
80,10.0,1.0,18,19,1.2,753.4234173172056,inf,-inf,753.4234173172056,1441440.0,-1440686.5765826828,1000.0,0.0,1.0,0.0,1.0,1.0,0.0,1.0,1.0013,0.0,1.0013,0.0,1000.0,0.0,1000.0,1000.0,1000.0,23.0,23.0,0.0,9.0,998.74,31.19,0.0,540.0,0.0,0.0,0.0,0.0,998.74,31.19,967.55,0.0,540.0,-540.0,998.74,571.19,427.54999999999995,43423.4,61356.11,-17932.71,1.0013,0.0,1.0013,1.0013,0.0,1.0013,643.4234173172056,1440.0,-796.5765826827944,724.4234173172058,1440.0,-715.5765826827942,743.4234173172056,1440.0,-696.5765826827944,1.0,0.0,1.0
80,10.0,1.0,19,20,1.2,754.1040782245416,696.0349748954934,58.069103329048176,754.1040782245416,696.0349748954934,58.069103329048176,1000.0,1000.0,1.0,1.0,0.0,1.0,1.0,0.0,0.9858,0.9479,0.037900000000000045,0.0,0.0,0.0,0.0,1000.0,1000.0,23.0,23.0,0.0,9.0,1014.39,31.19,0.0,540.0,0.0,483.8,0.0,483.8,1014.39,514.99,499.4,0.0,540.0,-540.0,1014.39,1054.99,-40.60000000000002,44104.06,82391.01,-38286.95,0.9858,1.9418,-0.956,0.9858,0.9479,0.037900000000000045,644.1040782245416,641.0349489585966,3.06912926594498,725.1040782245418,681.5349748954935,43.56910332904829,744.1040782245416,691.0349748954934,53.069103329048176,1.0,1.0,0.0
80,10.0,2.0,0,1,1.2,inf,inf,,1441440.0,1441440.0,0.0,0.0,0.0,0.0,0.0,0.0,0.0,0.0,0.0,0.0,0.0,0.0,1000.0,1000.0,1000.0,1000.0,1000.0,1000.0,0.0,0.0,0.0,0.0,0.0,0.0,0.0,0.0,0.0,0.0,0.0,0.0,0.0,0.0,0.0,0.0,0.0,0.0,0.0,0.0,0.0,0.0,0.0,0.0,0.0,0.0,0.0,0.0,0.0,0.0,1440.0,1440.0,0.0,1440.0,1440.0,0.0,1440.0,1440.0,0.0,0.0,0.0,0.0
80,10.0,2.0,1,2,1.2,inf,inf,,1441440.0,1441440.0,0.0,0.0,0.0,0.0,0.0,0.0,0.0,0.0,0.0,0.0,0.0,0.0,1000.0,1000.0,1000.0,1000.0,1000.0,1000.0,0.0,23.0,0.0,9.0,0.0,31.19,0.0,540.0,0.0,0.0,0.0,0.0,0.0,31.19,-31.19,0.0,540.0,-540.0,0.0,571.19,-571.19,0.0,61356.11,-61356.11,0.0,0.0,0.0,0.0,0.0,0.0,1440.0,1440.0,0.0,1440.0,1440.0,0.0,1440.0,1440.0,0.0,0.0,0.0,0.0
80,10.0,2.0,2,3,1.2,754.1781662157337,705.9585883729338,48.21957784279982,754.1781662157337,705.9585883729338,48.21957784279982,1000.0,1000.0,1.0,1.0,0.0,1.0,1.0,0.0,0.9842,0.813,0.17120000000000002,0.0,0.0,0.0,0.0,1000.0,1000.0,23.0,23.0,0.0,8.0,1016.1,152.91,0.0,480.0,0.0,597.05,0.0,597.05,1016.1,749.95,266.15,0.0,480.0,-480.0,1016.1,1229.95,-213.85000000000002,44178.15,92606.6,-48428.450000000004,0.9842,1.3334,-0.34919999999999995,0.9842,0.813,0.17120000000000002,644.1781662157337,650.9585883729338,-6.780422157200178,725.1781662157339,691.458588372934,33.719577842799936,744.1781662157337,700.9585883729338,43.21957784279982,1.0,1.0,0.0
80,10.0,2.0,3,4,1.2,inf,inf,,1441440.0,1441440.0,0.0,0.0,0.0,0.0,0.0,0.0,0.0,0.0,0.0,0.0,0.0,0.0,1000.0,1000.0,1000.0,1000.0,1000.0,1000.0,0.0,0.0,0.0,0.0,0.0,0.0,0.0,0.0,0.0,0.0,0.0,0.0,0.0,0.0,0.0,0.0,0.0,0.0,0.0,0.0,0.0,0.0,0.0,0.0,0.0,0.0,0.0,0.0,0.0,0.0,1440.0,1440.0,0.0,1440.0,1440.0,0.0,1440.0,1440.0,0.0,0.0,0.0,0.0
80,10.0,2.0,4,5,1.2,755.2008691231597,inf,-inf,755.2008691231597,1441440.0,-1440684.7991308768,1000.0,0.0,1.0,0.0,1.0,1.0,0.0,1.0,0.9619,0.0,0.9619,0.0,1000.0,0.0,1000.0,1000.0,1000.0,23.0,23.0,0.0,9.0,1039.62,31.19,0.0,540.0,0.0,0.0,0.0,0.0,1039.62,31.19,1008.4299999999998,0.0,540.0,-540.0,1039.62,571.19,468.42999999999984,45200.85,61356.11,-16155.260000000002,0.9619,0.0,0.9619,0.9619,0.0,0.9619,645.2008691231597,1440.0,-794.7991308768403,726.2008691231599,1440.0,-713.7991308768401,745.2008691231597,1440.0,-694.7991308768403,1.0,0.0,1.0
80,10.0,2.0,5,6,1.2,inf,inf,,1441440.0,1441440.0,0.0,0.0,0.0,0.0,0.0,0.0,0.0,0.0,0.0,0.0,0.0,0.0,1000.0,1000.0,1000.0,1000.0,1000.0,1000.0,0.0,23.0,0.0,9.0,0.0,31.19,0.0,540.0,0.0,0.0,0.0,0.0,0.0,31.19,-31.19,0.0,540.0,-540.0,0.0,571.19,-571.19,0.0,61356.11,-61356.11,0.0,0.0,0.0,0.0,0.0,0.0,1440.0,1440.0,0.0,1440.0,1440.0,0.0,1440.0,1440.0,0.0,0.0,0.0,0.0
80,10.0,2.0,6,7,1.2,inf,inf,,1441440.0,1441440.0,0.0,0.0,0.0,0.0,0.0,0.0,0.0,0.0,0.0,0.0,0.0,0.0,1000.0,1000.0,1000.0,1000.0,1000.0,1000.0,0.0,0.0,0.0,0.0,0.0,0.0,0.0,0.0,0.0,0.0,0.0,0.0,0.0,0.0,0.0,0.0,0.0,0.0,0.0,0.0,0.0,0.0,0.0,0.0,0.0,0.0,0.0,0.0,0.0,0.0,1440.0,1440.0,0.0,1440.0,1440.0,0.0,1440.0,1440.0,0.0,0.0,0.0,0.0
80,10.0,2.0,7,8,1.2,inf,inf,,1441440.0,1441440.0,0.0,0.0,0.0,0.0,0.0,0.0,0.0,0.0,0.0,0.0,0.0,0.0,1000.0,1000.0,1000.0,1000.0,1000.0,1000.0,0.0,23.0,0.0,9.0,0.0,31.19,0.0,540.0,0.0,0.0,0.0,0.0,0.0,31.19,-31.19,0.0,540.0,-540.0,0.0,571.19,-571.19,0.0,61356.11,-61356.11,0.0,0.0,0.0,0.0,0.0,0.0,1440.0,1440.0,0.0,1440.0,1440.0,0.0,1440.0,1440.0,0.0,0.0,0.0,0.0
80,10.0,2.0,8,9,1.2,756.0496784827145,inf,-inf,756.0496784827145,1441440.0,-1440683.9503215172,1000.0,0.0,1.0,0.0,1.0,1.0,0.0,1.0,0.9442,0.0,0.9442,0.0,1000.0,0.0,1000.0,1000.0,1000.0,23.0,23.0,0.0,8.0,1059.14,166.91,0.0,480.0,0.0,0.0,0.0,0.0,1059.14,166.91,892.2300000000001,0.0,480.0,-480.0,1059.14,646.91,412.23000000000013,46049.65,67256.94,-21207.29,0.9442,0.0,0.9442,0.9442,0.0,0.9442,646.0496784827145,1440.0,-793.9503215172855,727.0496784827147,1440.0,-712.9503215172853,746.0496784827145,1440.0,-693.9503215172855,1.0,0.0,1.0
80,10.0,2.0,9,10,1.2,inf,inf,,1441440.0,1441440.0,0.0,0.0,0.0,0.0,0.0,0.0,0.0,0.0,0.0,0.0,0.0,0.0,1000.0,1000.0,1000.0,1000.0,1000.0,1000.0,0.0,23.0,0.0,9.0,0.0,31.19,0.0,540.0,0.0,0.0,0.0,0.0,0.0,31.19,-31.19,0.0,540.0,-540.0,0.0,571.19,-571.19,0.0,61356.11,-61356.11,0.0,0.0,0.0,0.0,0.0,0.0,1440.0,1440.0,0.0,1440.0,1440.0,0.0,1440.0,1440.0,0.0,0.0,0.0,0.0
80,10.0,2.0,10,11,1.2,754.6896783083668,inf,-inf,754.6896783083668,1441440.0,-1440685.3103216917,1000.0,0.0,1.0,0.0,1.0,1.0,0.0,1.0,0.9729,0.0,0.9729,0.0,1000.0,0.0,1000.0,1000.0,1000.0,23.0,23.0,0.0,9.0,1027.86,31.19,0.0,540.0,0.0,0.0,0.0,0.0,1027.86,31.19,996.6699999999998,0.0,540.0,-540.0,1027.86,571.19,456.66999999999985,44689.66,61356.11,-16666.449999999997,0.9729,0.0,0.9729,0.9729,0.0,0.9729,644.6896783083668,1440.0,-795.3103216916332,725.689678308367,1440.0,-714.310321691633,744.6896783083668,1440.0,-695.3103216916332,1.0,0.0,1.0
80,10.0,2.0,11,12,1.2,753.9809202918601,700.9585883729338,53.022331918926284,753.9809202918601,700.9585883729338,53.022331918926284,1000.0,1000.0,1.0,1.0,0.0,1.0,1.0,0.0,0.9886,0.856,0.13260000000000005,0.0,0.0,0.0,0.0,1000.0,1000.0,23.0,23.0,0.0,9.0,1011.56,31.19,0.0,540.0,0.0,597.05,0.0,597.05,1011.56,628.24,383.31999999999994,0.0,540.0,-540.0,1011.56,1168.24,-156.68000000000006,43980.9,87314.6,-43333.700000000004,0.9886,1.5918,-0.6032000000000001,0.9886,0.856,0.13260000000000005,643.9809202918601,645.9585554191221,-1.9776351272620332,724.9809202918603,686.458588372934,38.5223319189264,743.9809202918601,695.9585883729338,48.022331918926284,1.0,1.0,0.0
80,10.0,2.0,12,13,1.2,inf,inf,,1441440.0,1441440.0,0.0,0.0,0.0,0.0,0.0,0.0,0.0,0.0,0.0,0.0,0.0,0.0,1000.0,1000.0,1000.0,1000.0,1000.0,1000.0,0.0,23.0,0.0,9.0,0.0,31.19,0.0,540.0,0.0,0.0,0.0,0.0,0.0,31.19,-31.19,0.0,540.0,-540.0,0.0,571.19,-571.19,0.0,61356.11,-61356.11,0.0,0.0,0.0,0.0,0.0,0.0,1440.0,1440.0,0.0,1440.0,1440.0,0.0,1440.0,1440.0,0.0,0.0,0.0,0.0
80,10.0,2.0,13,14,1.2,756.4888152115722,inf,-inf,756.4888152115722,1441440.0,-1440683.5111847885,1000.0,0.0,1.0,0.0,1.0,1.0,0.0,1.0,0.9352,0.0,0.9352,0.0,1000.0,0.0,1000.0,1000.0,1000.0,23.0,23.0,0.0,9.0,1069.24,31.19,0.0,540.0,0.0,0.0,0.0,0.0,1069.24,31.19,1038.05,0.0,540.0,-540.0,1069.24,571.19,498.04999999999995,46488.8,61356.11,-14867.309999999998,0.9352,0.0,0.9352,0.9352,0.0,0.9352,646.4888152115722,1440.0,-793.5111847884278,727.4888152115724,1440.0,-712.5111847884276,746.4888152115722,1440.0,-693.5111847884278,1.0,0.0,1.0
80,10.0,2.0,14,15,1.2,inf,inf,,1441440.0,1441440.0,0.0,0.0,0.0,0.0,0.0,0.0,0.0,0.0,0.0,0.0,0.0,0.0,1000.0,1000.0,1000.0,1000.0,1000.0,1000.0,0.0,0.0,0.0,0.0,0.0,0.0,0.0,0.0,0.0,0.0,0.0,0.0,0.0,0.0,0.0,0.0,0.0,0.0,0.0,0.0,0.0,0.0,0.0,0.0,0.0,0.0,0.0,0.0,0.0,0.0,1440.0,1440.0,0.0,1440.0,1440.0,0.0,1440.0,1440.0,0.0,0.0,0.0,0.0
80,10.0,2.0,15,16,1.2,753.9364023143655,inf,-inf,753.9364023143655,1441440.0,-1440686.0635976857,1000.0,0.0,1.0,0.0,1.0,1.0,0.0,1.0,0.9896,0.0,0.9896,0.0,1000.0,0.0,1000.0,1000.0,1000.0,23.0,23.0,0.0,9.0,1010.54,31.19,0.0,540.0,0.0,0.0,0.0,0.0,1010.54,31.19,979.3499999999999,0.0,540.0,-540.0,1010.54,571.19,439.3499999999999,43936.38,61356.11,-17419.730000000003,0.9896,0.0,0.9896,0.9896,0.0,0.9896,643.9364023143655,1440.0,-796.0635976856345,724.9364023143658,1440.0,-715.0635976856342,743.9364023143655,1440.0,-696.0635976856345,1.0,0.0,1.0
80,10.0,2.0,16,17,1.2,752.5240352373265,inf,-inf,752.5240352373265,1441440.0,-1440687.4759647627,1000.0,0.0,1.0,0.0,1.0,1.0,0.0,1.0,1.0224,0.0,1.0224,0.0,1000.0,0.0,1000.0,1000.0,1000.0,23.0,23.0,0.0,9.0,978.05,31.19,0.0,540.0,0.0,0.0,0.0,0.0,978.05,31.19,946.8599999999999,0.0,540.0,-540.0,978.05,571.19,406.8599999999999,42524.02,61356.11,-18832.090000000004,1.0224,0.0,1.0224,1.0224,0.0,1.0224,642.5240352373265,1440.0,-797.4759647626735,723.5240352373268,1440.0,-716.4759647626732,742.5240352373265,1440.0,-697.4759647626735,1.0,0.0,1.0
80,10.0,2.0,17,18,1.2,inf,inf,,1441440.0,1441440.0,0.0,0.0,0.0,0.0,0.0,0.0,0.0,0.0,0.0,0.0,0.0,0.0,1000.0,1000.0,1000.0,1000.0,1000.0,1000.0,0.0,0.0,0.0,0.0,0.0,0.0,0.0,0.0,0.0,0.0,0.0,0.0,0.0,0.0,0.0,0.0,0.0,0.0,0.0,0.0,0.0,0.0,0.0,0.0,0.0,0.0,0.0,0.0,0.0,0.0,1440.0,1440.0,0.0,1440.0,1440.0,0.0,1440.0,1440.0,0.0,0.0,0.0,0.0
80,10.0,2.0,18,19,1.2,754.837311059766,inf,-inf,754.837311059766,1441440.0,-1440685.1626889403,1000.0,0.0,1.0,0.0,1.0,1.0,0.0,1.0,0.9697,0.0,0.9697,0.0,1000.0,0.0,1000.0,1000.0,1000.0,23.0,23.0,0.0,9.0,1031.26,31.19,0.0,540.0,0.0,0.0,0.0,0.0,1031.26,31.19,1000.0699999999999,0.0,540.0,-540.0,1031.26,571.19,460.06999999999994,44837.29,61356.11,-16518.82,0.9697,0.0,0.9697,0.9697,0.0,0.9697,644.837311059766,1440.0,-795.162688940234,725.8373110597662,1440.0,-714.1626889402338,744.837311059766,1440.0,-695.162688940234,1.0,0.0,1.0
80,10.0,2.0,19,20,1.2,759.8289166535676,inf,-inf,759.8289166535676,1441440.0,-1440680.1710833465,1000.0,0.0,1.0,0.0,1.0,1.0,0.0,1.0,0.8726,0.0,0.8726,0.0,1000.0,0.0,1000.0,1000.0,1000.0,23.0,23.0,0.0,9.0,1146.06,31.19,0.0,540.0,0.0,0.0,0.0,0.0,1146.06,31.19,1114.87,0.0,540.0,-540.0,1146.06,571.19,574.8699999999999,49828.89,61356.11,-11527.220000000001,0.8726,0.0,0.8726,0.8726,0.0,0.8726,649.8289166535676,1440.0,-790.1710833464324,730.8289166535678,1440.0,-709.1710833464322,749.8289166535676,1440.0,-690.1710833464324,1.0,0.0,1.0
