s,p_fail_scale,network_variant,failure_mode,capacity_reduction_factor,rep,seed,bus_makespan,multi_makespan,delta_makespan,bus_penalized_makespan,multi_penalized_makespan,delta_penalized_makespan,bus_success_count,multi_success_count,bus_success_rate,multi_success_rate,delta_success_rate,bus_completion_rate,multi_completion_rate,delta_completion_rate,bus_resource_eff,multi_resource_eff,delta_resource_eff,bus_leftover,multi_leftover,bus_censored_count,multi_censored_count,bus_total_personnel,multi_total_personnel,bus_bus_trips,multi_bus_trips,bus_train_trips,multi_train_trips,bus_bus_minutes,multi_bus_minutes,bus_train_minutes,multi_train_minutes,bus_lastmile_minutes,multi_lastmile_minutes,bus_lastmile_vehicle_minutes,multi_lastmile_vehicle_minutes,bus_road_vehicle_service_minutes,multi_road_vehicle_service_minutes,delta_road_vehicle_service_minutes,bus_train_service_minutes,multi_train_service_minutes,delta_train_service_minutes,bus_total_service_minutes,multi_total_service_minutes,delta_total_service_minutes,bus_passenger_travel_minutes,multi_passenger_travel_minutes,delta_passenger_travel_minutes,bus_passengers_per_vehicle_minute,multi_passengers_per_vehicle_minute,delta_passengers_per_vehicle_minute,bus_passengers_per_total_service_minute,multi_passengers_per_total_service_minute,delta_passengers_per_total_service_minute
0.8,0.0,baseline,blocked,,0,1,637.5235197344142,696.0343842524193,-58.510864518005064,637.5235197344142,696.0343842524193,-58.510864518005064,1000.0,1000.0,1.0,1.0,0.0,1.0,1.0,0.0,1.0225,0.9479,0.0746,0.0,0.0,0.0,0.0,1000.0,1000.0,23.0,23.0,0.0,9.0,978.04,31.19,0.0,540.0,0.0,483.79,0.0,483.79,978.04,514.98,463.05999999999995,0.0,540.0,-540.0,978.04,1054.98,-76.94000000000005,42523.5,82390.44,-39866.94,1.0225,1.9418,-0.9193,1.0225,0.9479,0.0746
0.8,0.0,baseline,blocked,,1,2,637.5235197344142,696.0343842524193,-58.510864518005064,637.5235197344142,696.0343842524193,-58.510864518005064,1000.0,1000.0,1.0,1.0,0.0,1.0,1.0,0.0,1.0225,0.9479,0.0746,0.0,0.0,0.0,0.0,1000.0,1000.0,23.0,23.0,0.0,9.0,978.04,31.19,0.0,540.0,0.0,483.79,0.0,483.79,978.04,514.98,463.05999999999995,0.0,540.0,-540.0,978.04,1054.98,-76.94000000000005,42523.5,82390.44,-39866.94,1.0225,1.9418,-0.9193,1.0225,0.9479,0.0746
0.8,0.0,baseline,blocked,,2,3,637.5235197344142,696.0343842524193,-58.510864518005064,637.5235197344142,696.0343842524193,-58.510864518005064,1000.0,1000.0,1.0,1.0,0.0,1.0,1.0,0.0,1.0225,0.9479,0.0746,0.0,0.0,0.0,0.0,1000.0,1000.0,23.0,23.0,0.0,9.0,978.04,31.19,0.0,540.0,0.0,483.79,0.0,483.79,978.04,514.98,463.05999999999995,0.0,540.0,-540.0,978.04,1054.98,-76.94000000000005,42523.5,82390.44,-39866.94,1.0225,1.9418,-0.9193,1.0225,0.9479,0.0746
0.8,0.0,baseline,blocked,,3,4,637.5235197344142,696.0343842524193,-58.510864518005064,637.5235197344142,696.0343842524193,-58.510864518005064,1000.0,1000.0,1.0,1.0,0.0,1.0,1.0,0.0,1.0225,0.9479,0.0746,0.0,0.0,0.0,0.0,1000.0,1000.0,23.0,23.0,0.0,9.0,978.04,31.19,0.0,540.0,0.0,483.79,0.0,483.79,978.04,514.98,463.05999999999995,0.0,540.0,-540.0,978.04,1054.98,-76.94000000000005,42523.5,82390.44,-39866.94,1.0225,1.9418,-0.9193,1.0225,0.9479,0.0746
0.8,0.0,baseline,blocked,,4,5,637.5235197344142,696.0343842524193,-58.510864518005064,637.5235197344142,696.0343842524193,-58.510864518005064,1000.0,1000.0,1.0,1.0,0.0,1.0,1.0,0.0,1.0225,0.9479,0.0746,0.0,0.0,0.0,0.0,1000.0,1000.0,23.0,23.0,0.0,9.0,978.04,31.19,0.0,540.0,0.0,483.79,0.0,483.79,978.04,514.98,463.05999999999995,0.0,540.0,-540.0,978.04,1054.98,-76.94000000000005,42523.5,82390.44,-39866.94,1.0225,1.9418,-0.9193,1.0225,0.9479,0.0746
0.8,0.0,baseline,blocked,,5,6,637.5235197344142,696.0343842524193,-58.510864518005064,637.5235197344142,696.0343842524193,-58.510864518005064,1000.0,1000.0,1.0,1.0,0.0,1.0,1.0,0.0,1.0225,0.9479,0.0746,0.0,0.0,0.0,0.0,1000.0,1000.0,23.0,23.0,0.0,9.0,978.04,31.19,0.0,540.0,0.0,483.79,0.0,483.79,978.04,514.98,463.05999999999995,0.0,540.0,-540.0,978.04,1054.98,-76.94000000000005,42523.5,82390.44,-39866.94,1.0225,1.9418,-0.9193,1.0225,0.9479,0.0746
0.8,0.0,baseline,blocked,,6,7,637.5235197344142,696.0343842524193,-58.510864518005064,637.5235197344142,696.0343842524193,-58.510864518005064,1000.0,1000.0,1.0,1.0,0.0,1.0,1.0,0.0,1.0225,0.9479,0.0746,0.0,0.0,0.0,0.0,1000.0,1000.0,23.0,23.0,0.0,9.0,978.04,31.19,0.0,540.0,0.0,483.79,0.0,483.79,978.04,514.98,463.05999999999995,0.0,540.0,-540.0,978.04,1054.98,-76.94000000000005,42523.5,82390.44,-39866.94,1.0225,1.9418,-0.9193,1.0225,0.9479,0.0746
0.8,0.0,baseline,blocked,,7,8,637.5235197344142,696.0343842524193,-58.510864518005064,637.5235197344142,696.0343842524193,-58.510864518005064,1000.0,1000.0,1.0,1.0,0.0,1.0,1.0,0.0,1.0225,0.9479,0.0746,0.0,0.0,0.0,0.0,1000.0,1000.0,23.0,23.0,0.0,9.0,978.04,31.19,0.0,540.0,0.0,483.79,0.0,483.79,978.04,514.98,463.05999999999995,0.0,540.0,-540.0,978.04,1054.98,-76.94000000000005,42523.5,82390.44,-39866.94,1.0225,1.9418,-0.9193,1.0225,0.9479,0.0746
0.8,0.0,baseline,blocked,,8,9,637.5235197344142,696.0343842524193,-58.510864518005064,637.5235197344142,696.0343842524193,-58.510864518005064,1000.0,1000.0,1.0,1.0,0.0,1.0,1.0,0.0,1.0225,0.9479,0.0746,0.0,0.0,0.0,0.0,1000.0,1000.0,23.0,23.0,0.0,9.0,978.04,31.19,0.0,540.0,0.0,483.79,0.0,483.79,978.04,514.98,463.05999999999995,0.0,540.0,-540.0,978.04,1054.98,-76.94000000000005,42523.5,82390.44,-39866.94,1.0225,1.9418,-0.9193,1.0225,0.9479,0.0746
0.8,0.0,baseline,blocked,,9,10,637.5235197344142,696.0343842524193,-58.510864518005064,637.5235197344142,696.0343842524193,-58.510864518005064,1000.0,1000.0,1.0,1.0,0.0,1.0,1.0,0.0,1.0225,0.9479,0.0746,0.0,0.0,0.0,0.0,1000.0,1000.0,23.0,23.0,0.0,9.0,978.04,31.19,0.0,540.0,0.0,483.79,0.0,483.79,978.04,514.98,463.05999999999995,0.0,540.0,-540.0,978.04,1054.98,-76.94000000000005,42523.5,82390.44,-39866.94,1.0225,1.9418,-0.9193,1.0225,0.9479,0.0746
0.8,0.25,baseline,blocked,,0,1,637.9425157329998,696.0343842524193,-58.09186851941945,637.9425157329998,696.0343842524193,-58.09186851941945,1000.0,1000.0,1.0,1.0,0.0,1.0,1.0,0.0,1.0125,0.9479,0.06459999999999999,0.0,0.0,0.0,0.0,1000.0,1000.0,23.0,23.0,0.0,9.0,987.68,31.19,0.0,540.0,0.0,483.79,0.0,483.79,987.68,514.98,472.69999999999993,0.0,540.0,-540.0,987.68,1054.98,-67.30000000000007,42942.5,82390.44,-39447.94,1.0125,1.9418,-0.9293,1.0125,0.9479,0.06459999999999999
0.8,0.25,baseline,blocked,,1,2,637.8748427678589,696.0343842524193,-58.15954148456035,637.8748427678589,696.0343842524193,-58.15954148456035,1000.0,1000.0,1.0,1.0,0.0,1.0,1.0,0.0,1.0141,0.9479,0.06620000000000004,0.0,0.0,0.0,0.0,1000.0,1000.0,23.0,23.0,0.0,9.0,986.12,31.19,0.0,540.0,0.0,483.79,0.0,483.79,986.12,514.98,471.14,0.0,540.0,-540.0,986.12,1054.98,-68.86000000000001,42874.83,82390.44,-39515.61,1.0141,1.9418,-0.9277,1.0141,0.9479,0.06620000000000004
0.8,0.25,baseline,blocked,,2,3,637.5235197344142,700.9578379384963,-63.43431820408205,637.5235197344142,700.9578379384963,-63.43431820408205,1000.0,1000.0,1.0,1.0,0.0,1.0,1.0,0.0,1.0225,0.856,0.16649999999999998,0.0,0.0,0.0,0.0,1000.0,1000.0,23.0,23.0,0.0,9.0,978.04,31.19,0.0,540.0,0.0,597.03,0.0,597.03,978.04,628.22,349.81999999999994,0.0,540.0,-540.0,978.04,1168.22,-190.18000000000006,42523.5,87313.89,-44790.39,1.0225,1.5918,-0.5693000000000001,1.0225,0.856,0.16649999999999998
0.8,0.25,baseline,blocked,,3,4,637.5235197344142,696.0343842524193,-58.510864518005064,637.5235197344142,696.0343842524193,-58.510864518005064,1000.0,1000.0,1.0,1.0,0.0,1.0,1.0,0.0,1.0225,0.9479,0.0746,0.0,0.0,0.0,0.0,1000.0,1000.0,23.0,23.0,0.0,9.0,978.04,31.19,0.0,540.0,0.0,483.79,0.0,483.79,978.04,514.98,463.05999999999995,0.0,540.0,-540.0,978.04,1054.98,-76.94000000000005,42523.5,82390.44,-39866.94,1.0225,1.9418,-0.9193,1.0225,0.9479,0.0746
0.8,0.25,baseline,blocked,,4,5,637.5235197344142,696.0343842524193,-58.510864518005064,637.5235197344142,696.0343842524193,-58.510864518005064,1000.0,1000.0,1.0,1.0,0.0,1.0,1.0,0.0,1.0225,0.9479,0.0746,0.0,0.0,0.0,0.0,1000.0,1000.0,23.0,23.0,0.0,9.0,978.04,31.19,0.0,540.0,0.0,483.79,0.0,483.79,978.04,514.98,463.05999999999995,0.0,540.0,-540.0,978.04,1054.98,-76.94000000000005,42523.5,82390.44,-39866.94,1.0225,1.9418,-0.9193,1.0225,0.9479,0.0746
0.8,0.25,baseline,blocked,,5,6,inf,inf,,1441440.0,1441440.0,0.0,0.0,0.0,0.0,0.0,0.0,0.0,0.0,0.0,0.0,0.0,0.0,1000.0,1000.0,1000.0,1000.0,1000.0,1000.0,0.0,23.0,0.0,9.0,0.0,31.19,0.0,540.0,0.0,0.0,0.0,0.0,0.0,31.19,-31.19,0.0,540.0,-540.0,0.0,571.19,-571.19,0.0,61356.07,-61356.07,0.0,0.0,0.0,0.0,0.0,0.0
0.8,0.25,baseline,blocked,,6,7,637.5235197344142,700.2579319107666,-62.73441217635241,637.5235197344142,700.2579319107666,-62.73441217635241,1000.0,1000.0,1.0,1.0,0.0,1.0,1.0,0.0,1.0225,0.868,0.15449999999999997,0.0,0.0,0.0,0.0,1000.0,1000.0,23.0,23.0,0.0,9.0,978.04,31.19,0.0,540.0,0.0,580.93,0.0,580.93,978.04,612.12,365.91999999999996,0.0,540.0,-540.0,978.04,1152.12,-174.07999999999993,42523.5,86613.99,-44090.490000000005,1.0225,1.6337,-0.6112,1.0225,0.868,0.15449999999999997
0.8,0.25,baseline,blocked,,7,8,637.6744059951392,700.9332536388134,-63.258847643674244,637.6744059951392,700.9332536388134,-63.258847643674244,1000.0,1000.0,1.0,1.0,0.0,1.0,1.0,0.0,1.0188,0.8564,0.16239999999999988,0.0,0.0,0.0,0.0,1000.0,1000.0,23.0,23.0,0.0,9.0,981.51,31.19,0.0,540.0,0.0,596.46,0.0,596.46,981.51,627.65,353.86,0.0,540.0,-540.0,981.51,1167.65,-186.1400000000001,42674.39,87289.31,-44614.92,1.0188,1.5932,-0.5744,1.0188,0.8564,0.16239999999999988
0.8,0.25,baseline,blocked,,8,9,637.5235197344142,696.0343842524193,-58.510864518005064,637.5235197344142,696.0343842524193,-58.510864518005064,1000.0,1000.0,1.0,1.0,0.0,1.0,1.0,0.0,1.0225,0.9479,0.0746,0.0,0.0,0.0,0.0,1000.0,1000.0,23.0,23.0,0.0,9.0,978.04,31.19,0.0,540.0,0.0,483.79,0.0,483.79,978.04,514.98,463.05999999999995,0.0,540.0,-540.0,978.04,1054.98,-76.94000000000005,42523.5,82390.44,-39866.94,1.0225,1.9418,-0.9193,1.0225,0.9479,0.0746
0.8,0.25,baseline,blocked,,9,10,637.5235197344142,696.0343842524193,-58.510864518005064,637.5235197344142,696.0343842524193,-58.510864518005064,1000.0,1000.0,1.0,1.0,0.0,1.0,1.0,0.0,1.0225,0.9479,0.0746,0.0,0.0,0.0,0.0,1000.0,1000.0,23.0,23.0,0.0,9.0,978.04,31.19,0.0,540.0,0.0,483.79,0.0,483.79,978.04,514.98,463.05999999999995,0.0,540.0,-540.0,978.04,1054.98,-76.94000000000005,42523.5,82390.44,-39866.94,1.0225,1.9418,-0.9193,1.0225,0.9479,0.0746
0.8,0.5,baseline,blocked,,0,1,637.9425157329998,696.0343842524193,-58.09186851941945,637.9425157329998,696.0343842524193,-58.09186851941945,1000.0,1000.0,1.0,1.0,0.0,1.0,1.0,0.0,1.0125,0.9479,0.06459999999999999,0.0,0.0,0.0,0.0,1000.0,1000.0,23.0,23.0,0.0,9.0,987.68,31.19,0.0,540.0,0.0,483.79,0.0,483.79,987.68,514.98,472.69999999999993,0.0,540.0,-540.0,987.68,1054.98,-67.30000000000007,42942.5,82390.44,-39447.94,1.0125,1.9418,-0.9293,1.0125,0.9479,0.06459999999999999
0.8,0.5,baseline,blocked,,1,2,637.8748427678589,696.0343842524193,-58.15954148456035,637.8748427678589,696.0343842524193,-58.15954148456035,1000.0,1000.0,1.0,1.0,0.0,1.0,1.0,0.0,1.0141,0.9479,0.06620000000000004,0.0,0.0,0.0,0.0,1000.0,1000.0,23.0,23.0,0.0,9.0,986.12,31.19,0.0,540.0,0.0,483.79,0.0,483.79,986.12,514.98,471.14,0.0,540.0,-540.0,986.12,1054.98,-68.86000000000001,42874.83,82390.44,-39515.61,1.0141,1.9418,-0.9277,1.0141,0.9479,0.06620000000000004
0.8,0.5,baseline,blocked,,2,3,637.5235197344142,700.9578379384963,-63.43431820408205,637.5235197344142,700.9578379384963,-63.43431820408205,1000.0,1000.0,1.0,1.0,0.0,1.0,1.0,0.0,1.0225,0.856,0.16649999999999998,0.0,0.0,0.0,0.0,1000.0,1000.0,23.0,23.0,0.0,9.0,978.04,31.19,0.0,540.0,0.0,597.03,0.0,597.03,978.04,628.22,349.81999999999994,0.0,540.0,-540.0,978.04,1168.22,-190.18000000000006,42523.5,87313.89,-44790.39,1.0225,1.5918,-0.5693000000000001,1.0225,0.856,0.16649999999999998
0.8,0.5,baseline,blocked,,3,4,inf,inf,,1441440.0,1441440.0,0.0,0.0,0.0,0.0,0.0,0.0,0.0,0.0,0.0,0.0,0.0,0.0,1000.0,1000.0,1000.0,1000.0,1000.0,1000.0,0.0,0.0,0.0,0.0,0.0,0.0,0.0,0.0,0.0,0.0,0.0,0.0,0.0,0.0,0.0,0.0,0.0,0.0,0.0,0.0,0.0,0.0,0.0,0.0,0.0,0.0,0.0,0.0,0.0,0.0
0.8,0.5,baseline,blocked,,4,5,637.9840774220203,696.0343842524193,-58.050306830398995,637.9840774220203,696.0343842524193,-58.050306830398995,1000.0,1000.0,1.0,1.0,0.0,1.0,1.0,0.0,1.0115,0.9479,0.0636000000000001,0.0,0.0,0.0,0.0,1000.0,1000.0,23.0,23.0,0.0,9.0,988.63,31.19,0.0,540.0,0.0,483.79,0.0,483.79,988.63,514.98,473.65,0.0,540.0,-540.0,988.63,1054.98,-66.35000000000002,42984.06,82390.44,-39406.380000000005,1.0115,1.9418,-0.9302999999999999,1.0115,0.9479,0.0636000000000001
0.8,0.5,baseline,blocked,,5,6,inf,inf,,1441440.0,1441440.0,0.0,0.0,0.0,0.0,0.0,0.0,0.0,0.0,0.0,0.0,0.0,0.0,1000.0,1000.0,1000.0,1000.0,1000.0,1000.0,0.0,23.0,0.0,9.0,0.0,31.19,0.0,540.0,0.0,0.0,0.0,0.0,0.0,31.19,-31.19,0.0,540.0,-540.0,0.0,571.19,-571.19,0.0,61356.07,-61356.07,0.0,0.0,0.0,0.0,0.0,0.0
0.8,0.5,baseline,blocked,,6,7,637.5235197344142,700.2579319107666,-62.73441217635241,637.5235197344142,700.2579319107666,-62.73441217635241,1000.0,1000.0,1.0,1.0,0.0,1.0,1.0,0.0,1.0225,0.868,0.15449999999999997,0.0,0.0,0.0,0.0,1000.0,1000.0,23.0,23.0,0.0,9.0,978.04,31.19,0.0,540.0,0.0,580.93,0.0,580.93,978.04,612.12,365.91999999999996,0.0,540.0,-540.0,978.04,1152.12,-174.07999999999993,42523.5,86613.99,-44090.490000000005,1.0225,1.6337,-0.6112,1.0225,0.868,0.15449999999999997
0.8,0.5,baseline,blocked,,7,8,inf,inf,,1441440.0,1441440.0,0.0,0.0,0.0,0.0,0.0,0.0,0.0,0.0,0.0,0.0,0.0,0.0,1000.0,1000.0,1000.0,1000.0,1000.0,1000.0,0.0,23.0,0.0,9.0,0.0,31.19,0.0,540.0,0.0,0.0,0.0,0.0,0.0,31.19,-31.19,0.0,540.0,-540.0,0.0,571.19,-571.19,0.0,61356.07,-61356.07,0.0,0.0,0.0,0.0,0.0,0.0
0.8,0.5,baseline,blocked,,8,9,637.5235197344142,696.0343842524193,-58.510864518005064,637.5235197344142,696.0343842524193,-58.510864518005064,1000.0,1000.0,1.0,1.0,0.0,1.0,1.0,0.0,1.0225,0.9479,0.0746,0.0,0.0,0.0,0.0,1000.0,1000.0,23.0,23.0,0.0,9.0,978.04,31.19,0.0,540.0,0.0,483.79,0.0,483.79,978.04,514.98,463.05999999999995,0.0,540.0,-540.0,978.04,1054.98,-76.94000000000005,42523.5,82390.44,-39866.94,1.0225,1.9418,-0.9193,1.0225,0.9479,0.0746
0.8,0.5,baseline,blocked,,9,10,637.5235197344142,696.0343842524193,-58.510864518005064,637.5235197344142,696.0343842524193,-58.510864518005064,1000.0,1000.0,1.0,1.0,0.0,1.0,1.0,0.0,1.0225,0.9479,0.0746,0.0,0.0,0.0,0.0,1000.0,1000.0,23.0,23.0,0.0,9.0,978.04,31.19,0.0,540.0,0.0,483.79,0.0,483.79,978.04,514.98,463.05999999999995,0.0,540.0,-540.0,978.04,1054.98,-76.94000000000005,42523.5,82390.44,-39866.94,1.0225,1.9418,-0.9193,1.0225,0.9479,0.0746
0.8,1.0,baseline,blocked,,0,1,638.3909055908392,696.0343842524193,-57.64347866158005,638.3909055908392,696.0343842524193,-57.64347866158005,1000.0,1000.0,1.0,1.0,0.0,1.0,1.0,0.0,1.002,0.9479,0.05410000000000004,0.0,0.0,0.0,0.0,1000.0,1000.0,23.0,23.0,0.0,9.0,997.99,31.19,0.0,540.0,0.0,483.79,0.0,483.79,997.99,514.98,483.01,0.0,540.0,-540.0,997.99,1054.98,-56.99000000000001,43390.89,82390.44,-38999.55,1.002,1.9418,-0.9398,1.002,0.9479,0.05410000000000004
0.8,1.0,baseline,blocked,,1,2,638.5255780139402,inf,-inf,638.5255780139402,1441440.0,-1440801.4744219861,1000.0,0.0,1.0,0.0,1.0,1.0,0.0,1.0,0.9989,0.0,0.9989,0.0,1000.0,0.0,1000.0,1000.0,1000.0,23.0,23.0,0.0,9.0,1001.09,31.19,0.0,540.0,0.0,0.0,0.0,0.0,1001.09,31.19,969.9,0.0,540.0,-540.0,1001.09,571.19,429.9,43525.56,61356.07,-17830.510000000002,0.9989,0.0,0.9989,0.9989,0.0,0.9989
0.8,1.0,baseline,blocked,,2,3,637.5235197344142,700.9578379384963,-63.43431820408205,637.5235197344142,700.9578379384963,-63.43431820408205,1000.0,1000.0,1.0,1.0,0.0,1.0,1.0,0.0,1.0225,0.856,0.16649999999999998,0.0,0.0,0.0,0.0,1000.0,1000.0,23.0,23.0,0.0,9.0,978.04,31.19,0.0,540.0,0.0,597.03,0.0,597.03,978.04,628.22,349.81999999999994,0.0,540.0,-540.0,978.04,1168.22,-190.18000000000006,42523.5,87313.89,-44790.39,1.0225,1.5918,-0.5693000000000001,1.0225,0.856,0.16649999999999998
0.8,1.0,baseline,blocked,,3,4,inf,inf,,1441440.0,1441440.0,0.0,0.0,0.0,0.0,0.0,0.0,0.0,0.0,0.0,0.0,0.0,0.0,1000.0,1000.0,1000.0,1000.0,1000.0,1000.0,0.0,0.0,0.0,0.0,0.0,0.0,0.0,0.0,0.0,0.0,0.0,0.0,0.0,0.0,0.0,0.0,0.0,0.0,0.0,0.0,0.0,0.0,0.0,0.0,0.0,0.0,0.0,0.0,0.0,0.0
0.8,1.0,baseline,blocked,,4,5,637.9840774220203,696.1738390853578,-58.18976166333755,637.9840774220203,696.1738390853578,-58.18976166333755,1000.0,1000.0,1.0,1.0,0.0,1.0,1.0,0.0,1.0115,0.945,0.06650000000000011,0.0,0.0,0.0,0.0,1000.0,1000.0,23.0,23.0,0.0,9.0,988.63,31.19,0.0,540.0,0.0,487.0,0.0,487.0,988.63,518.19,470.43999999999994,0.0,540.0,-540.0,988.63,1058.19,-69.56000000000006,42984.06,82529.9,-39545.84,1.0115,1.9298,-0.9182999999999999,1.0115,0.945,0.06650000000000011
0.8,1.0,baseline,blocked,,5,6,inf,inf,,1441440.0,1441440.0,0.0,0.0,0.0,0.0,0.0,0.0,0.0,0.0,0.0,0.0,0.0,0.0,1000.0,1000.0,1000.0,1000.0,1000.0,1000.0,0.0,23.0,0.0,9.0,0.0,31.19,0.0,540.0,0.0,0.0,0.0,0.0,0.0,31.19,-31.19,0.0,540.0,-540.0,0.0,571.19,-571.19,0.0,61356.07,-61356.07,0.0,0.0,0.0,0.0,0.0,0.0
0.8,1.0,baseline,blocked,,6,7,637.9425157329998,700.2579319107666,-62.31541617776679,637.9425157329998,700.2579319107666,-62.31541617776679,1000.0,1000.0,1.0,1.0,0.0,1.0,1.0,0.0,1.0125,0.868,0.14449999999999996,0.0,0.0,0.0,0.0,1000.0,1000.0,23.0,23.0,0.0,9.0,987.68,31.19,0.0,540.0,0.0,580.93,0.0,580.93,987.68,612.12,375.55999999999995,0.0,540.0,-540.0,987.68,1152.12,-164.43999999999994,42942.5,86613.99,-43671.490000000005,1.0125,1.6337,-0.6212,1.0125,0.868,0.14449999999999996
0.8,1.0,baseline,blocked,,7,8,inf,inf,,1441440.0,1441440.0,0.0,0.0,0.0,0.0,0.0,0.0,0.0,0.0,0.0,0.0,0.0,0.0,1000.0,1000.0,1000.0,1000.0,1000.0,1000.0,0.0,23.0,0.0,9.0,0.0,31.19,0.0,540.0,0.0,0.0,0.0,0.0,0.0,31.19,-31.19,0.0,540.0,-540.0,0.0,571.19,-571.19,0.0,61356.07,-61356.07,0.0,0.0,0.0,0.0,0.0,0.0
0.8,1.0,baseline,blocked,,8,9,639.0100522296549,696.0343842524193,-57.02433202276438,639.0100522296549,696.0343842524193,-57.02433202276438,1000.0,1000.0,1.0,1.0,0.0,1.0,1.0,0.0,0.9879,0.9479,0.040000000000000036,0.0,0.0,0.0,0.0,1000.0,1000.0,23.0,23.0,0.0,9.0,1012.23,31.19,0.0,540.0,0.0,483.79,0.0,483.79,1012.23,514.98,497.25,0.0,540.0,-540.0,1012.23,1054.98,-42.75,44010.03,82390.44,-38380.41,0.9879,1.9418,-0.9539,0.9879,0.9479,0.040000000000000036
0.8,1.0,baseline,blocked,,9,10,inf,inf,,1441440.0,1441440.0,0.0,0.0,0.0,0.0,0.0,0.0,0.0,0.0,0.0,0.0,0.0,0.0,1000.0,1000.0,1000.0,1000.0,1000.0,1000.0,0.0,23.0,0.0,9.0,0.0,31.19,0.0,540.0,0.0,0.0,0.0,0.0,0.0,31.19,-31.19,0.0,540.0,-540.0,0.0,571.19,-571.19,0.0,61356.07,-61356.07,0.0,0.0,0.0,0.0,0.0,0.0
0.8,1.5,baseline,blocked,,0,1,638.4228750724764,701.0343842524193,-62.611509179942914,638.4228750724764,701.0343842524193,-62.611509179942914,1000.0,1000.0,1.0,1.0,0.0,1.0,1.0,0.0,1.0013,0.8616,0.13970000000000005,0.0,0.0,0.0,0.0,1000.0,1000.0,23.0,23.0,0.0,8.0,998.73,196.84,0.0,480.0,0.0,483.79,0.0,483.79,998.73,680.63,318.1,0.0,480.0,-480.0,998.73,1160.63,-161.9000000000001,43422.86,89592.47,-46169.61,1.0013,1.4692,-0.4679,1.0013,0.8616,0.13970000000000005
0.8,1.5,baseline,blocked,,1,2,inf,inf,,1441440.0,1441440.0,0.0,0.0,0.0,0.0,0.0,0.0,0.0,0.0,0.0,0.0,0.0,0.0,1000.0,1000.0,1000.0,1000.0,1000.0,1000.0,0.0,23.0,0.0,9.0,0.0,31.19,0.0,540.0,0.0,0.0,0.0,0.0,0.0,31.19,-31.19,0.0,540.0,-540.0,0.0,571.19,-571.19,0.0,61356.07,-61356.07,0.0,0.0,0.0,0.0,0.0,0.0
0.8,1.5,baseline,blocked,,2,3,639.1775733025225,705.9578379384963,-66.78026463597371,639.1775733025225,705.9578379384963,-66.78026463597371,1000.0,1000.0,1.0,1.0,0.0,1.0,1.0,0.0,0.9842,0.8131,0.17109999999999992,0.0,0.0,0.0,0.0,1000.0,1000.0,23.0,23.0,0.0,8.0,1016.08,152.9,0.0,480.0,0.0,597.03,0.0,597.03,1016.08,749.93,266.1500000000001,0.0,480.0,-480.0,1016.08,1229.93,-213.85000000000002,44177.55,92605.7,-48428.149999999994,0.9842,1.3335,-0.34929999999999994,0.9842,0.8131,0.17109999999999992
0.8,1.5,baseline,blocked,,3,4,inf,inf,,1441440.0,1441440.0,0.0,0.0,0.0,0.0,0.0,0.0,0.0,0.0,0.0,0.0,0.0,0.0,1000.0,1000.0,1000.0,1000.0,1000.0,1000.0,0.0,0.0,0.0,0.0,0.0,0.0,0.0,0.0,0.0,0.0,0.0,0.0,0.0,0.0,0.0,0.0,0.0,0.0,0.0,0.0,0.0,0.0,0.0,0.0,0.0,0.0,0.0,0.0,0.0,0.0
0.8,1.5,baseline,blocked,,4,5,638.3354004554652,inf,-inf,638.3354004554652,1441440.0,-1440801.6645995446,1000.0,0.0,1.0,0.0,1.0,1.0,0.0,1.0,1.0033,0.0,1.0033,0.0,1000.0,0.0,1000.0,1000.0,1000.0,23.0,23.0,0.0,9.0,996.71,31.19,0.0,540.0,0.0,0.0,0.0,0.0,996.71,31.19,965.52,0.0,540.0,-540.0,996.71,571.19,425.52,43335.38,61356.07,-18020.690000000002,1.0033,0.0,1.0033,1.0033,0.0,1.0033
0.8,1.5,baseline,blocked,,5,6,inf,inf,,1441440.0,1441440.0,0.0,0.0,0.0,0.0,0.0,0.0,0.0,0.0,0.0,0.0,0.0,0.0,1000.0,1000.0,1000.0,1000.0,1000.0,1000.0,0.0,23.0,0.0,9.0,0.0,31.19,0.0,540.0,0.0,0.0,0.0,0.0,0.0,31.19,-31.19,0.0,540.0,-540.0,0.0,571.19,-571.19,0.0,61356.07,-61356.07,0.0,0.0,0.0,0.0,0.0,0.0
0.8,1.5,baseline,blocked,,6,7,inf,inf,,1441440.0,1441440.0,0.0,0.0,0.0,0.0,0.0,0.0,0.0,0.0,0.0,0.0,0.0,0.0,1000.0,1000.0,1000.0,1000.0,1000.0,1000.0,0.0,0.0,0.0,0.0,0.0,0.0,0.0,0.0,0.0,0.0,0.0,0.0,0.0,0.0,0.0,0.0,0.0,0.0,0.0,0.0,0.0,0.0,0.0,0.0,0.0,0.0,0.0,0.0,0.0,0.0
0.8,1.5,baseline,blocked,,7,8,inf,inf,,1441440.0,1441440.0,0.0,0.0,0.0,0.0,0.0,0.0,0.0,0.0,0.0,0.0,0.0,0.0,1000.0,1000.0,1000.0,1000.0,1000.0,1000.0,0.0,23.0,0.0,9.0,0.0,31.19,0.0,540.0,0.0,0.0,0.0,0.0,0.0,31.19,-31.19,0.0,540.0,-540.0,0.0,571.19,-571.19,0.0,61356.07,-61356.07,0.0,0.0,0.0,0.0,0.0,0.0
0.8,1.5,baseline,blocked,,8,9,639.6462360036843,701.0343842524193,-61.38814824873498,639.6462360036843,701.0343842524193,-61.38814824873498,1000.0,1000.0,1.0,1.0,0.0,1.0,1.0,0.0,0.9738,0.8844,0.08940000000000003,0.0,0.0,0.0,0.0,1000.0,1000.0,23.0,23.0,0.0,8.0,1026.86,166.91,0.0,480.0,0.0,483.79,0.0,483.79,1026.86,650.7,376.15999999999985,0.0,480.0,-480.0,1026.86,1130.7,-103.84000000000015,44646.22,88291.13,-43644.91,0.9738,1.5368,-0.563,0.9738,0.8844,0.08940000000000003
0.8,1.5,baseline,blocked,,9,10,inf,inf,,1441440.0,1441440.0,0.0,0.0,0.0,0.0,0.0,0.0,0.0,0.0,0.0,0.0,0.0,0.0,1000.0,1000.0,1000.0,1000.0,1000.0,1000.0,0.0,23.0,0.0,9.0,0.0,31.19,0.0,540.0,0.0,0.0,0.0,0.0,0.0,31.19,-31.19,0.0,540.0,-540.0,0.0,571.19,-571.19,0.0,61356.07,-61356.07,0.0,0.0,0.0,0.0,0.0,0.0
0.8,2.0,baseline,blocked,,0,1,inf,inf,,1441440.0,1441440.0,0.0,0.0,0.0,0.0,0.0,0.0,0.0,0.0,0.0,0.0,0.0,0.0,1000.0,1000.0,1000.0,1000.0,1000.0,1000.0,0.0,0.0,0.0,0.0,0.0,0.0,0.0,0.0,0.0,0.0,0.0,0.0,0.0,0.0,0.0,0.0,0.0,0.0,0.0,0.0,0.0,0.0,0.0,0.0,0.0,0.0,0.0,0.0,0.0,0.0
0.8,2.0,baseline,blocked,,1,2,inf,inf,,1441440.0,1441440.0,0.0,0.0,0.0,0.0,0.0,0.0,0.0,0.0,0.0,0.0,0.0,0.0,1000.0,1000.0,1000.0,1000.0,1000.0,1000.0,0.0,23.0,0.0,9.0,0.0,31.19,0.0,540.0,0.0,0.0,0.0,0.0,0.0,31.19,-31.19,0.0,540.0,-540.0,0.0,571.19,-571.19,0.0,61356.07,-61356.07,0.0,0.0,0.0,0.0,0.0,0.0
0.8,2.0,baseline,blocked,,2,3,639.1775733025225,705.9578379384963,-66.78026463597371,639.1775733025225,705.9578379384963,-66.78026463597371,1000.0,1000.0,1.0,1.0,0.0,1.0,1.0,0.0,0.9842,0.8131,0.17109999999999992,0.0,0.0,0.0,0.0,1000.0,1000.0,23.0,23.0,0.0,8.0,1016.08,152.9,0.0,480.0,0.0,597.03,0.0,597.03,1016.08,749.93,266.1500000000001,0.0,480.0,-480.0,1016.08,1229.93,-213.85000000000002,44177.55,92605.7,-48428.149999999994,0.9842,1.3335,-0.34929999999999994,0.9842,0.8131,0.17109999999999992
0.8,2.0,baseline,blocked,,3,4,inf,inf,,1441440.0,1441440.0,0.0,0.0,0.0,0.0,0.0,0.0,0.0,0.0,0.0,0.0,0.0,0.0,1000.0,1000.0,1000.0,1000.0,1000.0,1000.0,0.0,0.0,0.0,0.0,0.0,0.0,0.0,0.0,0.0,0.0,0.0,0.0,0.0,0.0,0.0,0.0,0.0,0.0,0.0,0.0,0.0,0.0,0.0,0.0,0.0,0.0,0.0,0.0,0.0,0.0
0.8,2.0,baseline,blocked,,4,5,640.200137727552,inf,-inf,640.200137727552,1441440.0,-1440799.7998622723,1000.0,0.0,1.0,0.0,1.0,1.0,0.0,1.0,0.9619,0.0,0.9619,0.0,1000.0,0.0,1000.0,1000.0,1000.0,23.0,23.0,0.0,9.0,1039.6,31.19,0.0,540.0,0.0,0.0,0.0,0.0,1039.6,31.19,1008.4099999999999,0.0,540.0,-540.0,1039.6,571.19,468.40999999999985,45200.11,61356.07,-16155.96,0.9619,0.0,0.9619,0.9619,0.0,0.9619
0.8,2.0,baseline,blocked,,5,6,inf,inf,,1441440.0,1441440.0,0.0,0.0,0.0,0.0,0.0,0.0,0.0,0.0,0.0,0.0,0.0,0.0,1000.0,1000.0,1000.0,1000.0,1000.0,1000.0,0.0,23.0,0.0,9.0,0.0,31.19,0.0,540.0,0.0,0.0,0.0,0.0,0.0,31.19,-31.19,0.0,540.0,-540.0,0.0,571.19,-571.19,0.0,61356.07,-61356.07,0.0,0.0,0.0,0.0,0.0,0.0
0.8,2.0,baseline,blocked,,6,7,inf,inf,,1441440.0,1441440.0,0.0,0.0,0.0,0.0,0.0,0.0,0.0,0.0,0.0,0.0,0.0,0.0,1000.0,1000.0,1000.0,1000.0,1000.0,1000.0,0.0,0.0,0.0,0.0,0.0,0.0,0.0,0.0,0.0,0.0,0.0,0.0,0.0,0.0,0.0,0.0,0.0,0.0,0.0,0.0,0.0,0.0,0.0,0.0,0.0,0.0,0.0,0.0,0.0,0.0
0.8,2.0,baseline,blocked,,7,8,inf,inf,,1441440.0,1441440.0,0.0,0.0,0.0,0.0,0.0,0.0,0.0,0.0,0.0,0.0,0.0,0.0,1000.0,1000.0,1000.0,1000.0,1000.0,1000.0,0.0,23.0,0.0,9.0,0.0,31.19,0.0,540.0,0.0,0.0,0.0,0.0,0.0,31.19,-31.19,0.0,540.0,-540.0,0.0,571.19,-571.19,0.0,61356.07,-61356.07,0.0,0.0,0.0,0.0,0.0,0.0
0.8,2.0,baseline,blocked,,8,9,641.0489379425081,inf,-inf,641.0489379425081,1441440.0,-1440798.9510620574,1000.0,0.0,1.0,0.0,1.0,1.0,0.0,1.0,0.9442,0.0,0.9442,0.0,1000.0,0.0,1000.0,1000.0,1000.0,23.0,23.0,0.0,8.0,1059.13,166.91,0.0,480.0,0.0,0.0,0.0,0.0,1059.13,166.91,892.2200000000001,0.0,480.0,-480.0,1059.13,646.91,412.22000000000014,46048.91,67256.76,-21207.84999999999,0.9442,0.0,0.9442,0.9442,0.0,0.9442
0.8,2.0,baseline,blocked,,9,10,inf,inf,,1441440.0,1441440.0,0.0,0.0,0.0,0.0,0.0,0.0,0.0,0.0,0.0,0.0,0.0,0.0,1000.0,1000.0,1000.0,1000.0,1000.0,1000.0,0.0,23.0,0.0,9.0,0.0,31.19,0.0,540.0,0.0,0.0,0.0,0.0,0.0,31.19,-31.19,0.0,540.0,-540.0,0.0,571.19,-571.19,0.0,61356.07,-61356.07,0.0,0.0,0.0,0.0,0.0,0.0
0.8,3.0,baseline,blocked,,0,1,inf,inf,,1441440.0,1441440.0,0.0,0.0,0.0,0.0,0.0,0.0,0.0,0.0,0.0,0.0,0.0,0.0,1000.0,1000.0,1000.0,1000.0,1000.0,1000.0,0.0,0.0,0.0,0.0,0.0,0.0,0.0,0.0,0.0,0.0,0.0,0.0,0.0,0.0,0.0,0.0,0.0,0.0,0.0,0.0,0.0,0.0,0.0,0.0,0.0,0.0,0.0,0.0,0.0,0.0
0.8,3.0,baseline,blocked,,1,2,inf,inf,,1441440.0,1441440.0,0.0,0.0,0.0,0.0,0.0,0.0,0.0,0.0,0.0,0.0,0.0,0.0,1000.0,1000.0,1000.0,1000.0,1000.0,1000.0,0.0,23.0,0.0,9.0,0.0,31.19,0.0,540.0,0.0,0.0,0.0,0.0,0.0,31.19,-31.19,0.0,540.0,-540.0,0.0,571.19,-571.19,0.0,61356.07,-61356.07,0.0,0.0,0.0,0.0,0.0,0.0
0.8,3.0,baseline,blocked,,2,3,641.3818202279232,710.9578379384963,-69.57601771057307,641.3818202279232,710.9578379384963,-69.57601771057307,1000.0,1000.0,1.0,1.0,0.0,1.0,1.0,0.0,0.9374,0.762,0.1754,0.0,0.0,0.0,0.0,1000.0,1000.0,23.0,23.0,0.0,8.0,1066.78,235.3,0.0,480.0,0.0,597.03,0.0,597.03,1066.78,832.33,234.44999999999993,0.0,480.0,-480.0,1066.78,1312.33,-245.54999999999995,46381.8,96188.3,-49806.5,0.9374,1.2014,-0.264,0.9374,0.762,0.1754
0.8,3.0,baseline,blocked,,3,4,inf,inf,,1441440.0,1441440.0,0.0,0.0,0.0,0.0,0.0,0.0,0.0,0.0,0.0,0.0,0.0,0.0,1000.0,1000.0,1000.0,1000.0,1000.0,1000.0,0.0,0.0,0.0,0.0,0.0,0.0,0.0,0.0,0.0,0.0,0.0,0.0,0.0,0.0,0.0,0.0,0.0,0.0,0.0,0.0,0.0,0.0,0.0,0.0,0.0,0.0,0.0,0.0,0.0,0.0
0.8,3.0,baseline,blocked,,4,5,inf,inf,,1441440.0,1441440.0,0.0,0.0,0.0,0.0,0.0,0.0,0.0,0.0,0.0,0.0,0.0,0.0,1000.0,1000.0,1000.0,1000.0,1000.0,1000.0,0.0,23.0,0.0,9.0,0.0,31.19,0.0,540.0,0.0,0.0,0.0,0.0,0.0,31.19,-31.19,0.0,540.0,-540.0,0.0,571.19,-571.19,0.0,61356.07,-61356.07,0.0,0.0,0.0,0.0,0.0,0.0
0.8,3.0,baseline,blocked,,5,6,inf,inf,,1441440.0,1441440.0,0.0,0.0,0.0,0.0,0.0,0.0,0.0,0.0,0.0,0.0,0.0,0.0,1000.0,1000.0,1000.0,1000.0,1000.0,1000.0,0.0,23.0,0.0,9.0,0.0,31.19,0.0,540.0,0.0,0.0,0.0,0.0,0.0,31.19,-31.19,0.0,540.0,-540.0,0.0,571.19,-571.19,0.0,61356.07,-61356.07,0.0,0.0,0.0,0.0,0.0,0.0
0.8,3.0,baseline,blocked,,6,7,inf,inf,,1441440.0,1441440.0,0.0,0.0,0.0,0.0,0.0,0.0,0.0,0.0,0.0,0.0,0.0,0.0,1000.0,1000.0,1000.0,1000.0,1000.0,1000.0,0.0,0.0,0.0,0.0,0.0,0.0,0.0,0.0,0.0,0.0,0.0,0.0,0.0,0.0,0.0,0.0,0.0,0.0,0.0,0.0,0.0,0.0,0.0,0.0,0.0,0.0,0.0,0.0,0.0,0.0
0.8,3.0,baseline,blocked,,7,8,inf,inf,,1441440.0,1441440.0,0.0,0.0,0.0,0.0,0.0,0.0,0.0,0.0,0.0,0.0,0.0,0.0,1000.0,1000.0,1000.0,1000.0,1000.0,1000.0,0.0,23.0,0.0,9.0,0.0,31.19,0.0,540.0,0.0,0.0,0.0,0.0,0.0,31.19,-31.19,0.0,540.0,-540.0,0.0,571.19,-571.19,0.0,61356.07,-61356.07,0.0,0.0,0.0,0.0,0.0,0.0
0.8,3.0,baseline,blocked,,8,9,642.8412627522818,inf,-inf,642.8412627522818,1441440.0,-1440797.1587372478,1000.0,0.0,1.0,0.0,1.0,1.0,0.0,1.0,0.9088,0.0,0.9088,0.0,1000.0,0.0,1000.0,1000.0,1000.0,23.0,23.0,0.0,8.0,1100.35,166.91,0.0,480.0,0.0,0.0,0.0,0.0,1100.35,166.91,933.4399999999999,0.0,480.0,-480.0,1100.35,646.91,453.43999999999994,47841.24,67256.76,-19415.519999999997,0.9088,0.0,0.9088,0.9088,0.0,0.9088
0.8,3.0,baseline,blocked,,9,10,inf,inf,,1441440.0,1441440.0,0.0,0.0,0.0,0.0,0.0,0.0,0.0,0.0,0.0,0.0,0.0,0.0,1000.0,1000.0,1000.0,1000.0,1000.0,1000.0,0.0,23.0,0.0,9.0,0.0,31.19,0.0,540.0,0.0,0.0,0.0,0.0,0.0,31.19,-31.19,0.0,540.0,-540.0,0.0,571.19,-571.19,0.0,61356.07,-61356.07,0.0,0.0,0.0,0.0,0.0,0.0
1.0,0.0,baseline,blocked,,0,1,637.5237624197466,696.0345938171254,-58.51083139737875,637.5237624197466,696.0345938171254,-58.51083139737875,1000.0,1000.0,1.0,1.0,0.0,1.0,1.0,0.0,1.0224,0.9479,0.07450000000000001,0.0,0.0,0.0,0.0,1000.0,1000.0,23.0,23.0,0.0,9.0,978.05,31.19,0.0,540.0,0.0,483.79,0.0,483.79,978.05,514.98,463.06999999999994,0.0,540.0,-540.0,978.05,1054.98,-76.93000000000006,42523.72,82390.64,-39866.92,1.0224,1.9418,-0.9194,1.0224,0.9479,0.07450000000000001
1.0,0.0,baseline,blocked,,1,2,637.5237624197466,696.0345938171254,-58.51083139737875,637.5237624197466,696.0345938171254,-58.51083139737875,1000.0,1000.0,1.0,1.0,0.0,1.0,1.0,0.0,1.0224,0.9479,0.07450000000000001,0.0,0.0,0.0,0.0,1000.0,1000.0,23.0,23.0,0.0,9.0,978.05,31.19,0.0,540.0,0.0,483.79,0.0,483.79,978.05,514.98,463.06999999999994,0.0,540.0,-540.0,978.05,1054.98,-76.93000000000006,42523.72,82390.64,-39866.92,1.0224,1.9418,-0.9194,1.0224,0.9479,0.07450000000000001
1.0,0.0,baseline,blocked,,2,3,637.5237624197466,696.0345938171254,-58.51083139737875,637.5237624197466,696.0345938171254,-58.51083139737875,1000.0,1000.0,1.0,1.0,0.0,1.0,1.0,0.0,1.0224,0.9479,0.07450000000000001,0.0,0.0,0.0,0.0,1000.0,1000.0,23.0,23.0,0.0,9.0,978.05,31.19,0.0,540.0,0.0,483.79,0.0,483.79,978.05,514.98,463.06999999999994,0.0,540.0,-540.0,978.05,1054.98,-76.93000000000006,42523.72,82390.64,-39866.92,1.0224,1.9418,-0.9194,1.0224,0.9479,0.07450000000000001
1.0,0.0,baseline,blocked,,3,4,637.5237624197466,696.0345938171254,-58.51083139737875,637.5237624197466,696.0345938171254,-58.51083139737875,1000.0,1000.0,1.0,1.0,0.0,1.0,1.0,0.0,1.0224,0.9479,0.07450000000000001,0.0,0.0,0.0,0.0,1000.0,1000.0,23.0,23.0,0.0,9.0,978.05,31.19,0.0,540.0,0.0,483.79,0.0,483.79,978.05,514.98,463.06999999999994,0.0,540.0,-540.0,978.05,1054.98,-76.93000000000006,42523.72,82390.64,-39866.92,1.0224,1.9418,-0.9194,1.0224,0.9479,0.07450000000000001
1.0,0.0,baseline,blocked,,4,5,637.5237624197466,696.0345938171254,-58.51083139737875,637.5237624197466,696.0345938171254,-58.51083139737875,1000.0,1000.0,1.0,1.0,0.0,1.0,1.0,0.0,1.0224,0.9479,0.07450000000000001,0.0,0.0,0.0,0.0,1000.0,1000.0,23.0,23.0,0.0,9.0,978.05,31.19,0.0,540.0,0.0,483.79,0.0,483.79,978.05,514.98,463.06999999999994,0.0,540.0,-540.0,978.05,1054.98,-76.93000000000006,42523.72,82390.64,-39866.92,1.0224,1.9418,-0.9194,1.0224,0.9479,0.07450000000000001
1.0,0.0,baseline,blocked,,5,6,637.5237624197466,696.0345938171254,-58.51083139737875,637.5237624197466,696.0345938171254,-58.51083139737875,1000.0,1000.0,1.0,1.0,0.0,1.0,1.0,0.0,1.0224,0.9479,0.07450000000000001,0.0,0.0,0.0,0.0,1000.0,1000.0,23.0,23.0,0.0,9.0,978.05,31.19,0.0,540.0,0.0,483.79,0.0,483.79,978.05,514.98,463.06999999999994,0.0,540.0,-540.0,978.05,1054.98,-76.93000000000006,42523.72,82390.64,-39866.92,1.0224,1.9418,-0.9194,1.0224,0.9479,0.07450000000000001
1.0,0.0,baseline,blocked,,6,7,637.5237624197466,696.0345938171254,-58.51083139737875,637.5237624197466,696.0345938171254,-58.51083139737875,1000.0,1000.0,1.0,1.0,0.0,1.0,1.0,0.0,1.0224,0.9479,0.07450000000000001,0.0,0.0,0.0,0.0,1000.0,1000.0,23.0,23.0,0.0,9.0,978.05,31.19,0.0,540.0,0.0,483.79,0.0,483.79,978.05,514.98,463.06999999999994,0.0,540.0,-540.0,978.05,1054.98,-76.93000000000006,42523.72,82390.64,-39866.92,1.0224,1.9418,-0.9194,1.0224,0.9479,0.07450000000000001
1.0,0.0,baseline,blocked,,7,8,637.5237624197466,696.0345938171254,-58.51083139737875,637.5237624197466,696.0345938171254,-58.51083139737875,1000.0,1000.0,1.0,1.0,0.0,1.0,1.0,0.0,1.0224,0.9479,0.07450000000000001,0.0,0.0,0.0,0.0,1000.0,1000.0,23.0,23.0,0.0,9.0,978.05,31.19,0.0,540.0,0.0,483.79,0.0,483.79,978.05,514.98,463.06999999999994,0.0,540.0,-540.0,978.05,1054.98,-76.93000000000006,42523.72,82390.64,-39866.92,1.0224,1.9418,-0.9194,1.0224,0.9479,0.07450000000000001
1.0,0.0,baseline,blocked,,8,9,637.5237624197466,696.0345938171254,-58.51083139737875,637.5237624197466,696.0345938171254,-58.51083139737875,1000.0,1000.0,1.0,1.0,0.0,1.0,1.0,0.0,1.0224,0.9479,0.07450000000000001,0.0,0.0,0.0,0.0,1000.0,1000.0,23.0,23.0,0.0,9.0,978.05,31.19,0.0,540.0,0.0,483.79,0.0,483.79,978.05,514.98,463.06999999999994,0.0,540.0,-540.0,978.05,1054.98,-76.93000000000006,42523.72,82390.64,-39866.92,1.0224,1.9418,-0.9194,1.0224,0.9479,0.07450000000000001
1.0,0.0,baseline,blocked,,9,10,637.5237624197466,696.0345938171254,-58.51083139737875,637.5237624197466,696.0345938171254,-58.51083139737875,1000.0,1000.0,1.0,1.0,0.0,1.0,1.0,0.0,1.0224,0.9479,0.07450000000000001,0.0,0.0,0.0,0.0,1000.0,1000.0,23.0,23.0,0.0,9.0,978.05,31.19,0.0,540.0,0.0,483.79,0.0,483.79,978.05,514.98,463.06999999999994,0.0,540.0,-540.0,978.05,1054.98,-76.93000000000006,42523.72,82390.64,-39866.92,1.0224,1.9418,-0.9194,1.0224,0.9479,0.07450000000000001
1.0,0.25,baseline,blocked,,0,1,637.9428226562882,696.0345938171254,-58.0917711608372,637.9428226562882,696.0345938171254,-58.0917711608372,1000.0,1000.0,1.0,1.0,0.0,1.0,1.0,0.0,1.0125,0.9479,0.06459999999999999,0.0,0.0,0.0,0.0,1000.0,1000.0,23.0,23.0,0.0,9.0,987.68,31.19,0.0,540.0,0.0,483.79,0.0,483.79,987.68,514.98,472.69999999999993,0.0,540.0,-540.0,987.68,1054.98,-67.30000000000007,42942.77,82390.64,-39447.87,1.0125,1.9418,-0.9293,1.0125,0.9479,0.06459999999999999
1.0,0.25,baseline,blocked,,1,2,637.8750975227287,696.0345938171254,-58.15949629439672,637.8750975227287,696.0345938171254,-58.15949629439672,1000.0,1000.0,1.0,1.0,0.0,1.0,1.0,0.0,1.0141,0.9479,0.06620000000000004,0.0,0.0,0.0,0.0,1000.0,1000.0,23.0,23.0,0.0,9.0,986.13,31.19,0.0,540.0,0.0,483.79,0.0,483.79,986.13,514.98,471.15,0.0,540.0,-540.0,986.13,1054.98,-68.85000000000002,42875.06,82390.64,-39515.58,1.0141,1.9418,-0.9277,1.0141,0.9479,0.06620000000000004
1.0,0.25,baseline,blocked,,2,3,637.5237624197466,700.9581041984072,-63.43434177866061,637.5237624197466,700.9581041984072,-63.43434177866061,1000.0,1000.0,1.0,1.0,0.0,1.0,1.0,0.0,1.0224,0.856,0.1664,0.0,0.0,0.0,0.0,1000.0,1000.0,23.0,23.0,0.0,9.0,978.05,31.19,0.0,540.0,0.0,597.04,0.0,597.04,978.05,628.23,349.81999999999994,0.0,540.0,-540.0,978.05,1168.23,-190.18000000000006,42523.72,87314.14,-44790.42,1.0224,1.5918,-0.5694000000000001,1.0224,0.856,0.1664
1.0,0.25,baseline,blocked,,3,4,637.5237624197466,696.0345938171254,-58.51083139737875,637.5237624197466,696.0345938171254,-58.51083139737875,1000.0,1000.0,1.0,1.0,0.0,1.0,1.0,0.0,1.0224,0.9479,0.07450000000000001,0.0,0.0,0.0,0.0,1000.0,1000.0,23.0,23.0,0.0,9.0,978.05,31.19,0.0,540.0,0.0,483.79,0.0,483.79,978.05,514.98,463.06999999999994,0.0,540.0,-540.0,978.05,1054.98,-76.93000000000006,42523.72,82390.64,-39866.92,1.0224,1.9418,-0.9194,1.0224,0.9479,0.07450000000000001
1.0,0.25,baseline,blocked,,4,5,637.5237624197466,696.0345938171254,-58.51083139737875,637.5237624197466,696.0345938171254,-58.51083139737875,1000.0,1000.0,1.0,1.0,0.0,1.0,1.0,0.0,1.0224,0.9479,0.07450000000000001,0.0,0.0,0.0,0.0,1000.0,1000.0,23.0,23.0,0.0,9.0,978.05,31.19,0.0,540.0,0.0,483.79,0.0,483.79,978.05,514.98,463.06999999999994,0.0,540.0,-540.0,978.05,1054.98,-76.93000000000006,42523.72,82390.64,-39866.92,1.0224,1.9418,-0.9194,1.0224,0.9479,0.07450000000000001
1.0,0.25,baseline,blocked,,5,6,inf,inf,,1441440.0,1441440.0,0.0,0.0,0.0,0.0,0.0,0.0,0.0,0.0,0.0,0.0,0.0,0.0,1000.0,1000.0,1000.0,1000.0,1000.0,1000.0,0.0,23.0,0.0,9.0,0.0,31.19,0.0,540.0,0.0,0.0,0.0,0.0,0.0,31.19,-31.19,0.0,540.0,-540.0,0.0,571.19,-571.19,0.0,61356.08,-61356.08,0.0,0.0,0.0,0.0,0.0,0.0
1.0,0.25,baseline,blocked,,6,7,637.5237624197466,700.2581902275798,-62.734427807833185,637.5237624197466,700.2581902275798,-62.734427807833185,1000.0,1000.0,1.0,1.0,0.0,1.0,1.0,0.0,1.0224,0.868,0.15439999999999998,0.0,0.0,0.0,0.0,1000.0,1000.0,23.0,23.0,0.0,9.0,978.05,31.19,0.0,540.0,0.0,580.94,0.0,580.94,978.05,612.13,365.91999999999996,0.0,540.0,-540.0,978.05,1152.13,-174.08000000000015,42523.72,86614.23,-44090.509999999995,1.0224,1.6336,-0.6112,1.0224,0.868,0.15439999999999998
1.0,0.25,baseline,blocked,,7,8,637.6746622521956,700.9335107565742,-63.258848504378534,637.6746622521956,700.9335107565742,-63.258848504378534,1000.0,1000.0,1.0,1.0,0.0,1.0,1.0,0.0,1.0188,0.8564,0.16239999999999988,0.0,0.0,0.0,0.0,1000.0,1000.0,23.0,23.0,0.0,9.0,981.52,31.19,0.0,540.0,0.0,596.47,0.0,596.47,981.52,627.66,353.86,0.0,540.0,-540.0,981.52,1167.66,-186.1400000000001,42674.62,87289.55,-44614.93,1.0188,1.5932,-0.5744,1.0188,0.8564,0.16239999999999988
1.0,0.25,baseline,blocked,,8,9,637.5237624197466,696.0345938171254,-58.51083139737875,637.5237624197466,696.0345938171254,-58.51083139737875,1000.0,1000.0,1.0,1.0,0.0,1.0,1.0,0.0,1.0224,0.9479,0.07450000000000001,0.0,0.0,0.0,0.0,1000.0,1000.0,23.0,23.0,0.0,9.0,978.05,31.19,0.0,540.0,0.0,483.79,0.0,483.79,978.05,514.98,463.06999999999994,0.0,540.0,-540.0,978.05,1054.98,-76.93000000000006,42523.72,82390.64,-39866.92,1.0224,1.9418,-0.9194,1.0224,0.9479,0.07450000000000001
1.0,0.25,baseline,blocked,,9,10,637.5237624197466,696.0345938171254,-58.51083139737875,637.5237624197466,696.0345938171254,-58.51083139737875,1000.0,1000.0,1.0,1.0,0.0,1.0,1.0,0.0,1.0224,0.9479,0.07450000000000001,0.0,0.0,0.0,0.0,1000.0,1000.0,23.0,23.0,0.0,9.0,978.05,31.19,0.0,540.0,0.0,483.79,0.0,483.79,978.05,514.98,463.06999999999994,0.0,540.0,-540.0,978.05,1054.98,-76.93000000000006,42523.72,82390.64,-39866.92,1.0224,1.9418,-0.9194,1.0224,0.9479,0.07450000000000001
1.0,0.5,baseline,blocked,,0,1,637.9428226562882,696.0345938171254,-58.0917711608372,637.9428226562882,696.0345938171254,-58.0917711608372,1000.0,1000.0,1.0,1.0,0.0,1.0,1.0,0.0,1.0125,0.9479,0.06459999999999999,0.0,0.0,0.0,0.0,1000.0,1000.0,23.0,23.0,0.0,9.0,987.68,31.19,0.0,540.0,0.0,483.79,0.0,483.79,987.68,514.98,472.69999999999993,0.0,540.0,-540.0,987.68,1054.98,-67.30000000000007,42942.77,82390.64,-39447.87,1.0125,1.9418,-0.9293,1.0125,0.9479,0.06459999999999999
1.0,0.5,baseline,blocked,,1,2,637.8750975227287,696.0345938171254,-58.15949629439672,637.8750975227287,696.0345938171254,-58.15949629439672,1000.0,1000.0,1.0,1.0,0.0,1.0,1.0,0.0,1.0141,0.9479,0.06620000000000004,0.0,0.0,0.0,0.0,1000.0,1000.0,23.0,23.0,0.0,9.0,986.13,31.19,0.0,540.0,0.0,483.79,0.0,483.79,986.13,514.98,471.15,0.0,540.0,-540.0,986.13,1054.98,-68.85000000000002,42875.06,82390.64,-39515.58,1.0141,1.9418,-0.9277,1.0141,0.9479,0.06620000000000004
1.0,0.5,baseline,blocked,,2,3,637.5237624197466,700.9581041984072,-63.43434177866061,637.5237624197466,700.9581041984072,-63.43434177866061,1000.0,1000.0,1.0,1.0,0.0,1.0,1.0,0.0,1.0224,0.856,0.1664,0.0,0.0,0.0,0.0,1000.0,1000.0,23.0,23.0,0.0,9.0,978.05,31.19,0.0,540.0,0.0,597.04,0.0,597.04,978.05,628.23,349.81999999999994,0.0,540.0,-540.0,978.05,1168.23,-190.18000000000006,42523.72,87314.14,-44790.42,1.0224,1.5918,-0.5694000000000001,1.0224,0.856,0.1664
1.0,0.5,baseline,blocked,,3,4,inf,inf,,1441440.0,1441440.0,0.0,0.0,0.0,0.0,0.0,0.0,0.0,0.0,0.0,0.0,0.0,0.0,1000.0,1000.0,1000.0,1000.0,1000.0,1000.0,0.0,0.0,0.0,0.0,0.0,0.0,0.0,0.0,0.0,0.0,0.0,0.0,0.0,0.0,0.0,0.0,0.0,0.0,0.0,0.0,0.0,0.0,0.0,0.0,0.0,0.0,0.0,0.0,0.0,0.0
1.0,0.5,baseline,blocked,,4,5,637.9843329309556,696.0345938171254,-58.05026088616978,637.9843329309556,696.0345938171254,-58.05026088616978,1000.0,1000.0,1.0,1.0,0.0,1.0,1.0,0.0,1.0115,0.9479,0.0636000000000001,0.0,0.0,0.0,0.0,1000.0,1000.0,23.0,23.0,0.0,9.0,988.64,31.19,0.0,540.0,0.0,483.79,0.0,483.79,988.64,514.98,473.65999999999997,0.0,540.0,-540.0,988.64,1054.98,-66.34000000000003,42984.29,82390.64,-39406.35,1.0115,1.9418,-0.9302999999999999,1.0115,0.9479,0.0636000000000001
1.0,0.5,baseline,blocked,,5,6,inf,inf,,1441440.0,1441440.0,0.0,0.0,0.0,0.0,0.0,0.0,0.0,0.0,0.0,0.0,0.0,0.0,1000.0,1000.0,1000.0,1000.0,1000.0,1000.0,0.0,23.0,0.0,9.0,0.0,31.19,0.0,540.0,0.0,0.0,0.0,0.0,0.0,31.19,-31.19,0.0,540.0,-540.0,0.0,571.19,-571.19,0.0,61356.08,-61356.08,0.0,0.0,0.0,0.0,0.0,0.0
1.0,0.5,baseline,blocked,,6,7,637.5237624197466,700.2581902275798,-62.734427807833185,637.5237624197466,700.2581902275798,-62.734427807833185,1000.0,1000.0,1.0,1.0,0.0,1.0,1.0,0.0,1.0224,0.868,0.15439999999999998,0.0,0.0,0.0,0.0,1000.0,1000.0,23.0,23.0,0.0,9.0,978.05,31.19,0.0,540.0,0.0,580.94,0.0,580.94,978.05,612.13,365.91999999999996,0.0,540.0,-540.0,978.05,1152.13,-174.08000000000015,42523.72,86614.23,-44090.509999999995,1.0224,1.6336,-0.6112,1.0224,0.868,0.15439999999999998
1.0,0.5,baseline,blocked,,7,8,inf,inf,,1441440.0,1441440.0,0.0,0.0,0.0,0.0,0.0,0.0,0.0,0.0,0.0,0.0,0.0,0.0,1000.0,1000.0,1000.0,1000.0,1000.0,1000.0,0.0,23.0,0.0,9.0,0.0,31.19,0.0,540.0,0.0,0.0,0.0,0.0,0.0,31.19,-31.19,0.0,540.0,-540.0,0.0,571.19,-571.19,0.0,61356.08,-61356.08,0.0,0.0,0.0,0.0,0.0,0.0
1.0,0.5,baseline,blocked,,8,9,637.5237624197466,696.0345938171254,-58.51083139737875,637.5237624197466,696.0345938171254,-58.51083139737875,1000.0,1000.0,1.0,1.0,0.0,1.0,1.0,0.0,1.0224,0.9479,0.07450000000000001,0.0,0.0,0.0,0.0,1000.0,1000.0,23.0,23.0,0.0,9.0,978.05,31.19,0.0,540.0,0.0,483.79,0.0,483.79,978.05,514.98,463.06999999999994,0.0,540.0,-540.0,978.05,1054.98,-76.93000000000006,42523.72,82390.64,-39866.92,1.0224,1.9418,-0.9194,1.0224,0.9479,0.07450000000000001
1.0,0.5,baseline,blocked,,9,10,637.5237624197466,696.0345938171254,-58.51083139737875,637.5237624197466,696.0345938171254,-58.51083139737875,1000.0,1000.0,1.0,1.0,0.0,1.0,1.0,0.0,1.0224,0.9479,0.07450000000000001,0.0,0.0,0.0,0.0,1000.0,1000.0,23.0,23.0,0.0,9.0,978.05,31.19,0.0,540.0,0.0,483.79,0.0,483.79,978.05,514.98,463.06999999999994,0.0,540.0,-540.0,978.05,1054.98,-76.93000000000006,42523.72,82390.64,-39866.92,1.0224,1.9418,-0.9194,1.0224,0.9479,0.07450000000000001
1.0,1.0,baseline,blocked,,0,1,638.3911842777585,696.0345938171254,-57.64340953936687,638.3911842777585,696.0345938171254,-57.64340953936687,1000.0,1000.0,1.0,1.0,0.0,1.0,1.0,0.0,1.002,0.9479,0.05410000000000004,0.0,0.0,0.0,0.0,1000.0,1000.0,23.0,23.0,0.0,9.0,998.0,31.19,0.0,540.0,0.0,483.79,0.0,483.79,998.0,514.98,483.02,0.0,540.0,-540.0,998.0,1054.98,-56.98000000000002,43391.14,82390.64,-38999.5,1.002,1.9418,-0.9398,1.002,0.9479,0.05410000000000004
1.0,1.0,baseline,blocked,,1,2,638.5258961794594,inf,-inf,638.5258961794594,1441440.0,-1440801.4741038205,1000.0,0.0,1.0,0.0,1.0,1.0,0.0,1.0,0.9989,0.0,0.9989,0.0,1000.0,0.0,1000.0,1000.0,1000.0,23.0,23.0,0.0,9.0,1001.09,31.19,0.0,540.0,0.0,0.0,0.0,0.0,1001.09,31.19,969.9,0.0,540.0,-540.0,1001.09,571.19,429.9,43525.84,61356.08,-17830.240000000005,0.9989,0.0,0.9989,0.9989,0.0,0.9989
1.0,1.0,baseline,blocked,,2,3,637.5237624197466,700.9581041984072,-63.43434177866061,637.5237624197466,700.9581041984072,-63.43434177866061,1000.0,1000.0,1.0,1.0,0.0,1.0,1.0,0.0,1.0224,0.856,0.1664,0.0,0.0,0.0,0.0,1000.0,1000.0,23.0,23.0,0.0,9.0,978.05,31.19,0.0,540.0,0.0,597.04,0.0,597.04,978.05,628.23,349.81999999999994,0.0,540.0,-540.0,978.05,1168.23,-190.18000000000006,42523.72,87314.14,-44790.42,1.0224,1.5918,-0.5694000000000001,1.0224,0.856,0.1664
1.0,1.0,baseline,blocked,,3,4,inf,inf,,1441440.0,1441440.0,0.0,0.0,0.0,0.0,0.0,0.0,0.0,0.0,0.0,0.0,0.0,0.0,1000.0,1000.0,1000.0,1000.0,1000.0,1000.0,0.0,0.0,0.0,0.0,0.0,0.0,0.0,0.0,0.0,0.0,0.0,0.0,0.0,0.0,0.0,0.0,0.0,0.0,0.0,0.0,0.0,0.0,0.0,0.0,0.0,0.0,0.0,0.0,0.0,0.0
1.0,1.0,baseline,blocked,,4,5,637.9843329309556,696.1740624736892,-58.18972954273363,637.9843329309556,696.1740624736892,-58.18972954273363,1000.0,1000.0,1.0,1.0,0.0,1.0,1.0,0.0,1.0115,0.945,0.06650000000000011,0.0,0.0,0.0,0.0,1000.0,1000.0,23.0,23.0,0.0,9.0,988.64,31.19,0.0,540.0,0.0,487.0,0.0,487.0,988.64,518.19,470.44999999999993,0.0,540.0,-540.0,988.64,1058.19,-69.55000000000007,42984.29,82530.11,-39545.82,1.0115,1.9298,-0.9182999999999999,1.0115,0.945,0.06650000000000011
1.0,1.0,baseline,blocked,,5,6,inf,inf,,1441440.0,1441440.0,0.0,0.0,0.0,0.0,0.0,0.0,0.0,0.0,0.0,0.0,0.0,0.0,1000.0,1000.0,1000.0,1000.0,1000.0,1000.0,0.0,23.0,0.0,9.0,0.0,31.19,0.0,540.0,0.0,0.0,0.0,0.0,0.0,31.19,-31.19,0.0,540.0,-540.0,0.0,571.19,-571.19,0.0,61356.08,-61356.08,0.0,0.0,0.0,0.0,0.0,0.0
1.0,1.0,baseline,blocked,,6,7,637.9428226562882,700.2581902275798,-62.31536757129163,637.9428226562882,700.2581902275798,-62.31536757129163,1000.0,1000.0,1.0,1.0,0.0,1.0,1.0,0.0,1.0125,0.868,0.14449999999999996,0.0,0.0,0.0,0.0,1000.0,1000.0,23.0,23.0,0.0,9.0,987.68,31.19,0.0,540.0,0.0,580.94,0.0,580.94,987.68,612.13,375.54999999999995,0.0,540.0,-540.0,987.68,1152.13,-164.45000000000016,42942.77,86614.23,-43671.46,1.0125,1.6336,-0.6211,1.0125,0.868,0.14449999999999996
1.0,1.0,baseline,blocked,,7,8,inf,inf,,1441440.0,1441440.0,0.0,0.0,0.0,0.0,0.0,0.0,0.0,0.0,0.0,0.0,0.0,0.0,1000.0,1000.0,1000.0,1000.0,1000.0,1000.0,0.0,23.0,0.0,9.0,0.0,31.19,0.0,540.0,0.0,0.0,0.0,0.0,0.0,31.19,-31.19,0.0,540.0,-540.0,0.0,571.19,-571.19,0.0,61356.08,-61356.08,0.0,0.0,0.0,0.0,0.0,0.0
1.0,1.0,baseline,blocked,,8,9,639.0103334567763,696.0345938171254,-57.0242603603491,639.0103334567763,696.0345938171254,-57.0242603603491,1000.0,1000.0,1.0,1.0,0.0,1.0,1.0,0.0,0.9879,0.9479,0.040000000000000036,0.0,0.0,0.0,0.0,1000.0,1000.0,23.0,23.0,0.0,9.0,1012.24,31.19,0.0,540.0,0.0,483.79,0.0,483.79,1012.24,514.98,497.26,0.0,540.0,-540.0,1012.24,1054.98,-42.74000000000001,44010.29,82390.64,-38380.35,0.9879,1.9418,-0.9539,0.9879,0.9479,0.040000000000000036
1.0,1.0,baseline,blocked,,9,10,inf,inf,,1441440.0,1441440.0,0.0,0.0,0.0,0.0,0.0,0.0,0.0,0.0,0.0,0.0,0.0,0.0,1000.0,1000.0,1000.0,1000.0,1000.0,1000.0,0.0,23.0,0.0,9.0,0.0,31.19,0.0,540.0,0.0,0.0,0.0,0.0,0.0,31.19,-31.19,0.0,540.0,-540.0,0.0,571.19,-571.19,0.0,61356.08,-61356.08,0.0,0.0,0.0,0.0,0.0,0.0
1.0,1.5,baseline,blocked,,0,1,638.423130347159,701.0345938171254,-62.61146346996634,638.423130347159,701.0345938171254,-62.61146346996634,1000.0,1000.0,1.0,1.0,0.0,1.0,1.0,0.0,1.0013,0.8616,0.13970000000000005,0.0,0.0,0.0,0.0,1000.0,1000.0,23.0,23.0,0.0,8.0,998.73,196.84,0.0,480.0,0.0,483.79,0.0,483.79,998.73,680.63,318.1,0.0,480.0,-480.0,998.73,1160.63,-161.9000000000001,43423.09,89592.74,-46169.65000000001,1.0013,1.4692,-0.4679,1.0013,0.8616,0.13970000000000005
1.0,1.5,baseline,blocked,,1,2,inf,inf,,1441440.0,1441440.0,0.0,0.0,0.0,0.0,0.0,0.0,0.0,0.0,0.0,0.0,0.0,0.0,1000.0,1000.0,1000.0,1000.0,1000.0,1000.0,0.0,23.0,0.0,9.0,0.0,31.19,0.0,540.0,0.0,0.0,0.0,0.0,0.0,31.19,-31.19,0.0,540.0,-540.0,0.0,571.19,-571.19,0.0,61356.08,-61356.08,0.0,0.0,0.0,0.0,0.0,0.0
1.0,1.5,baseline,blocked,,2,3,639.1778524306056,705.9581041984072,-66.78025176780159,639.1778524306056,705.9581041984072,-66.78025176780159,1000.0,1000.0,1.0,1.0,0.0,1.0,1.0,0.0,0.9842,0.813,0.17120000000000002,0.0,0.0,0.0,0.0,1000.0,1000.0,23.0,23.0,0.0,8.0,1016.09,152.9,0.0,480.0,0.0,597.04,0.0,597.04,1016.09,749.94,266.15,0.0,480.0,-480.0,1016.09,1229.94,-213.85000000000002,44177.81,92606.02,-48428.21000000001,0.9842,1.3334,-0.34919999999999995,0.9842,0.813,0.17120000000000002
1.0,1.5,baseline,blocked,,3,4,inf,inf,,1441440.0,1441440.0,0.0,0.0,0.0,0.0,0.0,0.0,0.0,0.0,0.0,0.0,0.0,0.0,1000.0,1000.0,1000.0,1000.0,1000.0,1000.0,0.0,0.0,0.0,0.0,0.0,0.0,0.0,0.0,0.0,0.0,0.0,0.0,0.0,0.0,0.0,0.0,0.0,0.0,0.0,0.0,0.0,0.0,0.0,0.0,0.0,0.0,0.0,0.0,0.0,0.0
1.0,1.5,baseline,blocked,,4,5,638.3356680339376,inf,-inf,638.3356680339376,1441440.0,-1440801.664331966,1000.0,0.0,1.0,0.0,1.0,1.0,0.0,1.0,1.0033,0.0,1.0033,0.0,1000.0,0.0,1000.0,1000.0,1000.0,23.0,23.0,0.0,9.0,996.72,31.19,0.0,540.0,0.0,0.0,0.0,0.0,996.72,31.19,965.53,0.0,540.0,-540.0,996.72,571.19,425.53,43335.62,61356.08,-18020.46,1.0033,0.0,1.0033,1.0033,0.0,1.0033
1.0,1.5,baseline,blocked,,5,6,inf,inf,,1441440.0,1441440.0,0.0,0.0,0.0,0.0,0.0,0.0,0.0,0.0,0.0,0.0,0.0,0.0,1000.0,1000.0,1000.0,1000.0,1000.0,1000.0,0.0,23.0,0.0,9.0,0.0,31.19,0.0,540.0,0.0,0.0,0.0,0.0,0.0,31.19,-31.19,0.0,540.0,-540.0,0.0,571.19,-571.19,0.0,61356.08,-61356.08,0.0,0.0,0.0,0.0,0.0,0.0
1.0,1.5,baseline,blocked,,6,7,inf,inf,,1441440.0,1441440.0,0.0,0.0,0.0,0.0,0.0,0.0,0.0,0.0,0.0,0.0,0.0,0.0,1000.0,1000.0,1000.0,1000.0,1000.0,1000.0,0.0,0.0,0.0,0.0,0.0,0.0,0.0,0.0,0.0,0.0,0.0,0.0,0.0,0.0,0.0,0.0,0.0,0.0,0.0,0.0,0.0,0.0,0.0,0.0,0.0,0.0,0.0,0.0,0.0,0.0
1.0,1.5,baseline,blocked,,7,8,inf,inf,,1441440.0,1441440.0,0.0,0.0,0.0,0.0,0.0,0.0,0.0,0.0,0.0,0.0,0.0,0.0,1000.0,1000.0,1000.0,1000.0,1000.0,1000.0,0.0,23.0,0.0,9.0,0.0,31.19,0.0,540.0,0.0,0.0,0.0,0.0,0.0,31.19,-31.19,0.0,540.0,-540.0,0.0,571.19,-571.19,0.0,61356.08,-61356.08,0.0,0.0,0.0,0.0,0.0,0.0
1.0,1.5,baseline,blocked,,8,9,639.6465276808459,701.0345938171254,-61.38806613627946,639.6465276808459,701.0345938171254,-61.38806613627946,1000.0,1000.0,1.0,1.0,0.0,1.0,1.0,0.0,0.9738,0.8844,0.08940000000000003,0.0,0.0,0.0,0.0,1000.0,1000.0,23.0,23.0,0.0,8.0,1026.87,166.91,0.0,480.0,0.0,483.79,0.0,483.79,1026.87,650.7,376.16999999999985,0.0,480.0,-480.0,1026.87,1130.7,-103.83000000000015,44646.48,88291.38,-43644.9,0.9738,1.5368,-0.563,0.9738,0.8844,0.08940000000000003
1.0,1.5,baseline,blocked,,9,10,inf,inf,,1441440.0,1441440.0,0.0,0.0,0.0,0.0,0.0,0.0,0.0,0.0,0.0,0.0,0.0,0.0,1000.0,1000.0,1000.0,1000.0,1000.0,1000.0,0.0,23.0,0.0,9.0,0.0,31.19,0.0,540.0,0.0,0.0,0.0,0.0,0.0,31.19,-31.19,0.0,540.0,-540.0,0.0,571.19,-571.19,0.0,61356.08,-61356.08,0.0,0.0,0.0,0.0,0.0,0.0
1.0,2.0,baseline,blocked,,0,1,inf,inf,,1441440.0,1441440.0,0.0,0.0,0.0,0.0,0.0,0.0,0.0,0.0,0.0,0.0,0.0,0.0,1000.0,1000.0,1000.0,1000.0,1000.0,1000.0,0.0,0.0,0.0,0.0,0.0,0.0,0.0,0.0,0.0,0.0,0.0,0.0,0.0,0.0,0.0,0.0,0.0,0.0,0.0,0.0,0.0,0.0,0.0,0.0,0.0,0.0,0.0,0.0,0.0,0.0
1.0,2.0,baseline,blocked,,1,2,inf,inf,,1441440.0,1441440.0,0.0,0.0,0.0,0.0,0.0,0.0,0.0,0.0,0.0,0.0,0.0,0.0,1000.0,1000.0,1000.0,1000.0,1000.0,1000.0,0.0,23.0,0.0,9.0,0.0,31.19,0.0,540.0,0.0,0.0,0.0,0.0,0.0,31.19,-31.19,0.0,540.0,-540.0,0.0,571.19,-571.19,0.0,61356.08,-61356.08,0.0,0.0,0.0,0.0,0.0,0.0
1.0,2.0,baseline,blocked,,2,3,639.1778524306056,705.9581041984072,-66.78025176780159,639.1778524306056,705.9581041984072,-66.78025176780159,1000.0,1000.0,1.0,1.0,0.0,1.0,1.0,0.0,0.9842,0.813,0.17120000000000002,0.0,0.0,0.0,0.0,1000.0,1000.0,23.0,23.0,0.0,8.0,1016.09,152.9,0.0,480.0,0.0,597.04,0.0,597.04,1016.09,749.94,266.15,0.0,480.0,-480.0,1016.09,1229.94,-213.85000000000002,44177.81,92606.02,-48428.21000000001,0.9842,1.3334,-0.34919999999999995,0.9842,0.813,0.17120000000000002
1.0,2.0,baseline,blocked,,3,4,inf,inf,,1441440.0,1441440.0,0.0,0.0,0.0,0.0,0.0,0.0,0.0,0.0,0.0,0.0,0.0,0.0,1000.0,1000.0,1000.0,1000.0,1000.0,1000.0,0.0,0.0,0.0,0.0,0.0,0.0,0.0,0.0,0.0,0.0,0.0,0.0,0.0,0.0,0.0,0.0,0.0,0.0,0.0,0.0,0.0,0.0,0.0,0.0,0.0,0.0,0.0,0.0,0.0,0.0
1.0,2.0,baseline,blocked,,4,5,640.2004820495376,inf,-inf,640.2004820495376,1441440.0,-1440799.7995179505,1000.0,0.0,1.0,0.0,1.0,1.0,0.0,1.0,0.9619,0.0,0.9619,0.0,1000.0,0.0,1000.0,1000.0,1000.0,23.0,23.0,0.0,9.0,1039.61,31.19,0.0,540.0,0.0,0.0,0.0,0.0,1039.61,31.19,1008.4199999999998,0.0,540.0,-540.0,1039.61,571.19,468.41999999999985,45200.43,61356.08,-16155.650000000001,0.9619,0.0,0.9619,0.9619,0.0,0.9619
1.0,2.0,baseline,blocked,,5,6,inf,inf,,1441440.0,1441440.0,0.0,0.0,0.0,0.0,0.0,0.0,0.0,0.0,0.0,0.0,0.0,0.0,1000.0,1000.0,1000.0,1000.0,1000.0,1000.0,0.0,23.0,0.0,9.0,0.0,31.19,0.0,540.0,0.0,0.0,0.0,0.0,0.0,31.19,-31.19,0.0,540.0,-540.0,0.0,571.19,-571.19,0.0,61356.08,-61356.08,0.0,0.0,0.0,0.0,0.0,0.0
1.0,2.0,baseline,blocked,,6,7,inf,inf,,1441440.0,1441440.0,0.0,0.0,0.0,0.0,0.0,0.0,0.0,0.0,0.0,0.0,0.0,0.0,1000.0,1000.0,1000.0,1000.0,1000.0,1000.0,0.0,0.0,0.0,0.0,0.0,0.0,0.0,0.0,0.0,0.0,0.0,0.0,0.0,0.0,0.0,0.0,0.0,0.0,0.0,0.0,0.0,0.0,0.0,0.0,0.0,0.0,0.0,0.0,0.0,0.0
1.0,2.0,baseline,blocked,,7,8,inf,inf,,1441440.0,1441440.0,0.0,0.0,0.0,0.0,0.0,0.0,0.0,0.0,0.0,0.0,0.0,0.0,1000.0,1000.0,1000.0,1000.0,1000.0,1000.0,0.0,23.0,0.0,9.0,0.0,31.19,0.0,540.0,0.0,0.0,0.0,0.0,0.0,31.19,-31.19,0.0,540.0,-540.0,0.0,571.19,-571.19,0.0,61356.08,-61356.08,0.0,0.0,0.0,0.0,0.0,0.0
1.0,2.0,baseline,blocked,,8,9,641.049286569532,inf,-inf,641.049286569532,1441440.0,-1440798.9507134305,1000.0,0.0,1.0,0.0,1.0,1.0,0.0,1.0,0.9442,0.0,0.9442,0.0,1000.0,0.0,1000.0,1000.0,1000.0,23.0,23.0,0.0,8.0,1059.13,166.91,0.0,480.0,0.0,0.0,0.0,0.0,1059.13,166.91,892.2200000000001,0.0,480.0,-480.0,1059.13,646.91,412.22000000000014,46049.23,67256.82,-21207.590000000004,0.9442,0.0,0.9442,0.9442,0.0,0.9442
1.0,2.0,baseline,blocked,,9,10,inf,inf,,1441440.0,1441440.0,0.0,0.0,0.0,0.0,0.0,0.0,0.0,0.0,0.0,0.0,0.0,0.0,1000.0,1000.0,1000.0,1000.0,1000.0,1000.0,0.0,23.0,0.0,9.0,0.0,31.19,0.0,540.0,0.0,0.0,0.0,0.0,0.0,31.19,-31.19,0.0,540.0,-540.0,0.0,571.19,-571.19,0.0,61356.08,-61356.08,0.0,0.0,0.0,0.0,0.0,0.0
1.0,3.0,baseline,blocked,,0,1,inf,inf,,1441440.0,1441440.0,0.0,0.0,0.0,0.0,0.0,0.0,0.0,0.0,0.0,0.0,0.0,0.0,1000.0,1000.0,1000.0,1000.0,1000.0,1000.0,0.0,0.0,0.0,0.0,0.0,0.0,0.0,0.0,0.0,0.0,0.0,0.0,0.0,0.0,0.0,0.0,0.0,0.0,0.0,0.0,0.0,0.0,0.0,0.0,0.0,0.0,0.0,0.0,0.0,0.0
1.0,3.0,baseline,blocked,,1,2,inf,inf,,1441440.0,1441440.0,0.0,0.0,0.0,0.0,0.0,0.0,0.0,0.0,0.0,0.0,0.0,0.0,1000.0,1000.0,1000.0,1000.0,1000.0,1000.0,0.0,23.0,0.0,9.0,0.0,31.19,0.0,540.0,0.0,0.0,0.0,0.0,0.0,31.19,-31.19,0.0,540.0,-540.0,0.0,571.19,-571.19,0.0,61356.08,-61356.08,0.0,0.0,0.0,0.0,0.0,0.0
1.0,3.0,baseline,blocked,,2,3,641.3821552515187,710.9581041984072,-69.5759489468885,641.3821552515187,710.9581041984072,-69.5759489468885,1000.0,1000.0,1.0,1.0,0.0,1.0,1.0,0.0,0.9374,0.762,0.1754,0.0,0.0,0.0,0.0,1000.0,1000.0,23.0,23.0,0.0,8.0,1066.79,235.3,0.0,480.0,0.0,597.04,0.0,597.04,1066.79,832.34,234.44999999999993,0.0,480.0,-480.0,1066.79,1312.34,-245.54999999999995,46382.1,96188.62,-49806.52,0.9374,1.2014,-0.264,0.9374,0.762,0.1754
1.0,3.0,baseline,blocked,,3,4,inf,inf,,1441440.0,1441440.0,0.0,0.0,0.0,0.0,0.0,0.0,0.0,0.0,0.0,0.0,0.0,0.0,1000.0,1000.0,1000.0,1000.0,1000.0,1000.0,0.0,0.0,0.0,0.0,0.0,0.0,0.0,0.0,0.0,0.0,0.0,0.0,0.0,0.0,0.0,0.0,0.0,0.0,0.0,0.0,0.0,0.0,0.0,0.0,0.0,0.0,0.0,0.0,0.0,0.0
1.0,3.0,baseline,blocked,,4,5,inf,inf,,1441440.0,1441440.0,0.0,0.0,0.0,0.0,0.0,0.0,0.0,0.0,0.0,0.0,0.0,0.0,1000.0,1000.0,1000.0,1000.0,1000.0,1000.0,0.0,23.0,0.0,9.0,0.0,31.19,0.0,540.0,0.0,0.0,0.0,0.0,0.0,31.19,-31.19,0.0,540.0,-540.0,0.0,571.19,-571.19,0.0,61356.08,-61356.08,0.0,0.0,0.0,0.0,0.0,0.0
1.0,3.0,baseline,blocked,,5,6,inf,inf,,1441440.0,1441440.0,0.0,0.0,0.0,0.0,0.0,0.0,0.0,0.0,0.0,0.0,0.0,0.0,1000.0,1000.0,1000.0,1000.0,1000.0,1000.0,0.0,23.0,0.0,9.0,0.0,31.19,0.0,540.0,0.0,0.0,0.0,0.0,0.0,31.19,-31.19,0.0,540.0,-540.0,0.0,571.19,-571.19,0.0,61356.08,-61356.08,0.0,0.0,0.0,0.0,0.0,0.0
1.0,3.0,baseline,blocked,,6,7,inf,inf,,1441440.0,1441440.0,0.0,0.0,0.0,0.0,0.0,0.0,0.0,0.0,0.0,0.0,0.0,0.0,1000.0,1000.0,1000.0,1000.0,1000.0,1000.0,0.0,0.0,0.0,0.0,0.0,0.0,0.0,0.0,0.0,0.0,0.0,0.0,0.0,0.0,0.0,0.0,0.0,0.0,0.0,0.0,0.0,0.0,0.0,0.0,0.0,0.0,0.0,0.0,0.0,0.0
1.0,3.0,baseline,blocked,,7,8,inf,inf,,1441440.0,1441440.0,0.0,0.0,0.0,0.0,0.0,0.0,0.0,0.0,0.0,0.0,0.0,0.0,1000.0,1000.0,1000.0,1000.0,1000.0,1000.0,0.0,23.0,0.0,9.0,0.0,31.19,0.0,540.0,0.0,0.0,0.0,0.0,0.0,31.19,-31.19,0.0,540.0,-540.0,0.0,571.19,-571.19,0.0,61356.08,-61356.08,0.0,0.0,0.0,0.0,0.0,0.0
1.0,3.0,baseline,blocked,,8,9,642.8415617898995,inf,-inf,642.8415617898995,1441440.0,-1440797.1584382101,1000.0,0.0,1.0,0.0,1.0,1.0,0.0,1.0,0.9088,0.0,0.9088,0.0,1000.0,0.0,1000.0,1000.0,1000.0,23.0,23.0,0.0,8.0,1100.35,166.91,0.0,480.0,0.0,0.0,0.0,0.0,1100.35,166.91,933.4399999999999,0.0,480.0,-480.0,1100.35,646.91,453.43999999999994,47841.51,67256.82,-19415.310000000005,0.9088,0.0,0.9088,0.9088,0.0,0.9088
1.0,3.0,baseline,blocked,,9,10,inf,inf,,1441440.0,1441440.0,0.0,0.0,0.0,0.0,0.0,0.0,0.0,0.0,0.0,0.0,0.0,0.0,1000.0,1000.0,1000.0,1000.0,1000.0,1000.0,0.0,23.0,0.0,9.0,0.0,31.19,0.0,540.0,0.0,0.0,0.0,0.0,0.0,31.19,-31.19,0.0,540.0,-540.0,0.0,571.19,-571.19,0.0,61356.08,-61356.08,0.0,0.0,0.0,0.0,0.0,0.0
1.2,0.0,baseline,blocked,,0,1,637.5242037255962,696.0349748954934,-58.510771169897225,637.5242037255962,696.0349748954934,-58.510771169897225,1000.0,1000.0,1.0,1.0,0.0,1.0,1.0,0.0,1.0224,0.9479,0.07450000000000001,0.0,0.0,0.0,0.0,1000.0,1000.0,23.0,23.0,0.0,9.0,978.05,31.19,0.0,540.0,0.0,483.8,0.0,483.8,978.05,514.99,463.05999999999995,0.0,540.0,-540.0,978.05,1054.99,-76.94000000000005,42524.12,82391.01,-39866.88999999999,1.0224,1.9418,-0.9194,1.0224,0.9479,0.07450000000000001
1.2,0.0,baseline,blocked,,1,2,637.5242037255962,696.0349748954934,-58.510771169897225,637.5242037255962,696.0349748954934,-58.510771169897225,1000.0,1000.0,1.0,1.0,0.0,1.0,1.0,0.0,1.0224,0.9479,0.07450000000000001,0.0,0.0,0.0,0.0,1000.0,1000.0,23.0,23.0,0.0,9.0,978.05,31.19,0.0,540.0,0.0,483.8,0.0,483.8,978.05,514.99,463.05999999999995,0.0,540.0,-540.0,978.05,1054.99,-76.94000000000005,42524.12,82391.01,-39866.88999999999,1.0224,1.9418,-0.9194,1.0224,0.9479,0.07450000000000001
1.2,0.0,baseline,blocked,,2,3,637.5242037255962,696.0349748954934,-58.510771169897225,637.5242037255962,696.0349748954934,-58.510771169897225,1000.0,1000.0,1.0,1.0,0.0,1.0,1.0,0.0,1.0224,0.9479,0.07450000000000001,0.0,0.0,0.0,0.0,1000.0,1000.0,23.0,23.0,0.0,9.0,978.05,31.19,0.0,540.0,0.0,483.8,0.0,483.8,978.05,514.99,463.05999999999995,0.0,540.0,-540.0,978.05,1054.99,-76.94000000000005,42524.12,82391.01,-39866.88999999999,1.0224,1.9418,-0.9194,1.0224,0.9479,0.07450000000000001
1.2,0.0,baseline,blocked,,3,4,637.5242037255962,696.0349748954934,-58.510771169897225,637.5242037255962,696.0349748954934,-58.510771169897225,1000.0,1000.0,1.0,1.0,0.0,1.0,1.0,0.0,1.0224,0.9479,0.07450000000000001,0.0,0.0,0.0,0.0,1000.0,1000.0,23.0,23.0,0.0,9.0,978.05,31.19,0.0,540.0,0.0,483.8,0.0,483.8,978.05,514.99,463.05999999999995,0.0,540.0,-540.0,978.05,1054.99,-76.94000000000005,42524.12,82391.01,-39866.88999999999,1.0224,1.9418,-0.9194,1.0224,0.9479,0.07450000000000001
1.2,0.0,baseline,blocked,,4,5,637.5242037255962,696.0349748954934,-58.510771169897225,637.5242037255962,696.0349748954934,-58.510771169897225,1000.0,1000.0,1.0,1.0,0.0,1.0,1.0,0.0,1.0224,0.9479,0.07450000000000001,0.0,0.0,0.0,0.0,1000.0,1000.0,23.0,23.0,0.0,9.0,978.05,31.19,0.0,540.0,0.0,483.8,0.0,483.8,978.05,514.99,463.05999999999995,0.0,540.0,-540.0,978.05,1054.99,-76.94000000000005,42524.12,82391.01,-39866.88999999999,1.0224,1.9418,-0.9194,1.0224,0.9479,0.07450000000000001
1.2,0.0,baseline,blocked,,5,6,637.5242037255962,696.0349748954934,-58.510771169897225,637.5242037255962,696.0349748954934,-58.510771169897225,1000.0,1000.0,1.0,1.0,0.0,1.0,1.0,0.0,1.0224,0.9479,0.07450000000000001,0.0,0.0,0.0,0.0,1000.0,1000.0,23.0,23.0,0.0,9.0,978.05,31.19,0.0,540.0,0.0,483.8,0.0,483.8,978.05,514.99,463.05999999999995,0.0,540.0,-540.0,978.05,1054.99,-76.94000000000005,42524.12,82391.01,-39866.88999999999,1.0224,1.9418,-0.9194,1.0224,0.9479,0.07450000000000001
1.2,0.0,baseline,blocked,,6,7,637.5242037255962,696.0349748954934,-58.510771169897225,637.5242037255962,696.0349748954934,-58.510771169897225,1000.0,1000.0,1.0,1.0,0.0,1.0,1.0,0.0,1.0224,0.9479,0.07450000000000001,0.0,0.0,0.0,0.0,1000.0,1000.0,23.0,23.0,0.0,9.0,978.05,31.19,0.0,540.0,0.0,483.8,0.0,483.8,978.05,514.99,463.05999999999995,0.0,540.0,-540.0,978.05,1054.99,-76.94000000000005,42524.12,82391.01,-39866.88999999999,1.0224,1.9418,-0.9194,1.0224,0.9479,0.07450000000000001
1.2,0.0,baseline,blocked,,7,8,637.5242037255962,696.0349748954934,-58.510771169897225,637.5242037255962,696.0349748954934,-58.510771169897225,1000.0,1000.0,1.0,1.0,0.0,1.0,1.0,0.0,1.0224,0.9479,0.07450000000000001,0.0,0.0,0.0,0.0,1000.0,1000.0,23.0,23.0,0.0,9.0,978.05,31.19,0.0,540.0,0.0,483.8,0.0,483.8,978.05,514.99,463.05999999999995,0.0,540.0,-540.0,978.05,1054.99,-76.94000000000005,42524.12,82391.01,-39866.88999999999,1.0224,1.9418,-0.9194,1.0224,0.9479,0.07450000000000001
1.2,0.0,baseline,blocked,,8,9,637.5242037255962,696.0349748954934,-58.510771169897225,637.5242037255962,696.0349748954934,-58.510771169897225,1000.0,1000.0,1.0,1.0,0.0,1.0,1.0,0.0,1.0224,0.9479,0.07450000000000001,0.0,0.0,0.0,0.0,1000.0,1000.0,23.0,23.0,0.0,9.0,978.05,31.19,0.0,540.0,0.0,483.8,0.0,483.8,978.05,514.99,463.05999999999995,0.0,540.0,-540.0,978.05,1054.99,-76.94000000000005,42524.12,82391.01,-39866.88999999999,1.0224,1.9418,-0.9194,1.0224,0.9479,0.07450000000000001
1.2,0.0,baseline,blocked,,9,10,637.5242037255962,696.0349748954934,-58.510771169897225,637.5242037255962,696.0349748954934,-58.510771169897225,1000.0,1000.0,1.0,1.0,0.0,1.0,1.0,0.0,1.0224,0.9479,0.07450000000000001,0.0,0.0,0.0,0.0,1000.0,1000.0,23.0,23.0,0.0,9.0,978.05,31.19,0.0,540.0,0.0,483.8,0.0,483.8,978.05,514.99,463.05999999999995,0.0,540.0,-540.0,978.05,1054.99,-76.94000000000005,42524.12,82391.01,-39866.88999999999,1.0224,1.9418,-0.9194,1.0224,0.9479,0.07450000000000001
1.2,0.25,baseline,blocked,,0,1,637.9433807742483,696.0349748954934,-58.091594121245066,637.9433807742483,696.0349748954934,-58.091594121245066,1000.0,1000.0,1.0,1.0,0.0,1.0,1.0,0.0,1.0125,0.9479,0.06459999999999999,0.0,0.0,0.0,0.0,1000.0,1000.0,23.0,23.0,0.0,9.0,987.7,31.19,0.0,540.0,0.0,483.8,0.0,483.8,987.7,514.99,472.71000000000004,0.0,540.0,-540.0,987.7,1054.99,-67.28999999999996,42943.28,82391.01,-39447.729999999996,1.0125,1.9418,-0.9293,1.0125,0.9479,0.06459999999999999
1.2,0.25,baseline,blocked,,1,2,637.8755607761644,696.0349748954934,-58.15941411932897,637.8755607761644,696.0349748954934,-58.15941411932897,1000.0,1000.0,1.0,1.0,0.0,1.0,1.0,0.0,1.0141,0.9479,0.06620000000000004,0.0,0.0,0.0,0.0,1000.0,1000.0,23.0,23.0,0.0,9.0,986.14,31.19,0.0,540.0,0.0,483.8,0.0,483.8,986.14,514.99,471.15,0.0,540.0,-540.0,986.14,1054.99,-68.85000000000002,42875.48,82391.01,-39515.52999999999,1.0141,1.9418,-0.9277,1.0141,0.9479,0.06620000000000004
1.2,0.25,baseline,blocked,,2,3,637.5242037255962,700.9585883729338,-63.43438464733765,637.5242037255962,700.9585883729338,-63.43438464733765,1000.0,1000.0,1.0,1.0,0.0,1.0,1.0,0.0,1.0224,0.856,0.1664,0.0,0.0,0.0,0.0,1000.0,1000.0,23.0,23.0,0.0,9.0,978.05,31.19,0.0,540.0,0.0,597.05,0.0,597.05,978.05,628.24,349.80999999999995,0.0,540.0,-540.0,978.05,1168.24,-190.19000000000005,42524.12,87314.6,-44790.48,1.0224,1.5918,-0.5694000000000001,1.0224,0.856,0.1664
1.2,0.25,baseline,blocked,,3,4,637.5242037255962,696.0349748954934,-58.510771169897225,637.5242037255962,696.0349748954934,-58.510771169897225,1000.0,1000.0,1.0,1.0,0.0,1.0,1.0,0.0,1.0224,0.9479,0.07450000000000001,0.0,0.0,0.0,0.0,1000.0,1000.0,23.0,23.0,0.0,9.0,978.05,31.19,0.0,540.0,0.0,483.8,0.0,483.8,978.05,514.99,463.05999999999995,0.0,540.0,-540.0,978.05,1054.99,-76.94000000000005,42524.12,82391.01,-39866.88999999999,1.0224,1.9418,-0.9194,1.0224,0.9479,0.07450000000000001
1.2,0.25,baseline,blocked,,4,5,637.5242037255962,696.0349748954934,-58.510771169897225,637.5242037255962,696.0349748954934,-58.510771169897225,1000.0,1000.0,1.0,1.0,0.0,1.0,1.0,0.0,1.0224,0.9479,0.07450000000000001,0.0,0.0,0.0,0.0,1000.0,1000.0,23.0,23.0,0.0,9.0,978.05,31.19,0.0,540.0,0.0,483.8,0.0,483.8,978.05,514.99,463.05999999999995,0.0,540.0,-540.0,978.05,1054.99,-76.94000000000005,42524.12,82391.01,-39866.88999999999,1.0224,1.9418,-0.9194,1.0224,0.9479,0.07450000000000001
1.2,0.25,baseline,blocked,,5,6,inf,inf,,1441440.0,1441440.0,0.0,0.0,0.0,0.0,0.0,0.0,0.0,0.0,0.0,0.0,0.0,0.0,1000.0,1000.0,1000.0,1000.0,1000.0,1000.0,0.0,23.0,0.0,9.0,0.0,31.19,0.0,540.0,0.0,0.0,0.0,0.0,0.0,31.19,-31.19,0.0,540.0,-540.0,0.0,571.19,-571.19,0.0,61356.11,-61356.11,0.0,0.0,0.0,0.0,0.0,0.0
1.2,0.25,baseline,blocked,,6,7,637.5242037255962,700.2586599581538,-62.73445623255759,637.5242037255962,700.2586599581538,-62.73445623255759,1000.0,1000.0,1.0,1.0,0.0,1.0,1.0,0.0,1.0224,0.868,0.15439999999999998,0.0,0.0,0.0,0.0,1000.0,1000.0,23.0,23.0,0.0,9.0,978.05,31.19,0.0,540.0,0.0,580.95,0.0,580.95,978.05,612.14,365.90999999999997,0.0,540.0,-540.0,978.05,1152.14,-174.09000000000015,42524.12,86614.68,-44090.55999999999,1.0224,1.6336,-0.6112,1.0224,0.868,0.15439999999999998
1.2,0.25,baseline,blocked,,7,8,637.6751282372506,700.933978306757,-63.258850069506366,637.6751282372506,700.933978306757,-63.258850069506366,1000.0,1000.0,1.0,1.0,0.0,1.0,1.0,0.0,1.0188,0.8564,0.16239999999999988,0.0,0.0,0.0,0.0,1000.0,1000.0,23.0,23.0,0.0,9.0,981.53,31.19,0.0,540.0,0.0,596.48,0.0,596.48,981.53,627.67,353.86,0.0,540.0,-540.0,981.53,1167.67,-186.1400000000001,42675.04,87290.0,-44614.96,1.0188,1.5932,-0.5744,1.0188,0.8564,0.16239999999999988
1.2,0.25,baseline,blocked,,8,9,637.5242037255962,696.0349748954934,-58.510771169897225,637.5242037255962,696.0349748954934,-58.510771169897225,1000.0,1000.0,1.0,1.0,0.0,1.0,1.0,0.0,1.0224,0.9479,0.07450000000000001,0.0,0.0,0.0,0.0,1000.0,1000.0,23.0,23.0,0.0,9.0,978.05,31.19,0.0,540.0,0.0,483.8,0.0,483.8,978.05,514.99,463.05999999999995,0.0,540.0,-540.0,978.05,1054.99,-76.94000000000005,42524.12,82391.01,-39866.88999999999,1.0224,1.9418,-0.9194,1.0224,0.9479,0.07450000000000001
1.2,0.25,baseline,blocked,,9,10,637.5242037255962,696.0349748954934,-58.510771169897225,637.5242037255962,696.0349748954934,-58.510771169897225,1000.0,1000.0,1.0,1.0,0.0,1.0,1.0,0.0,1.0224,0.9479,0.07450000000000001,0.0,0.0,0.0,0.0,1000.0,1000.0,23.0,23.0,0.0,9.0,978.05,31.19,0.0,540.0,0.0,483.8,0.0,483.8,978.05,514.99,463.05999999999995,0.0,540.0,-540.0,978.05,1054.99,-76.94000000000005,42524.12,82391.01,-39866.88999999999,1.0224,1.9418,-0.9194,1.0224,0.9479,0.07450000000000001
1.2,0.5,baseline,blocked,,0,1,637.9433807742483,696.0349748954934,-58.091594121245066,637.9433807742483,696.0349748954934,-58.091594121245066,1000.0,1000.0,1.0,1.0,0.0,1.0,1.0,0.0,1.0125,0.9479,0.06459999999999999,0.0,0.0,0.0,0.0,1000.0,1000.0,23.0,23.0,0.0,9.0,987.7,31.19,0.0,540.0,0.0,483.8,0.0,483.8,987.7,514.99,472.71000000000004,0.0,540.0,-540.0,987.7,1054.99,-67.28999999999996,42943.28,82391.01,-39447.729999999996,1.0125,1.9418,-0.9293,1.0125,0.9479,0.06459999999999999
1.2,0.5,baseline,blocked,,1,2,637.8755607761644,696.0349748954934,-58.15941411932897,637.8755607761644,696.0349748954934,-58.15941411932897,1000.0,1000.0,1.0,1.0,0.0,1.0,1.0,0.0,1.0141,0.9479,0.06620000000000004,0.0,0.0,0.0,0.0,1000.0,1000.0,23.0,23.0,0.0,9.0,986.14,31.19,0.0,540.0,0.0,483.8,0.0,483.8,986.14,514.99,471.15,0.0,540.0,-540.0,986.14,1054.99,-68.85000000000002,42875.48,82391.01,-39515.52999999999,1.0141,1.9418,-0.9277,1.0141,0.9479,0.06620000000000004
1.2,0.5,baseline,blocked,,2,3,637.5242037255962,700.9585883729338,-63.43438464733765,637.5242037255962,700.9585883729338,-63.43438464733765,1000.0,1000.0,1.0,1.0,0.0,1.0,1.0,0.0,1.0224,0.856,0.1664,0.0,0.0,0.0,0.0,1000.0,1000.0,23.0,23.0,0.0,9.0,978.05,31.19,0.0,540.0,0.0,597.05,0.0,597.05,978.05,628.24,349.80999999999995,0.0,540.0,-540.0,978.05,1168.24,-190.19000000000005,42524.12,87314.6,-44790.48,1.0224,1.5918,-0.5694000000000001,1.0224,0.856,0.1664
1.2,0.5,baseline,blocked,,3,4,inf,inf,,1441440.0,1441440.0,0.0,0.0,0.0,0.0,0.0,0.0,0.0,0.0,0.0,0.0,0.0,0.0,1000.0,1000.0,1000.0,1000.0,1000.0,1000.0,0.0,0.0,0.0,0.0,0.0,0.0,0.0,0.0,0.0,0.0,0.0,0.0,0.0,0.0,0.0,0.0,0.0,0.0,0.0,0.0,0.0,0.0,0.0,0.0,0.0,0.0,0.0,0.0,0.0,0.0
1.2,0.5,baseline,blocked,,4,5,637.9847975556058,696.0349748954934,-58.05017733988757,637.9847975556058,696.0349748954934,-58.05017733988757,1000.0,1000.0,1.0,1.0,0.0,1.0,1.0,0.0,1.0115,0.9479,0.0636000000000001,0.0,0.0,0.0,0.0,1000.0,1000.0,23.0,23.0,0.0,9.0,988.65,31.19,0.0,540.0,0.0,483.8,0.0,483.8,988.65,514.99,473.65999999999997,0.0,540.0,-540.0,988.65,1054.99,-66.34000000000003,42984.71,82391.01,-39406.299999999996,1.0115,1.9418,-0.9302999999999999,1.0115,0.9479,0.0636000000000001
1.2,0.5,baseline,blocked,,5,6,inf,inf,,1441440.0,1441440.0,0.0,0.0,0.0,0.0,0.0,0.0,0.0,0.0,0.0,0.0,0.0,0.0,1000.0,1000.0,1000.0,1000.0,1000.0,1000.0,0.0,23.0,0.0,9.0,0.0,31.19,0.0,540.0,0.0,0.0,0.0,0.0,0.0,31.19,-31.19,0.0,540.0,-540.0,0.0,571.19,-571.19,0.0,61356.11,-61356.11,0.0,0.0,0.0,0.0,0.0,0.0
1.2,0.5,baseline,blocked,,6,7,637.5242037255962,700.2586599581538,-62.73445623255759,637.5242037255962,700.2586599581538,-62.73445623255759,1000.0,1000.0,1.0,1.0,0.0,1.0,1.0,0.0,1.0224,0.868,0.15439999999999998,0.0,0.0,0.0,0.0,1000.0,1000.0,23.0,23.0,0.0,9.0,978.05,31.19,0.0,540.0,0.0,580.95,0.0,580.95,978.05,612.14,365.90999999999997,0.0,540.0,-540.0,978.05,1152.14,-174.09000000000015,42524.12,86614.68,-44090.55999999999,1.0224,1.6336,-0.6112,1.0224,0.868,0.15439999999999998
1.2,0.5,baseline,blocked,,7,8,inf,inf,,1441440.0,1441440.0,0.0,0.0,0.0,0.0,0.0,0.0,0.0,0.0,0.0,0.0,0.0,0.0,1000.0,1000.0,1000.0,1000.0,1000.0,1000.0,0.0,23.0,0.0,9.0,0.0,31.19,0.0,540.0,0.0,0.0,0.0,0.0,0.0,31.19,-31.19,0.0,540.0,-540.0,0.0,571.19,-571.19,0.0,61356.11,-61356.11,0.0,0.0,0.0,0.0,0.0,0.0
1.2,0.5,baseline,blocked,,8,9,637.5242037255962,696.0349748954934,-58.510771169897225,637.5242037255962,696.0349748954934,-58.510771169897225,1000.0,1000.0,1.0,1.0,0.0,1.0,1.0,0.0,1.0224,0.9479,0.07450000000000001,0.0,0.0,0.0,0.0,1000.0,1000.0,23.0,23.0,0.0,9.0,978.05,31.19,0.0,540.0,0.0,483.8,0.0,483.8,978.05,514.99,463.05999999999995,0.0,540.0,-540.0,978.05,1054.99,-76.94000000000005,42524.12,82391.01,-39866.88999999999,1.0224,1.9418,-0.9194,1.0224,0.9479,0.07450000000000001
1.2,0.5,baseline,blocked,,9,10,637.5242037255962,696.0349748954934,-58.510771169897225,637.5242037255962,696.0349748954934,-58.510771169897225,1000.0,1000.0,1.0,1.0,0.0,1.0,1.0,0.0,1.0224,0.9479,0.07450000000000001,0.0,0.0,0.0,0.0,1000.0,1000.0,23.0,23.0,0.0,9.0,978.05,31.19,0.0,540.0,0.0,483.8,0.0,483.8,978.05,514.99,463.05999999999995,0.0,540.0,-540.0,978.05,1054.99,-76.94000000000005,42524.12,82391.01,-39866.88999999999,1.0224,1.9418,-0.9194,1.0224,0.9479,0.07450000000000001
1.2,1.0,baseline,blocked,,0,1,638.391691049908,696.0349748954934,-57.643283845585415,638.391691049908,696.0349748954934,-57.643283845585415,1000.0,1000.0,1.0,1.0,0.0,1.0,1.0,0.0,1.002,0.9479,0.05410000000000004,0.0,0.0,0.0,0.0,1000.0,1000.0,23.0,23.0,0.0,9.0,998.01,31.19,0.0,540.0,0.0,483.8,0.0,483.8,998.01,514.99,483.02,0.0,540.0,-540.0,998.01,1054.99,-56.98000000000002,43391.6,82391.01,-38999.409999999996,1.002,1.9418,-0.9398,1.002,0.9479,0.05410000000000004
1.2,1.0,baseline,blocked,,1,2,638.5264747406088,inf,-inf,638.5264747406088,1441440.0,-1440801.4735252594,1000.0,0.0,1.0,0.0,1.0,1.0,0.0,1.0,0.9989,0.0,0.9989,0.0,1000.0,0.0,1000.0,1000.0,1000.0,23.0,23.0,0.0,9.0,1001.11,31.19,0.0,540.0,0.0,0.0,0.0,0.0,1001.11,31.19,969.92,0.0,540.0,-540.0,1001.11,571.19,429.91999999999996,43526.37,61356.11,-17829.739999999998,0.9989,0.0,0.9989,0.9989,0.0,0.9989
1.2,1.0,baseline,blocked,,2,3,637.5242037255962,700.9585883729338,-63.43438464733765,637.5242037255962,700.9585883729338,-63.43438464733765,1000.0,1000.0,1.0,1.0,0.0,1.0,1.0,0.0,1.0224,0.856,0.1664,0.0,0.0,0.0,0.0,1000.0,1000.0,23.0,23.0,0.0,9.0,978.05,31.19,0.0,540.0,0.0,597.05,0.0,597.05,978.05,628.24,349.80999999999995,0.0,540.0,-540.0,978.05,1168.24,-190.19000000000005,42524.12,87314.6,-44790.48,1.0224,1.5918,-0.5694000000000001,1.0224,0.856,0.1664
1.2,1.0,baseline,blocked,,3,4,inf,inf,,1441440.0,1441440.0,0.0,0.0,0.0,0.0,0.0,0.0,0.0,0.0,0.0,0.0,0.0,0.0,1000.0,1000.0,1000.0,1000.0,1000.0,1000.0,0.0,0.0,0.0,0.0,0.0,0.0,0.0,0.0,0.0,0.0,0.0,0.0,0.0,0.0,0.0,0.0,0.0,0.0,0.0,0.0,0.0,0.0,0.0,0.0,0.0,0.0,0.0,0.0,0.0,0.0
1.2,1.0,baseline,blocked,,4,5,637.9847975556058,696.1744686893275,-58.18967113372162,637.9847975556058,696.1744686893275,-58.18967113372162,1000.0,1000.0,1.0,1.0,0.0,1.0,1.0,0.0,1.0115,0.945,0.06650000000000011,0.0,0.0,0.0,0.0,1000.0,1000.0,23.0,23.0,0.0,9.0,988.65,31.19,0.0,540.0,0.0,487.01,0.0,487.01,988.65,518.2,470.44999999999993,0.0,540.0,-540.0,988.65,1058.2,-69.55000000000007,42984.71,82530.5,-39545.79,1.0115,1.9298,-0.9182999999999999,1.0115,0.945,0.06650000000000011
1.2,1.0,baseline,blocked,,5,6,inf,inf,,1441440.0,1441440.0,0.0,0.0,0.0,0.0,0.0,0.0,0.0,0.0,0.0,0.0,0.0,0.0,1000.0,1000.0,1000.0,1000.0,1000.0,1000.0,0.0,23.0,0.0,9.0,0.0,31.19,0.0,540.0,0.0,0.0,0.0,0.0,0.0,31.19,-31.19,0.0,540.0,-540.0,0.0,571.19,-571.19,0.0,61356.11,-61356.11,0.0,0.0,0.0,0.0,0.0,0.0
1.2,1.0,baseline,blocked,,6,7,637.9433807742483,700.2586599581538,-62.31527918390543,637.9433807742483,700.2586599581538,-62.31527918390543,1000.0,1000.0,1.0,1.0,0.0,1.0,1.0,0.0,1.0125,0.868,0.14449999999999996,0.0,0.0,0.0,0.0,1000.0,1000.0,23.0,23.0,0.0,9.0,987.7,31.19,0.0,540.0,0.0,580.95,0.0,580.95,987.7,612.14,375.56000000000006,0.0,540.0,-540.0,987.7,1152.14,-164.44000000000005,42943.28,86614.68,-43671.399999999994,1.0125,1.6336,-0.6211,1.0125,0.868,0.14449999999999996
1.2,1.0,baseline,blocked,,7,8,inf,inf,,1441440.0,1441440.0,0.0,0.0,0.0,0.0,0.0,0.0,0.0,0.0,0.0,0.0,0.0,0.0,1000.0,1000.0,1000.0,1000.0,1000.0,1000.0,0.0,23.0,0.0,9.0,0.0,31.19,0.0,540.0,0.0,0.0,0.0,0.0,0.0,31.19,-31.19,0.0,540.0,-540.0,0.0,571.19,-571.19,0.0,61356.11,-61356.11,0.0,0.0,0.0,0.0,0.0,0.0
1.2,1.0,baseline,blocked,,8,9,639.0108448481018,696.0349748954934,-57.02413004739162,639.0108448481018,696.0349748954934,-57.02413004739162,1000.0,1000.0,1.0,1.0,0.0,1.0,1.0,0.0,0.9879,0.9479,0.040000000000000036,0.0,0.0,0.0,0.0,1000.0,1000.0,23.0,23.0,0.0,9.0,1012.25,31.19,0.0,540.0,0.0,483.8,0.0,483.8,1012.25,514.99,497.26,0.0,540.0,-540.0,1012.25,1054.99,-42.74000000000001,44010.75,82391.01,-38380.259999999995,0.9879,1.9418,-0.9539,0.9879,0.9479,0.040000000000000036
1.2,1.0,baseline,blocked,,9,10,inf,inf,,1441440.0,1441440.0,0.0,0.0,0.0,0.0,0.0,0.0,0.0,0.0,0.0,0.0,0.0,0.0,1000.0,1000.0,1000.0,1000.0,1000.0,1000.0,0.0,23.0,0.0,9.0,0.0,31.19,0.0,540.0,0.0,0.0,0.0,0.0,0.0,31.19,-31.19,0.0,540.0,-540.0,0.0,571.19,-571.19,0.0,61356.11,-61356.11,0.0,0.0,0.0,0.0,0.0,0.0
1.2,1.5,baseline,blocked,,0,1,638.4235945458386,701.0349748954934,-62.61138034965484,638.4235945458386,701.0349748954934,-62.61138034965484,1000.0,1000.0,1.0,1.0,0.0,1.0,1.0,0.0,1.0013,0.8616,0.13970000000000005,0.0,0.0,0.0,0.0,1000.0,1000.0,23.0,23.0,0.0,8.0,998.74,196.84,0.0,480.0,0.0,483.8,0.0,483.8,998.74,680.64,318.1,0.0,480.0,-480.0,998.74,1160.64,-161.9000000000001,43423.51,89593.25,-46169.74,1.0013,1.4692,-0.4679,1.0013,0.8616,0.13970000000000005
1.2,1.5,baseline,blocked,,1,2,inf,inf,,1441440.0,1441440.0,0.0,0.0,0.0,0.0,0.0,0.0,0.0,0.0,0.0,0.0,0.0,0.0,1000.0,1000.0,1000.0,1000.0,1000.0,1000.0,0.0,23.0,0.0,9.0,0.0,31.19,0.0,540.0,0.0,0.0,0.0,0.0,0.0,31.19,-31.19,0.0,540.0,-540.0,0.0,571.19,-571.19,0.0,61356.11,-61356.11,0.0,0.0,0.0,0.0,0.0,0.0
1.2,1.5,baseline,blocked,,2,3,639.17836000498,705.9585883729338,-66.78022836795378,639.17836000498,705.9585883729338,-66.78022836795378,1000.0,1000.0,1.0,1.0,0.0,1.0,1.0,0.0,0.9842,0.813,0.17120000000000002,0.0,0.0,0.0,0.0,1000.0,1000.0,23.0,23.0,0.0,8.0,1016.1,152.91,0.0,480.0,0.0,597.05,0.0,597.05,1016.1,749.95,266.15,0.0,480.0,-480.0,1016.1,1229.95,-213.85000000000002,44178.27,92606.6,-48428.33000000001,0.9842,1.3334,-0.34919999999999995,0.9842,0.813,0.17120000000000002
1.2,1.5,baseline,blocked,,3,4,inf,inf,,1441440.0,1441440.0,0.0,0.0,0.0,0.0,0.0,0.0,0.0,0.0,0.0,0.0,0.0,0.0,1000.0,1000.0,1000.0,1000.0,1000.0,1000.0,0.0,0.0,0.0,0.0,0.0,0.0,0.0,0.0,0.0,0.0,0.0,0.0,0.0,0.0,0.0,0.0,0.0,0.0,0.0,0.0,0.0,0.0,0.0,0.0,0.0,0.0,0.0,0.0,0.0,0.0
1.2,1.5,baseline,blocked,,4,5,638.3361546061741,inf,-inf,638.3361546061741,1441440.0,-1440801.6638453938,1000.0,0.0,1.0,0.0,1.0,1.0,0.0,1.0,1.0033,0.0,1.0033,0.0,1000.0,0.0,1000.0,1000.0,1000.0,23.0,23.0,0.0,9.0,996.73,31.19,0.0,540.0,0.0,0.0,0.0,0.0,996.73,31.19,965.54,0.0,540.0,-540.0,996.73,571.19,425.53999999999996,43336.06,61356.11,-18020.050000000003,1.0033,0.0,1.0033,1.0033,0.0,1.0033
1.2,1.5,baseline,blocked,,5,6,inf,inf,,1441440.0,1441440.0,0.0,0.0,0.0,0.0,0.0,0.0,0.0,0.0,0.0,0.0,0.0,0.0,1000.0,1000.0,1000.0,1000.0,1000.0,1000.0,0.0,23.0,0.0,9.0,0.0,31.19,0.0,540.0,0.0,0.0,0.0,0.0,0.0,31.19,-31.19,0.0,540.0,-540.0,0.0,571.19,-571.19,0.0,61356.11,-61356.11,0.0,0.0,0.0,0.0,0.0,0.0
1.2,1.5,baseline,blocked,,6,7,inf,inf,,1441440.0,1441440.0,0.0,0.0,0.0,0.0,0.0,0.0,0.0,0.0,0.0,0.0,0.0,0.0,1000.0,1000.0,1000.0,1000.0,1000.0,1000.0,0.0,0.0,0.0,0.0,0.0,0.0,0.0,0.0,0.0,0.0,0.0,0.0,0.0,0.0,0.0,0.0,0.0,0.0,0.0,0.0,0.0,0.0,0.0,0.0,0.0,0.0,0.0,0.0,0.0,0.0
1.2,1.5,baseline,blocked,,7,8,inf,inf,,1441440.0,1441440.0,0.0,0.0,0.0,0.0,0.0,0.0,0.0,0.0,0.0,0.0,0.0,0.0,1000.0,1000.0,1000.0,1000.0,1000.0,1000.0,0.0,23.0,0.0,9.0,0.0,31.19,0.0,540.0,0.0,0.0,0.0,0.0,0.0,31.19,-31.19,0.0,540.0,-540.0,0.0,571.19,-571.19,0.0,61356.11,-61356.11,0.0,0.0,0.0,0.0,0.0,0.0
1.2,1.5,baseline,blocked,,8,9,639.6470580748185,701.0349748954934,-61.387916820674945,639.6470580748185,701.0349748954934,-61.387916820674945,1000.0,1000.0,1.0,1.0,0.0,1.0,1.0,0.0,0.9738,0.8844,0.08940000000000003,0.0,0.0,0.0,0.0,1000.0,1000.0,23.0,23.0,0.0,8.0,1026.88,166.91,0.0,480.0,0.0,483.8,0.0,483.8,1026.88,650.71,376.1700000000001,0.0,480.0,-480.0,1026.88,1130.71,-103.82999999999993,44646.96,88291.85,-43644.89000000001,0.9738,1.5368,-0.563,0.9738,0.8844,0.08940000000000003
1.2,1.5,baseline,blocked,,9,10,inf,inf,,1441440.0,1441440.0,0.0,0.0,0.0,0.0,0.0,0.0,0.0,0.0,0.0,0.0,0.0,0.0,1000.0,1000.0,1000.0,1000.0,1000.0,1000.0,0.0,23.0,0.0,9.0,0.0,31.19,0.0,540.0,0.0,0.0,0.0,0.0,0.0,31.19,-31.19,0.0,540.0,-540.0,0.0,571.19,-571.19,0.0,61356.11,-61356.11,0.0,0.0,0.0,0.0,0.0,0.0
1.2,2.0,baseline,blocked,,0,1,inf,inf,,1441440.0,1441440.0,0.0,0.0,0.0,0.0,0.0,0.0,0.0,0.0,0.0,0.0,0.0,0.0,1000.0,1000.0,1000.0,1000.0,1000.0,1000.0,0.0,0.0,0.0,0.0,0.0,0.0,0.0,0.0,0.0,0.0,0.0,0.0,0.0,0.0,0.0,0.0,0.0,0.0,0.0,0.0,0.0,0.0,0.0,0.0,0.0,0.0,0.0,0.0,0.0,0.0
1.2,2.0,baseline,blocked,,1,2,inf,inf,,1441440.0,1441440.0,0.0,0.0,0.0,0.0,0.0,0.0,0.0,0.0,0.0,0.0,0.0,0.0,1000.0,1000.0,1000.0,1000.0,1000.0,1000.0,0.0,23.0,0.0,9.0,0.0,31.19,0.0,540.0,0.0,0.0,0.0,0.0,0.0,31.19,-31.19,0.0,540.0,-540.0,0.0,571.19,-571.19,0.0,61356.11,-61356.11,0.0,0.0,0.0,0.0,0.0,0.0
1.2,2.0,baseline,blocked,,2,3,639.17836000498,705.9585883729338,-66.78022836795378,639.17836000498,705.9585883729338,-66.78022836795378,1000.0,1000.0,1.0,1.0,0.0,1.0,1.0,0.0,0.9842,0.813,0.17120000000000002,0.0,0.0,0.0,0.0,1000.0,1000.0,23.0,23.0,0.0,8.0,1016.1,152.91,0.0,480.0,0.0,597.05,0.0,597.05,1016.1,749.95,266.15,0.0,480.0,-480.0,1016.1,1229.95,-213.85000000000002,44178.27,92606.6,-48428.33000000001,0.9842,1.3334,-0.34919999999999995,0.9842,0.813,0.17120000000000002
1.2,2.0,baseline,blocked,,3,4,inf,inf,,1441440.0,1441440.0,0.0,0.0,0.0,0.0,0.0,0.0,0.0,0.0,0.0,0.0,0.0,0.0,1000.0,1000.0,1000.0,1000.0,1000.0,1000.0,0.0,0.0,0.0,0.0,0.0,0.0,0.0,0.0,0.0,0.0,0.0,0.0,0.0,0.0,0.0,0.0,0.0,0.0,0.0,0.0,0.0,0.0,0.0,0.0,0.0,0.0,0.0,0.0,0.0,0.0
1.2,2.0,baseline,blocked,,4,5,640.2011081743418,inf,-inf,640.2011081743418,1441440.0,-1440799.7988918256,1000.0,0.0,1.0,0.0,1.0,1.0,0.0,1.0,0.9619,0.0,0.9619,0.0,1000.0,0.0,1000.0,1000.0,1000.0,23.0,23.0,0.0,9.0,1039.62,31.19,0.0,540.0,0.0,0.0,0.0,0.0,1039.62,31.19,1008.4299999999998,0.0,540.0,-540.0,1039.62,571.19,468.42999999999984,45200.99,61356.11,-16155.120000000003,0.9619,0.0,0.9619,0.9619,0.0,0.9619
1.2,2.0,baseline,blocked,,5,6,inf,inf,,1441440.0,1441440.0,0.0,0.0,0.0,0.0,0.0,0.0,0.0,0.0,0.0,0.0,0.0,0.0,1000.0,1000.0,1000.0,1000.0,1000.0,1000.0,0.0,23.0,0.0,9.0,0.0,31.19,0.0,540.0,0.0,0.0,0.0,0.0,0.0,31.19,-31.19,0.0,540.0,-540.0,0.0,571.19,-571.19,0.0,61356.11,-61356.11,0.0,0.0,0.0,0.0,0.0,0.0
1.2,2.0,baseline,blocked,,6,7,inf,inf,,1441440.0,1441440.0,0.0,0.0,0.0,0.0,0.0,0.0,0.0,0.0,0.0,0.0,0.0,0.0,1000.0,1000.0,1000.0,1000.0,1000.0,1000.0,0.0,0.0,0.0,0.0,0.0,0.0,0.0,0.0,0.0,0.0,0.0,0.0,0.0,0.0,0.0,0.0,0.0,0.0,0.0,0.0,0.0,0.0,0.0,0.0,0.0,0.0,0.0,0.0,0.0,0.0
1.2,2.0,baseline,blocked,,7,8,inf,inf,,1441440.0,1441440.0,0.0,0.0,0.0,0.0,0.0,0.0,0.0,0.0,0.0,0.0,0.0,0.0,1000.0,1000.0,1000.0,1000.0,1000.0,1000.0,0.0,23.0,0.0,9.0,0.0,31.19,0.0,540.0,0.0,0.0,0.0,0.0,0.0,31.19,-31.19,0.0,540.0,-540.0,0.0,571.19,-571.19,0.0,61356.11,-61356.11,0.0,0.0,0.0,0.0,0.0,0.0
1.2,2.0,baseline,blocked,,8,9,641.0499205227401,inf,-inf,641.0499205227401,1441440.0,-1440798.9500794772,1000.0,0.0,1.0,0.0,1.0,1.0,0.0,1.0,0.9442,0.0,0.9442,0.0,1000.0,0.0,1000.0,1000.0,1000.0,23.0,23.0,0.0,8.0,1059.15,166.91,0.0,480.0,0.0,0.0,0.0,0.0,1059.15,166.91,892.2400000000001,0.0,480.0,-480.0,1059.15,646.91,412.2400000000001,46049.8,67256.94,-21207.14,0.9442,0.0,0.9442,0.9442,0.0,0.9442
1.2,2.0,baseline,blocked,,9,10,inf,inf,,1441440.0,1441440.0,0.0,0.0,0.0,0.0,0.0,0.0,0.0,0.0,0.0,0.0,0.0,0.0,1000.0,1000.0,1000.0,1000.0,1000.0,1000.0,0.0,23.0,0.0,9.0,0.0,31.19,0.0,540.0,0.0,0.0,0.0,0.0,0.0,31.19,-31.19,0.0,540.0,-540.0,0.0,571.19,-571.19,0.0,61356.11,-61356.11,0.0,0.0,0.0,0.0,0.0,0.0
1.2,3.0,baseline,blocked,,0,1,inf,inf,,1441440.0,1441440.0,0.0,0.0,0.0,0.0,0.0,0.0,0.0,0.0,0.0,0.0,0.0,0.0,1000.0,1000.0,1000.0,1000.0,1000.0,1000.0,0.0,0.0,0.0,0.0,0.0,0.0,0.0,0.0,0.0,0.0,0.0,0.0,0.0,0.0,0.0,0.0,0.0,0.0,0.0,0.0,0.0,0.0,0.0,0.0,0.0,0.0,0.0,0.0,0.0,0.0
1.2,3.0,baseline,blocked,,1,2,inf,inf,,1441440.0,1441440.0,0.0,0.0,0.0,0.0,0.0,0.0,0.0,0.0,0.0,0.0,0.0,0.0,1000.0,1000.0,1000.0,1000.0,1000.0,1000.0,0.0,23.0,0.0,9.0,0.0,31.19,0.0,540.0,0.0,0.0,0.0,0.0,0.0,31.19,-31.19,0.0,540.0,-540.0,0.0,571.19,-571.19,0.0,61356.11,-61356.11,0.0,0.0,0.0,0.0,0.0,0.0
1.2,3.0,baseline,blocked,,2,3,641.3827644678692,710.9585883729338,-69.57582390506468,641.3827644678692,710.9585883729338,-69.57582390506468,1000.0,1000.0,1.0,1.0,0.0,1.0,1.0,0.0,0.9374,0.762,0.1754,0.0,0.0,0.0,0.0,1000.0,1000.0,23.0,23.0,0.0,8.0,1066.8,235.31,0.0,480.0,0.0,597.05,0.0,597.05,1066.8,832.35,234.44999999999993,0.0,480.0,-480.0,1066.8,1312.35,-245.54999999999995,46382.65,96189.2,-49806.549999999996,0.9374,1.2014,-0.264,0.9374,0.762,0.1754
1.2,3.0,baseline,blocked,,3,4,inf,inf,,1441440.0,1441440.0,0.0,0.0,0.0,0.0,0.0,0.0,0.0,0.0,0.0,0.0,0.0,0.0,1000.0,1000.0,1000.0,1000.0,1000.0,1000.0,0.0,0.0,0.0,0.0,0.0,0.0,0.0,0.0,0.0,0.0,0.0,0.0,0.0,0.0,0.0,0.0,0.0,0.0,0.0,0.0,0.0,0.0,0.0,0.0,0.0,0.0,0.0,0.0,0.0,0.0
1.2,3.0,baseline,blocked,,4,5,inf,inf,,1441440.0,1441440.0,0.0,0.0,0.0,0.0,0.0,0.0,0.0,0.0,0.0,0.0,0.0,0.0,1000.0,1000.0,1000.0,1000.0,1000.0,1000.0,0.0,23.0,0.0,9.0,0.0,31.19,0.0,540.0,0.0,0.0,0.0,0.0,0.0,31.19,-31.19,0.0,540.0,-540.0,0.0,571.19,-571.19,0.0,61356.11,-61356.11,0.0,0.0,0.0,0.0,0.0,0.0
1.2,3.0,baseline,blocked,,5,6,inf,inf,,1441440.0,1441440.0,0.0,0.0,0.0,0.0,0.0,0.0,0.0,0.0,0.0,0.0,0.0,0.0,1000.0,1000.0,1000.0,1000.0,1000.0,1000.0,0.0,23.0,0.0,9.0,0.0,31.19,0.0,540.0,0.0,0.0,0.0,0.0,0.0,31.19,-31.19,0.0,540.0,-540.0,0.0,571.19,-571.19,0.0,61356.11,-61356.11,0.0,0.0,0.0,0.0,0.0,0.0
1.2,3.0,baseline,blocked,,6,7,inf,inf,,1441440.0,1441440.0,0.0,0.0,0.0,0.0,0.0,0.0,0.0,0.0,0.0,0.0,0.0,0.0,1000.0,1000.0,1000.0,1000.0,1000.0,1000.0,0.0,0.0,0.0,0.0,0.0,0.0,0.0,0.0,0.0,0.0,0.0,0.0,0.0,0.0,0.0,0.0,0.0,0.0,0.0,0.0,0.0,0.0,0.0,0.0,0.0,0.0,0.0,0.0,0.0,0.0
1.2,3.0,baseline,blocked,,7,8,inf,inf,,1441440.0,1441440.0,0.0,0.0,0.0,0.0,0.0,0.0,0.0,0.0,0.0,0.0,0.0,0.0,1000.0,1000.0,1000.0,1000.0,1000.0,1000.0,0.0,23.0,0.0,9.0,0.0,31.19,0.0,540.0,0.0,0.0,0.0,0.0,0.0,31.19,-31.19,0.0,540.0,-540.0,0.0,571.19,-571.19,0.0,61356.11,-61356.11,0.0,0.0,0.0,0.0,0.0,0.0
1.2,3.0,baseline,blocked,,8,9,642.8421055683334,inf,-inf,642.8421055683334,1441440.0,-1440797.1578944316,1000.0,0.0,1.0,0.0,1.0,1.0,0.0,1.0,0.9088,0.0,0.9088,0.0,1000.0,0.0,1000.0,1000.0,1000.0,23.0,23.0,0.0,8.0,1100.37,166.91,0.0,480.0,0.0,0.0,0.0,0.0,1100.37,166.91,933.4599999999999,0.0,480.0,-480.0,1100.37,646.91,453.4599999999999,47842.01,67256.94,-19414.93,0.9088,0.0,0.9088,0.9088,0.0,0.9088
1.2,3.0,baseline,blocked,,9,10,inf,inf,,1441440.0,1441440.0,0.0,0.0,0.0,0.0,0.0,0.0,0.0,0.0,0.0,0.0,0.0,0.0,1000.0,1000.0,1000.0,1000.0,1000.0,1000.0,0.0,23.0,0.0,9.0,0.0,31.19,0.0,540.0,0.0,0.0,0.0,0.0,0.0,31.19,-31.19,0.0,540.0,-540.0,0.0,571.19,-571.19,0.0,61356.11,-61356.11,0.0,0.0,0.0,0.0,0.0,0.0
1.5,0.0,baseline,blocked,,0,1,637.5254323200936,696.0360210968562,-58.510588776762575,637.5254323200936,696.0360210968562,-58.510588776762575,1000.0,1000.0,1.0,1.0,0.0,1.0,1.0,0.0,1.0224,0.9479,0.07450000000000001,0.0,0.0,0.0,0.0,1000.0,1000.0,23.0,23.0,0.0,9.0,978.08,31.19,0.0,540.0,0.0,483.82,0.0,483.82,978.08,515.02,463.06000000000006,0.0,540.0,-540.0,978.08,1055.02,-76.93999999999994,42525.23,82392.02,-39866.79,1.0224,1.9417,-0.9193,1.0224,0.9479,0.07450000000000001
1.5,0.0,baseline,blocked,,1,2,637.5254323200936,696.0360210968562,-58.510588776762575,637.5254323200936,696.0360210968562,-58.510588776762575,1000.0,1000.0,1.0,1.0,0.0,1.0,1.0,0.0,1.0224,0.9479,0.07450000000000001,0.0,0.0,0.0,0.0,1000.0,1000.0,23.0,23.0,0.0,9.0,978.08,31.19,0.0,540.0,0.0,483.82,0.0,483.82,978.08,515.02,463.06000000000006,0.0,540.0,-540.0,978.08,1055.02,-76.93999999999994,42525.23,82392.02,-39866.79,1.0224,1.9417,-0.9193,1.0224,0.9479,0.07450000000000001
1.5,0.0,baseline,blocked,,2,3,637.5254323200936,696.0360210968562,-58.510588776762575,637.5254323200936,696.0360210968562,-58.510588776762575,1000.0,1000.0,1.0,1.0,0.0,1.0,1.0,0.0,1.0224,0.9479,0.07450000000000001,0.0,0.0,0.0,0.0,1000.0,1000.0,23.0,23.0,0.0,9.0,978.08,31.19,0.0,540.0,0.0,483.82,0.0,483.82,978.08,515.02,463.06000000000006,0.0,540.0,-540.0,978.08,1055.02,-76.93999999999994,42525.23,82392.02,-39866.79,1.0224,1.9417,-0.9193,1.0224,0.9479,0.07450000000000001
1.5,0.0,baseline,blocked,,3,4,637.5254323200936,696.0360210968562,-58.510588776762575,637.5254323200936,696.0360210968562,-58.510588776762575,1000.0,1000.0,1.0,1.0,0.0,1.0,1.0,0.0,1.0224,0.9479,0.07450000000000001,0.0,0.0,0.0,0.0,1000.0,1000.0,23.0,23.0,0.0,9.0,978.08,31.19,0.0,540.0,0.0,483.82,0.0,483.82,978.08,515.02,463.06000000000006,0.0,540.0,-540.0,978.08,1055.02,-76.93999999999994,42525.23,82392.02,-39866.79,1.0224,1.9417,-0.9193,1.0224,0.9479,0.07450000000000001
1.5,0.0,baseline,blocked,,4,5,637.5254323200936,696.0360210968562,-58.510588776762575,637.5254323200936,696.0360210968562,-58.510588776762575,1000.0,1000.0,1.0,1.0,0.0,1.0,1.0,0.0,1.0224,0.9479,0.07450000000000001,0.0,0.0,0.0,0.0,1000.0,1000.0,23.0,23.0,0.0,9.0,978.08,31.19,0.0,540.0,0.0,483.82,0.0,483.82,978.08,515.02,463.06000000000006,0.0,540.0,-540.0,978.08,1055.02,-76.93999999999994,42525.23,82392.02,-39866.79,1.0224,1.9417,-0.9193,1.0224,0.9479,0.07450000000000001
1.5,0.0,baseline,blocked,,5,6,637.5254323200936,696.0360210968562,-58.510588776762575,637.5254323200936,696.0360210968562,-58.510588776762575,1000.0,1000.0,1.0,1.0,0.0,1.0,1.0,0.0,1.0224,0.9479,0.07450000000000001,0.0,0.0,0.0,0.0,1000.0,1000.0,23.0,23.0,0.0,9.0,978.08,31.19,0.0,540.0,0.0,483.82,0.0,483.82,978.08,515.02,463.06000000000006,0.0,540.0,-540.0,978.08,1055.02,-76.93999999999994,42525.23,82392.02,-39866.79,1.0224,1.9417,-0.9193,1.0224,0.9479,0.07450000000000001
1.5,0.0,baseline,blocked,,6,7,637.5254323200936,696.0360210968562,-58.510588776762575,637.5254323200936,696.0360210968562,-58.510588776762575,1000.0,1000.0,1.0,1.0,0.0,1.0,1.0,0.0,1.0224,0.9479,0.07450000000000001,0.0,0.0,0.0,0.0,1000.0,1000.0,23.0,23.0,0.0,9.0,978.08,31.19,0.0,540.0,0.0,483.82,0.0,483.82,978.08,515.02,463.06000000000006,0.0,540.0,-540.0,978.08,1055.02,-76.93999999999994,42525.23,82392.02,-39866.79,1.0224,1.9417,-0.9193,1.0224,0.9479,0.07450000000000001
1.5,0.0,baseline,blocked,,7,8,637.5254323200936,696.0360210968562,-58.510588776762575,637.5254323200936,696.0360210968562,-58.510588776762575,1000.0,1000.0,1.0,1.0,0.0,1.0,1.0,0.0,1.0224,0.9479,0.07450000000000001,0.0,0.0,0.0,0.0,1000.0,1000.0,23.0,23.0,0.0,9.0,978.08,31.19,0.0,540.0,0.0,483.82,0.0,483.82,978.08,515.02,463.06000000000006,0.0,540.0,-540.0,978.08,1055.02,-76.93999999999994,42525.23,82392.02,-39866.79,1.0224,1.9417,-0.9193,1.0224,0.9479,0.07450000000000001
1.5,0.0,baseline,blocked,,8,9,637.5254323200936,696.0360210968562,-58.510588776762575,637.5254323200936,696.0360210968562,-58.510588776762575,1000.0,1000.0,1.0,1.0,0.0,1.0,1.0,0.0,1.0224,0.9479,0.07450000000000001,0.0,0.0,0.0,0.0,1000.0,1000.0,23.0,23.0,0.0,9.0,978.08,31.19,0.0,540.0,0.0,483.82,0.0,483.82,978.08,515.02,463.06000000000006,0.0,540.0,-540.0,978.08,1055.02,-76.93999999999994,42525.23,82392.02,-39866.79,1.0224,1.9417,-0.9193,1.0224,0.9479,0.07450000000000001
1.5,0.0,baseline,blocked,,9,10,637.5254323200936,696.0360210968562,-58.510588776762575,637.5254323200936,696.0360210968562,-58.510588776762575,1000.0,1000.0,1.0,1.0,0.0,1.0,1.0,0.0,1.0224,0.9479,0.07450000000000001,0.0,0.0,0.0,0.0,1000.0,1000.0,23.0,23.0,0.0,9.0,978.08,31.19,0.0,540.0,0.0,483.82,0.0,483.82,978.08,515.02,463.06000000000006,0.0,540.0,-540.0,978.08,1055.02,-76.93999999999994,42525.23,82392.02,-39866.79,1.0224,1.9417,-0.9193,1.0224,0.9479,0.07450000000000001
1.5,0.25,baseline,blocked,,0,1,637.9449345733987,696.0360210968562,-58.091086523457534,637.9449345733987,696.0360210968562,-58.091086523457534,1000.0,1000.0,1.0,1.0,0.0,1.0,1.0,0.0,1.0124,0.9479,0.0645,0.0,0.0,0.0,0.0,1000.0,1000.0,23.0,23.0,0.0,9.0,987.73,31.19,0.0,540.0,0.0,483.82,0.0,483.82,987.73,515.02,472.71000000000004,0.0,540.0,-540.0,987.73,1055.02,-67.28999999999996,42944.68,82392.02,-39447.340000000004,1.0124,1.9417,-0.9293,1.0124,0.9479,0.0645
1.5,0.25,baseline,blocked,,1,2,637.8768504726931,696.0360210968562,-58.15917062416304,637.8768504726931,696.0360210968562,-58.15917062416304,1000.0,1000.0,1.0,1.0,0.0,1.0,1.0,0.0,1.014,0.9479,0.06610000000000005,0.0,0.0,0.0,0.0,1000.0,1000.0,23.0,23.0,0.0,9.0,986.16,31.19,0.0,540.0,0.0,483.82,0.0,483.82,986.16,515.02,471.14,0.0,540.0,-540.0,986.16,1055.02,-68.86000000000001,42876.64,82392.02,-39515.380000000005,1.014,1.9417,-0.9277,1.014,0.9479,0.06610000000000005
1.5,0.25,baseline,blocked,,2,3,637.5254323200936,700.9599363137339,-63.434503993640305,637.5254323200936,700.9599363137339,-63.434503993640305,1000.0,1000.0,1.0,1.0,0.0,1.0,1.0,0.0,1.0224,0.856,0.1664,0.0,0.0,0.0,0.0,1000.0,1000.0,23.0,23.0,0.0,9.0,978.08,31.19,0.0,540.0,0.0,597.07,0.0,597.07,978.08,628.27,349.81000000000006,0.0,540.0,-540.0,978.08,1168.27,-190.18999999999994,42525.23,87315.88,-44790.65,1.0224,1.5917,-0.5692999999999999,1.0224,0.856,0.1664
1.5,0.25,baseline,blocked,,3,4,637.5254323200936,696.0360210968562,-58.510588776762575,637.5254323200936,696.0360210968562,-58.510588776762575,1000.0,1000.0,1.0,1.0,0.0,1.0,1.0,0.0,1.0224,0.9479,0.07450000000000001,0.0,0.0,0.0,0.0,1000.0,1000.0,23.0,23.0,0.0,9.0,978.08,31.19,0.0,540.0,0.0,483.82,0.0,483.82,978.08,515.02,463.06000000000006,0.0,540.0,-540.0,978.08,1055.02,-76.93999999999994,42525.23,82392.02,-39866.79,1.0224,1.9417,-0.9193,1.0224,0.9479,0.07450000000000001
1.5,0.25,baseline,blocked,,4,5,637.5254323200936,696.0360210968562,-58.510588776762575,637.5254323200936,696.0360210968562,-58.510588776762575,1000.0,1000.0,1.0,1.0,0.0,1.0,1.0,0.0,1.0224,0.9479,0.07450000000000001,0.0,0.0,0.0,0.0,1000.0,1000.0,23.0,23.0,0.0,9.0,978.08,31.19,0.0,540.0,0.0,483.82,0.0,483.82,978.08,515.02,463.06000000000006,0.0,540.0,-540.0,978.08,1055.02,-76.93999999999994,42525.23,82392.02,-39866.79,1.0224,1.9417,-0.9193,1.0224,0.9479,0.07450000000000001
1.5,0.25,baseline,blocked,,5,6,inf,inf,,1441440.0,1441440.0,0.0,0.0,0.0,0.0,0.0,0.0,0.0,0.0,0.0,0.0,0.0,0.0,1000.0,1000.0,1000.0,1000.0,1000.0,1000.0,0.0,23.0,0.0,9.0,0.0,31.19,0.0,540.0,0.0,0.0,0.0,0.0,0.0,31.19,-31.19,0.0,540.0,-540.0,0.0,571.19,-571.19,0.0,61356.17,-61356.17,0.0,0.0,0.0,0.0,0.0,0.0
1.5,0.25,baseline,blocked,,6,7,637.5254323200936,700.259967687022,-62.73453536692841,637.5254323200936,700.259967687022,-62.73453536692841,1000.0,1000.0,1.0,1.0,0.0,1.0,1.0,0.0,1.0224,0.8679,0.15449999999999997,0.0,0.0,0.0,0.0,1000.0,1000.0,23.0,23.0,0.0,9.0,978.08,31.19,0.0,540.0,0.0,580.97,0.0,580.97,978.08,612.17,365.9100000000001,0.0,540.0,-540.0,978.08,1152.17,-174.09000000000003,42525.23,86615.92,-44090.689999999995,1.0224,1.6335,-0.6111,1.0224,0.8679,0.15449999999999997
1.5,0.25,baseline,blocked,,7,8,637.676425538602,700.9352799654213,-63.25885442681931,637.676425538602,700.9352799654213,-63.25885442681931,1000.0,1000.0,1.0,1.0,0.0,1.0,1.0,0.0,1.0188,0.8564,0.16239999999999988,0.0,0.0,0.0,0.0,1000.0,1000.0,23.0,23.0,0.0,9.0,981.55,31.19,0.0,540.0,0.0,596.51,0.0,596.51,981.55,627.7,353.8499999999999,0.0,540.0,-540.0,981.55,1167.7,-186.1500000000001,42676.22,87291.23,-44615.009999999995,1.0188,1.5931,-0.5743,1.0188,0.8564,0.16239999999999988
1.5,0.25,baseline,blocked,,8,9,637.5254323200936,696.0360210968562,-58.510588776762575,637.5254323200936,696.0360210968562,-58.510588776762575,1000.0,1000.0,1.0,1.0,0.0,1.0,1.0,0.0,1.0224,0.9479,0.07450000000000001,0.0,0.0,0.0,0.0,1000.0,1000.0,23.0,23.0,0.0,9.0,978.08,31.19,0.0,540.0,0.0,483.82,0.0,483.82,978.08,515.02,463.06000000000006,0.0,540.0,-540.0,978.08,1055.02,-76.93999999999994,42525.23,82392.02,-39866.79,1.0224,1.9417,-0.9193,1.0224,0.9479,0.07450000000000001
1.5,0.25,baseline,blocked,,9,10,637.5254323200936,696.0360210968562,-58.510588776762575,637.5254323200936,696.0360210968562,-58.510588776762575,1000.0,1000.0,1.0,1.0,0.0,1.0,1.0,0.0,1.0224,0.9479,0.07450000000000001,0.0,0.0,0.0,0.0,1000.0,1000.0,23.0,23.0,0.0,9.0,978.08,31.19,0.0,540.0,0.0,483.82,0.0,483.82,978.08,515.02,463.06000000000006,0.0,540.0,-540.0,978.08,1055.02,-76.93999999999994,42525.23,82392.02,-39866.79,1.0224,1.9417,-0.9193,1.0224,0.9479,0.07450000000000001
1.5,0.5,baseline,blocked,,0,1,637.9449345733987,696.0360210968562,-58.091086523457534,637.9449345733987,696.0360210968562,-58.091086523457534,1000.0,1000.0,1.0,1.0,0.0,1.0,1.0,0.0,1.0124,0.9479,0.0645,0.0,0.0,0.0,0.0,1000.0,1000.0,23.0,23.0,0.0,9.0,987.73,31.19,0.0,540.0,0.0,483.82,0.0,483.82,987.73,515.02,472.71000000000004,0.0,540.0,-540.0,987.73,1055.02,-67.28999999999996,42944.68,82392.02,-39447.340000000004,1.0124,1.9417,-0.9293,1.0124,0.9479,0.0645
1.5,0.5,baseline,blocked,,1,2,637.8768504726931,696.0360210968562,-58.15917062416304,637.8768504726931,696.0360210968562,-58.15917062416304,1000.0,1000.0,1.0,1.0,0.0,1.0,1.0,0.0,1.014,0.9479,0.06610000000000005,0.0,0.0,0.0,0.0,1000.0,1000.0,23.0,23.0,0.0,9.0,986.16,31.19,0.0,540.0,0.0,483.82,0.0,483.82,986.16,515.02,471.14,0.0,540.0,-540.0,986.16,1055.02,-68.86000000000001,42876.64,82392.02,-39515.380000000005,1.014,1.9417,-0.9277,1.014,0.9479,0.06610000000000005
1.5,0.5,baseline,blocked,,2,3,637.5254323200936,700.9599363137339,-63.434503993640305,637.5254323200936,700.9599363137339,-63.434503993640305,1000.0,1000.0,1.0,1.0,0.0,1.0,1.0,0.0,1.0224,0.856,0.1664,0.0,0.0,0.0,0.0,1000.0,1000.0,23.0,23.0,0.0,9.0,978.08,31.19,0.0,540.0,0.0,597.07,0.0,597.07,978.08,628.27,349.81000000000006,0.0,540.0,-540.0,978.08,1168.27,-190.18999999999994,42525.23,87315.88,-44790.65,1.0224,1.5917,-0.5692999999999999,1.0224,0.856,0.1664
1.5,0.5,baseline,blocked,,3,4,inf,inf,,1441440.0,1441440.0,0.0,0.0,0.0,0.0,0.0,0.0,0.0,0.0,0.0,0.0,0.0,0.0,1000.0,1000.0,1000.0,1000.0,1000.0,1000.0,0.0,0.0,0.0,0.0,0.0,0.0,0.0,0.0,0.0,0.0,0.0,0.0,0.0,0.0,0.0,0.0,0.0,0.0,0.0,0.0,0.0,0.0,0.0,0.0,0.0,0.0,0.0,0.0,0.0,0.0
1.5,0.5,baseline,blocked,,4,5,637.9860910695927,696.0360210968562,-58.049930027263485,637.9860910695927,696.0360210968562,-58.049930027263485,1000.0,1000.0,1.0,1.0,0.0,1.0,1.0,0.0,1.0115,0.9479,0.0636000000000001,0.0,0.0,0.0,0.0,1000.0,1000.0,23.0,23.0,0.0,9.0,988.68,31.19,0.0,540.0,0.0,483.82,0.0,483.82,988.68,515.02,473.65999999999997,0.0,540.0,-540.0,988.68,1055.02,-66.34000000000003,42985.88,82392.02,-39406.14000000001,1.0115,1.9417,-0.9301999999999999,1.0115,0.9479,0.0636000000000001
1.5,0.5,baseline,blocked,,5,6,inf,inf,,1441440.0,1441440.0,0.0,0.0,0.0,0.0,0.0,0.0,0.0,0.0,0.0,0.0,0.0,0.0,1000.0,1000.0,1000.0,1000.0,1000.0,1000.0,0.0,23.0,0.0,9.0,0.0,31.19,0.0,540.0,0.0,0.0,0.0,0.0,0.0,31.19,-31.19,0.0,540.0,-540.0,0.0,571.19,-571.19,0.0,61356.17,-61356.17,0.0,0.0,0.0,0.0,0.0,0.0
1.5,0.5,baseline,blocked,,6,7,637.5254323200936,700.259967687022,-62.73453536692841,637.5254323200936,700.259967687022,-62.73453536692841,1000.0,1000.0,1.0,1.0,0.0,1.0,1.0,0.0,1.0224,0.8679,0.15449999999999997,0.0,0.0,0.0,0.0,1000.0,1000.0,23.0,23.0,0.0,9.0,978.08,31.19,0.0,540.0,0.0,580.97,0.0,580.97,978.08,612.17,365.9100000000001,0.0,540.0,-540.0,978.08,1152.17,-174.09000000000003,42525.23,86615.92,-44090.689999999995,1.0224,1.6335,-0.6111,1.0224,0.8679,0.15449999999999997
1.5,0.5,baseline,blocked,,7,8,inf,inf,,1441440.0,1441440.0,0.0,0.0,0.0,0.0,0.0,0.0,0.0,0.0,0.0,0.0,0.0,0.0,1000.0,1000.0,1000.0,1000.0,1000.0,1000.0,0.0,23.0,0.0,9.0,0.0,31.19,0.0,540.0,0.0,0.0,0.0,0.0,0.0,31.19,-31.19,0.0,540.0,-540.0,0.0,571.19,-571.19,0.0,61356.17,-61356.17,0.0,0.0,0.0,0.0,0.0,0.0
1.5,0.5,baseline,blocked,,8,9,637.5254323200936,696.0360210968562,-58.510588776762575,637.5254323200936,696.0360210968562,-58.510588776762575,1000.0,1000.0,1.0,1.0,0.0,1.0,1.0,0.0,1.0224,0.9479,0.07450000000000001,0.0,0.0,0.0,0.0,1000.0,1000.0,23.0,23.0,0.0,9.0,978.08,31.19,0.0,540.0,0.0,483.82,0.0,483.82,978.08,515.02,463.06000000000006,0.0,540.0,-540.0,978.08,1055.02,-76.93999999999994,42525.23,82392.02,-39866.79,1.0224,1.9417,-0.9193,1.0224,0.9479,0.07450000000000001
1.5,0.5,baseline,blocked,,9,10,637.5254323200936,696.0360210968562,-58.510588776762575,637.5254323200936,696.0360210968562,-58.510588776762575,1000.0,1000.0,1.0,1.0,0.0,1.0,1.0,0.0,1.0224,0.9479,0.07450000000000001,0.0,0.0,0.0,0.0,1000.0,1000.0,23.0,23.0,0.0,9.0,978.08,31.19,0.0,540.0,0.0,483.82,0.0,483.82,978.08,515.02,463.06000000000006,0.0,540.0,-540.0,978.08,1055.02,-76.93999999999994,42525.23,82392.02,-39866.79,1.0224,1.9417,-0.9193,1.0224,0.9479,0.07450000000000001
1.5,1.0,baseline,blocked,,0,1,638.3931019024378,696.0360210968562,-57.64291919441837,638.3931019024378,696.0360210968562,-57.64291919441837,1000.0,1000.0,1.0,1.0,0.0,1.0,1.0,0.0,1.002,0.9479,0.05410000000000004,0.0,0.0,0.0,0.0,1000.0,1000.0,23.0,23.0,0.0,9.0,998.04,31.19,0.0,540.0,0.0,483.82,0.0,483.82,998.04,515.02,483.02,0.0,540.0,-540.0,998.04,1055.02,-56.98000000000002,43392.87,82392.02,-38999.15,1.002,1.9417,-0.9397,1.002,0.9479,0.05410000000000004
1.5,1.0,baseline,blocked,,1,2,638.528085453552,inf,-inf,638.528085453552,1441440.0,-1440801.4719145466,1000.0,0.0,1.0,0.0,1.0,1.0,0.0,1.0,0.9989,0.0,0.9989,0.0,1000.0,0.0,1000.0,1000.0,1000.0,23.0,23.0,0.0,9.0,1001.14,31.19,0.0,540.0,0.0,0.0,0.0,0.0,1001.14,31.19,969.9499999999999,0.0,540.0,-540.0,1001.14,571.19,429.94999999999993,43527.82,61356.17,-17828.35,0.9989,0.0,0.9989,0.9989,0.0,0.9989
1.5,1.0,baseline,blocked,,2,3,637.5254323200936,700.9599363137339,-63.434503993640305,637.5254323200936,700.9599363137339,-63.434503993640305,1000.0,1000.0,1.0,1.0,0.0,1.0,1.0,0.0,1.0224,0.856,0.1664,0.0,0.0,0.0,0.0,1000.0,1000.0,23.0,23.0,0.0,9.0,978.08,31.19,0.0,540.0,0.0,597.07,0.0,597.07,978.08,628.27,349.81000000000006,0.0,540.0,-540.0,978.08,1168.27,-190.18999999999994,42525.23,87315.88,-44790.65,1.0224,1.5917,-0.5692999999999999,1.0224,0.856,0.1664
1.5,1.0,baseline,blocked,,3,4,inf,inf,,1441440.0,1441440.0,0.0,0.0,0.0,0.0,0.0,0.0,0.0,0.0,0.0,0.0,0.0,0.0,1000.0,1000.0,1000.0,1000.0,1000.0,1000.0,0.0,0.0,0.0,0.0,0.0,0.0,0.0,0.0,0.0,0.0,0.0,0.0,0.0,0.0,0.0,0.0,0.0,0.0,0.0,0.0,0.0,0.0,0.0,0.0,0.0,0.0,0.0,0.0,0.0,0.0
1.5,1.0,baseline,blocked,,4,5,637.9860910695927,696.1755848727938,-58.18949380320112,637.9860910695927,696.1755848727938,-58.18949380320112,1000.0,1000.0,1.0,1.0,0.0,1.0,1.0,0.0,1.0115,0.945,0.06650000000000011,0.0,0.0,0.0,0.0,1000.0,1000.0,23.0,23.0,0.0,9.0,988.68,31.19,0.0,540.0,0.0,487.03,0.0,487.03,988.68,518.23,470.44999999999993,0.0,540.0,-540.0,988.68,1058.23,-69.55000000000007,42985.88,82531.57,-39545.69000000001,1.0115,1.9297,-0.9181999999999999,1.0115,0.945,0.06650000000000011
1.5,1.0,baseline,blocked,,5,6,inf,inf,,1441440.0,1441440.0,0.0,0.0,0.0,0.0,0.0,0.0,0.0,0.0,0.0,0.0,0.0,0.0,1000.0,1000.0,1000.0,1000.0,1000.0,1000.0,0.0,23.0,0.0,9.0,0.0,31.19,0.0,540.0,0.0,0.0,0.0,0.0,0.0,31.19,-31.19,0.0,540.0,-540.0,0.0,571.19,-571.19,0.0,61356.17,-61356.17,0.0,0.0,0.0,0.0,0.0,0.0
1.5,1.0,baseline,blocked,,6,7,637.9449345733987,700.259967687022,-62.31503311362337,637.9449345733987,700.259967687022,-62.31503311362337,1000.0,1000.0,1.0,1.0,0.0,1.0,1.0,0.0,1.0124,0.8679,0.14449999999999996,0.0,0.0,0.0,0.0,1000.0,1000.0,23.0,23.0,0.0,9.0,987.73,31.19,0.0,540.0,0.0,580.97,0.0,580.97,987.73,612.17,375.56000000000006,0.0,540.0,-540.0,987.73,1152.17,-164.44000000000005,42944.68,86615.92,-43671.24,1.0124,1.6335,-0.6211,1.0124,0.8679,0.14449999999999996
1.5,1.0,baseline,blocked,,7,8,inf,inf,,1441440.0,1441440.0,0.0,0.0,0.0,0.0,0.0,0.0,0.0,0.0,0.0,0.0,0.0,0.0,1000.0,1000.0,1000.0,1000.0,1000.0,1000.0,0.0,23.0,0.0,9.0,0.0,31.19,0.0,540.0,0.0,0.0,0.0,0.0,0.0,31.19,-31.19,0.0,540.0,-540.0,0.0,571.19,-571.19,0.0,61356.17,-61356.17,0.0,0.0,0.0,0.0,0.0,0.0
1.5,1.0,baseline,blocked,,8,9,639.012268560406,696.0360210968562,-57.02375253645016,639.012268560406,696.0360210968562,-57.02375253645016,1000.0,1000.0,1.0,1.0,0.0,1.0,1.0,0.0,0.9879,0.9479,0.040000000000000036,0.0,0.0,0.0,0.0,1000.0,1000.0,23.0,23.0,0.0,9.0,1012.28,31.19,0.0,540.0,0.0,483.82,0.0,483.82,1012.28,515.02,497.26,0.0,540.0,-540.0,1012.28,1055.02,-42.74000000000001,44012.04,82392.02,-38379.98,0.9879,1.9417,-0.9538,0.9879,0.9479,0.040000000000000036
1.5,1.0,baseline,blocked,,9,10,inf,inf,,1441440.0,1441440.0,0.0,0.0,0.0,0.0,0.0,0.0,0.0,0.0,0.0,0.0,0.0,0.0,1000.0,1000.0,1000.0,1000.0,1000.0,1000.0,0.0,23.0,0.0,9.0,0.0,31.19,0.0,540.0,0.0,0.0,0.0,0.0,0.0,31.19,-31.19,0.0,540.0,-540.0,0.0,571.19,-571.19,0.0,61356.17,-61356.17,0.0,0.0,0.0,0.0,0.0,0.0
1.5,1.5,baseline,blocked,,0,1,638.4248868739228,701.0360210968562,-62.6111342229334,638.4248868739228,701.0360210968562,-62.6111342229334,1000.0,1000.0,1.0,1.0,0.0,1.0,1.0,0.0,1.0012,0.8616,0.13960000000000006,0.0,0.0,0.0,0.0,1000.0,1000.0,23.0,23.0,0.0,8.0,998.77,196.85,0.0,480.0,0.0,483.82,0.0,483.82,998.77,680.68,318.09000000000003,0.0,480.0,-480.0,998.77,1160.68,-161.91000000000008,43424.68,89594.64,-46169.96,1.0012,1.4691,-0.4679,1.0012,0.8616,0.13960000000000006
1.5,1.5,baseline,blocked,,1,2,inf,inf,,1441440.0,1441440.0,0.0,0.0,0.0,0.0,0.0,0.0,0.0,0.0,0.0,0.0,0.0,0.0,1000.0,1000.0,1000.0,1000.0,1000.0,1000.0,0.0,23.0,0.0,9.0,0.0,31.19,0.0,540.0,0.0,0.0,0.0,0.0,0.0,31.19,-31.19,0.0,540.0,-540.0,0.0,571.19,-571.19,0.0,61356.17,-61356.17,0.0,0.0,0.0,0.0,0.0,0.0
1.5,1.5,baseline,blocked,,2,3,639.1797730909032,705.9599363137339,-66.78016322283077,639.1797730909032,705.9599363137339,-66.78016322283077,1000.0,1000.0,1.0,1.0,0.0,1.0,1.0,0.0,0.9841,0.813,0.17110000000000003,0.0,0.0,0.0,0.0,1000.0,1000.0,23.0,23.0,0.0,8.0,1016.13,152.92,0.0,480.0,0.0,597.07,0.0,597.07,1016.13,749.99,266.14,0.0,480.0,-480.0,1016.13,1229.99,-213.86,44179.54,92608.22,-48428.68,0.9841,1.3334,-0.34929999999999994,0.9841,0.813,0.17110000000000003
1.5,1.5,baseline,blocked,,3,4,inf,inf,,1441440.0,1441440.0,0.0,0.0,0.0,0.0,0.0,0.0,0.0,0.0,0.0,0.0,0.0,0.0,1000.0,1000.0,1000.0,1000.0,1000.0,1000.0,0.0,0.0,0.0,0.0,0.0,0.0,0.0,0.0,0.0,0.0,0.0,0.0,0.0,0.0,0.0,0.0,0.0,0.0,0.0,0.0,0.0,0.0,0.0,0.0,0.0,0.0,0.0,0.0,0.0,0.0
1.5,1.5,baseline,blocked,,4,5,638.3375092221922,inf,-inf,638.3375092221922,1441440.0,-1440801.662490778,1000.0,0.0,1.0,0.0,1.0,1.0,0.0,1.0,1.0033,0.0,1.0033,0.0,1000.0,0.0,1000.0,1000.0,1000.0,23.0,23.0,0.0,9.0,996.76,31.19,0.0,540.0,0.0,0.0,0.0,0.0,996.76,31.19,965.5699999999999,0.0,540.0,-540.0,996.76,571.19,425.56999999999994,43337.29,61356.17,-18018.879999999997,1.0033,0.0,1.0033,1.0033,0.0,1.0033
1.5,1.5,baseline,blocked,,5,6,inf,inf,,1441440.0,1441440.0,0.0,0.0,0.0,0.0,0.0,0.0,0.0,0.0,0.0,0.0,0.0,0.0,1000.0,1000.0,1000.0,1000.0,1000.0,1000.0,0.0,23.0,0.0,9.0,0.0,31.19,0.0,540.0,0.0,0.0,0.0,0.0,0.0,31.19,-31.19,0.0,540.0,-540.0,0.0,571.19,-571.19,0.0,61356.17,-61356.17,0.0,0.0,0.0,0.0,0.0,0.0
1.5,1.5,baseline,blocked,,6,7,inf,inf,,1441440.0,1441440.0,0.0,0.0,0.0,0.0,0.0,0.0,0.0,0.0,0.0,0.0,0.0,0.0,1000.0,1000.0,1000.0,1000.0,1000.0,1000.0,0.0,0.0,0.0,0.0,0.0,0.0,0.0,0.0,0.0,0.0,0.0,0.0,0.0,0.0,0.0,0.0,0.0,0.0,0.0,0.0,0.0,0.0,0.0,0.0,0.0,0.0,0.0,0.0,0.0,0.0
1.5,1.5,baseline,blocked,,7,8,inf,inf,,1441440.0,1441440.0,0.0,0.0,0.0,0.0,0.0,0.0,0.0,0.0,0.0,0.0,0.0,0.0,1000.0,1000.0,1000.0,1000.0,1000.0,1000.0,0.0,23.0,0.0,9.0,0.0,31.19,0.0,540.0,0.0,0.0,0.0,0.0,0.0,31.19,-31.19,0.0,540.0,-540.0,0.0,571.19,-571.19,0.0,61356.17,-61356.17,0.0,0.0,0.0,0.0,0.0,0.0
1.5,1.5,baseline,blocked,,8,9,639.6485346904503,701.0360210968562,-61.387486406405856,639.6485346904503,701.0360210968562,-61.387486406405856,1000.0,1000.0,1.0,1.0,0.0,1.0,1.0,0.0,0.9738,0.8844,0.08940000000000003,0.0,0.0,0.0,0.0,1000.0,1000.0,23.0,23.0,0.0,8.0,1026.91,166.92,0.0,480.0,0.0,483.82,0.0,483.82,1026.91,650.74,376.1700000000001,0.0,480.0,-480.0,1026.91,1130.74,-103.82999999999993,44648.3,88293.12,-43644.81999999999,0.9738,1.5367,-0.5629,0.9738,0.8844,0.08940000000000003
1.5,1.5,baseline,blocked,,9,10,inf,inf,,1441440.0,1441440.0,0.0,0.0,0.0,0.0,0.0,0.0,0.0,0.0,0.0,0.0,0.0,0.0,1000.0,1000.0,1000.0,1000.0,1000.0,1000.0,0.0,23.0,0.0,9.0,0.0,31.19,0.0,540.0,0.0,0.0,0.0,0.0,0.0,31.19,-31.19,0.0,540.0,-540.0,0.0,571.19,-571.19,0.0,61356.17,-61356.17,0.0,0.0,0.0,0.0,0.0,0.0
1.5,2.0,baseline,blocked,,0,1,inf,inf,,1441440.0,1441440.0,0.0,0.0,0.0,0.0,0.0,0.0,0.0,0.0,0.0,0.0,0.0,0.0,1000.0,1000.0,1000.0,1000.0,1000.0,1000.0,0.0,0.0,0.0,0.0,0.0,0.0,0.0,0.0,0.0,0.0,0.0,0.0,0.0,0.0,0.0,0.0,0.0,0.0,0.0,0.0,0.0,0.0,0.0,0.0,0.0,0.0,0.0,0.0,0.0,0.0
1.5,2.0,baseline,blocked,,1,2,inf,inf,,1441440.0,1441440.0,0.0,0.0,0.0,0.0,0.0,0.0,0.0,0.0,0.0,0.0,0.0,0.0,1000.0,1000.0,1000.0,1000.0,1000.0,1000.0,0.0,23.0,0.0,9.0,0.0,31.19,0.0,540.0,0.0,0.0,0.0,0.0,0.0,31.19,-31.19,0.0,540.0,-540.0,0.0,571.19,-571.19,0.0,61356.17,-61356.17,0.0,0.0,0.0,0.0,0.0,0.0
1.5,2.0,baseline,blocked,,2,3,639.1797730909032,705.9599363137339,-66.78016322283077,639.1797730909032,705.9599363137339,-66.78016322283077,1000.0,1000.0,1.0,1.0,0.0,1.0,1.0,0.0,0.9841,0.813,0.17110000000000003,0.0,0.0,0.0,0.0,1000.0,1000.0,23.0,23.0,0.0,8.0,1016.13,152.92,0.0,480.0,0.0,597.07,0.0,597.07,1016.13,749.99,266.14,0.0,480.0,-480.0,1016.13,1229.99,-213.86,44179.54,92608.22,-48428.68,0.9841,1.3334,-0.34929999999999994,0.9841,0.813,0.17110000000000003
1.5,2.0,baseline,blocked,,3,4,inf,inf,,1441440.0,1441440.0,0.0,0.0,0.0,0.0,0.0,0.0,0.0,0.0,0.0,0.0,0.0,0.0,1000.0,1000.0,1000.0,1000.0,1000.0,1000.0,0.0,0.0,0.0,0.0,0.0,0.0,0.0,0.0,0.0,0.0,0.0,0.0,0.0,0.0,0.0,0.0,0.0,0.0,0.0,0.0,0.0,0.0,0.0,0.0,0.0,0.0,0.0,0.0,0.0,0.0
1.5,2.0,baseline,blocked,,4,5,640.2028513043955,inf,-inf,640.2028513043955,1441440.0,-1440799.7971486957,1000.0,0.0,1.0,0.0,1.0,1.0,0.0,1.0,0.9619,0.0,0.9619,0.0,1000.0,0.0,1000.0,1000.0,1000.0,23.0,23.0,0.0,9.0,1039.66,31.19,0.0,540.0,0.0,0.0,0.0,0.0,1039.66,31.19,1008.47,0.0,540.0,-540.0,1039.66,571.19,468.47,45202.57,61356.17,-16153.599999999999,0.9619,0.0,0.9619,0.9619,0.0,0.9619
1.5,2.0,baseline,blocked,,5,6,inf,inf,,1441440.0,1441440.0,0.0,0.0,0.0,0.0,0.0,0.0,0.0,0.0,0.0,0.0,0.0,0.0,1000.0,1000.0,1000.0,1000.0,1000.0,1000.0,0.0,23.0,0.0,9.0,0.0,31.19,0.0,540.0,0.0,0.0,0.0,0.0,0.0,31.19,-31.19,0.0,540.0,-540.0,0.0,571.19,-571.19,0.0,61356.17,-61356.17,0.0,0.0,0.0,0.0,0.0,0.0
1.5,2.0,baseline,blocked,,6,7,inf,inf,,1441440.0,1441440.0,0.0,0.0,0.0,0.0,0.0,0.0,0.0,0.0,0.0,0.0,0.0,0.0,1000.0,1000.0,1000.0,1000.0,1000.0,1000.0,0.0,0.0,0.0,0.0,0.0,0.0,0.0,0.0,0.0,0.0,0.0,0.0,0.0,0.0,0.0,0.0,0.0,0.0,0.0,0.0,0.0,0.0,0.0,0.0,0.0,0.0,0.0,0.0,0.0,0.0
1.5,2.0,baseline,blocked,,7,8,inf,inf,,1441440.0,1441440.0,0.0,0.0,0.0,0.0,0.0,0.0,0.0,0.0,0.0,0.0,0.0,0.0,1000.0,1000.0,1000.0,1000.0,1000.0,1000.0,0.0,23.0,0.0,9.0,0.0,31.19,0.0,540.0,0.0,0.0,0.0,0.0,0.0,31.19,-31.19,0.0,540.0,-540.0,0.0,571.19,-571.19,0.0,61356.17,-61356.17,0.0,0.0,0.0,0.0,0.0,0.0
1.5,2.0,baseline,blocked,,8,9,641.0516854470502,inf,-inf,641.0516854470502,1441440.0,-1440798.948314553,1000.0,0.0,1.0,0.0,1.0,1.0,0.0,1.0,0.9441,0.0,0.9441,0.0,1000.0,0.0,1000.0,1000.0,1000.0,23.0,23.0,0.0,8.0,1059.18,166.92,0.0,480.0,0.0,0.0,0.0,0.0,1059.18,166.92,892.2600000000001,0.0,480.0,-480.0,1059.18,646.92,412.2600000000001,46051.4,67257.27,-21205.870000000003,0.9441,0.0,0.9441,0.9441,0.0,0.9441
1.5,2.0,baseline,blocked,,9,10,inf,inf,,1441440.0,1441440.0,0.0,0.0,0.0,0.0,0.0,0.0,0.0,0.0,0.0,0.0,0.0,0.0,1000.0,1000.0,1000.0,1000.0,1000.0,1000.0,0.0,23.0,0.0,9.0,0.0,31.19,0.0,540.0,0.0,0.0,0.0,0.0,0.0,31.19,-31.19,0.0,540.0,-540.0,0.0,571.19,-571.19,0.0,61356.17,-61356.17,0.0,0.0,0.0,0.0,0.0,0.0
1.5,3.0,baseline,blocked,,0,1,inf,inf,,1441440.0,1441440.0,0.0,0.0,0.0,0.0,0.0,0.0,0.0,0.0,0.0,0.0,0.0,0.0,1000.0,1000.0,1000.0,1000.0,1000.0,1000.0,0.0,0.0,0.0,0.0,0.0,0.0,0.0,0.0,0.0,0.0,0.0,0.0,0.0,0.0,0.0,0.0,0.0,0.0,0.0,0.0,0.0,0.0,0.0,0.0,0.0,0.0,0.0,0.0,0.0,0.0
1.5,3.0,baseline,blocked,,1,2,inf,inf,,1441440.0,1441440.0,0.0,0.0,0.0,0.0,0.0,0.0,0.0,0.0,0.0,0.0,0.0,0.0,1000.0,1000.0,1000.0,1000.0,1000.0,1000.0,0.0,23.0,0.0,9.0,0.0,31.19,0.0,540.0,0.0,0.0,0.0,0.0,0.0,31.19,-31.19,0.0,540.0,-540.0,0.0,571.19,-571.19,0.0,61356.17,-61356.17,0.0,0.0,0.0,0.0,0.0,0.0
1.5,3.0,baseline,blocked,,2,3,641.384460524823,710.9599363137339,-69.57547578891092,641.384460524823,710.9599363137339,-69.57547578891092,1000.0,1000.0,1.0,1.0,0.0,1.0,1.0,0.0,0.9374,0.762,0.1754,0.0,0.0,0.0,0.0,1000.0,1000.0,23.0,23.0,0.0,8.0,1066.84,235.32,0.0,480.0,0.0,597.07,0.0,597.07,1066.84,832.39,234.44999999999993,0.0,480.0,-480.0,1066.84,1312.39,-245.55000000000018,46384.19,96190.81,-49806.619999999995,0.9374,1.2014,-0.264,0.9374,0.762,0.1754
1.5,3.0,baseline,blocked,,3,4,inf,inf,,1441440.0,1441440.0,0.0,0.0,0.0,0.0,0.0,0.0,0.0,0.0,0.0,0.0,0.0,0.0,1000.0,1000.0,1000.0,1000.0,1000.0,1000.0,0.0,0.0,0.0,0.0,0.0,0.0,0.0,0.0,0.0,0.0,0.0,0.0,0.0,0.0,0.0,0.0,0.0,0.0,0.0,0.0,0.0,0.0,0.0,0.0,0.0,0.0,0.0,0.0,0.0,0.0
1.5,3.0,baseline,blocked,,4,5,inf,inf,,1441440.0,1441440.0,0.0,0.0,0.0,0.0,0.0,0.0,0.0,0.0,0.0,0.0,0.0,0.0,1000.0,1000.0,1000.0,1000.0,1000.0,1000.0,0.0,23.0,0.0,9.0,0.0,31.19,0.0,540.0,0.0,0.0,0.0,0.0,0.0,31.19,-31.19,0.0,540.0,-540.0,0.0,571.19,-571.19,0.0,61356.17,-61356.17,0.0,0.0,0.0,0.0,0.0,0.0
1.5,3.0,baseline,blocked,,5,6,inf,inf,,1441440.0,1441440.0,0.0,0.0,0.0,0.0,0.0,0.0,0.0,0.0,0.0,0.0,0.0,0.0,1000.0,1000.0,1000.0,1000.0,1000.0,1000.0,0.0,23.0,0.0,9.0,0.0,31.19,0.0,540.0,0.0,0.0,0.0,0.0,0.0,31.19,-31.19,0.0,540.0,-540.0,0.0,571.19,-571.19,0.0,61356.17,-61356.17,0.0,0.0,0.0,0.0,0.0,0.0
1.5,3.0,baseline,blocked,,6,7,inf,inf,,1441440.0,1441440.0,0.0,0.0,0.0,0.0,0.0,0.0,0.0,0.0,0.0,0.0,0.0,0.0,1000.0,1000.0,1000.0,1000.0,1000.0,1000.0,0.0,0.0,0.0,0.0,0.0,0.0,0.0,0.0,0.0,0.0,0.0,0.0,0.0,0.0,0.0,0.0,0.0,0.0,0.0,0.0,0.0,0.0,0.0,0.0,0.0,0.0,0.0,0.0,0.0,0.0
1.5,3.0,baseline,blocked,,7,8,inf,inf,,1441440.0,1441440.0,0.0,0.0,0.0,0.0,0.0,0.0,0.0,0.0,0.0,0.0,0.0,0.0,1000.0,1000.0,1000.0,1000.0,1000.0,1000.0,0.0,23.0,0.0,9.0,0.0,31.19,0.0,540.0,0.0,0.0,0.0,0.0,0.0,31.19,-31.19,0.0,540.0,-540.0,0.0,571.19,-571.19,0.0,61356.17,-61356.17,0.0,0.0,0.0,0.0,0.0,0.0
1.5,3.0,baseline,blocked,,8,9,642.8436194462755,inf,-inf,642.8436194462755,1441440.0,-1440797.1563805537,1000.0,0.0,1.0,0.0,1.0,1.0,0.0,1.0,0.9088,0.0,0.9088,0.0,1000.0,0.0,1000.0,1000.0,1000.0,23.0,23.0,0.0,8.0,1100.4,166.92,0.0,480.0,0.0,0.0,0.0,0.0,1100.4,166.92,933.4800000000001,0.0,480.0,-480.0,1100.4,646.92,453.48000000000013,47843.37,67257.27,-19413.9,0.9088,0.0,0.9088,0.9088,0.0,0.9088
1.5,3.0,baseline,blocked,,9,10,inf,inf,,1441440.0,1441440.0,0.0,0.0,0.0,0.0,0.0,0.0,0.0,0.0,0.0,0.0,0.0,0.0,1000.0,1000.0,1000.0,1000.0,1000.0,1000.0,0.0,23.0,0.0,9.0,0.0,31.19,0.0,540.0,0.0,0.0,0.0,0.0,0.0,31.19,-31.19,0.0,540.0,-540.0,0.0,571.19,-571.19,0.0,61356.17,-61356.17,0.0,0.0,0.0,0.0,0.0,0.0
2.0,0.0,baseline,blocked,,0,1,637.5299282056418,696.0398413597513,-58.50991315410954,637.5299282056418,696.0398413597513,-58.50991315410954,1000.0,1000.0,1.0,1.0,0.0,1.0,1.0,0.0,1.0223,0.9478,0.07450000000000001,0.0,0.0,0.0,0.0,1000.0,1000.0,23.0,23.0,0.0,9.0,978.17,31.2,0.0,540.0,0.0,483.9,0.0,483.9,978.17,515.1,463.06999999999994,0.0,540.0,-540.0,978.17,1055.1,-76.92999999999995,42529.3,82395.7,-39866.399999999994,1.0223,1.9414,-0.9191,1.0223,0.9478,0.07450000000000001
2.0,0.0,baseline,blocked,,1,2,637.5299282056418,696.0398413597513,-58.50991315410954,637.5299282056418,696.0398413597513,-58.50991315410954,1000.0,1000.0,1.0,1.0,0.0,1.0,1.0,0.0,1.0223,0.9478,0.07450000000000001,0.0,0.0,0.0,0.0,1000.0,1000.0,23.0,23.0,0.0,9.0,978.17,31.2,0.0,540.0,0.0,483.9,0.0,483.9,978.17,515.1,463.06999999999994,0.0,540.0,-540.0,978.17,1055.1,-76.92999999999995,42529.3,82395.7,-39866.399999999994,1.0223,1.9414,-0.9191,1.0223,0.9478,0.07450000000000001
2.0,0.0,baseline,blocked,,2,3,637.5299282056418,696.0398413597513,-58.50991315410954,637.5299282056418,696.0398413597513,-58.50991315410954,1000.0,1000.0,1.0,1.0,0.0,1.0,1.0,0.0,1.0223,0.9478,0.07450000000000001,0.0,0.0,0.0,0.0,1000.0,1000.0,23.0,23.0,0.0,9.0,978.17,31.2,0.0,540.0,0.0,483.9,0.0,483.9,978.17,515.1,463.06999999999994,0.0,540.0,-540.0,978.17,1055.1,-76.92999999999995,42529.3,82395.7,-39866.399999999994,1.0223,1.9414,-0.9191,1.0223,0.9478,0.07450000000000001
2.0,0.0,baseline,blocked,,3,4,637.5299282056418,696.0398413597513,-58.50991315410954,637.5299282056418,696.0398413597513,-58.50991315410954,1000.0,1000.0,1.0,1.0,0.0,1.0,1.0,0.0,1.0223,0.9478,0.07450000000000001,0.0,0.0,0.0,0.0,1000.0,1000.0,23.0,23.0,0.0,9.0,978.17,31.2,0.0,540.0,0.0,483.9,0.0,483.9,978.17,515.1,463.06999999999994,0.0,540.0,-540.0,978.17,1055.1,-76.92999999999995,42529.3,82395.7,-39866.399999999994,1.0223,1.9414,-0.9191,1.0223,0.9478,0.07450000000000001
2.0,0.0,baseline,blocked,,4,5,637.5299282056418,696.0398413597513,-58.50991315410954,637.5299282056418,696.0398413597513,-58.50991315410954,1000.0,1000.0,1.0,1.0,0.0,1.0,1.0,0.0,1.0223,0.9478,0.07450000000000001,0.0,0.0,0.0,0.0,1000.0,1000.0,23.0,23.0,0.0,9.0,978.17,31.2,0.0,540.0,0.0,483.9,0.0,483.9,978.17,515.1,463.06999999999994,0.0,540.0,-540.0,978.17,1055.1,-76.92999999999995,42529.3,82395.7,-39866.399999999994,1.0223,1.9414,-0.9191,1.0223,0.9478,0.07450000000000001
2.0,0.0,baseline,blocked,,5,6,637.5299282056418,696.0398413597513,-58.50991315410954,637.5299282056418,696.0398413597513,-58.50991315410954,1000.0,1000.0,1.0,1.0,0.0,1.0,1.0,0.0,1.0223,0.9478,0.07450000000000001,0.0,0.0,0.0,0.0,1000.0,1000.0,23.0,23.0,0.0,9.0,978.17,31.2,0.0,540.0,0.0,483.9,0.0,483.9,978.17,515.1,463.06999999999994,0.0,540.0,-540.0,978.17,1055.1,-76.92999999999995,42529.3,82395.7,-39866.399999999994,1.0223,1.9414,-0.9191,1.0223,0.9478,0.07450000000000001
2.0,0.0,baseline,blocked,,6,7,637.5299282056418,696.0398413597513,-58.50991315410954,637.5299282056418,696.0398413597513,-58.50991315410954,1000.0,1000.0,1.0,1.0,0.0,1.0,1.0,0.0,1.0223,0.9478,0.07450000000000001,0.0,0.0,0.0,0.0,1000.0,1000.0,23.0,23.0,0.0,9.0,978.17,31.2,0.0,540.0,0.0,483.9,0.0,483.9,978.17,515.1,463.06999999999994,0.0,540.0,-540.0,978.17,1055.1,-76.92999999999995,42529.3,82395.7,-39866.399999999994,1.0223,1.9414,-0.9191,1.0223,0.9478,0.07450000000000001
2.0,0.0,baseline,blocked,,7,8,637.5299282056418,696.0398413597513,-58.50991315410954,637.5299282056418,696.0398413597513,-58.50991315410954,1000.0,1000.0,1.0,1.0,0.0,1.0,1.0,0.0,1.0223,0.9478,0.07450000000000001,0.0,0.0,0.0,0.0,1000.0,1000.0,23.0,23.0,0.0,9.0,978.17,31.2,0.0,540.0,0.0,483.9,0.0,483.9,978.17,515.1,463.06999999999994,0.0,540.0,-540.0,978.17,1055.1,-76.92999999999995,42529.3,82395.7,-39866.399999999994,1.0223,1.9414,-0.9191,1.0223,0.9478,0.07450000000000001
2.0,0.0,baseline,blocked,,8,9,637.5299282056418,696.0398413597513,-58.50991315410954,637.5299282056418,696.0398413597513,-58.50991315410954,1000.0,1000.0,1.0,1.0,0.0,1.0,1.0,0.0,1.0223,0.9478,0.07450000000000001,0.0,0.0,0.0,0.0,1000.0,1000.0,23.0,23.0,0.0,9.0,978.17,31.2,0.0,540.0,0.0,483.9,0.0,483.9,978.17,515.1,463.06999999999994,0.0,540.0,-540.0,978.17,1055.1,-76.92999999999995,42529.3,82395.7,-39866.399999999994,1.0223,1.9414,-0.9191,1.0223,0.9478,0.07450000000000001
2.0,0.0,baseline,blocked,,9,10,637.5299282056418,696.0398413597513,-58.50991315410954,637.5299282056418,696.0398413597513,-58.50991315410954,1000.0,1000.0,1.0,1.0,0.0,1.0,1.0,0.0,1.0223,0.9478,0.07450000000000001,0.0,0.0,0.0,0.0,1000.0,1000.0,23.0,23.0,0.0,9.0,978.17,31.2,0.0,540.0,0.0,483.9,0.0,483.9,978.17,515.1,463.06999999999994,0.0,540.0,-540.0,978.17,1055.1,-76.92999999999995,42529.3,82395.7,-39866.399999999994,1.0223,1.9414,-0.9191,1.0223,0.9478,0.07450000000000001
2.0,0.25,baseline,blocked,,0,1,637.9506205040774,696.0398413597513,-58.08922085567394,637.9506205040774,696.0398413597513,-58.08922085567394,1000.0,1000.0,1.0,1.0,0.0,1.0,1.0,0.0,1.0123,0.9478,0.0645,0.0,0.0,0.0,0.0,1000.0,1000.0,23.0,23.0,0.0,9.0,987.85,31.2,0.0,540.0,0.0,483.9,0.0,483.9,987.85,515.1,472.75,0.0,540.0,-540.0,987.85,1055.1,-67.24999999999989,42949.82,82395.7,-39445.88,1.0123,1.9414,-0.9291,1.0123,0.9478,0.0645
2.0,0.25,baseline,blocked,,1,2,637.8815699533656,696.0398413597513,-58.15827140638578,637.8815699533656,696.0398413597513,-58.15827140638578,1000.0,1000.0,1.0,1.0,0.0,1.0,1.0,0.0,1.0139,0.9478,0.06610000000000005,0.0,0.0,0.0,0.0,1000.0,1000.0,23.0,23.0,0.0,9.0,986.26,31.2,0.0,540.0,0.0,483.9,0.0,483.9,986.26,515.1,471.15999999999997,0.0,540.0,-540.0,986.26,1055.1,-68.83999999999992,42880.91,82395.7,-39514.78999999999,1.0139,1.9414,-0.9275,1.0139,0.9478,0.06610000000000005
2.0,0.25,baseline,blocked,,2,3,637.5299282056418,700.9648689319199,-63.434940726278114,637.5299282056418,700.9648689319199,-63.434940726278114,1000.0,1000.0,1.0,1.0,0.0,1.0,1.0,0.0,1.0223,0.8559,0.1664,0.0,0.0,0.0,0.0,1000.0,1000.0,23.0,23.0,0.0,9.0,978.17,31.2,0.0,540.0,0.0,597.18,0.0,597.18,978.17,628.37,349.79999999999995,0.0,540.0,-540.0,978.17,1168.37,-190.19999999999993,42529.3,87320.56,-44791.259999999995,1.0223,1.5914,-0.5690999999999999,1.0223,0.8559,0.1664
2.0,0.25,baseline,blocked,,3,4,637.5299282056418,696.0398413597513,-58.50991315410954,637.5299282056418,696.0398413597513,-58.50991315410954,1000.0,1000.0,1.0,1.0,0.0,1.0,1.0,0.0,1.0223,0.9478,0.07450000000000001,0.0,0.0,0.0,0.0,1000.0,1000.0,23.0,23.0,0.0,9.0,978.17,31.2,0.0,540.0,0.0,483.9,0.0,483.9,978.17,515.1,463.06999999999994,0.0,540.0,-540.0,978.17,1055.1,-76.92999999999995,42529.3,82395.7,-39866.399999999994,1.0223,1.9414,-0.9191,1.0223,0.9478,0.07450000000000001
2.0,0.25,baseline,blocked,,4,5,637.5299282056418,696.0398413597513,-58.50991315410954,637.5299282056418,696.0398413597513,-58.50991315410954,1000.0,1000.0,1.0,1.0,0.0,1.0,1.0,0.0,1.0223,0.9478,0.07450000000000001,0.0,0.0,0.0,0.0,1000.0,1000.0,23.0,23.0,0.0,9.0,978.17,31.2,0.0,540.0,0.0,483.9,0.0,483.9,978.17,515.1,463.06999999999994,0.0,540.0,-540.0,978.17,1055.1,-76.92999999999995,42529.3,82395.7,-39866.399999999994,1.0223,1.9414,-0.9191,1.0223,0.9478,0.07450000000000001
2.0,0.25,baseline,blocked,,5,6,inf,inf,,1441440.0,1441440.0,0.0,0.0,0.0,0.0,0.0,0.0,0.0,0.0,0.0,0.0,0.0,0.0,1000.0,1000.0,1000.0,1000.0,1000.0,1000.0,0.0,23.0,0.0,9.0,0.0,31.2,0.0,540.0,0.0,0.0,0.0,0.0,0.0,31.2,-31.2,0.0,540.0,-540.0,0.0,571.2,-571.2,0.0,61356.41,-61356.41,0.0,0.0,0.0,0.0,0.0,0.0
2.0,0.25,baseline,blocked,,6,7,637.5299282056418,700.2647531547512,-62.73482494910945,637.5299282056418,700.2647531547512,-62.73482494910945,1000.0,1000.0,1.0,1.0,0.0,1.0,1.0,0.0,1.0223,0.8679,0.15439999999999998,0.0,0.0,0.0,0.0,1000.0,1000.0,23.0,23.0,0.0,9.0,978.17,31.2,0.0,540.0,0.0,581.07,0.0,581.07,978.17,612.27,365.9,0.0,540.0,-540.0,978.17,1152.27,-174.10000000000002,42529.3,86620.47,-44091.17,1.0223,1.6333,-0.611,1.0223,0.8679,0.15439999999999998
2.0,0.25,baseline,blocked,,7,8,637.6811728481571,700.9400432200084,-63.258870371851344,637.6811728481571,700.9400432200084,-63.258870371851344,1000.0,1000.0,1.0,1.0,0.0,1.0,1.0,0.0,1.0187,0.8563,0.1624,0.0,0.0,0.0,0.0,1000.0,1000.0,23.0,23.0,0.0,9.0,981.65,31.2,0.0,540.0,0.0,596.61,0.0,596.61,981.65,627.8,353.85,0.0,540.0,-540.0,981.65,1167.8,-186.14999999999998,42680.51,87295.76,-44615.24999999999,1.0187,1.5929,-0.5742,1.0187,0.8563,0.1624
2.0,0.25,baseline,blocked,,8,9,637.5299282056418,696.0398413597513,-58.50991315410954,637.5299282056418,696.0398413597513,-58.50991315410954,1000.0,1000.0,1.0,1.0,0.0,1.0,1.0,0.0,1.0223,0.9478,0.07450000000000001,0.0,0.0,0.0,0.0,1000.0,1000.0,23.0,23.0,0.0,9.0,978.17,31.2,0.0,540.0,0.0,483.9,0.0,483.9,978.17,515.1,463.06999999999994,0.0,540.0,-540.0,978.17,1055.1,-76.92999999999995,42529.3,82395.7,-39866.399999999994,1.0223,1.9414,-0.9191,1.0223,0.9478,0.07450000000000001
2.0,0.25,baseline,blocked,,9,10,637.5299282056418,696.0398413597513,-58.50991315410954,637.5299282056418,696.0398413597513,-58.50991315410954,1000.0,1000.0,1.0,1.0,0.0,1.0,1.0,0.0,1.0223,0.9478,0.07450000000000001,0.0,0.0,0.0,0.0,1000.0,1000.0,23.0,23.0,0.0,9.0,978.17,31.2,0.0,540.0,0.0,483.9,0.0,483.9,978.17,515.1,463.06999999999994,0.0,540.0,-540.0,978.17,1055.1,-76.92999999999995,42529.3,82395.7,-39866.399999999994,1.0223,1.9414,-0.9191,1.0223,0.9478,0.07450000000000001
2.0,0.5,baseline,blocked,,0,1,637.9506205040774,696.0398413597513,-58.08922085567394,637.9506205040774,696.0398413597513,-58.08922085567394,1000.0,1000.0,1.0,1.0,0.0,1.0,1.0,0.0,1.0123,0.9478,0.0645,0.0,0.0,0.0,0.0,1000.0,1000.0,23.0,23.0,0.0,9.0,987.85,31.2,0.0,540.0,0.0,483.9,0.0,483.9,987.85,515.1,472.75,0.0,540.0,-540.0,987.85,1055.1,-67.24999999999989,42949.82,82395.7,-39445.88,1.0123,1.9414,-0.9291,1.0123,0.9478,0.0645
2.0,0.5,baseline,blocked,,1,2,637.8815699533656,696.0398413597513,-58.15827140638578,637.8815699533656,696.0398413597513,-58.15827140638578,1000.0,1000.0,1.0,1.0,0.0,1.0,1.0,0.0,1.0139,0.9478,0.06610000000000005,0.0,0.0,0.0,0.0,1000.0,1000.0,23.0,23.0,0.0,9.0,986.26,31.2,0.0,540.0,0.0,483.9,0.0,483.9,986.26,515.1,471.15999999999997,0.0,540.0,-540.0,986.26,1055.1,-68.83999999999992,42880.91,82395.7,-39514.78999999999,1.0139,1.9414,-0.9275,1.0139,0.9478,0.06610000000000005
2.0,0.5,baseline,blocked,,2,3,637.5299282056418,700.9648689319199,-63.434940726278114,637.5299282056418,700.9648689319199,-63.434940726278114,1000.0,1000.0,1.0,1.0,0.0,1.0,1.0,0.0,1.0223,0.8559,0.1664,0.0,0.0,0.0,0.0,1000.0,1000.0,23.0,23.0,0.0,9.0,978.17,31.2,0.0,540.0,0.0,597.18,0.0,597.18,978.17,628.37,349.79999999999995,0.0,540.0,-540.0,978.17,1168.37,-190.19999999999993,42529.3,87320.56,-44791.259999999995,1.0223,1.5914,-0.5690999999999999,1.0223,0.8559,0.1664
2.0,0.5,baseline,blocked,,3,4,inf,inf,,1441440.0,1441440.0,0.0,0.0,0.0,0.0,0.0,0.0,0.0,0.0,0.0,0.0,0.0,0.0,1000.0,1000.0,1000.0,1000.0,1000.0,1000.0,0.0,0.0,0.0,0.0,0.0,0.0,0.0,0.0,0.0,0.0,0.0,0.0,0.0,0.0,0.0,0.0,0.0,0.0,0.0,0.0,0.0,0.0,0.0,0.0,0.0,0.0,0.0,0.0,0.0,0.0
2.0,0.5,baseline,blocked,,4,5,637.9908245197687,696.0398413597513,-58.04901683998264,637.9908245197687,696.0398413597513,-58.04901683998264,1000.0,1000.0,1.0,1.0,0.0,1.0,1.0,0.0,1.0114,0.9478,0.0636000000000001,0.0,0.0,0.0,0.0,1000.0,1000.0,23.0,23.0,0.0,9.0,988.77,31.2,0.0,540.0,0.0,483.9,0.0,483.9,988.77,515.1,473.66999999999996,0.0,540.0,-540.0,988.77,1055.1,-66.32999999999993,42990.16,82395.7,-39405.53999999999,1.0114,1.9414,-0.9299999999999999,1.0114,0.9478,0.0636000000000001
2.0,0.5,baseline,blocked,,5,6,inf,inf,,1441440.0,1441440.0,0.0,0.0,0.0,0.0,0.0,0.0,0.0,0.0,0.0,0.0,0.0,0.0,1000.0,1000.0,1000.0,1000.0,1000.0,1000.0,0.0,23.0,0.0,9.0,0.0,31.2,0.0,540.0,0.0,0.0,0.0,0.0,0.0,31.2,-31.2,0.0,540.0,-540.0,0.0,571.2,-571.2,0.0,61356.41,-61356.41,0.0,0.0,0.0,0.0,0.0,0.0
2.0,0.5,baseline,blocked,,6,7,637.5299282056418,700.2647531547512,-62.73482494910945,637.5299282056418,700.2647531547512,-62.73482494910945,1000.0,1000.0,1.0,1.0,0.0,1.0,1.0,0.0,1.0223,0.8679,0.15439999999999998,0.0,0.0,0.0,0.0,1000.0,1000.0,23.0,23.0,0.0,9.0,978.17,31.2,0.0,540.0,0.0,581.07,0.0,581.07,978.17,612.27,365.9,0.0,540.0,-540.0,978.17,1152.27,-174.10000000000002,42529.3,86620.47,-44091.17,1.0223,1.6333,-0.611,1.0223,0.8679,0.15439999999999998
2.0,0.5,baseline,blocked,,7,8,inf,inf,,1441440.0,1441440.0,0.0,0.0,0.0,0.0,0.0,0.0,0.0,0.0,0.0,0.0,0.0,0.0,1000.0,1000.0,1000.0,1000.0,1000.0,1000.0,0.0,23.0,0.0,9.0,0.0,31.2,0.0,540.0,0.0,0.0,0.0,0.0,0.0,31.2,-31.2,0.0,540.0,-540.0,0.0,571.2,-571.2,0.0,61356.41,-61356.41,0.0,0.0,0.0,0.0,0.0,0.0
2.0,0.5,baseline,blocked,,8,9,637.5299282056418,696.0398413597513,-58.50991315410954,637.5299282056418,696.0398413597513,-58.50991315410954,1000.0,1000.0,1.0,1.0,0.0,1.0,1.0,0.0,1.0223,0.9478,0.07450000000000001,0.0,0.0,0.0,0.0,1000.0,1000.0,23.0,23.0,0.0,9.0,978.17,31.2,0.0,540.0,0.0,483.9,0.0,483.9,978.17,515.1,463.06999999999994,0.0,540.0,-540.0,978.17,1055.1,-76.92999999999995,42529.3,82395.7,-39866.399999999994,1.0223,1.9414,-0.9191,1.0223,0.9478,0.07450000000000001
2.0,0.5,baseline,blocked,,9,10,637.5299282056418,696.0398413597513,-58.50991315410954,637.5299282056418,696.0398413597513,-58.50991315410954,1000.0,1000.0,1.0,1.0,0.0,1.0,1.0,0.0,1.0223,0.9478,0.07450000000000001,0.0,0.0,0.0,0.0,1000.0,1000.0,23.0,23.0,0.0,9.0,978.17,31.2,0.0,540.0,0.0,483.9,0.0,483.9,978.17,515.1,463.06999999999994,0.0,540.0,-540.0,978.17,1055.1,-76.92999999999995,42529.3,82395.7,-39866.399999999994,1.0223,1.9414,-0.9191,1.0223,0.9478,0.07450000000000001
2.0,1.0,baseline,blocked,,0,1,638.3982647381134,696.0398413597513,-57.64157662163791,638.3982647381134,696.0398413597513,-57.64157662163791,1000.0,1000.0,1.0,1.0,0.0,1.0,1.0,0.0,1.0019,0.9478,0.05410000000000004,0.0,0.0,0.0,0.0,1000.0,1000.0,23.0,23.0,0.0,9.0,998.14,31.2,0.0,540.0,0.0,483.9,0.0,483.9,998.14,515.1,483.03999999999996,0.0,540.0,-540.0,998.14,1055.1,-56.95999999999992,43397.54,82395.7,-38998.159999999996,1.0019,1.9414,-0.9395,1.0019,0.9478,0.05410000000000004
2.0,1.0,baseline,blocked,,1,2,638.5339796530269,inf,-inf,638.5339796530269,1441440.0,-1440801.466020347,1000.0,0.0,1.0,0.0,1.0,1.0,0.0,1.0,0.9987,0.0,0.9987,0.0,1000.0,0.0,1000.0,1000.0,1000.0,23.0,23.0,0.0,9.0,1001.26,31.2,0.0,540.0,0.0,0.0,0.0,0.0,1001.26,31.2,970.06,0.0,540.0,-540.0,1001.26,571.2,430.05999999999995,43533.15,61356.41,-17823.260000000002,0.9987,0.0,0.9987,0.9987,0.0,0.9987
2.0,1.0,baseline,blocked,,2,3,637.5299282056418,700.9648689319199,-63.434940726278114,637.5299282056418,700.9648689319199,-63.434940726278114,1000.0,1000.0,1.0,1.0,0.0,1.0,1.0,0.0,1.0223,0.8559,0.1664,0.0,0.0,0.0,0.0,1000.0,1000.0,23.0,23.0,0.0,9.0,978.17,31.2,0.0,540.0,0.0,597.18,0.0,597.18,978.17,628.37,349.79999999999995,0.0,540.0,-540.0,978.17,1168.37,-190.19999999999993,42529.3,87320.56,-44791.259999999995,1.0223,1.5914,-0.5690999999999999,1.0223,0.8559,0.1664
2.0,1.0,baseline,blocked,,3,4,inf,inf,,1441440.0,1441440.0,0.0,0.0,0.0,0.0,0.0,0.0,0.0,0.0,0.0,0.0,0.0,0.0,1000.0,1000.0,1000.0,1000.0,1000.0,1000.0,0.0,0.0,0.0,0.0,0.0,0.0,0.0,0.0,0.0,0.0,0.0,0.0,0.0,0.0,0.0,0.0,0.0,0.0,0.0,0.0,0.0,0.0,0.0,0.0,0.0,0.0,0.0,0.0,0.0,0.0
2.0,1.0,baseline,blocked,,4,5,637.9908245197687,696.1796612263103,-58.188836706541565,637.9908245197687,696.1796612263103,-58.188836706541565,1000.0,1000.0,1.0,1.0,0.0,1.0,1.0,0.0,1.0114,0.9449,0.06650000000000011,0.0,0.0,0.0,0.0,1000.0,1000.0,23.0,23.0,0.0,9.0,988.77,31.2,0.0,540.0,0.0,487.12,0.0,487.12,988.77,518.32,470.44999999999993,0.0,540.0,-540.0,988.77,1058.32,-69.54999999999995,42990.16,82535.48,-39545.31999999999,1.0114,1.9293,-0.9178999999999999,1.0114,0.9449,0.06650000000000011
2.0,1.0,baseline,blocked,,5,6,inf,inf,,1441440.0,1441440.0,0.0,0.0,0.0,0.0,0.0,0.0,0.0,0.0,0.0,0.0,0.0,0.0,1000.0,1000.0,1000.0,1000.0,1000.0,1000.0,0.0,23.0,0.0,9.0,0.0,31.2,0.0,540.0,0.0,0.0,0.0,0.0,0.0,31.2,-31.2,0.0,540.0,-540.0,0.0,571.2,-571.2,0.0,61356.41,-61356.41,0.0,0.0,0.0,0.0,0.0,0.0
2.0,1.0,baseline,blocked,,6,7,637.9506205040774,700.2647531547512,-62.314132650673855,637.9506205040774,700.2647531547512,-62.314132650673855,1000.0,1000.0,1.0,1.0,0.0,1.0,1.0,0.0,1.0123,0.8679,0.14439999999999997,0.0,0.0,0.0,0.0,1000.0,1000.0,23.0,23.0,0.0,9.0,987.85,31.2,0.0,540.0,0.0,581.07,0.0,581.07,987.85,612.27,375.58000000000004,0.0,540.0,-540.0,987.85,1152.27,-164.41999999999996,42949.82,86620.47,-43670.65,1.0123,1.6333,-0.621,1.0123,0.8679,0.14439999999999997
2.0,1.0,baseline,blocked,,7,8,inf,inf,,1441440.0,1441440.0,0.0,0.0,0.0,0.0,0.0,0.0,0.0,0.0,0.0,0.0,0.0,0.0,1000.0,1000.0,1000.0,1000.0,1000.0,1000.0,0.0,23.0,0.0,9.0,0.0,31.2,0.0,540.0,0.0,0.0,0.0,0.0,0.0,31.2,-31.2,0.0,540.0,-540.0,0.0,571.2,-571.2,0.0,61356.41,-61356.41,0.0,0.0,0.0,0.0,0.0,0.0
2.0,1.0,baseline,blocked,,8,9,639.017478454792,696.0398413597513,-57.02236290495932,639.017478454792,696.0398413597513,-57.02236290495932,1000.0,1000.0,1.0,1.0,0.0,1.0,1.0,0.0,0.9878,0.9478,0.040000000000000036,0.0,0.0,0.0,0.0,1000.0,1000.0,23.0,23.0,0.0,9.0,1012.39,31.2,0.0,540.0,0.0,483.9,0.0,483.9,1012.39,515.1,497.28999999999996,0.0,540.0,-540.0,1012.39,1055.1,-42.70999999999992,44016.75,82395.7,-38378.95,0.9878,1.9414,-0.9536,0.9878,0.9478,0.040000000000000036
2.0,1.0,baseline,blocked,,9,10,inf,inf,,1441440.0,1441440.0,0.0,0.0,0.0,0.0,0.0,0.0,0.0,0.0,0.0,0.0,0.0,0.0,1000.0,1000.0,1000.0,1000.0,1000.0,1000.0,0.0,23.0,0.0,9.0,0.0,31.2,0.0,540.0,0.0,0.0,0.0,0.0,0.0,31.2,-31.2,0.0,540.0,-540.0,0.0,571.2,-571.2,0.0,61356.41,-61356.41,0.0,0.0,0.0,0.0,0.0,0.0
2.0,1.5,baseline,blocked,,0,1,638.4296159844394,701.0398413597513,-62.610225375311984,638.4296159844394,701.0398413597513,-62.610225375311984,1000.0,1000.0,1.0,1.0,0.0,1.0,1.0,0.0,1.0011,0.8615,0.13960000000000006,0.0,0.0,0.0,0.0,1000.0,1000.0,23.0,23.0,0.0,8.0,998.87,196.89,0.0,480.0,0.0,483.9,0.0,483.9,998.87,680.79,318.08000000000004,0.0,480.0,-480.0,998.87,1160.79,-161.91999999999996,43428.95,89599.7,-46170.75,1.0011,1.4689,-0.4678,1.0011,0.8615,0.13960000000000006
2.0,1.5,baseline,blocked,,1,2,inf,inf,,1441440.0,1441440.0,0.0,0.0,0.0,0.0,0.0,0.0,0.0,0.0,0.0,0.0,0.0,0.0,1000.0,1000.0,1000.0,1000.0,1000.0,1000.0,0.0,23.0,0.0,9.0,0.0,31.2,0.0,540.0,0.0,0.0,0.0,0.0,0.0,31.2,-31.2,0.0,540.0,-540.0,0.0,571.2,-571.2,0.0,61356.41,-61356.41,0.0,0.0,0.0,0.0,0.0,0.0
2.0,1.5,baseline,blocked,,2,3,639.1849440993961,705.9648689319199,-66.77992483252376,639.1849440993961,705.9648689319199,-66.77992483252376,1000.0,1000.0,1.0,1.0,0.0,1.0,1.0,0.0,0.984,0.8129,0.17110000000000003,0.0,0.0,0.0,0.0,1000.0,1000.0,23.0,23.0,0.0,8.0,1016.24,152.95,0.0,480.0,0.0,597.18,0.0,597.18,1016.24,750.13,266.11,0.0,480.0,-480.0,1016.24,1230.13,-213.8900000000001,44184.22,92614.14,-48429.92,0.984,1.3331,-0.34909999999999997,0.984,0.8129,0.17110000000000003
2.0,1.5,baseline,blocked,,3,4,inf,inf,,1441440.0,1441440.0,0.0,0.0,0.0,0.0,0.0,0.0,0.0,0.0,0.0,0.0,0.0,0.0,1000.0,1000.0,1000.0,1000.0,1000.0,1000.0,0.0,0.0,0.0,0.0,0.0,0.0,0.0,0.0,0.0,0.0,0.0,0.0,0.0,0.0,0.0,0.0,0.0,0.0,0.0,0.0,0.0,0.0,0.0,0.0,0.0,0.0,0.0,0.0,0.0,0.0
2.0,1.5,baseline,blocked,,4,5,638.3424662674925,inf,-inf,638.3424662674925,1441440.0,-1440801.6575337325,1000.0,0.0,1.0,0.0,1.0,1.0,0.0,1.0,1.0031,0.0,1.0031,0.0,1000.0,0.0,1000.0,1000.0,1000.0,23.0,23.0,0.0,9.0,996.86,31.2,0.0,540.0,0.0,0.0,0.0,0.0,996.86,31.2,965.66,0.0,540.0,-540.0,996.86,571.2,425.65999999999997,43341.77,61356.41,-18014.640000000007,1.0031,0.0,1.0031,1.0031,0.0,1.0031
2.0,1.5,baseline,blocked,,5,6,inf,inf,,1441440.0,1441440.0,0.0,0.0,0.0,0.0,0.0,0.0,0.0,0.0,0.0,0.0,0.0,0.0,1000.0,1000.0,1000.0,1000.0,1000.0,1000.0,0.0,23.0,0.0,9.0,0.0,31.2,0.0,540.0,0.0,0.0,0.0,0.0,0.0,31.2,-31.2,0.0,540.0,-540.0,0.0,571.2,-571.2,0.0,61356.41,-61356.41,0.0,0.0,0.0,0.0,0.0,0.0
2.0,1.5,baseline,blocked,,6,7,inf,inf,,1441440.0,1441440.0,0.0,0.0,0.0,0.0,0.0,0.0,0.0,0.0,0.0,0.0,0.0,0.0,1000.0,1000.0,1000.0,1000.0,1000.0,1000.0,0.0,0.0,0.0,0.0,0.0,0.0,0.0,0.0,0.0,0.0,0.0,0.0,0.0,0.0,0.0,0.0,0.0,0.0,0.0,0.0,0.0,0.0,0.0,0.0,0.0,0.0,0.0,0.0,0.0,0.0
2.0,1.5,baseline,blocked,,7,8,inf,inf,,1441440.0,1441440.0,0.0,0.0,0.0,0.0,0.0,0.0,0.0,0.0,0.0,0.0,0.0,0.0,1000.0,1000.0,1000.0,1000.0,1000.0,1000.0,0.0,23.0,0.0,9.0,0.0,31.2,0.0,540.0,0.0,0.0,0.0,0.0,0.0,31.2,-31.2,0.0,540.0,-540.0,0.0,571.2,-571.2,0.0,61356.41,-61356.41,0.0,0.0,0.0,0.0,0.0,0.0
2.0,1.5,baseline,blocked,,8,9,639.6539381778458,701.0398413597513,-61.38590318190552,639.6539381778458,701.0398413597513,-61.38590318190552,1000.0,1000.0,1.0,1.0,0.0,1.0,1.0,0.0,0.9737,0.8843,0.08940000000000003,0.0,0.0,0.0,0.0,1000.0,1000.0,23.0,23.0,0.0,8.0,1027.02,166.94,0.0,480.0,0.0,483.9,0.0,483.9,1027.02,650.85,376.16999999999996,0.0,480.0,-480.0,1027.02,1130.85,-103.82999999999993,44653.18,88297.77,-43644.590000000004,0.9737,1.5365,-0.5628,0.9737,0.8843,0.08940000000000003
2.0,1.5,baseline,blocked,,9,10,inf,inf,,1441440.0,1441440.0,0.0,0.0,0.0,0.0,0.0,0.0,0.0,0.0,0.0,0.0,0.0,0.0,1000.0,1000.0,1000.0,1000.0,1000.0,1000.0,0.0,23.0,0.0,9.0,0.0,31.2,0.0,540.0,0.0,0.0,0.0,0.0,0.0,31.2,-31.2,0.0,540.0,-540.0,0.0,571.2,-571.2,0.0,61356.41,-61356.41,0.0,0.0,0.0,0.0,0.0,0.0
2.0,2.0,baseline,blocked,,0,1,inf,inf,,1441440.0,1441440.0,0.0,0.0,0.0,0.0,0.0,0.0,0.0,0.0,0.0,0.0,0.0,0.0,1000.0,1000.0,1000.0,1000.0,1000.0,1000.0,0.0,0.0,0.0,0.0,0.0,0.0,0.0,0.0,0.0,0.0,0.0,0.0,0.0,0.0,0.0,0.0,0.0,0.0,0.0,0.0,0.0,0.0,0.0,0.0,0.0,0.0,0.0,0.0,0.0,0.0
2.0,2.0,baseline,blocked,,1,2,inf,inf,,1441440.0,1441440.0,0.0,0.0,0.0,0.0,0.0,0.0,0.0,0.0,0.0,0.0,0.0,0.0,1000.0,1000.0,1000.0,1000.0,1000.0,1000.0,0.0,23.0,0.0,9.0,0.0,31.2,0.0,540.0,0.0,0.0,0.0,0.0,0.0,31.2,-31.2,0.0,540.0,-540.0,0.0,571.2,-571.2,0.0,61356.41,-61356.41,0.0,0.0,0.0,0.0,0.0,0.0
2.0,2.0,baseline,blocked,,2,3,639.1849440993961,705.9648689319199,-66.77992483252376,639.1849440993961,705.9648689319199,-66.77992483252376,1000.0,1000.0,1.0,1.0,0.0,1.0,1.0,0.0,0.984,0.8129,0.17110000000000003,0.0,0.0,0.0,0.0,1000.0,1000.0,23.0,23.0,0.0,8.0,1016.24,152.95,0.0,480.0,0.0,597.18,0.0,597.18,1016.24,750.13,266.11,0.0,480.0,-480.0,1016.24,1230.13,-213.8900000000001,44184.22,92614.14,-48429.92,0.984,1.3331,-0.34909999999999997,0.984,0.8129,0.17110000000000003
2.0,2.0,baseline,blocked,,3,4,inf,inf,,1441440.0,1441440.0,0.0,0.0,0.0,0.0,0.0,0.0,0.0,0.0,0.0,0.0,0.0,0.0,1000.0,1000.0,1000.0,1000.0,1000.0,1000.0,0.0,0.0,0.0,0.0,0.0,0.0,0.0,0.0,0.0,0.0,0.0,0.0,0.0,0.0,0.0,0.0,0.0,0.0,0.0,0.0,0.0,0.0,0.0,0.0,0.0,0.0,0.0,0.0,0.0,0.0
2.0,2.0,baseline,blocked,,4,5,640.2092300674732,inf,-inf,640.2092300674732,1441440.0,-1440799.7907699326,1000.0,0.0,1.0,0.0,1.0,1.0,0.0,1.0,0.9617,0.0,0.9617,0.0,1000.0,0.0,1000.0,1000.0,1000.0,23.0,23.0,0.0,9.0,1039.79,31.2,0.0,540.0,0.0,0.0,0.0,0.0,1039.79,31.2,1008.5899999999999,0.0,540.0,-540.0,1039.79,571.2,468.5899999999999,45208.34,61356.41,-16148.070000000007,0.9617,0.0,0.9617,0.9617,0.0,0.9617
2.0,2.0,baseline,blocked,,5,6,inf,inf,,1441440.0,1441440.0,0.0,0.0,0.0,0.0,0.0,0.0,0.0,0.0,0.0,0.0,0.0,0.0,1000.0,1000.0,1000.0,1000.0,1000.0,1000.0,0.0,23.0,0.0,9.0,0.0,31.2,0.0,540.0,0.0,0.0,0.0,0.0,0.0,31.2,-31.2,0.0,540.0,-540.0,0.0,571.2,-571.2,0.0,61356.41,-61356.41,0.0,0.0,0.0,0.0,0.0,0.0
2.0,2.0,baseline,blocked,,6,7,inf,inf,,1441440.0,1441440.0,0.0,0.0,0.0,0.0,0.0,0.0,0.0,0.0,0.0,0.0,0.0,0.0,1000.0,1000.0,1000.0,1000.0,1000.0,1000.0,0.0,0.0,0.0,0.0,0.0,0.0,0.0,0.0,0.0,0.0,0.0,0.0,0.0,0.0,0.0,0.0,0.0,0.0,0.0,0.0,0.0,0.0,0.0,0.0,0.0,0.0,0.0,0.0,0.0,0.0
2.0,2.0,baseline,blocked,,7,8,inf,inf,,1441440.0,1441440.0,0.0,0.0,0.0,0.0,0.0,0.0,0.0,0.0,0.0,0.0,0.0,0.0,1000.0,1000.0,1000.0,1000.0,1000.0,1000.0,0.0,23.0,0.0,9.0,0.0,31.2,0.0,540.0,0.0,0.0,0.0,0.0,0.0,31.2,-31.2,0.0,540.0,-540.0,0.0,571.2,-571.2,0.0,61356.41,-61356.41,0.0,0.0,0.0,0.0,0.0,0.0
2.0,2.0,baseline,blocked,,8,9,641.0581439634434,inf,-inf,641.0581439634434,1441440.0,-1440798.9418560367,1000.0,0.0,1.0,0.0,1.0,1.0,0.0,1.0,0.944,0.0,0.944,0.0,1000.0,0.0,1000.0,1000.0,1000.0,23.0,23.0,0.0,8.0,1059.32,166.94,0.0,480.0,0.0,0.0,0.0,0.0,1059.32,166.94,892.3799999999999,0.0,480.0,-480.0,1059.32,646.94,412.3799999999999,46057.24,67258.46,-21201.22000000001,0.944,0.0,0.944,0.944,0.0,0.944
2.0,2.0,baseline,blocked,,9,10,inf,inf,,1441440.0,1441440.0,0.0,0.0,0.0,0.0,0.0,0.0,0.0,0.0,0.0,0.0,0.0,0.0,1000.0,1000.0,1000.0,1000.0,1000.0,1000.0,0.0,23.0,0.0,9.0,0.0,31.2,0.0,540.0,0.0,0.0,0.0,0.0,0.0,31.2,-31.2,0.0,540.0,-540.0,0.0,571.2,-571.2,0.0,61356.41,-61356.41,0.0,0.0,0.0,0.0,0.0,0.0
2.0,3.0,baseline,blocked,,0,1,inf,inf,,1441440.0,1441440.0,0.0,0.0,0.0,0.0,0.0,0.0,0.0,0.0,0.0,0.0,0.0,0.0,1000.0,1000.0,1000.0,1000.0,1000.0,1000.0,0.0,0.0,0.0,0.0,0.0,0.0,0.0,0.0,0.0,0.0,0.0,0.0,0.0,0.0,0.0,0.0,0.0,0.0,0.0,0.0,0.0,0.0,0.0,0.0,0.0,0.0,0.0,0.0,0.0,0.0
2.0,3.0,baseline,blocked,,1,2,inf,inf,,1441440.0,1441440.0,0.0,0.0,0.0,0.0,0.0,0.0,0.0,0.0,0.0,0.0,0.0,0.0,1000.0,1000.0,1000.0,1000.0,1000.0,1000.0,0.0,23.0,0.0,9.0,0.0,31.2,0.0,540.0,0.0,0.0,0.0,0.0,0.0,31.2,-31.2,0.0,540.0,-540.0,0.0,571.2,-571.2,0.0,61356.41,-61356.41,0.0,0.0,0.0,0.0,0.0,0.0
2.0,3.0,baseline,blocked,,2,3,641.3906670298711,710.9648689319199,-69.5742019020488,641.3906670298711,710.9648689319199,-69.5742019020488,1000.0,1000.0,1.0,1.0,0.0,1.0,1.0,0.0,0.9372,0.7619,0.1753,0.0,0.0,0.0,0.0,1000.0,1000.0,23.0,23.0,0.0,8.0,1066.97,235.35,0.0,480.0,0.0,597.18,0.0,597.18,1066.97,832.52,234.45000000000005,0.0,480.0,-480.0,1066.97,1312.52,-245.54999999999995,46389.8,96196.7,-49806.899999999994,0.9372,1.2012,-0.264,0.9372,0.7619,0.1753
2.0,3.0,baseline,blocked,,3,4,inf,inf,,1441440.0,1441440.0,0.0,0.0,0.0,0.0,0.0,0.0,0.0,0.0,0.0,0.0,0.0,0.0,1000.0,1000.0,1000.0,1000.0,1000.0,1000.0,0.0,0.0,0.0,0.0,0.0,0.0,0.0,0.0,0.0,0.0,0.0,0.0,0.0,0.0,0.0,0.0,0.0,0.0,0.0,0.0,0.0,0.0,0.0,0.0,0.0,0.0,0.0,0.0,0.0,0.0
2.0,3.0,baseline,blocked,,4,5,inf,inf,,1441440.0,1441440.0,0.0,0.0,0.0,0.0,0.0,0.0,0.0,0.0,0.0,0.0,0.0,0.0,1000.0,1000.0,1000.0,1000.0,1000.0,1000.0,0.0,23.0,0.0,9.0,0.0,31.2,0.0,540.0,0.0,0.0,0.0,0.0,0.0,31.2,-31.2,0.0,540.0,-540.0,0.0,571.2,-571.2,0.0,61356.41,-61356.41,0.0,0.0,0.0,0.0,0.0,0.0
2.0,3.0,baseline,blocked,,5,6,inf,inf,,1441440.0,1441440.0,0.0,0.0,0.0,0.0,0.0,0.0,0.0,0.0,0.0,0.0,0.0,0.0,1000.0,1000.0,1000.0,1000.0,1000.0,1000.0,0.0,23.0,0.0,9.0,0.0,31.2,0.0,540.0,0.0,0.0,0.0,0.0,0.0,31.2,-31.2,0.0,540.0,-540.0,0.0,571.2,-571.2,0.0,61356.41,-61356.41,0.0,0.0,0.0,0.0,0.0,0.0
2.0,3.0,baseline,blocked,,6,7,inf,inf,,1441440.0,1441440.0,0.0,0.0,0.0,0.0,0.0,0.0,0.0,0.0,0.0,0.0,0.0,0.0,1000.0,1000.0,1000.0,1000.0,1000.0,1000.0,0.0,0.0,0.0,0.0,0.0,0.0,0.0,0.0,0.0,0.0,0.0,0.0,0.0,0.0,0.0,0.0,0.0,0.0,0.0,0.0,0.0,0.0,0.0,0.0,0.0,0.0,0.0,0.0,0.0,0.0
2.0,3.0,baseline,blocked,,7,8,inf,inf,,1441440.0,1441440.0,0.0,0.0,0.0,0.0,0.0,0.0,0.0,0.0,0.0,0.0,0.0,0.0,1000.0,1000.0,1000.0,1000.0,1000.0,1000.0,0.0,23.0,0.0,9.0,0.0,31.2,0.0,540.0,0.0,0.0,0.0,0.0,0.0,31.2,-31.2,0.0,540.0,-540.0,0.0,571.2,-571.2,0.0,61356.41,-61356.41,0.0,0.0,0.0,0.0,0.0,0.0
2.0,3.0,baseline,blocked,,8,9,642.8491592903648,inf,-inf,642.8491592903648,1441440.0,-1440797.1508407097,1000.0,0.0,1.0,0.0,1.0,1.0,0.0,1.0,0.9087,0.0,0.9087,0.0,1000.0,0.0,1000.0,1000.0,1000.0,23.0,23.0,0.0,8.0,1100.51,166.94,0.0,480.0,0.0,0.0,0.0,0.0,1100.51,166.94,933.5699999999999,0.0,480.0,-480.0,1100.51,646.94,453.56999999999994,47848.38,67258.46,-19410.08000000001,0.9087,0.0,0.9087,0.9087,0.0,0.9087
2.0,3.0,baseline,blocked,,9,10,inf,inf,,1441440.0,1441440.0,0.0,0.0,0.0,0.0,0.0,0.0,0.0,0.0,0.0,0.0,0.0,0.0,1000.0,1000.0,1000.0,1000.0,1000.0,1000.0,0.0,23.0,0.0,9.0,0.0,31.2,0.0,540.0,0.0,0.0,0.0,0.0,0.0,31.2,-31.2,0.0,540.0,-540.0,0.0,571.2,-571.2,0.0,61356.41,-61356.41,0.0,0.0,0.0,0.0,0.0,0.0
