node_id,x_lon,y_lat,source
10009448543,127.115375,37.522372,osm_overpass
10009448544,127.115401,37.522410,osm_overpass
10009448545,127.113199,37.517887,osm_overpass
10009448546,127.116560,37.523417,osm_overpass
10009448547,127.115808,37.522218,osm_overpass
10009448548,127.116516,37.523346,osm_overpass
10009448549,127.113264,37.517764,osm_overpass
10009448550,127.113289,37.517734,osm_overpass
10009448551,127.113313,37.517669,osm_overpass
10009448552,127.113320,37.517614,osm_overpass
10009448553,127.113365,37.517506,osm_overpass
10009448554,127.127336,37.512331,osm_overpass
10009448555,127.127453,37.512294,osm_overpass
10009448556,127.127592,37.512272,osm_overpass
10009448557,127.127715,37.512280,osm_overpass
10009448558,127.127823,37.512307,osm_overpass
10009448559,127.127952,37.512348,osm_overpass
10009448560,127.128082,37.512426,osm_overpass
10009448561,127.128193,37.512497,osm_overpass
10009448562,127.130349,37.515752,osm_overpass
10009448563,127.113329,37.517592,osm_overpass
10009448564,127.113332,37.517584,osm_overpass
10009448565,127.113294,37.517720,osm_overpass
10009448566,127.113301,37.517701,osm_overpass
10009448567,127.113298,37.517710,osm_overpass
10009448568,127.116098,37.516580,osm_overpass
10009448569,127.118448,37.515729,osm_overpass
10009448570,127.122356,37.514337,osm_overpass
10009448571,127.122835,37.514148,osm_overpass
10009448572,127.127860,37.512319,osm_overpass
10009448573,127.115957,37.516631,osm_overpass
10009448574,127.116210,37.516539,osm_overpass
10009448575,127.117159,37.524407,osm_overpass
10009471488,127.112897,37.518130,osm_overpass
10009471489,127.117573,37.525147,osm_overpass
10009471490,127.118005,37.525349,osm_overpass
10009471491,127.117301,37.524661,osm_overpass
10009471492,127.133376,37.520882,osm_overpass
10009471493,127.133393,37.520756,osm_overpass
10009471494,127.131988,37.518146,osm_overpass
10009471495,127.130965,37.516632,osm_overpass
10009471496,127.131448,37.517330,osm_overpass
10009471497,127.131147,37.516903,osm_overpass
10009471498,127.130429,37.515860,osm_overpass
10009471499,127.131567,37.517518,osm_overpass
10009486960,127.128545,37.512314,osm_overpass
10009486961,127.129605,37.513796,osm_overpass
10009486962,127.130844,37.515682,osm_overpass
10010282663,127.088852,37.511513,osm_overpass
10010282664,127.100037,37.513297,osm_overpass
10033498363,127.101787,37.524564,osm_overpass
10033498364,127.101470,37.523410,osm_overpass
10033498365,127.102112,37.523384,osm_overpass
10069373861,127.094780,37.509513,osm_overpass
10069373862,127.095085,37.509504,osm_overpass
10069373863,127.095502,37.509557,osm_overpass
10069373864,127.095769,37.509545,osm_overpass
10090030400,127.105002,37.498626,osm_overpass
10090030402,127.103343,37.498116,osm_overpass
10090030403,127.105984,37.498925,osm_overpass
10090030409,127.105881,37.499864,osm_overpass
10090036243,127.104639,37.499467,osm_overpass
10090036244,127.106585,37.499950,osm_overpass
10090036255,127.106534,37.500057,osm_overpass
10103111030,127.140429,37.505580,osm_overpass
10103111037,127.140651,37.506617,osm_overpass
10103111038,127.140225,37.505631,osm_overpass
10103111039,127.140597,37.505538,osm_overpass
10103111040,127.140525,37.505556,osm_overpass
10103111109,127.140488,37.505565,osm_overpass
10103111120,127.139940,37.504729,osm_overpass
10103111121,127.140357,37.504829,osm_overpass
10103111124,127.139148,37.505546,osm_overpass
10103111125,127.139391,37.505693,osm_overpass
10103111126,127.139437,37.505714,osm_overpass
10103111127,127.139485,37.505732,osm_overpass
10103111128,127.139530,37.505738,osm_overpass
10103111129,127.139573,37.505734,osm_overpass
10103111130,127.139620,37.505715,osm_overpass
10103111131,127.139638,37.505691,osm_overpass
10103111132,127.139641,37.505666,osm_overpass
10103111133,127.139646,37.505641,osm_overpass
10103111134,127.139636,37.505618,osm_overpass
10103111135,127.139617,37.505585,osm_overpass
10103111136,127.139580,37.505533,osm_overpass
10103111137,127.139557,37.505493,osm_overpass
10103111138,127.139522,37.505429,osm_overpass
10103111139,127.139420,37.505177,osm_overpass
10103111140,127.139482,37.505781,osm_overpass
10103111141,127.139455,37.505813,osm_overpass
10103111142,127.139429,37.505850,osm_overpass
10103111143,127.139331,37.506028,osm_overpass
10103111144,127.139497,37.505368,osm_overpass
10103111145,127.139415,37.505127,osm_overpass
10103111146,127.139416,37.505148,osm_overpass
10103111165,127.140298,37.504380,osm_overpass
10103111166,127.139710,37.504524,osm_overpass
10103111167,127.139644,37.504544,osm_overpass
10103111168,127.139145,37.504749,osm_overpass
10103111169,127.139110,37.504775,osm_overpass
10103111170,127.139090,37.504792,osm_overpass
10103111171,127.139082,37.504808,osm_overpass
10103111172,127.139077,37.504825,osm_overpass
10103111173,127.139078,37.504843,osm_overpass
10103111174,127.139082,37.504869,osm_overpass
10103111175,127.139101,37.504922,osm_overpass
10103111176,127.139215,37.505243,osm_overpass
10103111177,127.139237,37.505280,osm_overpass
10103111178,127.139276,37.505339,osm_overpass
10103111179,127.139294,37.505366,osm_overpass
10103111180,127.139310,37.505396,osm_overpass
10103111181,127.139344,37.505482,osm_overpass
10103111182,127.139746,37.506587,osm_overpass
10103111183,127.139777,37.506642,osm_overpass
10103111184,127.139828,37.506682,osm_overpass
10103111185,127.139887,37.506715,osm_overpass
10103111186,127.139953,37.506734,osm_overpass
10103111187,127.140013,37.506748,osm_overpass
10103111188,127.140061,37.506750,osm_overpass
10103111189,127.140112,37.506749,osm_overpass
10103111190,127.140175,37.506739,osm_overpass
10103111191,127.140913,37.506550,osm_overpass
10103111192,127.140985,37.506535,osm_overpass
10103111193,127.141106,37.506512,osm_overpass
10103111194,127.141188,37.506501,osm_overpass
10103111195,127.141210,37.506498,osm_overpass
10103111196,127.141175,37.506503,osm_overpass
10103111198,127.138891,37.504871,osm_overpass
10103111199,127.140321,37.504393,osm_overpass
10103111200,127.140314,37.504382,osm_overpass
10103111201,127.140232,37.504396,osm_overpass
10103111202,127.140211,37.504480,osm_overpass
10103111203,127.140203,37.504497,osm_overpass
10103111204,127.139935,37.504712,osm_overpass
10103111205,127.139787,37.504843,osm_overpass
10103111209,127.140084,37.504764,osm_overpass
10103111246,127.140079,37.504434,osm_overpass
10103111247,127.140120,37.504563,osm_overpass
10103111273,127.139622,37.504554,osm_overpass
10103111274,127.139642,37.504600,osm_overpass
10103111275,127.139647,37.504624,osm_overpass
10103111276,127.139644,37.504650,osm_overpass
10103111277,127.139614,37.504712,osm_overpass
10103111278,127.139636,37.504586,osm_overpass
10103111279,127.139653,37.504739,osm_overpass
10103111280,127.139955,37.504978,osm_overpass
10103111281,127.139586,37.504699,osm_overpass
10103111282,127.139552,37.504696,osm_overpass
10103111283,127.139502,37.504700,osm_overpass
10103111284,127.139443,37.504713,osm_overpass
10103111285,127.139399,37.504731,osm_overpass
10103111286,127.139333,37.504783,osm_overpass
10103111287,127.139305,37.504813,osm_overpass
10103111288,127.139296,37.504834,osm_overpass
10103111289,127.139294,37.504860,osm_overpass
10103111290,127.139295,37.504890,osm_overpass
10103111291,127.139309,37.504917,osm_overpass
10103111292,127.139324,37.504940,osm_overpass
10103111293,127.139741,37.505260,osm_overpass
10103111389,127.139426,37.505709,osm_overpass
10103111390,127.139461,37.505806,osm_overpass
10138989606,127.101462,37.504212,osm_overpass
10147154135,127.109921,37.546988,osm_overpass
10147154136,127.109283,37.545846,osm_overpass
10147154137,127.108576,37.545131,osm_overpass
10147169341,127.088830,37.528001,osm_overpass
1019335963,127.090178,37.529749,osm_overpass
1019335998,127.090056,37.529700,osm_overpass
1019336001,127.089844,37.529689,osm_overpass
1019336032,127.089017,37.529916,osm_overpass
10215550333,127.081230,37.506174,osm_overpass
10215550334,127.081281,37.506309,osm_overpass
10215550347,127.083006,37.505662,osm_overpass
10215550348,127.083051,37.505758,osm_overpass
10580120924,127.128326,37.511789,osm_overpass
10580120925,127.128206,37.511595,osm_overpass
10580120926,127.127811,37.512019,osm_overpass
10580120935,127.133787,37.509336,osm_overpass
10580120936,127.133910,37.509495,osm_overpass
10580165414,127.118584,37.505437,osm_overpass
10637227113,127.100182,37.512003,osm_overpass
10657507155,127.118836,37.500823,osm_overpass
10657507156,127.118948,37.500790,osm_overpass
10657507157,127.119064,37.500878,osm_overpass
10657507158,127.119176,37.500917,osm_overpass
10657507159,127.119253,37.501051,osm_overpass
10657507160,127.119407,37.501148,osm_overpass
10657507161,127.119603,37.501287,osm_overpass
10657507162,127.119491,37.501381,osm_overpass
10657507163,127.119449,37.501476,osm_overpass
10657507164,127.119246,37.501606,osm_overpass
10657507165,127.119207,37.501717,osm_overpass
10657507166,127.119116,37.501717,osm_overpass
10657507167,127.118906,37.501656,osm_overpass
10657507168,127.118840,37.501556,osm_overpass
10657507169,127.118752,37.501495,osm_overpass
10657507170,127.118609,37.501459,osm_overpass
10657507171,127.118504,37.501362,osm_overpass
10657507172,127.118055,37.501353,osm_overpass
10657507173,127.118542,37.501195,osm_overpass
10657507174,127.118707,37.500976,osm_overpass
10682642861,127.137231,37.518415,osm_overpass
10682642862,127.137514,37.518285,osm_overpass
10777963309,127.117690,37.525683,osm_overpass
10777963310,127.117757,37.525665,osm_overpass
10833087498,127.104692,37.518425,osm_overpass
10833087499,127.104779,37.518402,osm_overpass
10833087500,127.104927,37.517883,osm_overpass
10833087501,127.105253,37.518013,osm_overpass
10833087502,127.104844,37.518224,osm_overpass
10833087503,127.104911,37.518020,osm_overpass
10833087504,127.104942,37.517756,osm_overpass
10833309605,127.104969,37.517502,osm_overpass
10833309606,127.105141,37.518806,osm_overpass
10833309607,127.104944,37.518762,osm_overpass
10833309608,127.104745,37.518713,osm_overpass
10833309609,127.105500,37.517541,osm_overpass
10833309613,127.107980,37.519154,osm_overpass
10833309614,127.108084,37.519100,osm_overpass
10833309615,127.107994,37.519085,osm_overpass
10833309616,127.105763,37.518736,osm_overpass
10833309617,127.105309,37.518657,osm_overpass
10833309618,127.105170,37.518493,osm_overpass
10833309619,127.105146,37.518411,osm_overpass
10833309620,127.105225,37.518558,osm_overpass
10833309621,127.105034,37.518517,osm_overpass
10833309622,127.104816,37.518493,osm_overpass
10833309623,127.104777,37.518487,osm_overpass
10833309624,127.105174,37.518703,osm_overpass
10833309625,127.105158,37.518892,osm_overpass
10833309626,127.104684,37.518466,osm_overpass
10833309627,127.104841,37.518406,osm_overpass
10833309628,127.104761,37.518452,osm_overpass
10833309629,127.104755,37.518562,osm_overpass
10833309630,127.104719,37.518709,osm_overpass
10833309631,127.104659,37.518719,osm_overpass
10833309632,127.104440,37.518436,osm_overpass
10833309633,127.104605,37.518640,osm_overpass
10833309634,127.104615,37.518721,osm_overpass
10833309635,127.104628,37.518915,osm_overpass
10833309636,127.104118,37.519777,osm_overpass
10833309638,127.103449,37.521032,osm_overpass
10833309639,127.103412,37.521020,osm_overpass
10833309640,127.103365,37.521098,osm_overpass
10833309641,127.101478,37.524433,osm_overpass
10855673144,127.096963,37.502187,osm_overpass
10855673145,127.096759,37.502384,osm_overpass
10855673146,127.096758,37.502496,osm_overpass
10855673147,127.097281,37.502381,osm_overpass
10855673148,127.097281,37.502496,osm_overpass
10855673149,127.097010,37.502774,osm_overpass
10855673151,127.096987,37.502493,osm_overpass
10860471673,127.105427,37.512666,osm_overpass
10860471674,127.105288,37.512566,osm_overpass
10860471675,127.105146,37.512515,osm_overpass
10860471676,127.105031,37.512461,osm_overpass
10860471677,127.104920,37.512407,osm_overpass
10860471678,127.105464,37.512725,osm_overpass
10860471679,127.105597,37.512514,osm_overpass
10860471680,127.105221,37.509808,osm_overpass
10860471681,127.105159,37.509817,osm_overpass
10860471682,127.105140,37.509882,osm_overpass
10860471683,127.105069,37.509915,osm_overpass
10860471684,127.104999,37.509964,osm_overpass
10860471685,127.105312,37.509881,osm_overpass
10860471686,127.105132,37.510042,osm_overpass
10861437531,127.104064,37.521889,osm_overpass
10861437532,127.104079,37.521462,osm_overpass
10887276834,127.029293,37.541403,osm_overpass
10887276836,127.028743,37.542716,osm_overpass
10887276837,127.028577,37.542464,osm_overpass
10887276838,127.028554,37.542350,osm_overpass
10887276839,127.028557,37.542259,osm_overpass
10887276840,127.028581,37.542159,osm_overpass
10887276841,127.028794,37.541668,osm_overpass
10887276842,127.028876,37.541574,osm_overpass
10887276843,127.028991,37.541495,osm_overpass
10895843073,127.030223,37.541320,osm_overpass
10908558418,127.044066,37.537219,osm_overpass
10911566222,127.109803,37.501911,osm_overpass
10911566223,127.109840,37.501874,osm_overpass
10911566224,127.109889,37.501810,osm_overpass
10911566225,127.110062,37.501789,osm_overpass
10911566226,127.109313,37.502717,osm_overpass
10911566227,127.110242,37.502201,osm_overpass
10911566228,127.110129,37.502138,osm_overpass
10911566229,127.109916,37.502047,osm_overpass
10911566230,127.109821,37.502003,osm_overpass
10911566231,127.109522,37.503095,osm_overpass
10911566234,127.110467,37.502088,osm_overpass
10911566235,127.110386,37.502068,osm_overpass
10911566238,127.110393,37.501847,osm_overpass
10911566239,127.110193,37.501731,osm_overpass
10911566240,127.110136,37.501731,osm_overpass
10911566241,127.110868,37.501332,osm_overpass
10911566242,127.110524,37.501926,osm_overpass
10911566243,127.111268,37.501181,osm_overpass
10911566244,127.111577,37.500848,osm_overpass
10911566245,127.111783,37.500591,osm_overpass
10911566246,127.111858,37.500514,osm_overpass
10911566247,127.112523,37.499746,osm_overpass
10911566248,127.112944,37.499343,osm_overpass
10911566249,127.113289,37.498965,osm_overpass
10911566250,127.113453,37.498787,osm_overpass
10911566251,127.113631,37.498619,osm_overpass
10911566252,127.113805,37.498515,osm_overpass
10911566258,127.113993,37.498447,osm_overpass
10923878732,127.111971,37.536078,osm_overpass
10923878733,127.111607,37.535749,osm_overpass
10923878736,127.110858,37.534850,osm_overpass
10923878737,127.110586,37.534459,osm_overpass
10923878742,127.110276,37.533957,osm_overpass
10923878743,127.110106,37.533636,osm_overpass
10923878744,127.109964,37.533346,osm_overpass
10923878745,127.109813,37.532971,osm_overpass
10923878746,127.109877,37.533138,osm_overpass
10923878753,127.108976,37.529739,osm_overpass
10923878754,127.109057,37.529712,osm_overpass
10923878755,127.109136,37.529734,osm_overpass
10923878756,127.109200,37.529775,osm_overpass
10923878757,127.109162,37.529515,osm_overpass
10923878758,127.109384,37.529769,osm_overpass
10923878759,127.109508,37.529930,osm_overpass
10923878760,127.109890,37.530797,osm_overpass
10923878761,127.109983,37.531250,osm_overpass
10923878762,127.110014,37.531608,osm_overpass
10923878763,127.110155,37.532879,osm_overpass
10923878764,127.110203,37.533102,osm_overpass
10923878765,127.110365,37.533584,osm_overpass
10923878766,127.110665,37.534190,osm_overpass
10923878767,127.111032,37.534776,osm_overpass
10923878768,127.111157,37.534949,osm_overpass
10923878769,127.111693,37.535489,osm_overpass
10923878770,127.112253,37.535964,osm_overpass
10923878771,127.112706,37.536323,osm_overpass
10923878790,127.109295,37.532087,osm_overpass
10923878791,127.108737,37.530354,osm_overpass
10923878792,127.108662,37.530113,osm_overpass
10923878793,127.108604,37.529961,osm_overpass
10923878794,127.108536,37.529811,osm_overpass
10923878795,127.108326,37.529467,osm_overpass
10923878796,127.108109,37.529154,osm_overpass
10923878797,127.107899,37.528891,osm_overpass
10923878798,127.107710,37.528663,osm_overpass
10923878799,127.107392,37.528397,osm_overpass
10923878800,127.107682,37.528756,osm_overpass
10923878801,127.107720,37.528850,osm_overpass
10923878802,127.107752,37.528937,osm_overpass
10923878803,127.107777,37.529050,osm_overpass
10923878804,127.107804,37.529285,osm_overpass
10923903105,127.107806,37.529418,osm_overpass
10923903106,127.107795,37.529545,osm_overpass
10923903107,127.107726,37.529823,osm_overpass
10923903108,127.107570,37.530148,osm_overpass
10923903109,127.107466,37.530284,osm_overpass
10923903110,127.107347,37.530435,osm_overpass
10923903111,127.107181,37.530650,osm_overpass
10923903112,127.108310,37.529635,osm_overpass
10923903113,127.107377,37.530544,osm_overpass
10923903114,127.106728,37.527786,osm_overpass
10923903115,127.106619,37.527710,osm_overpass
10923903116,127.106505,37.527628,osm_overpass
10923903117,127.107083,37.528087,osm_overpass
10923903118,127.106858,37.527887,osm_overpass
10923903119,127.107645,37.528689,osm_overpass
10923903120,127.106718,37.527695,osm_overpass
10923903121,127.107557,37.528496,osm_overpass
10923903122,127.107409,37.528346,osm_overpass
10923903123,127.106408,37.527544,osm_overpass
10923903124,127.106327,37.527469,osm_overpass
10923903125,127.106243,37.527386,osm_overpass
10923903126,127.106169,37.527299,osm_overpass
10923903127,127.106104,37.527215,osm_overpass
10923903128,127.105969,37.527041,osm_overpass
10923903129,127.105820,37.526876,osm_overpass
10923903130,127.105675,37.526725,osm_overpass
10923903131,127.105546,37.526596,osm_overpass
10923903132,127.105403,37.526456,osm_overpass
10923903133,127.105311,37.526359,osm_overpass
10923903134,127.105222,37.526261,osm_overpass
10923903136,127.105033,37.525952,osm_overpass
10923903137,127.106401,37.527426,osm_overpass
10923903138,127.106342,37.527364,osm_overpass
10923903139,127.106309,37.527313,osm_overpass
10923903140,127.106288,37.527260,osm_overpass
10923903141,127.106281,37.527214,osm_overpass
10923903142,127.106282,37.527162,osm_overpass
10923903143,127.106295,37.527110,osm_overpass
10923903144,127.106330,37.527045,osm_overpass
10923903145,127.106373,37.526996,osm_overpass
10923903146,127.106424,37.526957,osm_overpass
10923903147,127.106488,37.526929,osm_overpass
10923903148,127.106558,37.526909,osm_overpass
10923903149,127.106615,37.526901,osm_overpass
10923903150,127.106688,37.526902,osm_overpass
10923903151,127.106760,37.526916,osm_overpass
10923903152,127.106829,37.526941,osm_overpass
10923903153,127.106888,37.526975,osm_overpass
10923903154,127.106937,37.527013,osm_overpass
10923903155,127.107003,37.527078,osm_overpass
10923903156,127.107183,37.527274,osm_overpass
10923903157,127.107709,37.527792,osm_overpass
10923903158,127.108209,37.528059,osm_overpass
10923903159,127.109949,37.528042,osm_overpass
10923903160,127.110752,37.527661,osm_overpass
10923903161,127.108836,37.528251,osm_overpass
10923903162,127.108971,37.528256,osm_overpass
10923903163,127.109080,37.528251,osm_overpass
10923903164,127.109197,37.528240,osm_overpass
10923903165,127.109345,37.528220,osm_overpass
10923903166,127.109618,37.528162,osm_overpass
10923903167,127.109733,37.528126,osm_overpass
10923903168,127.108864,37.528556,osm_overpass
10923903169,127.109151,37.528605,osm_overpass
10923903170,127.109120,37.528651,osm_overpass
10923903171,127.109482,37.528194,osm_overpass
10923903172,127.109545,37.528129,osm_overpass
10923903173,127.109653,37.528355,osm_overpass
10923903174,127.109606,37.528255,osm_overpass
10923903175,127.109414,37.528280,osm_overpass
10923903176,127.109561,37.528419,osm_overpass
10923903177,127.109408,37.528530,osm_overpass
10923903178,127.109230,37.528676,osm_overpass
10923903179,127.109043,37.528837,osm_overpass
10923903180,127.108848,37.529014,osm_overpass
10923903181,127.108482,37.529367,osm_overpass
10923903182,127.108025,37.529817,osm_overpass
10923903183,127.107877,37.529964,osm_overpass
10923903184,127.107684,37.530144,osm_overpass
10923903185,127.107468,37.530354,osm_overpass
10923903187,127.107430,37.530330,osm_overpass
10923903188,127.109587,37.528215,osm_overpass
10923903205,127.108522,37.528195,osm_overpass
10923903206,127.108084,37.527986,osm_overpass
10923903207,127.107977,37.527897,osm_overpass
10923903208,127.107452,37.527370,osm_overpass
10923903209,127.107215,37.527097,osm_overpass
10923903210,127.107029,37.526945,osm_overpass
10923903211,127.106836,37.526835,osm_overpass
10923903213,127.106275,37.526704,osm_overpass
10923903216,127.106634,37.527061,osm_overpass
10923903217,127.106916,37.527283,osm_overpass
10923903218,127.107717,37.528019,osm_overpass
10923903219,127.107868,37.527895,osm_overpass
10923903220,127.108037,37.528025,osm_overpass
10923903221,127.108137,37.528085,osm_overpass
10923903222,127.107782,37.527891,osm_overpass
10923903223,127.108820,37.528982,osm_overpass
10923903224,127.109153,37.529323,osm_overpass
10923903225,127.109295,37.529467,osm_overpass
10923903226,127.109465,37.529635,osm_overpass
10923903227,127.109616,37.529795,osm_overpass
10923903228,127.109719,37.529930,osm_overpass
10923903229,127.110013,37.530400,osm_overpass
10923903230,127.109704,37.529786,osm_overpass
10923903231,127.109600,37.529446,osm_overpass
10923903232,127.109596,37.529211,osm_overpass
10923903233,127.109662,37.528981,osm_overpass
10923903234,127.109783,37.528744,osm_overpass
10923903235,127.109931,37.528560,osm_overpass
10923903236,127.109805,37.530047,osm_overpass
10923903237,127.109837,37.530002,osm_overpass
10923903238,127.110062,37.530540,osm_overpass
10923903239,127.110100,37.530678,osm_overpass
10923903240,127.110132,37.530812,osm_overpass
10923903241,127.110169,37.530993,osm_overpass
10923903242,127.110191,37.531137,osm_overpass
10923903243,127.110207,37.531271,osm_overpass
10923903244,127.110220,37.531452,osm_overpass
10923903245,127.110247,37.532165,osm_overpass
10923903246,127.110261,37.532339,osm_overpass
10923903247,127.110290,37.532584,osm_overpass
10923903248,127.110333,37.532822,osm_overpass
10923903249,127.110389,37.533066,osm_overpass
10923903250,127.110411,37.533228,osm_overpass
10923903251,127.110456,37.533422,osm_overpass
10923903252,127.110534,37.533628,osm_overpass
10923903253,127.110666,37.533892,osm_overpass
10923903254,127.110109,37.530053,osm_overpass
10923903255,127.110070,37.530098,osm_overpass
10923903256,127.110048,37.530146,osm_overpass
10923903257,127.110048,37.530265,osm_overpass
10923903258,127.110087,37.530369,osm_overpass
10923903259,127.110135,37.530507,osm_overpass
10923903260,127.110182,37.530680,osm_overpass
10923903261,127.110243,37.531010,osm_overpass
10923903262,127.110268,37.531283,osm_overpass
10923903263,127.110257,37.531153,osm_overpass
10923903264,127.110217,37.530848,osm_overpass
10923903265,127.110041,37.530202,osm_overpass
10923903266,127.110270,37.531385,osm_overpass
10923903267,127.110270,37.531617,osm_overpass
10923903268,127.110234,37.531818,osm_overpass
10926471870,127.118591,37.500519,osm_overpass
10926471871,127.118997,37.500413,osm_overpass
10926471872,127.118967,37.500080,osm_overpass
10926471873,127.118597,37.500186,osm_overpass
10926471875,127.117642,37.499430,osm_overpass
10944115544,127.105397,37.507421,osm_overpass
10944115545,127.104776,37.508217,osm_overpass
10944115546,127.105298,37.507706,osm_overpass
10944115547,127.105768,37.507163,osm_overpass
10944115548,127.106411,37.506472,osm_overpass
10944115549,127.106994,37.505069,osm_overpass
10944115550,127.106901,37.505181,osm_overpass
10944115551,127.106808,37.505294,osm_overpass
10944115552,127.107080,37.504965,osm_overpass
10944115553,127.107208,37.505030,osm_overpass
10944115554,127.107409,37.505130,osm_overpass
10944115555,127.106932,37.505354,osm_overpass
10944115556,127.107128,37.505454,osm_overpass
10944115557,127.106445,37.505900,osm_overpass
10944115558,127.107122,37.505131,osm_overpass
10944115559,127.106711,37.504935,osm_overpass
10944115560,127.105833,37.504536,osm_overpass
10944115561,127.105715,37.504488,osm_overpass
10944115562,127.107289,37.505625,osm_overpass
10944115563,127.107325,37.505543,osm_overpass
10944115564,127.107416,37.505438,osm_overpass
10944115565,127.107515,37.505325,osm_overpass
10944115566,127.107597,37.505237,osm_overpass
10944115567,127.108142,37.505433,osm_overpass
10944115568,127.107820,37.505207,osm_overpass
10944115569,127.107971,37.504517,osm_overpass
10944115570,127.108389,37.504099,osm_overpass
10944115571,127.107800,37.504939,osm_overpass
10944115572,127.108321,37.504396,osm_overpass
10983344440,127.099920,37.512728,osm_overpass
10983344441,127.100103,37.512578,osm_overpass
10983344442,127.100294,37.512490,osm_overpass
10983344443,127.100357,37.512427,osm_overpass
10983344444,127.100352,37.512312,osm_overpass
10983344445,127.100550,37.512149,osm_overpass
10983344446,127.100728,37.512134,osm_overpass
10983344447,127.101161,37.511601,osm_overpass
10983344448,127.101381,37.511294,osm_overpass
10983344449,127.101375,37.511142,osm_overpass
10983344450,127.101314,37.511071,osm_overpass
10983344451,127.100438,37.510653,osm_overpass
10983344452,127.101379,37.511162,osm_overpass
10983344453,127.101424,37.511157,osm_overpass
10983344454,127.101511,37.511072,osm_overpass
10983344455,127.101446,37.511167,osm_overpass
10983344456,127.101578,37.511233,osm_overpass
10983344457,127.101830,37.511372,osm_overpass
10983344458,127.101242,37.510940,osm_overpass
10983344459,127.101410,37.511088,osm_overpass
10983344460,127.101423,37.511223,osm_overpass
10983344461,127.101390,37.511464,osm_overpass
10983344462,127.101819,37.510925,osm_overpass
11011926972,127.128261,37.504120,osm_overpass
11011926974,127.127687,37.504308,osm_overpass
11011926976,127.127949,37.503812,osm_overpass
11021415434,127.031573,37.544568,osm_overpass
11021415435,127.031493,37.544478,osm_overpass
11021415436,127.028989,37.542938,osm_overpass
11021415437,127.029607,37.543289,osm_overpass
11028990567,127.115068,37.560954,osm_overpass
11069243721,127.096659,37.518166,osm_overpass
11069243722,127.096947,37.517641,osm_overpass
11069243723,127.097907,37.516655,osm_overpass
11069243724,127.098182,37.516275,osm_overpass
11069243725,127.097985,37.516306,osm_overpass
11069243726,127.098281,37.516196,osm_overpass
11069243727,127.098422,37.516182,osm_overpass
11069243728,127.097082,37.516679,osm_overpass
11069243729,127.097129,37.516545,osm_overpass
11069243730,127.096731,37.517648,osm_overpass
11069243731,127.099661,37.514553,osm_overpass
11069243732,127.100066,37.513985,osm_overpass
11069243733,127.099882,37.513577,osm_overpass
11069243734,127.098785,37.510309,osm_overpass
11069243735,127.098915,37.510323,osm_overpass
11069243736,127.098985,37.510308,osm_overpass
11069243737,127.099031,37.510276,osm_overpass
11069243738,127.099077,37.510105,osm_overpass
11069243739,127.099950,37.510456,osm_overpass
11090683558,127.108954,37.503681,osm_overpass
11090683559,127.108807,37.503610,osm_overpass
11090683560,127.108590,37.503500,osm_overpass
11090683561,127.108499,37.503458,osm_overpass
11090683562,127.107724,37.504313,osm_overpass
11090683563,127.107303,37.504785,osm_overpass
11090683564,127.107108,37.504800,osm_overpass
11090683565,127.105693,37.507112,osm_overpass
11090683566,127.105443,37.506993,osm_overpass
11090683567,127.105322,37.506931,osm_overpass
11090683568,127.105715,37.506498,osm_overpass
11090683569,127.104609,37.507737,osm_overpass
11090683570,127.104341,37.508012,osm_overpass
11090683571,127.106662,37.505276,osm_overpass
11090683572,127.106684,37.505429,osm_overpass
11090683573,127.104017,37.508369,osm_overpass
11090683574,127.098784,37.514291,osm_overpass
11104707637,127.111766,37.499832,osm_overpass
11104707640,127.110606,37.501164,osm_overpass
11104837954,127.111647,37.500209,osm_overpass
11104837956,127.111686,37.500223,osm_overpass
11104837957,127.111493,37.500426,osm_overpass
11104837958,127.111064,37.500938,osm_overpass
11104837959,127.110819,37.501209,osm_overpass
11104837960,127.111522,37.500439,osm_overpass
11104837961,127.111197,37.500846,osm_overpass
11104837964,127.110431,37.501615,osm_overpass
11104837965,127.110264,37.501772,osm_overpass
11104837968,127.109653,37.502537,osm_overpass
11104837969,127.109381,37.502751,osm_overpass
11104837970,127.108886,37.503298,osm_overpass
11104837974,127.108815,37.503306,osm_overpass
11104837975,127.108658,37.503538,osm_overpass
11104837976,127.108059,37.504238,osm_overpass
11104837980,127.108692,37.503557,osm_overpass
11104837981,127.108538,37.503765,osm_overpass
11104837982,127.108202,37.504141,osm_overpass
11104837991,127.106526,37.506048,osm_overpass
11104837993,127.105436,37.507243,osm_overpass
11104837994,127.105558,37.507057,osm_overpass
11104837995,127.105525,37.507041,osm_overpass
11104837996,127.104620,37.507979,osm_overpass
11119145872,127.086623,37.509354,osm_overpass
11119145875,127.096962,37.506586,osm_overpass
11123480922,127.101293,37.512731,osm_overpass
11123480923,127.101264,37.513339,osm_overpass
11123480924,127.101279,37.512369,osm_overpass
11123480925,127.101423,37.512480,osm_overpass
11123480931,127.101140,37.512450,osm_overpass
11123480932,127.100889,37.512804,osm_overpass
11123497451,127.041519,37.537879,osm_overpass
11123497471,127.060023,37.532096,osm_overpass
11123497475,127.060823,37.531637,osm_overpass
11135480917,127.064448,37.529935,osm_overpass
11135480918,127.064391,37.529978,osm_overpass
11135480919,127.064328,37.530015,osm_overpass
11135480921,127.064249,37.530053,osm_overpass
11135480924,127.064005,37.530171,osm_overpass
11155965466,127.100751,37.512410,osm_overpass
11162809653,127.140252,37.506852,osm_overpass
11162809654,127.140063,37.506824,osm_overpass
11162809655,127.139937,37.506802,osm_overpass
11162809656,127.139819,37.506747,osm_overpass
11162809657,127.139698,37.506662,osm_overpass
11162809669,127.134435,37.509063,osm_overpass
11162809670,127.133774,37.508873,osm_overpass
11164481396,127.143180,37.517207,osm_overpass
11172192467,127.098145,37.516219,osm_overpass
11172192468,127.097541,37.516312,osm_overpass
11172192469,127.097792,37.516088,osm_overpass
11172192470,127.098958,37.515026,osm_overpass
11172192471,127.102825,37.510034,osm_overpass
11172192472,127.103140,37.509720,osm_overpass
11172192473,127.103392,37.509486,osm_overpass
11172192474,127.102697,37.510357,osm_overpass
11172192475,127.102791,37.510016,osm_overpass
11172192476,127.103088,37.509691,osm_overpass
11172192477,127.103396,37.509283,osm_overpass
11172192478,127.102874,37.510064,osm_overpass
11172192501,127.101914,37.511156,osm_overpass
11172192502,127.101887,37.511196,osm_overpass
11172192512,127.101702,37.511409,osm_overpass
11172192513,127.101552,37.511596,osm_overpass
11172192514,127.101445,37.511730,osm_overpass
11172192515,127.101339,37.511863,osm_overpass
11172192516,127.101216,37.512023,osm_overpass
11172192517,127.101083,37.512184,osm_overpass
11172192518,127.100907,37.512127,osm_overpass
11172192519,127.101055,37.511944,osm_overpass
11172192520,127.101184,37.511782,osm_overpass
11172192521,127.101264,37.511684,osm_overpass
11172192522,127.101343,37.511588,osm_overpass
11172192523,127.101493,37.511405,osm_overpass
11172192524,127.101559,37.511325,osm_overpass
11172192525,127.101891,37.510933,osm_overpass
11172192526,127.101979,37.510831,osm_overpass
11172192527,127.102071,37.510722,osm_overpass
11172192528,127.102009,37.511032,osm_overpass
11172192529,127.102091,37.510923,osm_overpass
11172192530,127.102172,37.510829,osm_overpass
11172192531,127.102258,37.510731,osm_overpass
11172192532,127.102356,37.510620,osm_overpass
11172192533,127.102442,37.510523,osm_overpass
11172192534,127.102522,37.510433,osm_overpass
11172192535,127.102353,37.511307,osm_overpass
11172192536,127.102464,37.511363,osm_overpass
11172202337,127.102571,37.511418,osm_overpass
11172202338,127.102667,37.511467,osm_overpass
11172202339,127.103085,37.511660,osm_overpass
11172202340,127.102762,37.511512,osm_overpass
11177272174,127.133264,37.509547,osm_overpass
11177272175,127.133440,37.509542,osm_overpass
11177272176,127.133564,37.509551,osm_overpass
11177272177,127.133179,37.509581,osm_overpass
11177272178,127.133279,37.509588,osm_overpass
11177272179,127.133352,37.509609,osm_overpass
11177272180,127.133371,37.509635,osm_overpass
11177272181,127.133353,37.509735,osm_overpass
11177272182,127.131715,37.510430,osm_overpass
11177272183,127.131586,37.510421,osm_overpass
11177272184,127.131483,37.510394,osm_overpass
11177272185,127.131438,37.510361,osm_overpass
11177272186,127.131434,37.510316,osm_overpass
11177272187,127.131449,37.510269,osm_overpass
11177272188,127.123406,37.513831,osm_overpass
11177272189,127.123233,37.513853,osm_overpass
11177272190,127.123132,37.513843,osm_overpass
11177272191,127.123084,37.513814,osm_overpass
11177272192,127.115139,37.516513,osm_overpass
11177272193,127.115373,37.516521,osm_overpass
11177272194,127.115481,37.516568,osm_overpass
11177272195,127.115504,37.516621,osm_overpass
11177272196,127.115469,37.516688,osm_overpass
11177272197,127.113452,37.517406,osm_overpass
11177272198,127.113295,37.517483,osm_overpass
11177272199,127.113141,37.517665,osm_overpass
11177272200,127.113105,37.517771,osm_overpass
11177272201,127.113105,37.517858,osm_overpass
11177272202,127.113131,37.518133,osm_overpass
11177272203,127.114440,37.520324,osm_overpass
11177272204,127.114257,37.520315,osm_overpass
11177272205,127.114135,37.520203,osm_overpass
11177272206,127.113698,37.520048,osm_overpass
11177272207,127.113870,37.520034,osm_overpass
11177272208,127.113968,37.519954,osm_overpass
11177272209,127.114015,37.519878,osm_overpass
11177272210,127.114033,37.519686,osm_overpass
11177272211,127.115469,37.522137,osm_overpass
11177272212,127.115767,37.522655,osm_overpass
11177272214,127.115587,37.522549,osm_overpass
11177272215,127.115493,37.522556,osm_overpass
11177272216,127.115418,37.522592,osm_overpass
11177272217,127.115224,37.522888,osm_overpass
11177272218,127.115151,37.522967,osm_overpass
11177272219,127.115049,37.523031,osm_overpass
11177272220,127.114958,37.523073,osm_overpass
11177272221,127.113173,37.517701,osm_overpass
11177272222,127.113206,37.517642,osm_overpass
11177272223,127.113096,37.517677,osm_overpass
11177272224,127.113132,37.517690,osm_overpass
11177272225,127.112538,37.517557,osm_overpass
11177272226,127.112629,37.517602,osm_overpass
11177272227,127.112767,37.517744,osm_overpass
11177272228,127.112302,37.517250,osm_overpass
11177272229,127.112524,37.517290,osm_overpass
11177272230,127.112690,37.517289,osm_overpass
11177272231,127.112808,37.517263,osm_overpass
11177272232,127.113183,37.517176,osm_overpass
11177272233,127.113595,37.517090,osm_overpass
11177272234,127.112708,37.517352,osm_overpass
11177272235,127.112840,37.517304,osm_overpass
11177272236,127.112545,37.517537,osm_overpass
11177272237,127.112600,37.517364,osm_overpass
11177272238,127.112850,37.517317,osm_overpass
11177272239,127.112731,37.517763,osm_overpass
11177272240,127.112792,37.517730,osm_overpass
11184759119,127.130891,37.501837,osm_overpass
11184759121,127.130782,37.503155,osm_overpass
11184759123,127.130762,37.503225,osm_overpass
11184759125,127.130634,37.503303,osm_overpass
11184759130,127.130580,37.503338,osm_overpass
11184759131,127.130570,37.503365,osm_overpass
11184759135,127.130567,37.503394,osm_overpass
11184759136,127.130555,37.503418,osm_overpass
11184810247,127.131062,37.503270,osm_overpass
11184810248,127.130404,37.503713,osm_overpass
11184810249,127.129964,37.503890,osm_overpass
11184810250,127.130106,37.503833,osm_overpass
11184810261,127.128267,37.502292,osm_overpass
11184810262,127.128329,37.502255,osm_overpass
11184810263,127.128385,37.502220,osm_overpass
11204430322,127.103304,37.509371,osm_overpass
11228853716,127.133300,37.509532,osm_overpass
11228853717,127.133539,37.509276,osm_overpass
11228853718,127.133630,37.509086,osm_overpass
11228853719,127.133691,37.508946,osm_overpass
11228853720,127.133712,37.508773,osm_overpass
11229084189,127.143032,37.517465,osm_overpass
11229084194,127.140164,37.518763,osm_overpass
11229084196,127.140612,37.518566,osm_overpass
11229084202,127.140369,37.518404,osm_overpass
11229084213,127.138604,37.519563,osm_overpass
11229084214,127.136889,37.520309,osm_overpass
11229084215,127.135083,37.521110,osm_overpass
11229084216,127.138197,37.519481,osm_overpass
11229084217,127.138205,37.519539,osm_overpass
11229084218,127.138150,37.519649,osm_overpass
11229084219,127.138777,37.519090,osm_overpass
11229084220,127.130958,37.522900,osm_overpass
11229084221,127.129632,37.523513,osm_overpass
11229084222,127.129335,37.523614,osm_overpass
11229084223,127.129505,37.523558,osm_overpass
11229084224,127.129021,37.523686,osm_overpass
11229084225,127.130659,37.523049,osm_overpass
11229084226,127.127642,37.523880,osm_overpass
11229084227,127.127678,37.523786,osm_overpass
11229084228,127.127676,37.523666,osm_overpass
11229084229,127.127649,37.523467,osm_overpass
11229084230,127.127733,37.524156,osm_overpass
11229084231,127.127460,37.523918,osm_overpass
11229084232,127.127828,37.523596,osm_overpass
11229084233,127.128045,37.523689,osm_overpass
11229084234,127.128468,37.523789,osm_overpass
11229084235,127.128448,37.523759,osm_overpass
11229084236,127.128220,37.524135,osm_overpass
11229097837,127.127831,37.524300,osm_overpass
11229097838,127.127462,37.524469,osm_overpass
11229097839,127.127570,37.524318,osm_overpass
11229097840,127.127314,37.524547,osm_overpass
11229097841,127.126274,37.525002,osm_overpass
11229097842,127.125757,37.525131,osm_overpass
11229097843,127.127855,37.523670,osm_overpass
11229097844,127.127931,37.523775,osm_overpass
11229097845,127.127813,37.523844,osm_overpass
11229097846,127.127781,37.523807,osm_overpass
11229097847,127.127743,37.523713,osm_overpass
11229097848,127.125255,37.525165,osm_overpass
11229097849,127.125281,37.525202,osm_overpass
11229097850,127.125268,37.525344,osm_overpass
11229097851,127.124928,37.525590,osm_overpass
11229097852,127.122405,37.526716,osm_overpass
11229097853,127.121836,37.526891,osm_overpass
11229097854,127.119689,37.527804,osm_overpass
11229097855,127.119604,37.527918,osm_overpass
11229097856,127.119487,37.528025,osm_overpass
11229097857,127.119400,37.528112,osm_overpass
11229097858,127.121051,37.527240,osm_overpass
11229097859,127.120732,37.527426,osm_overpass
11229097860,127.120481,37.527566,osm_overpass
11229097861,127.119907,37.527798,osm_overpass
11229097862,127.120175,37.527701,osm_overpass
11229097863,127.119318,37.527806,osm_overpass
11229097864,127.120247,37.527399,osm_overpass
11229097865,127.121230,37.526953,osm_overpass
11229097866,127.122090,37.526561,osm_overpass
11229097867,127.122108,37.526483,osm_overpass
11229097868,127.122263,37.526225,osm_overpass
11229097869,127.122547,37.526238,osm_overpass
11229097870,127.122157,37.526507,osm_overpass
11229097871,127.122317,37.526227,osm_overpass
11229097872,127.122372,37.526112,osm_overpass
11229097873,127.122415,37.525998,osm_overpass
11229097874,127.122812,37.526534,osm_overpass
11229097875,127.121543,37.526862,osm_overpass
11229097876,127.121513,37.526824,osm_overpass
11229097877,127.121483,37.526791,osm_overpass
11229097878,127.121714,37.527095,osm_overpass
11229097879,127.120681,37.527385,osm_overpass
11229097880,127.121352,37.526937,osm_overpass
11229097881,127.121424,37.526973,osm_overpass
11285265982,127.108811,37.506521,osm_overpass
11285265983,127.107417,37.505660,osm_overpass
11285265984,127.107098,37.505703,osm_overpass
11293437004,127.115473,37.518331,osm_overpass
11293437005,127.115304,37.518282,osm_overpass
11297430015,127.136457,37.503352,osm_overpass
11297430016,127.136493,37.502440,osm_overpass
11298359304,127.104489,37.508043,osm_overpass
11298359305,127.104940,37.507718,osm_overpass
11298359306,127.105379,37.507233,osm_overpass
11298359307,127.105679,37.506805,osm_overpass
11298359308,127.105758,37.506678,osm_overpass
11298359309,127.105733,37.506809,osm_overpass
11298359310,127.106217,37.506280,osm_overpass
11298359311,127.106673,37.505967,osm_overpass
11298359312,127.107517,37.504771,osm_overpass
11298359313,127.107393,37.504811,osm_overpass
11298359314,127.108505,37.503741,osm_overpass
11298359315,127.108900,37.503161,osm_overpass
11298359316,127.109740,37.502473,osm_overpass
11298359317,127.109893,37.502388,osm_overpass
11298359320,127.110181,37.502265,osm_overpass
11298359321,127.111158,37.501008,osm_overpass
11298359322,127.111371,37.500656,osm_overpass
11298359323,127.111340,37.500641,osm_overpass
11298359324,127.111751,37.500042,osm_overpass
11298359325,127.112139,37.499729,osm_overpass
11298359326,127.112201,37.499671,osm_overpass
11298359327,127.112598,37.499320,osm_overpass
11327734839,127.107075,37.499252,osm_overpass
11347127271,127.089980,37.518650,osm_overpass
11347127276,127.089493,37.518939,osm_overpass
11407532993,127.109205,37.507985,osm_overpass
11407532994,127.109326,37.507903,osm_overpass
11407532995,127.109403,37.507899,osm_overpass
11407532996,127.109453,37.507862,osm_overpass
11407532997,127.106959,37.509634,osm_overpass
11407533000,127.110307,37.507816,osm_overpass
11407533001,127.111186,37.508980,osm_overpass
11407533002,127.111893,37.510176,osm_overpass
11407533003,127.111734,37.510393,osm_overpass
11407533004,127.111093,37.510662,osm_overpass
11407533005,127.108756,37.511628,osm_overpass
11407533006,127.108301,37.511806,osm_overpass
11407533007,127.108114,37.511768,osm_overpass
11407533008,127.107103,37.511049,osm_overpass
11407533009,127.106219,37.510344,osm_overpass
11407533010,127.105377,37.509675,osm_overpass
11407533011,127.104298,37.508853,osm_overpass
11407533012,127.107951,37.511853,osm_overpass
11505515070,127.109673,37.507221,osm_overpass
11596545425,127.098093,37.510109,osm_overpass
11596545428,127.100606,37.510733,osm_overpass
11708088789,127.139955,37.507094,osm_overpass
11708088790,127.139873,37.507101,osm_overpass
11708088791,127.139593,37.507188,osm_overpass
11708088792,127.139528,37.507246,osm_overpass
11708088793,127.139511,37.507281,osm_overpass
11708088794,127.139426,37.507302,osm_overpass
11708088795,127.136624,37.508429,osm_overpass
11708088796,127.136082,37.508651,osm_overpass
11708088797,127.133868,37.509593,osm_overpass
11708088798,127.133749,37.509693,osm_overpass
11708088799,127.133562,37.509780,osm_overpass
11708088800,127.133681,37.509724,osm_overpass
11708088801,127.133958,37.509554,osm_overpass
11708088802,127.136154,37.508622,osm_overpass
11708088803,127.136255,37.508581,osm_overpass
11708088804,127.136677,37.508408,osm_overpass
11708088805,127.139773,37.507132,osm_overpass
11708088806,127.140064,37.507131,osm_overpass
11709560485,127.132927,37.519709,osm_overpass
11709560486,127.132953,37.519554,osm_overpass
11709560487,127.132635,37.519059,osm_overpass
11709560488,127.132194,37.518416,osm_overpass
11709560489,127.131474,37.517311,osm_overpass
11709560490,127.131168,37.516889,osm_overpass
11709560491,127.130625,37.516076,osm_overpass
11709560492,127.130141,37.515335,osm_overpass
11709560493,127.129710,37.514677,osm_overpass
11709560494,127.129175,37.513894,osm_overpass
11709560495,127.128773,37.513278,osm_overpass
11709560496,127.128716,37.513257,osm_overpass
11709560497,127.130472,37.515842,osm_overpass
11709560498,127.130603,37.516043,osm_overpass
11709560499,127.131600,37.517504,osm_overpass
11709560500,127.131687,37.517639,osm_overpass
11709560501,127.127894,37.512207,osm_overpass
11709560502,127.127300,37.511545,osm_overpass
11709560503,127.127318,37.511360,osm_overpass
11709560504,127.127243,37.511076,osm_overpass
11709560505,127.126868,37.510377,osm_overpass
11709560506,127.126852,37.510254,osm_overpass
11709560507,127.126291,37.509371,osm_overpass
11709560508,127.125657,37.508342,osm_overpass
11709560509,127.125029,37.507339,osm_overpass
11709560510,127.124330,37.506166,osm_overpass
11709560511,127.124193,37.506025,osm_overpass
11709560512,127.124077,37.505922,osm_overpass
11709560513,127.123952,37.505838,osm_overpass
11709560514,127.123826,37.505773,osm_overpass
11709560515,127.123935,37.505577,osm_overpass
11709560516,127.123270,37.504501,osm_overpass
11709560517,127.122999,37.504452,osm_overpass
11709560518,127.123032,37.504201,osm_overpass
11709560519,127.122965,37.504065,osm_overpass
11709560520,127.122796,37.503802,osm_overpass
11709560521,127.122496,37.503366,osm_overpass
11709560522,127.122168,37.503013,osm_overpass
11709560523,127.121681,37.502553,osm_overpass
11709560524,127.121212,37.502190,osm_overpass
11709560525,127.120506,37.501665,osm_overpass
11709560526,127.119783,37.501142,osm_overpass
11709560527,127.119036,37.500622,osm_overpass
11709560528,127.118911,37.500552,osm_overpass
11709560529,127.118809,37.500500,osm_overpass
11709560530,127.118745,37.500520,osm_overpass
11709560531,127.118696,37.500537,osm_overpass
11709560534,127.118543,37.500428,osm_overpass
11709560535,127.118533,37.500369,osm_overpass
11709560536,127.118494,37.500328,osm_overpass
11709560537,127.118080,37.500105,osm_overpass
11709560538,127.116875,37.499456,osm_overpass
11709560539,127.115761,37.498880,osm_overpass
11709560540,127.114965,37.498464,osm_overpass
11709560541,127.114763,37.498384,osm_overpass
11709560542,127.114564,37.498348,osm_overpass
11709560543,127.114345,37.498335,osm_overpass
11709560544,127.114228,37.498345,osm_overpass
11709560571,127.114286,37.498340,osm_overpass
11709560572,127.117272,37.499669,osm_overpass
11709560573,127.118474,37.500317,osm_overpass
11709560575,127.118873,37.500533,osm_overpass
11709560576,127.123083,37.504467,osm_overpass
11709560577,127.123875,37.505685,osm_overpass
11709560578,127.125872,37.508691,osm_overpass
11709560579,127.125914,37.508759,osm_overpass
11709560580,127.126731,37.510063,osm_overpass
11709560581,127.127350,37.511560,osm_overpass
11711121252,127.129113,37.511555,osm_overpass
11711121253,127.128887,37.511677,osm_overpass
11711121254,127.128768,37.511766,osm_overpass
11711121255,127.128648,37.511935,osm_overpass
11711121256,127.128585,37.511920,osm_overpass
11711121257,127.133875,37.509622,osm_overpass
11711121258,127.133774,37.509743,osm_overpass
11711121259,127.133704,37.509774,osm_overpass
11711121260,127.133623,37.509809,osm_overpass
11730415793,127.122721,37.503689,osm_overpass
11730415818,127.114910,37.497710,osm_overpass
11730415819,127.114962,37.497856,osm_overpass
11730415820,127.115108,37.498023,osm_overpass
11730415821,127.115500,37.498298,osm_overpass
11730415822,127.116469,37.498781,osm_overpass
11730415823,127.117545,37.499398,osm_overpass
11730415824,127.117630,37.499447,osm_overpass
11730415825,127.118759,37.500074,osm_overpass
11730415826,127.118906,37.500155,osm_overpass
11730415827,127.119123,37.500291,osm_overpass
11730415828,127.119779,37.500774,osm_overpass
11730415829,127.120717,37.501485,osm_overpass
11730415830,127.121103,37.501807,osm_overpass
11730415831,127.121954,37.502492,osm_overpass
11730415832,127.122699,37.503178,osm_overpass
11730415833,127.122923,37.503424,osm_overpass
11730415834,127.123151,37.503608,osm_overpass
11730415835,127.123427,37.503814,osm_overpass
11730415836,127.123635,37.503924,osm_overpass
11730415837,127.123579,37.503993,osm_overpass
11730415838,127.123517,37.504085,osm_overpass
11730415839,127.124228,37.505275,osm_overpass
11730415840,127.124407,37.505584,osm_overpass
11730415841,127.124426,37.505583,osm_overpass
11730415842,127.124502,37.505581,osm_overpass
11730415843,127.124532,37.505755,osm_overpass
11730415844,127.124618,37.506077,osm_overpass
11730415845,127.124958,37.506657,osm_overpass
11730415846,127.125671,37.507796,osm_overpass
11730415847,127.126188,37.508560,osm_overpass
11730415848,127.126438,37.508997,osm_overpass
11730415849,127.127018,37.509893,osm_overpass
11730415850,127.127056,37.509924,osm_overpass
11730415851,127.127127,37.509980,osm_overpass
11730415852,127.127666,37.510886,osm_overpass
11730415853,127.127726,37.510959,osm_overpass
11730415854,127.127844,37.511035,osm_overpass
11730415855,127.128017,37.511127,osm_overpass
11730415856,127.128167,37.511182,osm_overpass
11730415857,127.128057,37.511483,osm_overpass
11730415858,127.128140,37.511623,osm_overpass
11730415859,127.128266,37.511816,osm_overpass
11730415861,127.128595,37.512125,osm_overpass
11730415862,127.128607,37.512270,osm_overpass
11730415863,127.129200,37.513123,osm_overpass
11730415864,127.129649,37.513778,osm_overpass
11730415865,127.129725,37.513902,osm_overpass
11730415866,127.129734,37.513992,osm_overpass
11730415868,127.126228,37.508630,osm_overpass
11730422069,127.128565,37.511949,osm_overpass
11730422070,127.131093,37.516052,osm_overpass
11730422071,127.131198,37.516141,osm_overpass
11730422072,127.131424,37.516568,osm_overpass
11730422073,127.131408,37.516461,osm_overpass
11730422074,127.133161,37.519265,osm_overpass
11730422075,127.133404,37.519705,osm_overpass
11730422076,127.133549,37.520114,osm_overpass
11730422077,127.133654,37.520241,osm_overpass
11730422078,127.133761,37.520569,osm_overpass
11730422079,127.133829,37.520656,osm_overpass
11730422080,127.134056,37.520770,osm_overpass
11730422081,127.134199,37.520816,osm_overpass
11730422082,127.134144,37.520908,osm_overpass
11730422083,127.134035,37.521041,osm_overpass
11730422084,127.128099,37.511553,osm_overpass
11730422085,127.134227,37.515939,osm_overpass
11730422086,127.134670,37.515793,osm_overpass
11730422087,127.135496,37.515622,osm_overpass
11730422088,127.136398,37.515482,osm_overpass
11730422089,127.137364,37.515360,osm_overpass
11730422090,127.138249,37.515299,osm_overpass
11730422091,127.140050,37.514792,osm_overpass
11730422092,127.141382,37.514416,osm_overpass
11730422093,127.142216,37.514183,osm_overpass
11730422094,127.142237,37.514131,osm_overpass
11730422095,127.141924,37.514404,osm_overpass
11730481509,127.147734,37.500997,osm_overpass
11738401188,127.128400,37.511241,osm_overpass
11738401189,127.128686,37.511276,osm_overpass
11738401190,127.128738,37.511270,osm_overpass
11738401191,127.130658,37.510460,osm_overpass
11738401192,127.131095,37.510303,osm_overpass
11738401194,127.132615,37.509672,osm_overpass
11738401195,127.133333,37.509346,osm_overpass
11738401196,127.133487,37.509276,osm_overpass
11738401197,127.133565,37.509113,osm_overpass
11738401198,127.133612,37.509123,osm_overpass
11738401199,127.133788,37.509199,osm_overpass
11738401200,127.133945,37.509138,osm_overpass
11738401201,127.134142,37.509056,osm_overpass
11738401202,127.134164,37.508985,osm_overpass
11738401203,127.134175,37.508953,osm_overpass
11738401204,127.134349,37.509001,osm_overpass
11738401205,127.134434,37.509021,osm_overpass
11738401206,127.136137,37.508285,osm_overpass
11738401207,127.136197,37.508260,osm_overpass
11738401208,127.136583,37.508103,osm_overpass
11738401209,127.136670,37.508073,osm_overpass
11738401210,127.137221,37.507843,osm_overpass
11738401211,127.138836,37.507183,osm_overpass
11738401212,127.139046,37.507084,osm_overpass
11738401213,127.139243,37.506981,osm_overpass
11738401214,127.139319,37.506905,osm_overpass
11738401215,127.139366,37.506851,osm_overpass
11738401216,127.139546,37.506934,osm_overpass
11738401217,127.139682,37.506896,osm_overpass
11738401218,127.139882,37.506844,osm_overpass
11738401219,127.139918,37.506794,osm_overpass
11738401232,127.136210,37.508255,osm_overpass
11738401233,127.133580,37.509076,osm_overpass
11738401234,127.133647,37.508956,osm_overpass
11738401235,127.133426,37.508613,osm_overpass
11738401236,127.133369,37.508535,osm_overpass
11738401237,127.133298,37.508402,osm_overpass
11738401238,127.133291,37.508324,osm_overpass
11738401239,127.132686,37.507438,osm_overpass
11738401240,127.132259,37.506731,osm_overpass
11738401241,127.131784,37.506016,osm_overpass
11738401242,127.131635,37.505833,osm_overpass
11738401243,127.131486,37.505633,osm_overpass
11738401244,127.131337,37.505494,osm_overpass
11738401245,127.131000,37.505133,osm_overpass
11738401246,127.130488,37.504592,osm_overpass
11738401247,127.129953,37.504036,osm_overpass
11738401248,127.129343,37.503406,osm_overpass
11738401249,127.128757,37.502782,osm_overpass
11738401250,127.128290,37.502278,osm_overpass
11738401251,127.128259,37.502250,osm_overpass
11738401252,127.128168,37.502229,osm_overpass
11738401253,127.128114,37.502214,osm_overpass
11738401254,127.128004,37.502094,osm_overpass
11738401255,127.127899,37.502000,osm_overpass
11738401256,127.127899,37.501917,osm_overpass
11738401257,127.127862,37.501819,osm_overpass
11738401258,127.127354,37.501310,osm_overpass
11738401259,127.126643,37.500482,osm_overpass
11738401260,127.126451,37.500180,osm_overpass
11738401261,127.126191,37.499622,osm_overpass
11738401262,127.126146,37.499534,osm_overpass
11738401263,127.126073,37.499378,osm_overpass
11738401264,127.125948,37.499126,osm_overpass
11738401265,127.125535,37.498276,osm_overpass
11738401266,127.125380,37.497884,osm_overpass
11738401267,127.125061,37.497245,osm_overpass
11738401268,127.124801,37.496708,osm_overpass
11738441269,127.124720,37.496536,osm_overpass
11738441270,127.124426,37.496083,osm_overpass
11738441271,127.124182,37.495819,osm_overpass
11738441272,127.123886,37.495574,osm_overpass
11738441273,127.123507,37.495234,osm_overpass
11738441274,127.123219,37.495029,osm_overpass
11738441275,127.122827,37.494791,osm_overpass
11738441276,127.121950,37.494323,osm_overpass
11738441277,127.121192,37.493916,osm_overpass
11738441278,127.120417,37.493488,osm_overpass
11738441279,127.119669,37.493080,osm_overpass
11738441280,127.119055,37.492761,osm_overpass
11738441281,127.118986,37.492744,osm_overpass
11738441283,127.118733,37.492693,osm_overpass
11738441286,127.118486,37.492618,osm_overpass
11738441288,127.118270,37.492534,osm_overpass
11738441290,127.118131,37.492493,osm_overpass
11738441291,127.118061,37.492464,osm_overpass
11738441292,127.117461,37.492297,osm_overpass
11738441293,127.117324,37.492279,osm_overpass
11738441294,127.116885,37.492165,osm_overpass
11738441337,127.119868,37.492979,osm_overpass
11738441338,127.121330,37.493762,osm_overpass
11738441339,127.122890,37.494610,osm_overpass
11738441340,127.123337,37.494856,osm_overpass
11738441341,127.123680,37.495123,osm_overpass
11738441342,127.124108,37.495496,osm_overpass
11738441343,127.124416,37.495799,osm_overpass
11738441344,127.124583,37.495976,osm_overpass
11738441345,127.124789,37.496287,osm_overpass
11738441346,127.124976,37.496654,osm_overpass
11738441347,127.125207,37.497119,osm_overpass
11738441348,127.125555,37.497798,osm_overpass
11738441349,127.125697,37.498153,osm_overpass
11738441350,127.126220,37.499268,osm_overpass
11738441351,127.126622,37.500055,osm_overpass
11738441352,127.126879,37.500454,osm_overpass
11738441353,127.127033,37.500674,osm_overpass
11738441354,127.127525,37.501208,osm_overpass
11738441355,127.128066,37.501748,osm_overpass
11738441356,127.128150,37.501793,osm_overpass
11738441357,127.128186,37.501797,osm_overpass
11738441358,127.128287,37.501902,osm_overpass
11738441359,127.128425,37.502026,osm_overpass
11738441360,127.128508,37.502092,osm_overpass
11738441361,127.128563,37.502191,osm_overpass
11738441362,127.128728,37.502368,osm_overpass
11738441363,127.128927,37.502581,osm_overpass
11738441364,127.128983,37.502628,osm_overpass
11738441365,127.128984,37.502689,osm_overpass
11738441366,127.129497,37.503251,osm_overpass
11738441367,127.129711,37.503462,osm_overpass
11738441368,127.130085,37.503841,osm_overpass
11738441369,127.130372,37.504142,osm_overpass
11738441370,127.131231,37.505069,osm_overpass
11738441371,127.131770,37.505662,osm_overpass
11738441372,127.131976,37.505963,osm_overpass
11738441373,127.132113,37.506190,osm_overpass
11738441374,127.132498,37.506799,osm_overpass
11738441375,127.132875,37.507355,osm_overpass
11738441376,127.133352,37.508030,osm_overpass
11738441377,127.133811,37.508770,osm_overpass
11738441378,127.131827,37.505745,osm_overpass
11738441379,127.133851,37.508789,osm_overpass
11738441380,127.133884,37.508864,osm_overpass
11739483809,127.118723,37.500054,osm_overpass
11739483810,127.119024,37.500229,osm_overpass
11755803372,127.103769,37.524221,osm_overpass
11755803373,127.103858,37.524193,osm_overpass
11755803374,127.104259,37.524286,osm_overpass
11755803375,127.104596,37.524345,osm_overpass
11755803376,127.104889,37.524360,osm_overpass
11755803377,127.105458,37.524358,osm_overpass
11755803378,127.105952,37.524359,osm_overpass
11755803379,127.106475,37.524358,osm_overpass
11755803380,127.106976,37.524352,osm_overpass
11755803381,127.107612,37.524347,osm_overpass
11755803382,127.108244,37.524340,osm_overpass
11755803383,127.109139,37.524345,osm_overpass
11755803384,127.110130,37.524341,osm_overpass
11755803385,127.110673,37.524339,osm_overpass
11755803386,127.111738,37.524338,osm_overpass
11755803387,127.112470,37.524349,osm_overpass
11755803388,127.112934,37.524407,osm_overpass
11755803389,127.113346,37.524468,osm_overpass
11755803390,127.113410,37.524483,osm_overpass
11755803391,127.113462,37.524546,osm_overpass
11755803392,127.105804,37.524386,osm_overpass
11755803393,127.105479,37.524424,osm_overpass
11755803394,127.105222,37.524457,osm_overpass
11755803395,127.104879,37.524481,osm_overpass
11755803396,127.104873,37.524544,osm_overpass
11799057005,127.096596,37.497487,osm_overpass
11820891152,127.136798,37.502041,osm_overpass
11821925798,127.136758,37.506051,osm_overpass
11821925799,127.136861,37.505803,osm_overpass
11821925800,127.136975,37.505640,osm_overpass
11821925801,127.137051,37.505528,osm_overpass
11827404913,127.135287,37.512802,osm_overpass
11827404914,127.135527,37.512367,osm_overpass
11827404915,127.135680,37.512435,osm_overpass
11827404916,127.135738,37.512456,osm_overpass
11827404917,127.135975,37.512274,osm_overpass
11827404918,127.136070,37.512196,osm_overpass
11827404919,127.136251,37.512121,osm_overpass
11827404920,127.136359,37.512060,osm_overpass
11827404921,127.137382,37.511912,osm_overpass
11827404922,127.137028,37.511839,osm_overpass
11827404923,127.136980,37.511787,osm_overpass
11827404934,127.141461,37.512418,osm_overpass
11827404935,127.141328,37.512344,osm_overpass
11827404936,127.141255,37.512328,osm_overpass
11827404937,127.141806,37.512442,osm_overpass
11827404942,127.142472,37.514018,osm_overpass
11827404943,127.142593,37.514339,osm_overpass
11827404959,127.143479,37.516832,osm_overpass
11834538276,127.137042,37.505410,osm_overpass
11834538285,127.136770,37.505082,osm_overpass
11834538287,127.142016,37.499213,osm_overpass
11834538289,127.136814,37.505403,osm_overpass
11834538291,127.136521,37.505069,osm_overpass
11834538293,127.135864,37.512377,osm_overpass
11834538295,127.137090,37.504779,osm_overpass
11834538296,127.144813,37.499113,osm_overpass
11834538303,127.144659,37.499106,osm_overpass
11834538305,127.142071,37.499331,osm_overpass
11834538306,127.136695,37.505402,osm_overpass
11834538307,127.136840,37.505083,osm_overpass
11834538310,127.141006,37.512337,osm_overpass
11834538313,127.136722,37.505078,osm_overpass
11834538314,127.136791,37.504762,osm_overpass
11834538316,127.140407,37.512354,osm_overpass
11835051580,127.134866,37.513245,osm_overpass
11849996897,127.104870,37.512652,osm_overpass
11849996898,127.104883,37.512610,osm_overpass
11849996899,127.104921,37.512573,osm_overpass
11849996900,127.105003,37.512569,osm_overpass
11849996901,127.105198,37.512653,osm_overpass
11849996902,127.105614,37.512847,osm_overpass
11849996903,127.105975,37.513016,osm_overpass
11849996904,127.106186,37.513119,osm_overpass
11849996907,127.104889,37.512687,osm_overpass
11849996908,127.104991,37.512759,osm_overpass
11849996909,127.105144,37.512829,osm_overpass
11849996910,127.105467,37.512981,osm_overpass
11849996911,127.105651,37.513063,osm_overpass
11849996912,127.105829,37.513149,osm_overpass
11849996913,127.105911,37.513184,osm_overpass
11849996914,127.106059,37.513240,osm_overpass
11849996915,127.106249,37.513326,osm_overpass
11849996916,127.106350,37.513374,osm_overpass
11849996917,127.106453,37.513379,osm_overpass
11849996918,127.106433,37.513229,osm_overpass
11849996919,127.104945,37.512731,osm_overpass
11849996920,127.104877,37.512673,osm_overpass
11849996921,127.104897,37.512589,osm_overpass
11849996922,127.104952,37.512567,osm_overpass
11849996923,127.104983,37.512565,osm_overpass
11849996924,127.105058,37.512590,osm_overpass
11849996925,127.104908,37.512705,osm_overpass
11849996926,127.105530,37.512642,osm_overpass
11849996927,127.104780,37.512135,osm_overpass
11849996928,127.104952,37.512130,osm_overpass
11849996929,127.105039,37.512132,osm_overpass
11849996930,127.104725,37.512235,osm_overpass
11849996931,127.103769,37.511951,osm_overpass
11849996932,127.104920,37.512470,osm_overpass
11849996933,127.105266,37.512636,osm_overpass
11849996934,127.106930,37.513061,osm_overpass
11849996935,127.105828,37.512900,osm_overpass
11849996936,127.105806,37.512935,osm_overpass
11849996937,127.105907,37.512879,osm_overpass
11849996938,127.106212,37.513013,osm_overpass
11849996939,127.106472,37.513128,osm_overpass
11849996940,127.106691,37.513240,osm_overpass
11849996941,127.106786,37.513290,osm_overpass
11849996942,127.106788,37.513334,osm_overpass
11849996943,127.106768,37.513362,osm_overpass
11849996966,127.105878,37.512925,osm_overpass
11849996967,127.105789,37.512882,osm_overpass
11849996968,127.105916,37.512942,osm_overpass
11850016769,127.106274,37.513114,osm_overpass
11850016770,127.106738,37.513331,osm_overpass
11850016771,127.106830,37.513375,osm_overpass
11850016772,127.106777,37.513350,osm_overpass
11850016777,127.104665,37.512648,osm_overpass
11850016778,127.104671,37.512601,osm_overpass
11850016779,127.104665,37.512551,osm_overpass
11850016780,127.104682,37.512508,osm_overpass
11850016781,127.104697,37.512481,osm_overpass
11850016782,127.104807,37.512470,osm_overpass
11850016783,127.104881,37.512453,osm_overpass
11850016784,127.104670,37.512433,osm_overpass
11850016785,127.104649,37.512347,osm_overpass
11850016786,127.104599,37.512557,osm_overpass
11850016787,127.104561,37.512562,osm_overpass
11850016788,127.104522,37.512578,osm_overpass
11850016789,127.104091,37.512366,osm_overpass
11850016790,127.104612,37.512330,osm_overpass
11850016791,127.104354,37.512495,osm_overpass
11850016792,127.104289,37.512352,osm_overpass
11850016793,127.104229,37.512230,osm_overpass
11850016794,127.103962,37.511933,osm_overpass
11850016795,127.104127,37.512018,osm_overpass
11850016796,127.104350,37.512135,osm_overpass
11850016797,127.104411,37.512171,osm_overpass
11850016798,127.103722,37.511859,osm_overpass
11850016799,127.103632,37.511854,osm_overpass
11850016800,127.103568,37.511847,osm_overpass
11850016801,127.103530,37.511805,osm_overpass
11850016802,127.103486,37.511678,osm_overpass
11850016803,127.103450,37.511519,osm_overpass
11850016804,127.103581,37.512179,osm_overpass
11850016805,127.103585,37.512247,osm_overpass
11850016806,127.103625,37.512347,osm_overpass
11850016807,127.103356,37.512728,osm_overpass
11850016808,127.103544,37.512797,osm_overpass
11850016809,127.103676,37.512589,osm_overpass
11850016811,127.103779,37.512920,osm_overpass
11850016832,127.103438,37.512178,osm_overpass
11850016850,127.103161,37.512173,osm_overpass
11850016851,127.103100,37.512180,osm_overpass
11850016852,127.103072,37.512171,osm_overpass
11850016853,127.103116,37.512182,osm_overpass
11850016854,127.103142,37.512181,osm_overpass
11850016855,127.103181,37.512192,osm_overpass
11850016856,127.103200,37.512179,osm_overpass
11850016857,127.103182,37.512164,osm_overpass
11850016858,127.103474,37.512023,osm_overpass
11850016859,127.103463,37.511838,osm_overpass
11850016860,127.103282,37.511751,osm_overpass
11850016861,127.103337,37.512054,osm_overpass
11850016862,127.103445,37.512084,osm_overpass
11850016863,127.102770,37.511793,osm_overpass
11850016864,127.102806,37.511809,osm_overpass
11850016867,127.102604,37.511970,osm_overpass
11850016868,127.102634,37.512032,osm_overpass
11850016869,127.102568,37.511941,osm_overpass
11850016870,127.102592,37.511936,osm_overpass
11850016871,127.102662,37.511896,osm_overpass
11877936311,127.102231,37.524686,osm_overpass
11877936315,127.102214,37.524686,osm_overpass
11877936316,127.102197,37.524681,osm_overpass
11877936317,127.102183,37.524673,osm_overpass
11877936318,127.102170,37.524634,osm_overpass
11877936322,127.102266,37.524620,osm_overpass
11877936327,127.102248,37.524681,osm_overpass
11877936329,127.102954,37.524528,osm_overpass
11877936330,127.102486,37.524960,osm_overpass
11881174996,127.128493,37.518181,osm_overpass
11881174997,127.129020,37.518617,osm_overpass
11889136518,127.105526,37.504682,osm_overpass
11889136519,127.105692,37.504830,osm_overpass
11889136520,127.106597,37.505224,osm_overpass
11889136521,127.106157,37.505042,osm_overpass
11897984827,127.106837,37.515771,osm_overpass
11897984828,127.106936,37.515551,osm_overpass
11897984829,127.106487,37.516037,osm_overpass
11897984830,127.105486,37.517767,osm_overpass
11897984831,127.105286,37.517677,osm_overpass
11897984832,127.106337,37.516073,osm_overpass
11897984833,127.112145,37.517500,osm_overpass
11897984834,127.109480,37.516606,osm_overpass
11897984835,127.112371,37.517153,osm_overpass
11897984836,127.111846,37.517082,osm_overpass
11897984837,127.108718,37.515955,osm_overpass
11897984838,127.107743,37.515657,osm_overpass
11897984839,127.107010,37.515394,osm_overpass
11897984840,127.108471,37.516254,osm_overpass
11897984841,127.108699,37.516401,osm_overpass
11897984842,127.108771,37.516418,osm_overpass
11897984843,127.108241,37.518067,osm_overpass
11897984844,127.108600,37.516483,osm_overpass
11897984845,127.108610,37.516374,osm_overpass
11897984846,127.108554,37.516292,osm_overpass
11897984847,127.107422,37.515915,osm_overpass
11897984848,127.106948,37.515768,osm_overpass
11897984849,127.106728,37.515800,osm_overpass
11897984850,127.106256,37.515979,osm_overpass
11897984851,127.105759,37.516877,osm_overpass
12116802523,127.138794,37.500967,osm_overpass
12129019905,127.108759,37.526015,osm_overpass
12129019906,127.115955,37.526536,osm_overpass
12129019907,127.108257,37.525681,osm_overpass
12129019908,127.108938,37.525192,osm_overpass
12129019910,127.109230,37.525455,osm_overpass
12129019911,127.110158,37.524816,osm_overpass
12129019912,127.116052,37.526475,osm_overpass
12129019913,127.108987,37.524834,osm_overpass
12129019914,127.110205,37.527461,osm_overpass
12129019915,127.109990,37.527565,osm_overpass
12129019916,127.108991,37.524749,osm_overpass
12129019918,127.110759,37.526922,osm_overpass
12129019919,127.110201,37.527633,osm_overpass
12129019920,127.117982,37.526477,osm_overpass
12129019922,127.110703,37.527480,osm_overpass
12129019923,127.109982,37.526335,osm_overpass
12129019924,127.118405,37.526469,osm_overpass
12129019925,127.108160,37.525355,osm_overpass
12129019926,127.110722,37.527239,osm_overpass
12129019927,127.108840,37.525366,osm_overpass
12129019928,127.110240,37.527494,osm_overpass
12129019929,127.115765,37.526062,osm_overpass
12129019930,127.109121,37.525652,osm_overpass
12129019931,127.116191,37.526438,osm_overpass
12129019932,127.110116,37.527546,osm_overpass
12129019933,127.110824,37.527308,osm_overpass
12129019934,127.110161,37.527545,osm_overpass
12129019935,127.117189,37.525316,osm_overpass
12129019936,127.108173,37.525486,osm_overpass
12129019937,127.111278,37.524965,osm_overpass
12129019938,127.108201,37.525322,osm_overpass
12129019940,127.110538,37.526860,osm_overpass
12129019941,127.112959,37.526885,osm_overpass
12129019942,127.113029,37.526801,osm_overpass
12129019943,127.112207,37.525939,osm_overpass
12129019944,127.110638,37.526803,osm_overpass
12129019945,127.112302,37.525879,osm_overpass
12129019946,127.110114,37.527338,osm_overpass
12129019947,127.110601,37.527153,osm_overpass
12129019948,127.118688,37.527633,osm_overpass
12129019949,127.115308,37.526809,osm_overpass
12129019950,127.110080,37.526273,osm_overpass
12129019951,127.110871,37.527430,osm_overpass
12129019952,127.111004,37.524853,osm_overpass
12129019953,127.112676,37.527014,osm_overpass
12129019954,127.114894,37.526994,osm_overpass
12129019956,127.110376,37.527273,osm_overpass
12129019957,127.111193,37.525028,osm_overpass
12129019959,127.110519,37.527081,osm_overpass
12129019960,127.115713,37.526636,osm_overpass
12129019961,127.110783,37.527534,osm_overpass
12129019962,127.115731,37.526194,osm_overpass
12129019963,127.110898,37.527460,osm_overpass
12129019964,127.109727,37.528061,osm_overpass
12129019965,127.114517,37.527150,osm_overpass
12129019966,127.115672,37.526100,osm_overpass
12129019967,127.113804,37.527303,osm_overpass
12129019968,127.111185,37.527343,osm_overpass
12129019969,127.110044,37.527269,osm_overpass
12129019970,127.110450,37.527019,osm_overpass
12129019972,127.108713,37.525330,osm_overpass
12129019973,127.108619,37.525877,osm_overpass
12129019974,127.110445,37.526916,osm_overpass
12129019975,127.110187,37.527410,osm_overpass
12129019976,127.114191,37.527244,osm_overpass
12129019977,127.109881,37.526399,osm_overpass
12129019978,127.116073,37.526499,osm_overpass
12129019979,127.109861,37.526076,osm_overpass
12129019981,127.112122,37.525993,osm_overpass
12129019982,127.108164,37.525755,osm_overpass
12129019983,127.110274,37.527821,osm_overpass
12129019984,127.108295,37.525315,osm_overpass
12129019985,127.109984,37.526179,osm_overpass
12129019986,127.110258,37.527528,osm_overpass
12129019988,127.111440,37.527314,osm_overpass
12129019989,127.110440,37.527581,osm_overpass
12129019990,127.109969,37.527250,osm_overpass
12129019991,127.109779,37.527074,osm_overpass
12129019992,127.110471,37.526965,osm_overpass
12129019993,127.108116,37.525400,osm_overpass
12129019994,127.112927,37.526963,osm_overpass
12129019995,127.107697,37.525292,osm_overpass
12129019996,127.110368,37.527470,osm_overpass
12129019999,127.108319,37.525632,osm_overpass
12129020000,127.112948,37.526847,osm_overpass
12140344026,127.145843,37.499436,osm_overpass
12140344029,127.146135,37.499704,osm_overpass
12140344030,127.147248,37.500824,osm_overpass
12140344035,127.146634,37.500328,osm_overpass
12142681087,127.133908,37.498568,osm_overpass
12142681089,127.134383,37.498621,osm_overpass
12142681094,127.135963,37.500511,osm_overpass
12142681095,127.135503,37.500136,osm_overpass
12142681096,127.135861,37.499855,osm_overpass
12142681097,127.135111,37.500424,osm_overpass
12142681098,127.135704,37.500300,osm_overpass
12142681099,127.136064,37.500034,osm_overpass
12142681100,127.135775,37.499923,osm_overpass
12142687301,127.136193,37.500374,osm_overpass
12142687302,127.136100,37.500301,osm_overpass
12142687303,127.136108,37.500176,osm_overpass
12142687304,127.136262,37.500049,osm_overpass
12142687305,127.136433,37.500064,osm_overpass
12142687306,127.136545,37.500147,osm_overpass
12142687307,127.136547,37.500229,osm_overpass
12142687308,127.136363,37.500381,osm_overpass
12142687309,127.135986,37.500092,osm_overpass
12142687310,127.136171,37.500124,osm_overpass
12142687311,127.136163,37.500350,osm_overpass
12142687312,127.136433,37.500323,osm_overpass
12142687313,127.136493,37.500108,osm_overpass
12230819182,127.131069,37.512540,osm_overpass
12230819183,127.132207,37.510651,osm_overpass
12230819184,127.132188,37.511603,osm_overpass
12230819185,127.130295,37.512310,osm_overpass
12230819186,127.132342,37.511536,osm_overpass
12230819187,127.132577,37.511908,osm_overpass
12230819188,127.132683,37.511938,osm_overpass
12230819189,127.132832,37.512172,osm_overpass
12230819190,127.132671,37.512235,osm_overpass
12230819191,127.132528,37.511997,osm_overpass
12230819192,127.131584,37.511847,osm_overpass
12230819193,127.131803,37.512196,osm_overpass
12230819194,127.131909,37.512226,osm_overpass
12230819195,127.132058,37.512460,osm_overpass
12230819196,127.131897,37.512523,osm_overpass
12230819197,127.131754,37.512284,osm_overpass
12230819198,127.133155,37.511234,osm_overpass
12230819199,127.133354,37.511581,osm_overpass
12230819200,127.133496,37.511604,osm_overpass
12230826401,127.133596,37.511783,osm_overpass
12230826402,127.133386,37.511854,osm_overpass
12230826403,127.133279,37.511673,osm_overpass
12230826404,127.133236,37.511199,osm_overpass
12230826405,127.133743,37.511808,osm_overpass
12230826406,127.133890,37.511299,osm_overpass
12230826407,127.133849,37.511290,osm_overpass
12230826408,127.133552,37.511177,osm_overpass
12230826409,127.133709,37.511142,osm_overpass
12230826413,127.133224,37.510132,osm_overpass
12230826414,127.133046,37.510547,osm_overpass
12230826415,127.133098,37.510670,osm_overpass
12230826416,127.133044,37.510582,osm_overpass
12230826417,127.132332,37.510971,osm_overpass
12230826418,127.132286,37.510886,osm_overpass
12230826419,127.132289,37.510855,osm_overpass
12230826420,127.131720,37.511341,osm_overpass
12230826421,127.131490,37.511159,osm_overpass
12230826422,127.131496,37.511135,osm_overpass
12230826423,127.131571,37.511101,osm_overpass
12230826424,127.130803,37.511605,osm_overpass
12230826425,127.130745,37.511510,osm_overpass
12230826426,127.130759,37.511488,osm_overpass
12230826427,127.130826,37.511460,osm_overpass
12230826428,127.130085,37.511891,osm_overpass
12230826429,127.130045,37.511828,osm_overpass
12230826430,127.130050,37.511796,osm_overpass
12230826431,127.130109,37.511775,osm_overpass
12230826432,127.129583,37.512462,osm_overpass
12230826433,127.130956,37.512582,osm_overpass
12230826434,127.130939,37.512620,osm_overpass
12230826435,127.131100,37.512543,osm_overpass
12230826448,127.129466,37.512419,osm_overpass
12230826524,127.133756,37.509890,osm_overpass
12230826525,127.130136,37.513749,osm_overpass
12230826526,127.130326,37.514041,osm_overpass
12230826527,127.130530,37.513957,osm_overpass
12230826528,127.130340,37.513666,osm_overpass
12230826529,127.130459,37.513841,osm_overpass
12230826530,127.130841,37.513683,osm_overpass
12230826531,127.130525,37.514363,osm_overpass
12230826532,127.130714,37.514654,osm_overpass
12230826533,127.130918,37.514571,osm_overpass
12230826534,127.130841,37.514453,osm_overpass
12230826535,127.130729,37.514279,osm_overpass
12230826536,127.130899,37.514946,osm_overpass
12230826537,127.131088,37.515237,osm_overpass
12230826538,127.131292,37.515153,osm_overpass
12230826539,127.131215,37.515036,osm_overpass
12230826540,127.131102,37.514862,osm_overpass
12230826541,127.131081,37.514051,osm_overpass
12230826542,127.130252,37.514389,osm_overpass
12230826543,127.131071,37.515585,osm_overpass
12230826544,127.129790,37.513717,osm_overpass
12230826545,127.130631,37.514319,osm_overpass
12230826546,127.130590,37.514251,osm_overpass
12230826547,127.131465,37.514640,osm_overpass
12230826548,127.130648,37.514967,osm_overpass
12230826549,127.131000,37.514901,osm_overpass
12230826550,127.130963,37.514841,osm_overpass
12230826551,127.131529,37.513885,osm_overpass
12230826552,127.131721,37.513827,osm_overpass
12230826553,127.131574,37.513396,osm_overpass
12230826554,127.131258,37.513501,osm_overpass
12230826555,127.131423,37.513734,osm_overpass
12230826556,127.130982,37.513898,osm_overpass
12230826557,127.131987,37.514635,osm_overpass
12230826558,127.131681,37.514172,osm_overpass
12230826559,127.131843,37.514104,osm_overpass
12230826560,127.131760,37.514290,osm_overpass
12230826561,127.131901,37.514234,osm_overpass
12230826562,127.131881,37.514474,osm_overpass
12230826563,127.131995,37.514432,osm_overpass
12230826564,127.131579,37.514814,osm_overpass
12230826565,127.132328,37.514565,osm_overpass
12230826566,127.132750,37.514513,osm_overpass
12230826567,127.133214,37.514511,osm_overpass
12230826568,127.133637,37.514599,osm_overpass
12230826569,127.133921,37.514699,osm_overpass
12230826570,127.131772,37.515111,osm_overpass
12230826571,127.132092,37.514978,osm_overpass
12230826572,127.132286,37.514911,osm_overpass
12230826573,127.132468,37.514867,osm_overpass
12230826574,127.132752,37.514845,osm_overpass
12230826575,127.133081,37.514857,osm_overpass
12230826576,127.133320,37.514890,osm_overpass
12230826577,127.133752,37.515017,osm_overpass
12230826578,127.132496,37.515014,osm_overpass
12230826579,127.132383,37.514558,osm_overpass
12230826580,127.132343,37.514398,osm_overpass
12230826581,127.131848,37.512847,osm_overpass
12230826582,127.132053,37.513231,osm_overpass
12230826583,127.131648,37.513615,osm_overpass
12230826584,127.131988,37.513537,osm_overpass
12230826585,127.132070,37.513795,osm_overpass
12230826586,127.131939,37.513397,osm_overpass
12230826587,127.132010,37.513236,osm_overpass
12230826588,127.132567,37.513172,osm_overpass
12230826589,127.132266,37.513828,osm_overpass
12230826590,127.132206,37.513878,osm_overpass
12230826591,127.132275,37.514127,osm_overpass
12230826592,127.132279,37.514375,osm_overpass
12230826593,127.132221,37.514179,osm_overpass
12230826594,127.132381,37.514351,osm_overpass
12230826595,127.132334,37.514166,osm_overpass
12230826596,127.132668,37.513941,osm_overpass
12230826597,127.132839,37.513941,osm_overpass
12230826598,127.132842,37.514511,osm_overpass
12230826599,127.132694,37.514119,osm_overpass
12230826600,127.132840,37.514115,osm_overpass
12230826601,127.132717,37.514285,osm_overpass
12230826602,127.132841,37.514285,osm_overpass
12230826603,127.132652,37.513685,osm_overpass
12230826604,127.132838,37.513665,osm_overpass
12230826605,127.132874,37.512939,osm_overpass
12230826606,127.132534,37.512987,osm_overpass
12230826607,127.132864,37.513142,osm_overpass
12230826608,127.133261,37.513154,osm_overpass
12230826609,127.133454,37.512946,osm_overpass
12230826610,127.133215,37.513775,osm_overpass
12230826611,127.133267,37.513075,osm_overpass
12230826612,127.133338,37.513000,osm_overpass
12230826613,127.133611,37.513009,osm_overpass
12230826614,127.133648,37.513111,osm_overpass
12230826615,127.133486,37.513782,osm_overpass
12230826616,127.133341,37.513865,osm_overpass
12230826617,127.133292,37.514102,osm_overpass
12230826618,127.133329,37.514154,osm_overpass
12230826619,127.133267,37.514446,osm_overpass
12230826620,127.133170,37.514446,osm_overpass
12230826621,127.133213,37.514136,osm_overpass
12230826622,127.133153,37.514867,osm_overpass
12230826623,127.133116,37.515011,osm_overpass
12230826624,127.133635,37.513165,osm_overpass
12230826625,127.133985,37.513224,osm_overpass
12230826626,127.133796,37.513774,osm_overpass
12230826627,127.133989,37.513838,osm_overpass
12230826628,127.134394,37.513117,osm_overpass
12230826629,127.134052,37.513031,osm_overpass
12230826630,127.134280,37.513319,osm_overpass
12230826631,127.133697,37.514620,osm_overpass
12230826632,127.133902,37.514092,osm_overpass
12230826633,127.133711,37.514035,osm_overpass
12230826634,127.133555,37.514582,osm_overpass
12230826635,127.133613,37.514378,osm_overpass
12230826636,127.133774,37.514422,osm_overpass
12230826637,127.133666,37.514192,osm_overpass
12230826638,127.133843,37.514244,osm_overpass
12230826647,127.131507,37.514704,osm_overpass
12230826648,127.132145,37.513276,osm_overpass
12230826649,127.133555,37.512986,osm_overpass
12230826650,127.135341,37.514323,osm_overpass
12230826651,127.135173,37.514146,osm_overpass
12230826652,127.135727,37.513665,osm_overpass
12230826653,127.136021,37.513888,osm_overpass
12230826654,127.134998,37.514441,osm_overpass
12230826655,127.134532,37.514811,osm_overpass
12230826656,127.134813,37.515170,osm_overpass
12230826672,127.135302,37.514767,osm_overpass
12230826673,127.135680,37.514605,osm_overpass
12230826674,127.136641,37.514369,osm_overpass
12230826675,127.135813,37.514681,osm_overpass
12230826676,127.135731,37.514679,osm_overpass
12230826677,127.135636,37.514541,osm_overpass
12230826678,127.135679,37.514484,osm_overpass
12230826679,127.136234,37.514197,osm_overpass
12230826680,127.136370,37.514179,osm_overpass
12230826681,127.136581,37.514274,osm_overpass
12230826682,127.136206,37.514211,osm_overpass
12230826683,127.135897,37.513959,osm_overpass
12230826684,127.136347,37.514182,osm_overpass
12230826685,127.136720,37.513922,osm_overpass
12230826686,127.135242,37.514882,osm_overpass
12230826687,127.134845,37.515068,osm_overpass
12230826688,127.134737,37.515058,osm_overpass
12230826689,127.134806,37.514976,osm_overpass
12230826690,127.135208,37.514781,osm_overpass
12230826691,127.134976,37.515685,osm_overpass
12230826692,127.134340,37.515257,osm_overpass
12230826693,127.134523,37.515534,osm_overpass
12230826694,127.134585,37.515791,osm_overpass
12230826695,127.134895,37.515429,osm_overpass
12230826696,127.135560,37.515289,osm_overpass
12230826697,127.135505,37.515084,osm_overpass
12230826698,127.134853,37.515295,osm_overpass
12230826699,127.135366,37.515329,osm_overpass
12230826700,127.135319,37.515144,osm_overpass
12230826701,127.135123,37.515381,osm_overpass
12230826702,127.135093,37.515217,osm_overpass
12230826703,127.135902,37.515202,osm_overpass
12230826704,127.135821,37.514987,osm_overpass
12230826705,127.136961,37.514578,osm_overpass
12230826706,127.137164,37.514950,osm_overpass
12230826707,127.136818,37.514630,osm_overpass
12230826708,127.135346,37.515252,osm_overpass
12230826718,127.137617,37.516326,osm_overpass
12230826719,127.136253,37.516251,osm_overpass
12230826720,127.136233,37.516053,osm_overpass
12230826721,127.137548,37.515937,osm_overpass
12230826722,127.137402,37.515950,osm_overpass
12230826723,127.137335,37.515610,osm_overpass
12230826724,127.135121,37.516217,osm_overpass
12230826725,127.135877,37.516245,osm_overpass
12230826726,127.135870,37.516030,osm_overpass
12230826727,127.135126,37.516118,osm_overpass
12230826728,127.135436,37.516228,osm_overpass
12230826729,127.135440,37.516078,osm_overpass
12230826730,127.135624,37.516236,osm_overpass
12230826731,127.135630,37.516057,osm_overpass
12230826732,127.135074,37.516577,osm_overpass
12230826733,127.135128,37.516066,osm_overpass
12230826734,127.135087,37.515921,osm_overpass
12230826735,127.137341,37.516308,osm_overpass
12230826736,127.137338,37.516738,osm_overpass
12230826737,127.137981,37.516869,osm_overpass
12230826738,127.137496,37.516855,osm_overpass
12230826739,127.136267,37.516876,osm_overpass
12230826740,127.137152,37.517066,osm_overpass
12230826741,127.137265,37.516684,osm_overpass
12230826742,127.136363,37.516650,osm_overpass
12230826743,127.136220,37.516744,osm_overpass
12230826744,127.135791,37.516667,osm_overpass
12230826745,127.135674,37.516737,osm_overpass
12230826746,127.135163,37.516647,osm_overpass
12230826747,127.135143,37.516587,osm_overpass
12230826748,127.135251,37.516497,osm_overpass
12230826749,127.135720,37.516540,osm_overpass
12230826750,127.134666,37.516522,osm_overpass
12230826751,127.134442,37.516470,osm_overpass
12230826752,127.134345,37.516352,osm_overpass
12230826753,127.134281,37.516270,osm_overpass
12230826754,127.135011,37.516568,osm_overpass
12230826755,127.134932,37.516838,osm_overpass
12230826756,127.134220,37.516691,osm_overpass
12230826757,127.135467,37.516922,osm_overpass
12230826758,127.137049,37.517324,osm_overpass
12230826759,127.136868,37.517693,osm_overpass
12230826760,127.136087,37.517373,osm_overpass
12230826761,127.136171,37.517111,osm_overpass
12230826762,127.135998,37.517074,osm_overpass
12230826763,127.136844,37.517683,osm_overpass
12230826764,127.136678,37.517976,osm_overpass
12230826765,127.133722,37.516523,osm_overpass
12230826766,127.133947,37.516890,osm_overpass
12230826767,127.134364,37.517250,osm_overpass
12230826768,127.134419,37.517238,osm_overpass
12230826769,127.134464,37.517198,osm_overpass
12230826770,127.134564,37.517265,osm_overpass
12230826771,127.134528,37.517119,osm_overpass
12230826772,127.134109,37.516939,osm_overpass
12230826773,127.134019,37.516952,osm_overpass
12230826774,127.133517,37.516884,osm_overpass
12230826775,127.133652,37.517074,osm_overpass
12230826776,127.133784,37.517112,osm_overpass
12230826777,127.134154,37.517495,osm_overpass
12230826778,127.134069,37.517531,osm_overpass
12230826779,127.134150,37.517655,osm_overpass
12230826780,127.133945,37.517577,osm_overpass
12230826781,127.133840,37.517416,osm_overpass
12230826782,127.134016,37.517352,osm_overpass
12230826783,127.133887,37.517219,osm_overpass
12230826784,127.133753,37.517274,osm_overpass
12230826785,127.133197,37.517168,osm_overpass
12230826786,127.132308,37.517513,osm_overpass
12230826787,127.132828,37.518310,osm_overpass
12230826788,127.132107,37.517204,osm_overpass
12230826789,127.132873,37.518318,osm_overpass
12230826790,127.132925,37.518318,osm_overpass
12230826791,127.133616,37.518037,osm_overpass
12230826792,127.133533,37.518069,osm_overpass
12230826793,127.133406,37.517860,osm_overpass
12230826794,127.132890,37.517935,osm_overpass
12230826795,127.133108,37.517844,osm_overpass
12230826796,127.132800,37.517322,osm_overpass
12230826797,127.132568,37.517407,osm_overpass
12230826798,127.137486,37.518574,osm_overpass
12230826799,127.137163,37.518718,osm_overpass
12230826800,127.137385,37.519071,osm_overpass
12230826801,127.136971,37.519247,osm_overpass
12230826802,127.137001,37.519315,osm_overpass
12230826803,127.136835,37.519399,osm_overpass
12230826804,127.136731,37.519281,osm_overpass
12230826805,127.137152,37.518833,osm_overpass
12230826806,127.137220,37.518808,osm_overpass
12230826807,127.137667,37.518492,osm_overpass
12230826808,127.137889,37.518792,osm_overpass
12230826809,127.137961,37.518760,osm_overpass
12230826810,127.138302,37.518886,osm_overpass
12230826811,127.138017,37.518738,osm_overpass
12230826812,127.137684,37.518399,osm_overpass
12230826813,127.137754,37.518490,osm_overpass
12230826814,127.135213,37.516655,osm_overpass
12314061714,127.107555,37.528241,osm_overpass
12314061715,127.107186,37.527975,osm_overpass
12314061716,127.106915,37.527702,osm_overpass
12314061717,127.106649,37.527478,osm_overpass
12314061718,127.106490,37.527383,osm_overpass
12314061719,127.106428,37.527359,osm_overpass
12314061720,127.106166,37.527228,osm_overpass
12314061721,127.105554,37.526758,osm_overpass
12314061722,127.105344,37.526573,osm_overpass
12314061723,127.105230,37.526454,osm_overpass
12314061724,127.105080,37.526204,osm_overpass
12314061726,127.104836,37.525798,osm_overpass
12314061727,127.105719,37.526881,osm_overpass
12314061728,127.105884,37.527016,osm_overpass
12314061731,127.091551,37.518329,osm_overpass
12314061732,127.098753,37.521263,osm_overpass
12350970584,127.138347,37.533397,osm_overpass
12364251897,127.091942,37.511836,osm_overpass
12364251898,127.092134,37.511758,osm_overpass
12364251899,127.092245,37.511707,osm_overpass
12364251900,127.092394,37.511637,osm_overpass
12364277615,127.128525,37.512074,osm_overpass
12364290803,127.090239,37.507610,osm_overpass
12364290804,127.090305,37.507552,osm_overpass
12364290805,127.090341,37.507502,osm_overpass
12364290806,127.090386,37.507430,osm_overpass
12364290807,127.090411,37.507376,osm_overpass
12364290808,127.090436,37.507309,osm_overpass
12364290809,127.090465,37.507203,osm_overpass
12364294301,127.092506,37.511551,osm_overpass
12364294302,127.092613,37.511457,osm_overpass
12364294303,127.092713,37.511373,osm_overpass
12373950350,127.103919,37.498293,osm_overpass
12389396032,127.107338,37.499296,osm_overpass
12389396034,127.106820,37.499175,osm_overpass
12389396036,127.105714,37.498844,osm_overpass
12389396048,127.104604,37.499457,osm_overpass
12389396049,127.104617,37.499427,osm_overpass
12389396052,127.104854,37.498580,osm_overpass
12390920001,127.104225,37.499310,osm_overpass
12390920026,127.104043,37.498331,osm_overpass
12390920078,127.103782,37.499211,osm_overpass
12390920080,127.103895,37.499210,osm_overpass
12390920081,127.104666,37.499442,osm_overpass
12390920082,127.105434,37.499670,osm_overpass
12390920083,127.105902,37.499815,osm_overpass
12390920084,127.106555,37.500012,osm_overpass
12390920085,127.106789,37.500082,osm_overpass
12390920086,127.106945,37.500129,osm_overpass
12390920087,127.108748,37.500672,osm_overpass
12451099316,127.137150,37.523044,osm_overpass
12451099317,127.136708,37.522667,osm_overpass
12451099318,127.137868,37.525599,osm_overpass
12451099319,127.139054,37.520822,osm_overpass
12451099320,127.139080,37.520812,osm_overpass
12451099321,127.139483,37.520724,osm_overpass
12451099322,127.139037,37.520835,osm_overpass
12451099323,127.139026,37.520848,osm_overpass
12451099324,127.139020,37.520863,osm_overpass
12451099325,127.139017,37.520884,osm_overpass
12451099326,127.139015,37.520903,osm_overpass
12451099327,127.139016,37.520925,osm_overpass
12451099328,127.139017,37.520943,osm_overpass
12451099329,127.139025,37.520963,osm_overpass
12451099330,127.139037,37.520976,osm_overpass
12451099331,127.139059,37.520989,osm_overpass
12451099332,127.139084,37.520998,osm_overpass
12451099333,127.139111,37.521005,osm_overpass
12451099334,127.139135,37.521006,osm_overpass
12451099335,127.139159,37.521006,osm_overpass
12451099336,127.139182,37.521002,osm_overpass
12451099337,127.139204,37.520994,osm_overpass
12451099338,127.139219,37.520985,osm_overpass
12451099339,127.139234,37.520968,osm_overpass
12451099340,127.139242,37.520950,osm_overpass
12451099341,127.139247,37.520932,osm_overpass
12451099342,127.139249,37.520913,osm_overpass
12451099343,127.139250,37.520895,osm_overpass
12451099344,127.139734,37.521385,osm_overpass
12451099345,127.140022,37.521325,osm_overpass
12451099346,127.140338,37.522897,osm_overpass
12451099347,127.139871,37.523019,osm_overpass
12451099349,127.140912,37.524516,osm_overpass
12451099350,127.141245,37.525374,osm_overpass
12454254307,127.138511,37.512355,osm_overpass
12589629119,127.111291,37.535099,osm_overpass
12616906077,127.134432,37.521395,osm_overpass
12747226233,127.090482,37.530047,osm_overpass
12747226234,127.089956,37.529682,osm_overpass
12814831033,127.086332,37.502360,osm_overpass
12814831057,127.096647,37.498100,osm_overpass
12814831058,127.094762,37.499391,osm_overpass
12814945609,127.091654,37.501280,osm_overpass
12814945610,127.091579,37.501241,osm_overpass
12814945611,127.091611,37.501180,osm_overpass
12814945612,127.091706,37.501206,osm_overpass
12814945613,127.091665,37.501307,osm_overpass
12814945616,127.090114,37.502025,osm_overpass
12814945617,127.090475,37.501927,osm_overpass
12814945622,127.091322,37.507455,osm_overpass
12814945623,127.091159,37.507652,osm_overpass
12814945624,127.091125,37.507742,osm_overpass
12814945625,127.091116,37.507950,osm_overpass
12819092807,127.099754,37.508114,osm_overpass
12819092808,127.101103,37.509436,osm_overpass
12819092809,127.101024,37.509234,osm_overpass
12819092810,127.100975,37.509244,osm_overpass
12819092811,127.100937,37.509465,osm_overpass
12819092812,127.100918,37.509257,osm_overpass
12819092813,127.100889,37.509180,osm_overpass
12819092814,127.100761,37.509248,osm_overpass
12819092815,127.100825,37.509202,osm_overpass
12819092816,127.100687,37.509523,osm_overpass
12819092817,127.100729,37.509453,osm_overpass
12819092818,127.100657,37.509425,osm_overpass
12819092819,127.100707,37.509402,osm_overpass
12819092820,127.100675,37.509390,osm_overpass
12819092821,127.100252,37.509057,osm_overpass
12819092822,127.100343,37.508965,osm_overpass
12819092823,127.100335,37.508977,osm_overpass
12819092824,127.100093,37.508647,osm_overpass
12819092825,127.100285,37.508786,osm_overpass
12819092826,127.100234,37.508732,osm_overpass
12819092839,127.099518,37.509113,osm_overpass
12819092840,127.099667,37.508894,osm_overpass
12819092841,127.098919,37.508730,osm_overpass
12819092842,127.099069,37.508674,osm_overpass
12819092843,127.099128,37.508629,osm_overpass
12819092844,127.099174,37.508625,osm_overpass
12819092845,127.099318,37.508417,osm_overpass
12819092846,127.099374,37.508314,osm_overpass
12819092847,127.099317,37.508325,osm_overpass
12819092848,127.099339,37.508448,osm_overpass
12819092849,127.099481,37.508196,osm_overpass
12819092850,127.099609,37.508123,osm_overpass
12820401998,127.096941,37.501871,osm_overpass
13025834327,127.087019,37.509589,osm_overpass
13025834344,127.087432,37.509848,osm_overpass
13025834386,127.088348,37.510815,osm_overpass
13025834387,127.088096,37.510551,osm_overpass
13025835470,127.088936,37.508404,osm_overpass
13025835471,127.089197,37.508443,osm_overpass
13025835514,127.091691,37.509666,osm_overpass
13025835524,127.088647,37.508479,osm_overpass
13025835525,127.088558,37.508548,osm_overpass
13025835526,127.088431,37.508763,osm_overpass
13025835527,127.088252,37.509050,osm_overpass
13025835550,127.090716,37.507772,osm_overpass
13025835551,127.090428,37.508336,osm_overpass
13025835552,127.090456,37.508281,osm_overpass
13025835553,127.089784,37.508080,osm_overpass
13025835554,127.089642,37.508190,osm_overpass
13025835555,127.089483,37.508256,osm_overpass
13025835556,127.089343,37.508497,osm_overpass
13025835593,127.089934,37.508609,osm_overpass
13025835594,127.090587,37.508025,osm_overpass
13025835622,127.090449,37.508296,osm_overpass
13025835623,127.090806,37.508508,osm_overpass
13025835624,127.091067,37.508994,osm_overpass
13025835625,127.092809,37.510190,osm_overpass
13025835626,127.092862,37.510416,osm_overpass
13025835636,127.090414,37.509095,osm_overpass
13025835637,127.090949,37.508774,osm_overpass
13025835638,127.089575,37.508218,osm_overpass
13025835662,127.089555,37.510737,osm_overpass
13025835677,127.091147,37.509140,osm_overpass
13025835678,127.091328,37.509093,osm_overpass
13025835679,127.091396,37.509138,osm_overpass
13025835680,127.091413,37.509266,osm_overpass
13025835681,127.091455,37.509319,osm_overpass
13025835682,127.091494,37.509348,osm_overpass
13025835683,127.091627,37.509564,osm_overpass
13028126512,127.091914,37.509906,osm_overpass
13028126513,127.092000,37.509996,osm_overpass
13028126514,127.092091,37.510109,osm_overpass
13028126515,127.092188,37.510232,osm_overpass
13028126516,127.092256,37.510429,osm_overpass
13028126517,127.092202,37.510606,osm_overpass
13028126518,127.092102,37.510812,osm_overpass
13028126519,127.092070,37.510862,osm_overpass
13028126520,127.092231,37.511053,osm_overpass
13028126596,127.091989,37.511195,osm_overpass
13028137022,127.090473,37.510700,osm_overpass
13028137023,127.091144,37.510331,osm_overpass
13028137024,127.090523,37.510672,osm_overpass
13028137025,127.090652,37.510312,osm_overpass
13028137026,127.090573,37.510231,osm_overpass
13028137027,127.090825,37.510506,osm_overpass
13028137028,127.090621,37.510280,osm_overpass
13028137029,127.090681,37.510244,osm_overpass
13028137030,127.090872,37.510291,osm_overpass
13028137031,127.091009,37.510192,osm_overpass
13028137054,127.094742,37.510309,osm_overpass
13028137110,127.094381,37.511191,osm_overpass
13028137111,127.094422,37.510917,osm_overpass
13028137112,127.094596,37.510921,osm_overpass
13028137113,127.094690,37.510858,osm_overpass
13028137114,127.094659,37.510364,osm_overpass
13028137115,127.094637,37.510241,osm_overpass
13028137116,127.094650,37.510316,osm_overpass
13028137144,127.094778,37.511645,osm_overpass
13028137145,127.095543,37.511710,osm_overpass
13030695544,127.097618,37.513542,osm_overpass
13030695545,127.097431,37.513445,osm_overpass
13030695546,127.097366,37.513482,osm_overpass
13032575694,127.100611,37.514922,osm_overpass
13032575695,127.100704,37.514729,osm_overpass
13032575696,127.100942,37.514659,osm_overpass
13032575697,127.101278,37.514759,osm_overpass
13032575698,127.101294,37.514730,osm_overpass
13032575699,127.101321,37.514706,osm_overpass
13032575700,127.101508,37.514766,osm_overpass
13032600401,127.101508,37.514796,osm_overpass
13032600402,127.101496,37.514824,osm_overpass
13032600403,127.101357,37.514692,osm_overpass
13032600404,127.101397,37.514688,osm_overpass
13032600405,127.101436,37.514694,osm_overpass
13032600406,127.101470,37.514711,osm_overpass
13032600407,127.101495,37.514736,osm_overpass
13032600408,127.101473,37.514848,osm_overpass
13032600409,127.101442,37.514865,osm_overpass
13032600410,127.101406,37.514873,osm_overpass
13032600411,127.101369,37.514872,osm_overpass
13032600412,127.101333,37.514862,osm_overpass
13032600413,127.101304,37.514843,osm_overpass
13032600414,127.101284,37.514818,osm_overpass
13032600415,127.101275,37.514789,osm_overpass
13032600416,127.101748,37.514867,osm_overpass
13041280676,127.084763,37.518333,osm_overpass
13041280678,127.084955,37.518354,osm_overpass
13095973447,127.123158,37.525934,osm_overpass
13095973448,127.123039,37.525955,osm_overpass
13095973449,127.122124,37.526217,osm_overpass
13095973450,127.121005,37.527055,osm_overpass
13095973451,127.120951,37.526821,osm_overpass
13095973452,127.120827,37.526640,osm_overpass
13095973459,127.119695,37.527281,osm_overpass
13095973460,127.119258,37.526655,osm_overpass
13095973463,127.119216,37.527153,osm_overpass
13095973465,127.119202,37.526679,osm_overpass
13095973466,127.119450,37.527033,osm_overpass
13095973467,127.119219,37.527175,osm_overpass
13095973468,127.119209,37.527164,osm_overpass
13095973469,127.119699,37.527303,osm_overpass
13095973470,127.119673,37.527316,osm_overpass
13095973471,127.119514,37.527267,osm_overpass
13095973472,127.119450,37.527396,osm_overpass
13095973473,127.119349,37.527365,osm_overpass
13095973474,127.119395,37.527226,osm_overpass
13095973494,127.119293,37.527595,osm_overpass
13095973495,127.119248,37.527568,osm_overpass
13095973496,127.119219,37.527511,osm_overpass
13095973497,127.119219,37.527458,osm_overpass
13095973498,127.119262,37.527417,osm_overpass
13095973499,127.119322,37.527394,osm_overpass
13095973500,127.119386,37.527399,osm_overpass
13095981401,127.119453,37.527437,osm_overpass
13095981402,127.119477,37.527499,osm_overpass
13095981403,127.119468,37.527548,osm_overpass
13095981404,127.119429,37.527595,osm_overpass
13095981405,127.119364,37.527606,osm_overpass
13095981406,127.119396,37.527379,osm_overpass
13131853125,127.139110,37.519675,osm_overpass
13131853126,127.140073,37.522125,osm_overpass
13179565497,127.091308,37.508166,osm_overpass
13179565498,127.104129,37.508797,osm_overpass
13206630615,127.090123,37.533897,osm_overpass
13380516298,127.032244,37.540963,osm_overpass
13380516300,127.032623,37.540877,osm_overpass
13382676173,127.092583,37.509161,osm_overpass
13382727840,127.108528,37.506663,osm_overpass
13382727841,127.107180,37.505929,osm_overpass
13382743433,127.106541,37.513853,osm_overpass
13382743434,127.107155,37.513791,osm_overpass
13382743438,127.105723,37.514744,osm_overpass
13382743439,127.106192,37.514877,osm_overpass
13382743440,127.106438,37.514380,osm_overpass
13382743441,127.107048,37.514570,osm_overpass
13382743442,127.106133,37.514285,osm_overpass
13382974681,127.109737,37.502138,osm_overpass
13383181852,127.105843,37.500239,osm_overpass
13383181853,127.106273,37.501135,osm_overpass
13383181854,127.105907,37.502402,osm_overpass
13383199090,127.106647,37.504555,osm_overpass
13383211076,127.103499,37.503693,osm_overpass
13383218332,127.104752,37.504396,osm_overpass
13383218333,127.104677,37.504537,osm_overpass
13383218334,127.105113,37.504690,osm_overpass
13401519688,127.104438,37.514611,osm_overpass
13401519689,127.104294,37.514486,osm_overpass
13401519690,127.104040,37.514387,osm_overpass
13401519692,127.102668,37.513908,osm_overpass
13401519693,127.102267,37.513787,osm_overpass
13401519694,127.104957,37.514786,osm_overpass
13439284473,127.100524,37.513450,osm_overpass
13439284474,127.100834,37.513554,osm_overpass
13439284475,127.101156,37.513660,osm_overpass
13439284476,127.100770,37.513340,osm_overpass
13439284477,127.100677,37.513504,osm_overpass
13456334989,127.131693,37.504711,osm_overpass
13456334990,127.131966,37.502256,osm_overpass
13456334991,127.132027,37.502349,osm_overpass
13456334992,127.131562,37.502790,osm_overpass
13456334993,127.131583,37.502802,osm_overpass
13456334994,127.131425,37.502843,osm_overpass
13456334995,127.131098,37.502682,osm_overpass
13456334996,127.131233,37.502516,osm_overpass
13456334997,127.131563,37.502686,osm_overpass
13456334998,127.131498,37.502760,osm_overpass
13456335000,127.131470,37.503622,osm_overpass
13456366701,127.131935,37.503099,osm_overpass
13456366702,127.131883,37.503124,osm_overpass
13456366703,127.131821,37.503181,osm_overpass
13456366704,127.131753,37.503234,osm_overpass
13456366705,127.131685,37.503270,osm_overpass
13456366706,127.131617,37.503329,osm_overpass
13456366707,127.131578,37.503379,osm_overpass
13456366708,127.131561,37.503420,osm_overpass
13456366709,127.131628,37.503475,osm_overpass
13456366710,127.131679,37.503474,osm_overpass
13456366711,127.131740,37.503433,osm_overpass
13456366712,127.131794,37.503368,osm_overpass
13456366713,127.131832,37.503314,osm_overpass
13456366714,127.131844,37.503273,osm_overpass
13456366715,127.131822,37.503249,osm_overpass
13456366716,127.131742,37.503475,osm_overpass
13456366717,127.131832,37.503434,osm_overpass
13456366718,127.131904,37.503377,osm_overpass
13456366719,127.131942,37.503344,osm_overpass
13456366720,127.131260,37.503723,osm_overpass
13456366721,127.131284,37.503651,osm_overpass
13456366722,127.131451,37.503559,osm_overpass
13456366723,127.131567,37.503408,osm_overpass
13456366724,127.131314,37.503240,osm_overpass
13456366725,127.131576,37.503303,osm_overpass
13456366726,127.131617,37.503273,osm_overpass
13456366727,127.131177,37.503060,osm_overpass
13456366728,127.131557,37.503165,osm_overpass
13456366729,127.131682,37.503131,osm_overpass
13456366730,127.131709,37.503103,osm_overpass
13456366731,127.131708,37.503039,osm_overpass
13456366732,127.131783,37.502917,osm_overpass
13456366733,127.131913,37.502621,osm_overpass
13456366734,127.131890,37.502615,osm_overpass
13456366735,127.131502,37.502997,osm_overpass
13456366736,127.131285,37.502910,osm_overpass
13456366737,127.131487,37.502953,osm_overpass
13456366738,127.131714,37.502637,osm_overpass
13456366739,127.131572,37.502572,osm_overpass
13456366740,127.131499,37.502653,osm_overpass
13456366741,127.131658,37.503293,osm_overpass
13456366742,127.130313,37.504257,osm_overpass
13456366743,127.130424,37.504197,osm_overpass
13456366744,127.130439,37.504191,osm_overpass
13456366745,127.130609,37.504094,osm_overpass
13456366746,127.131019,37.503870,osm_overpass
13456366747,127.131872,37.502974,osm_overpass
13456366748,127.131947,37.502851,osm_overpass
13456366749,127.131962,37.502654,osm_overpass
13456366750,127.131955,37.502593,osm_overpass
13456366751,127.131284,37.502322,osm_overpass
13456366752,127.131372,37.502404,osm_overpass
13456366753,127.131310,37.502380,osm_overpass
13456366754,127.131270,37.502419,osm_overpass
13456366755,127.131304,37.502439,osm_overpass
13456366761,127.131171,37.502592,osm_overpass
13456366762,127.131100,37.502560,osm_overpass
13456366774,127.132069,37.503466,osm_overpass
13456366775,127.132084,37.503382,osm_overpass
13456366776,127.132212,37.503290,osm_overpass
13456366777,127.132250,37.503316,osm_overpass
13456366778,127.132172,37.503208,osm_overpass
13456366779,127.132172,37.503146,osm_overpass
13456366784,127.131848,37.501926,osm_overpass
13456366785,127.132396,37.502785,osm_overpass
13456366786,127.132496,37.502909,osm_overpass
13456366787,127.132486,37.502991,osm_overpass
13456366788,127.132512,37.503092,osm_overpass
13456366789,127.132530,37.503189,osm_overpass
13456366790,127.132672,37.503249,osm_overpass
13456366791,127.132836,37.503310,osm_overpass
13456366792,127.132958,37.503290,osm_overpass
13456366793,127.133013,37.503278,osm_overpass
13456366794,127.133129,37.503206,osm_overpass
13456366795,127.133267,37.503196,osm_overpass
13456366796,127.133375,37.503175,osm_overpass
13456366797,127.133402,37.503207,osm_overpass
13456366798,127.133351,37.503294,osm_overpass
13456366799,127.133224,37.503373,osm_overpass
13456366800,127.133173,37.503492,osm_overpass
13456366801,127.133024,37.503604,osm_overpass
13456366802,127.132964,37.503676,osm_overpass
13456366803,127.132870,37.503728,osm_overpass
13456366804,127.132720,37.503753,osm_overpass
13456366805,127.132584,37.503824,osm_overpass
13456366806,127.132513,37.503842,osm_overpass
13456366807,127.132632,37.503981,osm_overpass
13456366808,127.132764,37.504114,osm_overpass
13456366809,127.132991,37.504217,osm_overpass
13456366810,127.133107,37.504365,osm_overpass
13456366811,127.133291,37.504438,osm_overpass
13456366812,127.132752,37.503843,osm_overpass
13456366813,127.132487,37.503228,osm_overpass
13456366814,127.132550,37.503298,osm_overpass
13456366815,127.132578,37.503262,osm_overpass
13456366816,127.132570,37.503206,osm_overpass
13456366817,127.132348,37.503421,osm_overpass
13456366818,127.132458,37.503406,osm_overpass
13456366819,127.132520,37.503358,osm_overpass
13456366820,127.132510,37.503445,osm_overpass
13456366821,127.132580,37.503450,osm_overpass
13456366822,127.132833,37.503412,osm_overpass
13456366823,127.132895,37.503366,osm_overpass
13456366824,127.132947,37.503328,osm_overpass
13456366825,127.132948,37.503291,osm_overpass
13456366826,127.132845,37.503347,osm_overpass
13456366827,127.132844,37.503323,osm_overpass
13456366828,127.132861,37.503306,osm_overpass
13456366829,127.133078,37.503333,osm_overpass
13456366830,127.132457,37.503843,osm_overpass
13456366831,127.132285,37.503851,osm_overpass
13456366832,127.132222,37.503880,osm_overpass
13456366833,127.132137,37.503939,osm_overpass
13456366834,127.132207,37.503977,osm_overpass
13456366835,127.132323,37.503964,osm_overpass
13456366836,127.132422,37.503914,osm_overpass
13456366837,127.132073,37.503977,osm_overpass
13456366838,127.132247,37.504021,osm_overpass
13456366839,127.132413,37.504153,osm_overpass
13456366840,127.132600,37.504268,osm_overpass
13456366841,127.132775,37.504342,osm_overpass
13456366842,127.133463,37.504429,osm_overpass
13456366843,127.133696,37.504509,osm_overpass
13456366844,127.133868,37.504455,osm_overpass
13456366845,127.133627,37.504580,osm_overpass
13456366846,127.133465,37.504748,osm_overpass
13456366847,127.133429,37.504769,osm_overpass
13456366848,127.133325,37.504652,osm_overpass
13456366849,127.133308,37.504550,osm_overpass
13456366850,127.133328,37.504487,osm_overpass
13456366851,127.133365,37.504833,osm_overpass
13456366852,127.133284,37.504866,osm_overpass
13456366853,127.133234,37.504878,osm_overpass
13456366854,127.133201,37.504944,osm_overpass
13456366855,127.133312,37.504897,osm_overpass
13456366856,127.133373,37.504875,osm_overpass
13456366857,127.133461,37.504800,osm_overpass
13456366858,127.133161,37.504987,osm_overpass
13456366859,127.133053,37.505006,osm_overpass
13456366860,127.132952,37.505081,osm_overpass
13456366861,127.132799,37.505124,osm_overpass
13456366862,127.132731,37.505088,osm_overpass
13456366863,127.132588,37.505153,osm_overpass
13456366864,127.132486,37.505216,osm_overpass
13456366865,127.132406,37.505209,osm_overpass
13456366866,127.132120,37.504277,osm_overpass
13456366867,127.132192,37.504340,osm_overpass
13456366868,127.132289,37.504446,osm_overpass
13456366869,127.132485,37.504631,osm_overpass
13456366870,127.132490,37.504780,osm_overpass
13456366871,127.132485,37.504911,osm_overpass
13456366872,127.132487,37.505054,osm_overpass
13456366873,127.132348,37.505282,osm_overpass
13456366874,127.132220,37.505330,osm_overpass
13456366875,127.132012,37.505407,osm_overpass
13456366876,127.131948,37.505420,osm_overpass
13456366877,127.131846,37.505405,osm_overpass
13456366878,127.131747,37.505343,osm_overpass
13456366879,127.131677,37.505292,osm_overpass
13456366880,127.131622,37.505292,osm_overpass
13456366881,127.131510,37.505341,osm_overpass
13456366882,127.131946,37.505539,osm_overpass
13456366883,127.131870,37.505539,osm_overpass
13456366884,127.131874,37.505576,osm_overpass
13456366885,127.131309,37.505286,osm_overpass
13456366886,127.131539,37.505161,osm_overpass
13456366887,127.131389,37.505243,osm_overpass
13456366888,127.131409,37.505232,osm_overpass
13456366889,127.132552,37.504561,osm_overpass
13456366891,127.132701,37.504834,osm_overpass
13456366892,127.132812,37.504914,osm_overpass
13456366893,127.132801,37.505007,osm_overpass
13456366894,127.132674,37.504505,osm_overpass
13456366895,127.132906,37.504456,osm_overpass
13456366896,127.132077,37.504092,osm_overpass
13456366897,127.132242,37.504207,osm_overpass
13456366898,127.132360,37.504295,osm_overpass
13456366899,127.132490,37.504368,osm_overpass
13456366900,127.132501,37.504484,osm_overpass
13456366901,127.131344,37.505163,osm_overpass
13456366902,127.131418,37.505119,osm_overpass
13456366903,127.131263,37.504956,osm_overpass
13456366904,127.131352,37.504871,osm_overpass
13456366905,127.131295,37.504802,osm_overpass
13456366906,127.131322,37.504780,osm_overpass
13456366907,127.131276,37.504813,osm_overpass
13456366908,127.131152,37.504651,osm_overpass
13456366909,127.131140,37.504587,osm_overpass
13456366910,127.131081,37.504471,osm_overpass
13456366911,127.131051,37.504419,osm_overpass
13456366912,127.131020,37.504354,osm_overpass
13456366913,127.130920,37.504293,osm_overpass
13456366914,127.130924,37.504165,osm_overpass
13456366915,127.130865,37.504134,osm_overpass
13456366916,127.130737,37.504131,osm_overpass
13456366917,127.131016,37.504099,osm_overpass
13456366918,127.131049,37.504130,osm_overpass
13456366919,127.131163,37.504139,osm_overpass
13456366920,127.131199,37.504160,osm_overpass
13456366921,127.131235,37.504154,osm_overpass
13456366922,127.131272,37.504119,osm_overpass
13456366923,127.131327,37.504083,osm_overpass
13456366924,127.131413,37.504054,osm_overpass
13456366925,127.131447,37.504020,osm_overpass
13456366926,127.131272,37.504014,osm_overpass
13456366927,127.131122,37.504004,osm_overpass
13456366928,127.131021,37.503986,osm_overpass
13456366929,127.130943,37.503912,osm_overpass
13456366930,127.131539,37.504019,osm_overpass
13456366931,127.131667,37.504033,osm_overpass
13456366932,127.131711,37.503943,osm_overpass
13456366933,127.131750,37.503929,osm_overpass
13456366934,127.131824,37.503866,osm_overpass
13456366935,127.131827,37.504032,osm_overpass
13456366936,127.131734,37.504062,osm_overpass
13456366937,127.131691,37.504047,osm_overpass
13456366938,127.131603,37.504110,osm_overpass
13456366939,127.131429,37.504221,osm_overpass
13456366940,127.131321,37.504270,osm_overpass
13456366941,127.131356,37.504210,osm_overpass
13456366942,127.131423,37.504159,osm_overpass
13456366943,127.131506,37.504097,osm_overpass
13456366944,127.131455,37.504205,osm_overpass
13456366945,127.131261,37.504178,osm_overpass
13456366946,127.131231,37.504213,osm_overpass
13456366947,127.131207,37.504331,osm_overpass
13456366948,127.131164,37.504395,osm_overpass
13456366949,127.131277,37.504293,osm_overpass
13456366950,127.131297,37.504365,osm_overpass
13456366951,127.131236,37.504443,osm_overpass
13456366952,127.131142,37.504491,osm_overpass
13456366953,127.131870,37.504053,osm_overpass
13456366954,127.131915,37.504115,osm_overpass
13456404997,127.135269,37.499353,osm_overpass
13456404998,127.135166,37.499434,osm_overpass
13456441111,127.133695,37.499858,osm_overpass
13456441113,127.133741,37.499920,osm_overpass
13456441114,127.134041,37.500098,osm_overpass
13456441115,127.134354,37.499991,osm_overpass
13456441116,127.134169,37.500098,osm_overpass
13456441117,127.134103,37.500159,osm_overpass
13456441118,127.134030,37.500462,osm_overpass
13456441119,127.134049,37.500360,osm_overpass
13456441120,127.133793,37.500237,osm_overpass
13456441121,127.133528,37.500213,osm_overpass
13456441122,127.134621,37.500200,osm_overpass
13456441123,127.134595,37.500284,osm_overpass
13456441124,127.134532,37.500355,osm_overpass
13456441125,127.134509,37.500455,osm_overpass
13456441126,127.134605,37.500562,osm_overpass
13456441127,127.134744,37.500585,osm_overpass
13456441128,127.134828,37.500570,osm_overpass
13456441129,127.134918,37.500557,osm_overpass
13456441130,127.134447,37.500717,osm_overpass
13456441131,127.134572,37.500654,osm_overpass
13456441132,127.134640,37.500568,osm_overpass
13456441139,127.133355,37.500728,osm_overpass
13456441140,127.133232,37.500831,osm_overpass
13456441141,127.133207,37.500813,osm_overpass
13456441142,127.133276,37.500794,osm_overpass
13456441143,127.133339,37.500832,osm_overpass
13456441144,127.133265,37.500937,osm_overpass
13456441145,127.133269,37.501021,osm_overpass
13456441146,127.133258,37.501088,osm_overpass
13456441147,127.133215,37.501123,osm_overpass
13456441148,127.133161,37.501123,osm_overpass
13456441149,127.133089,37.501024,osm_overpass
13456441150,127.132917,37.500927,osm_overpass
13456441151,127.132805,37.500851,osm_overpass
13456441152,127.132654,37.500875,osm_overpass
13456441153,127.133168,37.500937,osm_overpass
13456441154,127.133237,37.500934,osm_overpass
13456441155,127.133266,37.500956,osm_overpass
13456441156,127.131945,37.500301,osm_overpass
13456441157,127.131955,37.500200,osm_overpass
13456441158,127.132036,37.500177,osm_overpass
13456441159,127.132126,37.500086,osm_overpass
13456441160,127.132155,37.499971,osm_overpass
13456441161,127.132242,37.499966,osm_overpass
13456441162,127.132344,37.500045,osm_overpass
13456441163,127.132452,37.500114,osm_overpass
13456441164,127.132579,37.500078,osm_overpass
13456441165,127.132654,37.500101,osm_overpass
13456441166,127.132759,37.500115,osm_overpass
13456441167,127.132651,37.500162,osm_overpass
13456441168,127.132613,37.500187,osm_overpass
13456441169,127.132258,37.500174,osm_overpass
13456441170,127.132278,37.500222,osm_overpass
13456441171,127.132467,37.500384,osm_overpass
13456441172,127.132601,37.500344,osm_overpass
13456441173,127.132676,37.500408,osm_overpass
13456441174,127.132489,37.500483,osm_overpass
13456441175,127.132543,37.500590,osm_overpass
13456441176,127.132470,37.500670,osm_overpass
13456441177,127.132466,37.500722,osm_overpass
13456441178,127.132391,37.500812,osm_overpass
13456441179,127.132454,37.500872,osm_overpass
13456441185,127.132246,37.500457,osm_overpass
13456441188,127.132025,37.500401,osm_overpass
13456441189,127.132003,37.500312,osm_overpass
13456441190,127.132123,37.500307,osm_overpass
13456441191,127.132205,37.500322,osm_overpass
13456441192,127.132288,37.500392,osm_overpass
13456441193,127.132307,37.500436,osm_overpass
13459527499,127.131399,37.502369,osm_overpass
13459527500,127.132246,37.502663,osm_overpass
13459546801,127.132166,37.502505,osm_overpass
13459546802,127.132101,37.502489,osm_overpass
13459546803,127.132135,37.502445,osm_overpass
13459546804,127.132079,37.502322,osm_overpass
13459546805,127.131999,37.502315,osm_overpass
13459546806,127.131769,37.502075,osm_overpass
13459546807,127.131399,37.501995,osm_overpass
13459546808,127.131360,37.502024,osm_overpass
13459546809,127.131279,37.502026,osm_overpass
13459546810,127.131048,37.502012,osm_overpass
13459546811,127.130311,37.502440,osm_overpass
13459546812,127.130723,37.502201,osm_overpass
13459546813,127.130980,37.502051,osm_overpass
13459546814,127.131184,37.502372,osm_overpass
13459546815,127.130874,37.502709,osm_overpass
13459546816,127.130850,37.502698,osm_overpass
13459546817,127.131138,37.502179,osm_overpass
13459546818,127.131406,37.502168,osm_overpass
13459546821,127.131039,37.502530,osm_overpass
13459546822,127.130964,37.502491,osm_overpass
13459546823,127.130877,37.502450,osm_overpass
13459546824,127.130937,37.502478,osm_overpass
13459546825,127.130783,37.502644,osm_overpass
13459546826,127.130726,37.502691,osm_overpass
13459546827,127.130715,37.502791,osm_overpass
13459546828,127.130809,37.502867,osm_overpass
13459546829,127.130746,37.502469,osm_overpass
13459546830,127.130640,37.502540,osm_overpass
13459546831,127.130571,37.502598,osm_overpass
13459546832,127.131062,37.502223,osm_overpass
13459546833,127.130931,37.502080,osm_overpass
13459546834,127.131015,37.502316,osm_overpass
13459546836,127.131857,37.500405,osm_overpass
13459546837,127.131559,37.500558,osm_overpass
13459546838,127.131512,37.500558,osm_overpass
13459546839,127.131440,37.500581,osm_overpass
13459546840,127.131246,37.500705,osm_overpass
13459546841,127.131201,37.500771,osm_overpass
13459546842,127.131216,37.500981,osm_overpass
13459546843,127.131156,37.501120,osm_overpass
13459546844,127.131394,37.500610,osm_overpass
13459546845,127.131599,37.500597,osm_overpass
13459546846,127.131533,37.500640,osm_overpass
13459546847,127.131483,37.500596,osm_overpass
13459546848,127.131455,37.500614,osm_overpass
13459546849,127.131523,37.500676,osm_overpass
13459546850,127.131494,37.500695,osm_overpass
13459546851,127.131432,37.500629,osm_overpass
13459546852,127.131408,37.500646,osm_overpass
13459546853,127.131452,37.500685,osm_overpass
13459546854,127.131430,37.500700,osm_overpass
13459546855,127.131341,37.500644,osm_overpass
13459546856,127.131174,37.500577,osm_overpass
13459546857,127.131026,37.500547,osm_overpass
13459546858,127.130883,37.500609,osm_overpass
13459546859,127.130807,37.500662,osm_overpass
13459546860,127.130759,37.500769,osm_overpass
13459546861,127.130559,37.500776,osm_overpass
13459546862,127.130570,37.500894,osm_overpass
13459546863,127.130498,37.500817,osm_overpass
13459546864,127.130509,37.500889,osm_overpass
13459546865,127.130343,37.500891,osm_overpass
13459546866,127.130348,37.500962,osm_overpass
13459546867,127.130245,37.500939,osm_overpass
13459546868,127.130196,37.500974,osm_overpass
13459546869,127.130154,37.501001,osm_overpass
13459546870,127.130116,37.501071,osm_overpass
13459546871,127.129882,37.501184,osm_overpass
13459546872,127.129829,37.501249,osm_overpass
13459546873,127.129565,37.501391,osm_overpass
13459546874,127.129602,37.501521,osm_overpass
13459546875,127.129421,37.501687,osm_overpass
13459546876,127.129317,37.501759,osm_overpass
13459546877,127.129214,37.501780,osm_overpass
13459546878,127.129126,37.501863,osm_overpass
13459546879,127.129016,37.501967,osm_overpass
13459546880,127.129031,37.502096,osm_overpass
13459546881,127.129079,37.502171,osm_overpass
13459546882,127.129053,37.502290,osm_overpass
13459546883,127.128986,37.502412,osm_overpass
13459546884,127.129324,37.502757,osm_overpass
13459546885,127.129681,37.502752,osm_overpass
13459546886,127.129679,37.502735,osm_overpass
13459546887,127.129566,37.502721,osm_overpass
13459546888,127.129564,37.502706,osm_overpass
13459546889,127.129779,37.502693,osm_overpass
13459546890,127.129783,37.502670,osm_overpass
13459546891,127.129619,37.502614,osm_overpass
13459546892,127.129856,37.502618,osm_overpass
13459546893,127.129860,37.502599,osm_overpass
13459546894,127.129655,37.502576,osm_overpass
13459546895,127.129669,37.502557,osm_overpass
13459546896,127.129746,37.502553,osm_overpass
13459546897,127.129868,37.502565,osm_overpass
13459546898,127.129914,37.502554,osm_overpass
13459546899,127.129973,37.502526,osm_overpass
13459546900,127.130077,37.502608,osm_overpass
13459546901,127.130108,37.502589,osm_overpass
13459546902,127.130011,37.502515,osm_overpass
13459546903,127.130075,37.502464,osm_overpass
13459546904,127.130210,37.502516,osm_overpass
13459546905,127.130174,37.502575,osm_overpass
13459546906,127.130202,37.502586,osm_overpass
13459546907,127.130237,37.502532,osm_overpass
13459546908,127.130378,37.502561,osm_overpass
13459546909,127.130363,37.502781,osm_overpass
13459546910,127.130471,37.502910,osm_overpass
13459546911,127.130318,37.503024,osm_overpass
13459546912,127.130263,37.503195,osm_overpass
13459546913,127.130296,37.503214,osm_overpass
13459546914,127.130360,37.503113,osm_overpass
13459546915,127.130415,37.503090,osm_overpass
13459546916,127.130550,37.503001,osm_overpass
13459546917,127.130577,37.503022,osm_overpass
13459546918,127.130436,37.503206,osm_overpass
13459546919,127.130480,37.503236,osm_overpass
13459546920,127.130634,37.503038,osm_overpass
13459546921,127.131486,37.503847,osm_overpass
13459546922,127.131714,37.503647,osm_overpass
13459546923,127.131900,37.503697,osm_overpass
13459546924,127.131658,37.503565,osm_overpass
13459546925,127.131067,37.500631,osm_overpass
13459546926,127.130897,37.500667,osm_overpass
13459546927,127.130847,37.500719,osm_overpass
13459546928,127.130755,37.500831,osm_overpass
13459546929,127.130271,37.501046,osm_overpass
13459546930,127.130082,37.501148,osm_overpass
13459546931,127.129953,37.501190,osm_overpass
13459546932,127.129916,37.501281,osm_overpass
13459546933,127.129754,37.501381,osm_overpass
13459546934,127.129694,37.501410,osm_overpass
13459546935,127.131718,37.500594,osm_overpass
13459546941,127.131134,37.502119,osm_overpass
13459546942,127.131290,37.502100,osm_overpass
13459546943,127.131293,37.502025,osm_overpass
13459546944,127.131163,37.501249,osm_overpass
13459546945,127.131217,37.501446,osm_overpass
13459546946,127.131202,37.501875,osm_overpass
13459546947,127.131252,37.501968,osm_overpass
13459546948,127.131251,37.502024,osm_overpass
13459546949,127.131096,37.501189,osm_overpass
13459546950,127.131019,37.501395,osm_overpass
13459546951,127.130955,37.501724,osm_overpass
13459546952,127.131145,37.501801,osm_overpass
13459546957,127.128869,37.501696,osm_overpass
13459546958,127.128907,37.501729,osm_overpass
13459546959,127.128947,37.501692,osm_overpass
13459546960,127.128982,37.501720,osm_overpass
13459546961,127.128949,37.501749,osm_overpass
13459546962,127.129030,37.501801,osm_overpass
13459546963,127.128935,37.502157,osm_overpass
13459546964,127.128908,37.502065,osm_overpass
13459546965,127.128969,37.501970,osm_overpass
13459546966,127.128743,37.502318,osm_overpass
13459546967,127.128800,37.502368,osm_overpass
13459546968,127.128899,37.502311,osm_overpass
13459546969,127.128987,37.502290,osm_overpass
13459546970,127.129124,37.502334,osm_overpass
13459546971,127.129198,37.502402,osm_overpass
13459546972,127.128701,37.502339,osm_overpass
13459546973,127.130095,37.501235,osm_overpass
13459546974,127.130241,37.501388,osm_overpass
13459546975,127.130374,37.501475,osm_overpass
13459546976,127.130440,37.501498,osm_overpass
13459546977,127.130553,37.501620,osm_overpass
13459546978,127.130668,37.501789,osm_overpass
13459546979,127.130815,37.501515,osm_overpass
13459546980,127.130613,37.501900,osm_overpass
13459546981,127.130439,37.501985,osm_overpass
13459546982,127.130522,37.502075,osm_overpass
13459546983,127.130624,37.502259,osm_overpass
13459546984,127.130473,37.502109,osm_overpass
13459546985,127.129291,37.502480,osm_overpass
13459546986,127.129347,37.502545,osm_overpass
13459546987,127.129474,37.502583,osm_overpass
13459546988,127.129525,37.502577,osm_overpass
13459546989,127.129602,37.502538,osm_overpass
13459546990,127.129744,37.502512,osm_overpass
13459546991,127.129861,37.502477,osm_overpass
13459546992,127.129964,37.502451,osm_overpass
13459546993,127.130029,37.502404,osm_overpass
13459546994,127.130084,37.502387,osm_overpass
13459546995,127.129869,37.501498,osm_overpass
13459546996,127.129982,37.501552,osm_overpass
13459546997,127.130110,37.501783,osm_overpass
13459546998,127.130224,37.501865,osm_overpass
13459546999,127.129799,37.501577,osm_overpass
13459547000,127.129974,37.501784,osm_overpass
13459547001,127.130185,37.502122,osm_overpass
13459547002,127.130318,37.502025,osm_overpass
13459547003,127.129965,37.503548,osm_overpass
13459547004,127.130000,37.503486,osm_overpass
13459547005,127.130030,37.503432,osm_overpass
13459547006,127.130110,37.503297,osm_overpass
13459547007,127.130196,37.503232,osm_overpass
13459547008,127.130229,37.503168,osm_overpass
13459547009,127.130270,37.503011,osm_overpass
13459547010,127.130257,37.502837,osm_overpass
13459547011,127.130320,37.502757,osm_overpass
13459547012,127.130337,37.502553,osm_overpass
13459547013,127.130556,37.503139,osm_overpass
13459547014,127.130506,37.503116,osm_overpass
13459547015,127.130268,37.502979,osm_overpass
13459547016,127.130050,37.503073,osm_overpass
13459547017,127.130001,37.503111,osm_overpass
13459547018,127.129884,37.503104,osm_overpass
13459547019,127.129819,37.503182,osm_overpass
13459547020,127.129903,37.503348,osm_overpass
13459547021,127.129971,37.503402,osm_overpass
13459547022,127.130105,37.503466,osm_overpass
13459547023,127.130329,37.503491,osm_overpass
13459547024,127.129502,37.502973,osm_overpass
13459547025,127.129507,37.502857,osm_overpass
13459547026,127.129788,37.502798,osm_overpass
13459547027,127.129858,37.502848,osm_overpass
13459547028,127.129840,37.503030,osm_overpass
13459547032,127.129946,37.503581,osm_overpass
13459547033,127.129895,37.503606,osm_overpass
13459547034,127.130134,37.503469,osm_overpass
13459547035,127.130139,37.503525,osm_overpass
13459547036,127.130103,37.503553,osm_overpass
13459547037,127.130072,37.503532,osm_overpass
13459547038,127.130044,37.503555,osm_overpass
13459547039,127.129913,37.503627,osm_overpass
13459547040,127.130917,37.503056,osm_overpass
13459547041,127.130747,37.502966,osm_overpass
13459547042,127.132338,37.501147,osm_overpass
13459547043,127.132563,37.501200,osm_overpass
13459547044,127.132576,37.501173,osm_overpass
13459547045,127.132395,37.501125,osm_overpass
13459547046,127.132405,37.501108,osm_overpass
13459547047,127.132582,37.501133,osm_overpass
13459547048,127.132590,37.501113,osm_overpass
13459547049,127.132200,37.500990,osm_overpass
13459547051,127.131954,37.500693,osm_overpass
13459547052,127.132060,37.500645,osm_overpass
13459547053,127.129278,37.501893,osm_overpass
13459547054,127.129410,37.502007,osm_overpass
13459547055,127.129377,37.502151,osm_overpass
13459547056,127.129463,37.502300,osm_overpass
13459547057,127.129528,37.502319,osm_overpass
13459547058,127.129565,37.502434,osm_overpass
13459547059,127.129550,37.502520,osm_overpass
13459547060,127.129573,37.501786,osm_overpass
13459547061,127.129609,37.502022,osm_overpass
13459547062,127.129546,37.502065,osm_overpass
13459547063,127.129506,37.502210,osm_overpass
13459547064,127.129623,37.502234,osm_overpass
13459547065,127.129752,37.502255,osm_overpass
13459547066,127.129785,37.502170,osm_overpass
13459547067,127.129763,37.502061,osm_overpass
13459547068,127.129817,37.502281,osm_overpass
13459547069,127.129873,37.502240,osm_overpass
13459547070,127.130018,37.502229,osm_overpass
13459547071,127.130128,37.502180,osm_overpass
13459547072,127.129855,37.502342,osm_overpass
13459547073,127.129919,37.502340,osm_overpass
13459547074,127.129761,37.502114,osm_overpass
13459547075,127.130120,37.502279,osm_overpass
13459547076,127.132617,37.504761,osm_overpass
13459547077,127.132770,37.504884,osm_overpass
13459702789,127.130930,37.503788,osm_overpass
13481976015,127.131190,37.501043,osm_overpass
13481976016,127.131225,37.501138,osm_overpass
13481976017,127.131222,37.501280,osm_overpass
13481976018,127.131181,37.501315,osm_overpass
13481976019,127.131545,37.501151,osm_overpass
13481976022,127.133619,37.500999,osm_overpass
13481976023,127.133596,37.501020,osm_overpass
13481976024,127.133626,37.501041,osm_overpass
13481976025,127.133666,37.501011,osm_overpass
13481976026,127.133716,37.501016,osm_overpass
13481976027,127.133611,37.501030,osm_overpass
13481976032,127.133831,37.500992,osm_overpass
13481976033,127.133894,37.501092,osm_overpass
13481976034,127.133866,37.501116,osm_overpass
13481976035,127.134013,37.501199,osm_overpass
13481976036,127.134110,37.501160,osm_overpass
13481976037,127.134204,37.501059,osm_overpass
13481976038,127.134198,37.501000,osm_overpass
13481976039,127.134141,37.500893,osm_overpass
13481976040,127.134129,37.500833,osm_overpass
13481976044,127.134170,37.498694,osm_overpass
13481976045,127.134282,37.500003,osm_overpass
13481976047,127.135399,37.499621,osm_overpass
13481976060,127.134254,37.499974,osm_overpass
13481976062,127.133420,37.500682,osm_overpass
13481976063,127.133559,37.500567,osm_overpass
13481976064,127.133737,37.500624,osm_overpass
13481976065,127.133699,37.500730,osm_overpass
13481976066,127.133608,37.500780,osm_overpass
13481976067,127.133573,37.500750,osm_overpass
13481976068,127.133545,37.500773,osm_overpass
13481976069,127.133391,37.500748,osm_overpass
13481976070,127.133447,37.500702,osm_overpass
13481976071,127.133632,37.500767,osm_overpass
13481976072,127.133772,37.500876,osm_overpass
13481976077,127.131510,37.503371,osm_overpass
13514031424,127.133369,37.521244,osm_overpass
13514031425,127.133561,37.521465,osm_overpass
13514031426,127.133621,37.521651,osm_overpass
13514031427,127.133680,37.521941,osm_overpass
13514031428,127.134232,37.521574,osm_overpass
13514031429,127.134423,37.521632,osm_overpass
13514031430,127.134286,37.522054,osm_overpass
13514031431,127.136725,37.528562,osm_overpass
13514031432,127.134312,37.521598,osm_overpass
13514031433,127.134863,37.523596,osm_overpass
13514031434,127.135595,37.525547,osm_overpass
13514031435,127.143684,37.517388,osm_overpass
13514031436,127.137152,37.520263,osm_overpass
13514031437,127.134776,37.521316,osm_overpass
13514031438,127.134550,37.521417,osm_overpass
13514031439,127.134467,37.521592,osm_overpass
13514031440,127.134323,37.522047,osm_overpass
13514031441,127.135789,37.525920,osm_overpass
13514031442,127.134905,37.523586,osm_overpass
13514031443,127.135643,37.525535,osm_overpass
13514031444,127.138987,37.519448,osm_overpass
13514031445,127.139096,37.519399,osm_overpass
13514031446,127.141376,37.518386,osm_overpass
13514031447,127.143573,37.517436,osm_overpass
13514031491,127.139062,37.519412,osm_overpass
13514031492,127.139162,37.519647,osm_overpass
13514031493,127.139902,37.521478,osm_overpass
13514031495,127.141824,37.527162,osm_overpass
13514031496,127.138986,37.519670,osm_overpass
13514031497,127.138898,37.519487,osm_overpass
13514031498,127.139392,37.520744,osm_overpass
13514031499,127.139851,37.521359,osm_overpass
13514031500,127.140220,37.522928,osm_overpass
13514049901,127.140829,37.524537,osm_overpass
13514049902,127.141317,37.525358,osm_overpass
13514049903,127.138867,37.519501,osm_overpass
13514049904,127.138902,37.519532,osm_overpass
13514049905,127.141787,37.527118,osm_overpass
13514049906,127.141738,37.527241,osm_overpass
13514049907,127.139365,37.520750,osm_overpass
13514049908,127.140196,37.522934,osm_overpass
13514049909,127.140807,37.524542,osm_overpass
13514049910,127.136759,37.528580,osm_overpass
13514049911,127.141745,37.527259,osm_overpass
13514049914,127.141850,37.527230,osm_overpass
13514049915,127.141928,37.527211,osm_overpass
13514049917,127.134430,37.520844,osm_overpass
13514049918,127.134699,37.520795,osm_overpass
13514049919,127.143175,37.517121,osm_overpass
13514049920,127.143289,37.517048,osm_overpass
13514049921,127.143389,37.516942,osm_overpass
13514049922,127.138068,37.519335,osm_overpass
13514049925,127.140940,37.510368,osm_overpass
13514049926,127.139088,37.519403,osm_overpass
13514049934,127.139869,37.521355,osm_overpass
13514049948,127.136892,37.528789,osm_overpass
13514049955,127.137436,37.528636,osm_overpass
13514049956,127.138664,37.528291,osm_overpass
13514049957,127.139306,37.528110,osm_overpass
13514049960,127.140542,37.527791,osm_overpass
13514049961,127.140501,37.527775,osm_overpass
13514049962,127.140874,37.528761,osm_overpass
13514049963,127.140855,37.528789,osm_overpass
13514049964,127.139795,37.529083,osm_overpass
13514049965,127.139763,37.529073,osm_overpass
13514049966,127.139377,37.528113,osm_overpass
13514049967,127.139392,37.528086,osm_overpass
13514049970,127.136852,37.528899,osm_overpass
13514049971,127.138636,37.533528,osm_overpass
13514049972,127.139010,37.533686,osm_overpass
13514049973,127.137223,37.529862,osm_overpass
13514049974,127.137625,37.530903,osm_overpass
13514049975,127.137828,37.531430,osm_overpass
13514049976,127.138053,37.532015,osm_overpass
13514049977,127.138297,37.532649,osm_overpass
13514049978,127.136463,37.529055,osm_overpass
13514049979,127.138207,37.533521,osm_overpass
13514049980,127.138057,37.533788,osm_overpass
13514049981,127.137471,37.531719,osm_overpass
13514049982,127.136812,37.529979,osm_overpass
13514049983,127.137200,37.531003,osm_overpass
13514049984,127.137900,37.532745,osm_overpass
13514049985,127.137872,37.532683,osm_overpass
13514050020,127.138822,37.533606,osm_overpass
13514050049,127.141843,37.527212,osm_overpass
13514050051,127.141920,37.527190,osm_overpass
13514050052,127.141783,37.527362,osm_overpass
13516046513,127.139271,37.519937,osm_overpass
13516046514,127.141139,37.525355,osm_overpass
13516046515,127.139639,37.521468,osm_overpass
13516046516,127.139893,37.521420,osm_overpass
13516046517,127.139665,37.521463,osm_overpass
13516046518,127.139762,37.521445,osm_overpass
13516046519,127.139878,37.521423,osm_overpass
13516046520,127.139587,37.521333,osm_overpass
13516046521,127.139838,37.521277,osm_overpass
13516046522,127.139613,37.521327,osm_overpass
13516046523,127.139704,37.521307,osm_overpass
13516046524,127.139820,37.521281,osm_overpass
13516046525,127.139621,37.521347,osm_overpass
13516046526,127.139828,37.521301,osm_overpass
13516046527,127.139712,37.521327,osm_overpass
13516046528,127.139660,37.521451,osm_overpass
13516046529,127.139873,37.521409,osm_overpass
13516046530,127.139756,37.521433,osm_overpass
13516046531,127.140225,37.523011,osm_overpass
13516046532,127.140249,37.523005,osm_overpass
13516046533,127.140365,37.522974,osm_overpass
13516046534,127.140348,37.522648,osm_overpass
13516046535,127.140435,37.522955,osm_overpass
13516046536,127.140452,37.522951,osm_overpass
13516046537,127.141282,37.525236,osm_overpass
13516046538,127.141274,37.525238,osm_overpass
13516046542,127.141152,37.525447,osm_overpass
13516046543,127.141172,37.525442,osm_overpass
13516046545,127.141262,37.525420,osm_overpass
13516046546,127.141114,37.525347,osm_overpass
13516046547,127.141312,37.525307,osm_overpass
13516046548,127.141134,37.525342,osm_overpass
13516046549,127.141225,37.525322,osm_overpass
13516046550,127.141299,37.525308,osm_overpass
13516046551,127.141169,37.525433,osm_overpass
13516046553,127.141259,37.525411,osm_overpass
13516046554,127.141137,37.525351,osm_overpass
13516046555,127.141302,37.525316,osm_overpass
13516046556,127.141228,37.525332,osm_overpass
13516046557,127.141031,37.524534,osm_overpass
13516046558,127.140824,37.524585,osm_overpass
13516046559,127.140788,37.524490,osm_overpass
13516046560,127.140996,37.524442,osm_overpass
13516046561,127.140810,37.524485,osm_overpass
13516046562,127.140895,37.524466,osm_overpass
13516046563,127.140982,37.524445,osm_overpass
13516046564,127.140845,37.524580,osm_overpass
13516046565,127.140929,37.524559,osm_overpass
13516046566,127.141016,37.524537,osm_overpass
13516046567,127.140815,37.524499,osm_overpass
13516046568,127.140989,37.524462,osm_overpass
13516046569,127.140900,37.524481,osm_overpass
13516046570,127.140841,37.524567,osm_overpass
13516046571,127.141012,37.524527,osm_overpass
13516046572,127.140924,37.524547,osm_overpass
13516046573,127.140170,37.522866,osm_overpass
13516046574,127.140406,37.522818,osm_overpass
13516046575,127.140194,37.522861,osm_overpass
13516046576,127.140317,37.522836,osm_overpass
13516046577,127.140387,37.522822,osm_overpass
13516046578,127.140243,37.522990,osm_overpass
13516046579,127.140430,37.522942,osm_overpass
13516046580,127.140360,37.522960,osm_overpass
13516046581,127.140202,37.522881,osm_overpass
13516046582,127.140393,37.522841,osm_overpass
13516046583,127.140324,37.522855,osm_overpass
13516046584,127.134900,37.523694,osm_overpass
13516046585,127.134927,37.523643,osm_overpass
13516046586,127.136753,37.523207,osm_overpass
13516046587,127.136900,37.523273,osm_overpass
13516046588,127.134825,37.523494,osm_overpass
13516046589,127.134879,37.523516,osm_overpass
13516046590,127.136720,37.523090,osm_overpass
13516046591,127.136766,37.523012,osm_overpass
13516046592,127.136634,37.522617,osm_overpass
13516046593,127.136752,37.522590,osm_overpass
13516046594,127.136896,37.522979,osm_overpass
13516046595,127.136974,37.523024,osm_overpass
13516046596,127.137025,37.523158,osm_overpass
13516046597,127.137003,37.523232,osm_overpass
13516046598,127.137693,37.524966,osm_overpass
13516046599,127.137758,37.525001,osm_overpass
13516046600,127.137814,37.525168,osm_overpass
13516056101,127.137784,37.525224,osm_overpass
13516056102,127.137938,37.525583,osm_overpass
13516056103,127.137821,37.525610,osm_overpass
13516056104,127.137672,37.525246,osm_overpass
13516056105,127.137506,37.525159,osm_overpass
13516056106,127.135742,37.525590,osm_overpass
13516056107,127.135653,37.525701,osm_overpass
13516056108,127.135561,37.525458,osm_overpass
13516056109,127.135622,37.525478,osm_overpass
13516056110,127.135697,37.525483,osm_overpass
13516056111,127.137466,37.525052,osm_overpass
13516056112,127.137510,37.525034,osm_overpass
13516056113,127.137555,37.524976,osm_overpass
13516056114,127.136915,37.523308,osm_overpass
13516056115,127.136870,37.523259,osm_overpass
13516056116,127.136936,37.523304,osm_overpass
13516056117,127.137576,37.524971,osm_overpass
13516056118,127.137666,37.524948,osm_overpass
13516056119,127.136984,37.523245,osm_overpass
13516056120,127.136734,37.523140,osm_overpass
13516056121,127.136723,37.523214,osm_overpass
13516056122,127.136683,37.523098,osm_overpass
13516056123,127.136701,37.523148,osm_overpass
13516056124,127.137024,37.523284,osm_overpass
13516056125,127.137001,37.523289,osm_overpass
13516056126,127.136959,37.523299,osm_overpass
13516056127,127.136888,37.523267,osm_overpass
13516056128,127.136941,37.523255,osm_overpass
13516056129,127.136995,37.523079,osm_overpass
13516056130,127.136837,37.522994,osm_overpass
13516056131,127.137504,37.525159,osm_overpass
13516056132,127.137473,37.525049,osm_overpass
13516056133,127.137483,37.525082,osm_overpass
13516056134,127.137726,37.525235,osm_overpass
13516056135,127.137548,37.524959,osm_overpass
13516056136,127.137676,37.524923,osm_overpass
13516056137,127.137611,37.524941,osm_overpass
13516056138,127.137568,37.524953,osm_overpass
13516056139,127.137658,37.524928,osm_overpass
13516056140,127.137621,37.524960,osm_overpass
13516056141,127.137544,37.525152,osm_overpass
13516056142,127.137521,37.525073,osm_overpass
13516056143,127.135689,37.525656,osm_overpass
13516056160,127.138507,37.533819,osm_overpass
13516056171,127.134233,37.535103,osm_overpass
13525390442,127.101615,37.511519,osm_overpass
13591241062,127.111136,37.522437,osm_overpass
13591241063,127.111337,37.522173,osm_overpass
13591241064,127.111393,37.521573,osm_overpass
13597580762,127.102274,37.524633,osm_overpass
13597580763,127.102276,37.524647,osm_overpass
13597580764,127.102271,37.524661,osm_overpass
13597580765,127.102174,37.524662,osm_overpass
13597580766,127.102169,37.524648,osm_overpass
13597580767,127.102176,37.524624,osm_overpass
13597580768,127.102184,37.524614,osm_overpass
13597580769,127.102195,37.524607,osm_overpass
13597580770,127.102225,37.524602,osm_overpass
13597580771,127.102241,37.524604,osm_overpass
13597580772,127.102255,37.524611,osm_overpass
13597580773,127.102261,37.524673,osm_overpass
13597580774,127.101878,37.524609,osm_overpass
13597580775,127.102819,37.524541,osm_overpass
13597580776,127.102543,37.524530,osm_overpass
13598053930,127.135084,37.503045,osm_overpass
13598053931,127.135075,37.502689,osm_overpass
13598053932,127.131963,37.504384,osm_overpass
13598053933,127.132169,37.504488,osm_overpass
13598053934,127.132381,37.504533,osm_overpass
13598053936,127.133676,37.500802,osm_overpass
13598053937,127.129563,37.502592,osm_overpass
13598053938,127.130219,37.502436,osm_overpass
13598053939,127.130341,37.502509,osm_overpass
13598053940,127.130473,37.502608,osm_overpass
13598053941,127.130239,37.502486,osm_overpass
13598053942,127.130286,37.502508,osm_overpass
13601822155,127.139265,37.519325,osm_overpass
13601822156,127.138978,37.518940,osm_overpass
13601822157,127.139189,37.520286,osm_overpass
13601822158,127.139217,37.520280,osm_overpass
13601822159,127.139421,37.520235,osm_overpass
13601822160,127.139395,37.520240,osm_overpass
13601822161,127.139316,37.520256,osm_overpass
13612085326,127.135418,37.512662,osm_overpass
13612085327,127.135481,37.512529,osm_overpass
13612085328,127.135558,37.512377,osm_overpass
13612085329,127.135594,37.512284,osm_overpass
13612085330,127.135835,37.511880,osm_overpass
13612085331,127.136029,37.511478,osm_overpass
13612085332,127.136166,37.511166,osm_overpass
13612085333,127.136346,37.510613,osm_overpass
13612085334,127.136395,37.510257,osm_overpass
13612085335,127.136428,37.509876,osm_overpass
13612085336,127.136454,37.509490,osm_overpass
13612085337,127.136481,37.509114,osm_overpass
13612085338,127.136495,37.509006,osm_overpass
13612085339,127.136528,37.508973,osm_overpass
13612085340,127.135310,37.513055,osm_overpass
13612085341,127.135434,37.512782,osm_overpass
13612085342,127.135429,37.512735,osm_overpass
13612085343,127.136435,37.509752,osm_overpass
13612085344,127.136746,37.508503,osm_overpass
13612085345,127.136823,37.508380,osm_overpass
13612085346,127.136621,37.508053,osm_overpass
13612085347,127.136640,37.508083,osm_overpass
13612085348,127.136765,37.508287,osm_overpass
13612085349,127.136807,37.508355,osm_overpass
13612085350,127.136736,37.508489,osm_overpass
13612085351,127.136596,37.508657,osm_overpass
13612085352,127.136469,37.509746,osm_overpass
13612085353,127.136431,37.510339,osm_overpass
13612085354,127.136375,37.510638,osm_overpass
13612085355,127.136169,37.511218,osm_overpass
13612085356,127.135855,37.511891,osm_overpass
13612085357,127.135581,37.512369,osm_overpass
13612085358,127.135571,37.512384,osm_overpass
13612085359,127.135421,37.512679,osm_overpass
13612085360,127.136648,37.507794,osm_overpass
13612085361,127.136597,37.507465,osm_overpass
13619419951,127.133984,37.509543,osm_overpass
13619419952,127.133852,37.509310,osm_overpass
13619419953,127.133947,37.509478,osm_overpass
13619419954,127.134107,37.509491,osm_overpass
13619419955,127.133545,37.508884,osm_overpass
13619419956,127.133538,37.508837,osm_overpass
13619419957,127.133352,37.508543,osm_overpass
13619419958,127.133281,37.508400,osm_overpass
13619419959,127.133271,37.508325,osm_overpass
13619419960,127.132743,37.507576,osm_overpass
13619419961,127.132566,37.507446,osm_overpass
13619419962,127.132600,37.507390,osm_overpass
13619419963,127.132433,37.507081,osm_overpass
13619419964,127.132310,37.506856,osm_overpass
13619419965,127.132234,37.506829,osm_overpass
13619419966,127.132176,37.506744,osm_overpass
13619419967,127.132222,37.506705,osm_overpass
13619419968,127.131733,37.505986,osm_overpass
13619419969,127.131596,37.505989,osm_overpass
13619419970,127.131295,37.506176,osm_overpass
13619419971,127.130879,37.506195,osm_overpass
13619419972,127.130943,37.506193,osm_overpass
13619419973,127.131469,37.505883,osm_overpass
13619419974,127.131531,37.505806,osm_overpass
13619419975,127.131500,37.505708,osm_overpass
13619419976,127.131379,37.505580,osm_overpass
13619419977,127.131284,37.505491,osm_overpass
13619419978,127.130557,37.504708,osm_overpass
13619419979,127.130421,37.504575,osm_overpass
13619419980,127.129396,37.503493,osm_overpass
13619419981,127.129262,37.503361,osm_overpass
13619419982,127.128823,37.502894,osm_overpass
13619419983,127.128694,37.502772,osm_overpass
13619419984,127.128579,37.502633,osm_overpass
13619419985,127.128553,37.502606,osm_overpass
13619419986,127.128536,37.502617,osm_overpass
13619419987,127.128404,37.502489,osm_overpass
13619419988,127.128423,37.502474,osm_overpass
13619419989,127.128317,37.502367,osm_overpass
13619419990,127.128190,37.502272,osm_overpass
13619419991,127.128087,37.502292,osm_overpass
13619419992,127.128726,37.502802,osm_overpass
13619419993,127.129322,37.503419,osm_overpass
13619419994,127.130457,37.504610,osm_overpass
13619419995,127.131306,37.505513,osm_overpass
13619419996,127.131633,37.505988,osm_overpass
13619419997,127.131540,37.505890,osm_overpass
13619419998,127.131498,37.505847,osm_overpass
13619419999,127.132285,37.506847,osm_overpass
13619420000,127.132218,37.506749,osm_overpass
13619488401,127.132210,37.506732,osm_overpass
13619488402,127.132726,37.507576,osm_overpass
13619488403,127.132638,37.507459,osm_overpass
13619488404,127.132593,37.507401,osm_overpass
13619909910,127.100580,37.510328,osm_overpass
13619909911,127.097735,37.509915,osm_overpass
13619909912,127.101573,37.510985,osm_overpass
13619909913,127.101151,37.510793,osm_overpass
13619909914,127.100733,37.510597,osm_overpass
13619909915,127.100302,37.510401,osm_overpass
13619909916,127.096758,37.509961,osm_overpass
13619909917,127.094621,37.510117,osm_overpass
13619909918,127.098664,37.509951,osm_overpass
13619909919,127.098837,37.509967,osm_overpass
13619909922,127.102173,37.511279,osm_overpass
13619909923,127.102201,37.511387,osm_overpass
13619909924,127.102006,37.511188,osm_overpass
13619909925,127.101719,37.511051,osm_overpass
13619909926,127.101320,37.510872,osm_overpass
13619909927,127.100888,37.510671,osm_overpass
13619909928,127.100473,37.510475,osm_overpass
13619909929,127.099933,37.510244,osm_overpass
13619909930,127.099564,37.510115,osm_overpass
13619909931,127.099100,37.510009,osm_overpass
13619909932,127.098573,37.509942,osm_overpass
13619909933,127.098173,37.509922,osm_overpass
13619909934,127.097533,37.509912,osm_overpass
13619909935,127.097112,37.509937,osm_overpass
13619909936,127.096250,37.509994,osm_overpass
13619909937,127.094707,37.510108,osm_overpass
13619909938,127.094204,37.510162,osm_overpass
13619909939,127.093325,37.510219,osm_overpass
13619909940,127.092985,37.510236,osm_overpass
13619909941,127.101352,37.511024,osm_overpass
13621923373,127.094804,37.510099,osm_overpass
13621923374,127.093677,37.510227,osm_overpass
13621923375,127.093662,37.510250,osm_overpass
13621923376,127.093660,37.510275,osm_overpass
13621923377,127.093672,37.510291,osm_overpass
13621923378,127.093706,37.510312,osm_overpass
13621923379,127.093890,37.510314,osm_overpass
13621923380,127.093711,37.510201,osm_overpass
13621923381,127.093756,37.510331,osm_overpass
13621923382,127.093369,37.510379,osm_overpass
13621923383,127.093064,37.510557,osm_overpass
13621923384,127.093197,37.510447,osm_overpass
13621923385,127.093407,37.510363,osm_overpass
13621923386,127.093327,37.510387,osm_overpass
13621923387,127.093266,37.510406,osm_overpass
13621923388,127.093227,37.510425,osm_overpass
13621923389,127.093142,37.510490,osm_overpass
13621923390,127.092995,37.510585,osm_overpass
13621923391,127.092966,37.510680,osm_overpass
13621923392,127.092884,37.510923,osm_overpass
13621923393,127.093242,37.510171,osm_overpass
13621923394,127.093423,37.510213,osm_overpass
13621923395,127.093325,37.510194,osm_overpass
13621923396,127.093172,37.510137,osm_overpass
13621923397,127.093112,37.510100,osm_overpass
13621923398,127.093045,37.510039,osm_overpass
13621923399,127.093019,37.510013,osm_overpass
13621923400,127.092961,37.509962,osm_overpass
13621978001,127.092857,37.509862,osm_overpass
13621978002,127.092735,37.509822,osm_overpass
13637066103,127.126343,37.512757,osm_overpass
13640675951,127.114232,37.498397,osm_overpass
13640712862,127.111833,37.500586,osm_overpass
13640712863,127.110403,37.502170,osm_overpass
13640712864,127.110243,37.502254,osm_overpass
13640712865,127.109901,37.502640,osm_overpass
13640712866,127.108942,37.503710,osm_overpass
13640712867,127.107819,37.504947,osm_overpass
13640712868,127.107813,37.504984,osm_overpass
13640712869,127.107835,37.505193,osm_overpass
13640712870,127.108306,37.504387,osm_overpass
13640712871,127.108964,37.503687,osm_overpass
13640712872,127.109503,37.503082,osm_overpass
13640712873,127.110581,37.501958,osm_overpass
13640712874,127.110296,37.502226,osm_overpass
13640712875,127.111247,37.501172,osm_overpass
13640712876,127.111555,37.500840,osm_overpass
13640712877,127.109144,37.506219,osm_overpass
13640712878,127.112557,37.510095,osm_overpass
13640712879,127.112673,37.510295,osm_overpass
13640712880,127.112604,37.510502,osm_overpass
13640712881,127.112709,37.510741,osm_overpass
13640712882,127.113393,37.511863,osm_overpass
13640712883,127.114200,37.513140,osm_overpass
13640712884,127.115048,37.514513,osm_overpass
13640712885,127.115755,37.515673,osm_overpass
13640712886,127.115941,37.515995,osm_overpass
13640712887,127.115539,37.516268,osm_overpass
13640712888,127.115661,37.516101,osm_overpass
13640712889,127.115480,37.515815,osm_overpass
13640712890,127.115065,37.515118,osm_overpass
13640712891,127.114760,37.514651,osm_overpass
13640712892,127.114748,37.514632,osm_overpass
13640712893,127.114343,37.513976,osm_overpass
13640712894,127.113426,37.512500,osm_overpass
13640712895,127.113102,37.511979,osm_overpass
13640712896,127.112214,37.510644,osm_overpass
13640712897,127.111958,37.510601,osm_overpass
13640712898,127.111861,37.510468,osm_overpass
13640712899,127.111769,37.510345,osm_overpass
13640712900,127.104066,37.503845,osm_overpass
13640714604,127.125519,37.498288,osm_overpass
13640714609,127.125936,37.499591,osm_overpass
13640714610,127.126036,37.499553,osm_overpass
13640714611,127.126146,37.499655,osm_overpass
13640714612,127.126263,37.499882,osm_overpass
13640714613,127.126411,37.500198,osm_overpass
13640714614,127.126610,37.500496,osm_overpass
13640714615,127.126810,37.500730,osm_overpass
13640714616,127.127168,37.501147,osm_overpass
13640714617,127.127268,37.501277,osm_overpass
13640714618,127.127237,37.501352,osm_overpass
13640714619,127.127172,37.501392,osm_overpass
13640714620,127.127255,37.501469,osm_overpass
13640714621,127.127196,37.501414,osm_overpass
13640714622,127.127331,37.501435,osm_overpass
13640714623,127.127427,37.501467,osm_overpass
13640714624,127.127673,37.501689,osm_overpass
13640714625,127.127742,37.501794,osm_overpass
13640714626,127.127817,37.501945,osm_overpass
13640714627,127.127771,37.502109,osm_overpass
13640758701,127.105447,37.504305,osm_overpass
13640758702,127.105785,37.504400,osm_overpass
13640758703,127.106752,37.504777,osm_overpass
13640758704,127.106881,37.504821,osm_overpass
13640758705,127.107118,37.504799,osm_overpass
13640758706,127.107409,37.514191,osm_overpass
13640758707,127.108982,37.502942,osm_overpass
13649516811,127.112872,37.517181,osm_overpass
13649516812,127.113120,37.517137,osm_overpass
13649516813,127.113841,37.516895,osm_overpass
13649516814,127.115805,37.516044,osm_overpass
13649516815,127.116033,37.515962,osm_overpass
13649516816,127.116296,37.516004,osm_overpass
13649516817,127.117406,37.515596,osm_overpass
13649516818,127.118583,37.515154,osm_overpass
13649516819,127.119895,37.514674,osm_overpass
13649516820,127.120822,37.514342,osm_overpass
13649516821,127.121170,37.514230,osm_overpass
13649516822,127.121976,37.513918,osm_overpass
13649516823,127.122941,37.513553,osm_overpass
13649516824,127.123916,37.513188,osm_overpass
13649516825,127.125337,37.512594,osm_overpass
13649516826,127.126484,37.512117,osm_overpass
13649516827,127.126921,37.511961,osm_overpass
13649516828,127.127114,37.511834,osm_overpass
13649516829,127.127240,37.511694,osm_overpass
13649516830,127.116902,37.515782,osm_overpass
13649516831,127.127409,37.511577,osm_overpass
13649516832,127.126783,37.512010,osm_overpass
13649516833,127.125278,37.512619,osm_overpass
13649516834,127.125406,37.512566,osm_overpass
13649516845,127.131198,37.510259,osm_overpass
13649516846,127.131252,37.510252,osm_overpass
13649516847,127.131609,37.510104,osm_overpass
13649516848,127.133461,37.509324,osm_overpass
13649516849,127.133429,37.509302,osm_overpass
13649516850,127.136829,37.508007,osm_overpass
13660459191,127.123517,37.495120,osm_overpass
13660459192,127.123451,37.495196,osm_overpass
13660459193,127.123580,37.495046,osm_overpass
13660459194,127.123196,37.494780,osm_overpass
13660459195,127.123061,37.494936,osm_overpass
13660459198,127.123145,37.495134,osm_overpass
13660459199,127.123164,37.494762,osm_overpass
13660526402,127.123581,37.495166,osm_overpass
13660526403,127.123085,37.495206,osm_overpass
13660526405,127.127127,37.502535,osm_overpass
13660526406,127.127007,37.502499,osm_overpass
13660526407,127.126540,37.502031,osm_overpass
13660526408,127.126591,37.501869,osm_overpass
13660526409,127.127806,37.501983,osm_overpass
13660526410,127.127422,37.502690,osm_overpass
13660526411,127.128141,37.502282,osm_overpass
13660526412,127.127896,37.501909,osm_overpass
13660526413,127.128023,37.501837,osm_overpass
13660526414,127.128116,37.501774,osm_overpass
13660526415,127.118623,37.499999,osm_overpass
13660526416,127.118932,37.500563,osm_overpass
13660526417,127.117961,37.501129,osm_overpass
13660526418,127.117962,37.501169,osm_overpass
13660526419,127.117161,37.502099,osm_overpass
13660526420,127.117123,37.502210,osm_overpass
13660526421,127.118688,37.500569,osm_overpass
13660526422,127.118572,37.500693,osm_overpass
13660526423,127.118003,37.501355,osm_overpass
13660526424,127.117276,37.502213,osm_overpass
13660526425,127.117291,37.502334,osm_overpass
13660526426,127.118577,37.502996,osm_overpass
13660526427,127.119026,37.503340,osm_overpass
13660526428,127.119275,37.503677,osm_overpass
13660526429,127.120135,37.504657,osm_overpass
13660526430,127.120630,37.505201,osm_overpass
13660526431,127.120787,37.505448,osm_overpass
13660526432,127.117232,37.502259,osm_overpass
13660526433,127.117084,37.502191,osm_overpass
13660526434,127.118506,37.500341,osm_overpass
13660526435,127.118631,37.500203,osm_overpass
13660526436,127.118741,37.500064,osm_overpass
13660526437,127.119059,37.500251,osm_overpass
13660526438,127.118936,37.500376,osm_overpass
13660526439,127.118052,37.501286,osm_overpass
13660526440,127.117956,37.501231,osm_overpass
13660526441,127.117902,37.501200,osm_overpass
13660526442,127.117924,37.501213,osm_overpass
13660526443,127.117135,37.502087,osm_overpass
13660526444,127.116745,37.502535,osm_overpass
13660526445,127.116429,37.502939,osm_overpass
13660526446,127.116054,37.503356,osm_overpass
13660526447,127.115781,37.503552,osm_overpass
13660526448,127.115538,37.503693,osm_overpass
13660526449,127.115161,37.503957,osm_overpass
13660526450,127.114800,37.504179,osm_overpass
13660526451,127.114544,37.504332,osm_overpass
13660526452,127.114509,37.504320,osm_overpass
13660526453,127.114293,37.504112,osm_overpass
13660526454,127.114206,37.504029,osm_overpass
13660526455,127.113728,37.503628,osm_overpass
13660526456,127.113376,37.503363,osm_overpass
13660526457,127.113074,37.503161,osm_overpass
13660526458,127.112604,37.502887,osm_overpass
13660526459,127.112122,37.502618,osm_overpass
13660526460,127.111502,37.502368,osm_overpass
13660526461,127.111351,37.502307,osm_overpass
13660526462,127.110981,37.502175,osm_overpass
13660526463,127.110631,37.502049,osm_overpass
13660526464,127.110565,37.502023,osm_overpass
13660526465,127.110553,37.501991,osm_overpass
13660526466,127.118915,37.500588,osm_overpass
13660526467,127.119777,37.501176,osm_overpass
13660526468,127.120175,37.501451,osm_overpass
13660526469,127.120812,37.501959,osm_overpass
13660526470,127.121454,37.502389,osm_overpass
13660526471,127.121814,37.502696,osm_overpass
13660526472,127.121931,37.502808,osm_overpass
13660526473,127.122150,37.503022,osm_overpass
13660526474,127.122362,37.503248,osm_overpass
13660526475,127.122582,37.503510,osm_overpass
13660526476,127.122877,37.503926,osm_overpass
13660526477,127.123005,37.504129,osm_overpass
13660526478,127.122693,37.503639,osm_overpass
13670463192,127.095041,37.518915,osm_overpass
13670463193,127.093199,37.518988,osm_overpass
13670463195,127.105026,37.525606,osm_overpass
13670463196,127.104946,37.525400,osm_overpass
13670463199,127.105797,37.527233,osm_overpass
13670540602,127.096969,37.521021,osm_overpass
13670540603,127.092804,37.518455,osm_overpass
13670540605,127.092883,37.518192,osm_overpass
13670540606,127.105711,37.527163,osm_overpass
13670540608,127.096089,37.519386,osm_overpass
13670540610,127.105467,37.526343,osm_overpass
13670540612,127.091357,37.517465,osm_overpass
13670540613,127.093603,37.518400,osm_overpass
13670540619,127.099471,37.522063,osm_overpass
13670540620,127.100677,37.522404,osm_overpass
13670540621,127.104327,37.525707,osm_overpass
13670540622,127.090810,37.517240,osm_overpass
13670540624,127.102593,37.523973,osm_overpass
13670540626,127.105350,37.526662,osm_overpass
13670540627,127.093956,37.518472,osm_overpass
13670540633,127.105670,37.527314,osm_overpass
13670540634,127.104888,37.526185,osm_overpass
13670540636,127.090046,37.517021,osm_overpass
13670540641,127.090419,37.517404,osm_overpass
13670540642,127.106007,37.527406,osm_overpass
13670540647,127.106663,37.527822,osm_overpass
13670540648,127.105389,37.526144,osm_overpass
13670540650,127.091792,37.518487,osm_overpass
13670540651,127.092911,37.518743,osm_overpass
13670540655,127.105071,37.526429,osm_overpass
13670540657,127.089973,37.517233,osm_overpass
13670540660,127.102103,37.523302,osm_overpass
13670540663,127.091224,37.517680,osm_overpass
13670540665,127.102071,37.523249,osm_overpass
13670540667,127.102124,37.523364,osm_overpass
13670540668,127.103073,37.523813,osm_overpass
13670540671,127.105951,37.527152,osm_overpass
13670540673,127.093661,37.518338,osm_overpass
13670540675,127.095963,37.519318,osm_overpass
13670540676,127.092770,37.518006,osm_overpass
13670540677,127.092718,37.517928,osm_overpass
13670540679,127.093472,37.518971,osm_overpass
13670540680,127.091650,37.517818,osm_overpass
13670540682,127.098772,37.521177,osm_overpass
13670540685,127.092604,37.517866,osm_overpass
13670540693,127.094609,37.519490,osm_overpass
13670540698,127.105677,37.526849,osm_overpass
13670540700,127.105808,37.527173,osm_overpass
13670540703,127.101855,37.523484,osm_overpass
13670540706,127.095414,37.519867,osm_overpass
13670540707,127.092039,37.517935,osm_overpass
13670540709,127.094209,37.519307,osm_overpass
13670540710,127.095845,37.520137,osm_overpass
13670540711,127.097399,37.521137,osm_overpass
13670540713,127.092830,37.518649,osm_overpass
13670540718,127.096200,37.520353,osm_overpass
13670540723,127.104981,37.526314,osm_overpass
13670540727,127.094595,37.518740,osm_overpass
13670540728,127.093963,37.518524,osm_overpass
13670540736,127.105460,37.526778,osm_overpass
13670540737,127.106099,37.527177,osm_overpass
13670540742,127.105871,37.527183,osm_overpass
13670540743,127.105795,37.527092,osm_overpass
13671452370,127.116835,37.492150,osm_overpass
13698591519,127.087887,37.528012,osm_overpass
13698591531,127.091062,37.530283,osm_overpass
13703134207,127.095031,37.518727,osm_overpass
13703134214,127.095020,37.518679,osm_overpass
13703134217,127.095445,37.518607,osm_overpass
13703134224,127.095044,37.518633,osm_overpass
13703134229,127.095022,37.518539,osm_overpass
13720486312,127.117062,37.524493,osm_overpass
13720486313,127.116945,37.524531,osm_overpass
13720486314,127.116387,37.523350,osm_overpass
13720486315,127.115583,37.522332,osm_overpass
13720486316,127.115714,37.522253,osm_overpass
13720486317,127.114433,37.520425,osm_overpass
13720486318,127.114539,37.520389,osm_overpass
13720486319,127.114715,37.520658,osm_overpass
13720486320,127.115596,37.522066,osm_overpass
13720486321,127.115749,37.522314,osm_overpass
13720486322,127.115940,37.522626,osm_overpass
13720486323,127.116414,37.523391,osm_overpass
13720486324,127.117032,37.524396,osm_overpass
13720486325,127.114453,37.520487,osm_overpass
13736994785,127.107035,37.513652,osm_overpass
13736994786,127.104199,37.512239,osm_overpass
13736994787,127.106523,37.513308,osm_overpass
13736994788,127.106734,37.513404,osm_overpass
13736994789,127.107098,37.513593,osm_overpass
13736994790,127.102260,37.511321,osm_overpass
13736994791,127.102381,37.511375,osm_overpass
13736994792,127.103424,37.511900,osm_overpass
13736994793,127.105113,37.512695,osm_overpass
13736994794,127.107142,37.513662,osm_overpass
13736994795,127.102238,37.511436,osm_overpass
13738288694,127.136518,37.528221,osm_overpass
13738288695,127.136388,37.528258,osm_overpass
13738288696,127.135640,37.526217,osm_overpass
13738288697,127.136329,37.528134,osm_overpass
13738288698,127.136482,37.528116,osm_overpass
13738288699,127.136142,37.527151,osm_overpass
13738288700,127.135788,37.526202,osm_overpass
13738331501,127.136373,37.527805,osm_overpass
13738331502,127.136301,37.527615,osm_overpass
13738331503,127.136492,37.528359,osm_overpass
13738331504,127.136232,37.527444,osm_overpass
13738331505,127.135692,37.526098,osm_overpass
13788612769,127.133490,37.519807,osm_overpass
13788612770,127.133380,37.519573,osm_overpass
13788612771,127.133214,37.519276,osm_overpass
13788612772,127.132516,37.518102,osm_overpass
13788612773,127.131957,37.517268,osm_overpass
13788612774,127.131854,37.517127,osm_overpass
13788612775,127.131488,37.516594,osm_overpass
13788612776,127.131560,37.516724,osm_overpass
13788612777,127.131457,37.516563,osm_overpass
13788612778,127.131435,37.516466,osm_overpass
13788612779,127.131405,37.516336,osm_overpass
13788612780,127.131209,37.516003,osm_overpass
13788612781,127.131087,37.515923,osm_overpass
13788612782,127.131042,37.515855,osm_overpass
13788612783,127.130954,37.515751,osm_overpass
13788612784,127.130848,37.515580,osm_overpass
13788612785,127.130750,37.515430,osm_overpass
13788612786,127.130904,37.515656,osm_overpass
13788612787,127.130208,37.514617,osm_overpass
13788612788,127.129771,37.513950,osm_overpass
13788612789,127.133036,37.521453,osm_overpass
1430635452,127.090534,37.529913,osm_overpass
1430635630,127.090228,37.532466,osm_overpass
1430635876,127.090464,37.530307,osm_overpass
1430637724,127.090191,37.533424,osm_overpass
1538061833,127.097396,37.513813,osm_overpass
1538061835,127.096612,37.515006,osm_overpass
1538061837,127.098346,37.515400,osm_overpass
1538061840,127.095542,37.516122,osm_overpass
1538061844,127.094884,37.516739,osm_overpass
1677928215,127.122667,37.495710,osm_overpass
1712148741,127.122086,37.496405,osm_overpass
1743492345,127.115909,37.517002,osm_overpass
1743492353,127.117223,37.517510,osm_overpass
1743492356,127.123413,37.517960,osm_overpass
1743492358,127.115486,37.517964,osm_overpass
1743492360,127.123307,37.518116,osm_overpass
1743492370,127.123184,37.518263,osm_overpass
1743492372,127.123406,37.518702,osm_overpass
1743492374,127.123701,37.518867,osm_overpass
1743492377,127.124138,37.518989,osm_overpass
1743492379,127.124343,37.519143,osm_overpass
1743492381,127.124556,37.519503,osm_overpass
1743492385,127.124998,37.520107,osm_overpass
1743492387,127.125074,37.520334,osm_overpass
1743492389,127.122561,37.520378,osm_overpass
1743492392,127.122372,37.520593,osm_overpass
1743492394,127.125101,37.520497,osm_overpass
1743492397,127.122822,37.520506,osm_overpass
1743492400,127.123471,37.520584,osm_overpass
1743492402,127.125097,37.520732,osm_overpass
1743492404,127.122175,37.520708,osm_overpass
1743492405,127.123635,37.520663,osm_overpass
1743492406,127.121624,37.520757,osm_overpass
1743492408,127.121325,37.520974,osm_overpass
1743492420,127.123333,37.520953,osm_overpass
1743492424,127.125773,37.521043,osm_overpass
1743492426,127.124228,37.521052,osm_overpass
1743492428,127.121266,37.521223,osm_overpass
1743492431,127.125804,37.521157,osm_overpass
1743492433,127.123174,37.521182,osm_overpass
1743492435,127.120786,37.521307,osm_overpass
1743492441,127.123120,37.521355,osm_overpass
1743492443,127.119752,37.521431,osm_overpass
1743492444,127.119508,37.521466,osm_overpass
1743492445,127.120227,37.521547,osm_overpass
1743492446,127.123187,37.521574,osm_overpass
1743492447,127.118040,37.521558,osm_overpass
1743492449,127.125981,37.521584,osm_overpass
1743492450,127.120028,37.521552,osm_overpass
1743492451,127.118631,37.521656,osm_overpass
1743492453,127.119257,37.521662,osm_overpass
1743492468,127.121550,37.521867,osm_overpass
1743492470,127.126156,37.521785,osm_overpass
1743492472,127.123122,37.521932,osm_overpass
1743492476,127.126199,37.522013,osm_overpass
1743492478,127.121703,37.522033,osm_overpass
1743492480,127.123146,37.522044,osm_overpass
1743492482,127.123033,37.522180,osm_overpass
1743492484,127.126154,37.522290,osm_overpass
1743492485,127.122023,37.522351,osm_overpass
1743492487,127.126471,37.522495,osm_overpass
1743492488,127.126593,37.522551,osm_overpass
1743492489,127.122948,37.522380,osm_overpass
1743492490,127.122220,37.522721,osm_overpass
1743492491,127.122735,37.522596,osm_overpass
1743492492,127.126477,37.522856,osm_overpass
1743492494,127.126584,37.522962,osm_overpass
1743492497,127.126630,37.523141,osm_overpass
1743492499,127.122354,37.523265,osm_overpass
1743492515,127.122696,37.523303,osm_overpass
1743492517,127.126587,37.523248,osm_overpass
1743492521,127.126078,37.523693,osm_overpass
1743492523,127.125252,37.524172,osm_overpass
1743492525,127.124100,37.524633,osm_overpass
1744159493,127.095265,37.533174,osm_overpass
1744159494,127.100088,37.537259,osm_overpass
1744159495,127.100510,37.537599,osm_overpass
1744159496,127.100720,37.537789,osm_overpass
1744159498,127.104069,37.540626,osm_overpass
1744159499,127.105602,37.541885,osm_overpass
1744159505,127.107537,37.543535,osm_overpass
1744159506,127.107775,37.543863,osm_overpass
1744159514,127.108462,37.544607,osm_overpass
1744159519,127.108619,37.545212,osm_overpass
1744159524,127.109432,37.546072,osm_overpass
1744159529,127.110039,37.547257,osm_overpass
1744159537,127.110196,37.548234,osm_overpass
1744159544,127.110504,37.549661,osm_overpass
1744159551,127.111168,37.551054,osm_overpass
1744159553,127.111839,37.552321,osm_overpass
1744159556,127.113290,37.555847,osm_overpass
1744159557,127.113474,37.556615,osm_overpass
1744159560,127.113621,37.557223,osm_overpass
1744159561,127.114215,37.558620,osm_overpass
1744159567,127.114866,37.560508,osm_overpass
1744159568,127.114954,37.560762,osm_overpass
1744159570,127.116536,37.562651,osm_overpass
1744159572,127.117401,37.563535,osm_overpass
1744159577,127.118937,37.564946,osm_overpass
1744159581,127.120739,37.566336,osm_overpass
1784807695,127.138911,37.519306,osm_overpass
1784807701,127.137650,37.525041,osm_overpass
1784807704,127.141967,37.527315,osm_overpass
1784807705,127.134682,37.523640,osm_overpass
1784812242,127.138114,37.519395,osm_overpass
1784812246,127.136224,37.513527,osm_overpass
1784812248,127.137973,37.516892,osm_overpass
1784812257,127.137425,37.514592,osm_overpass
1784812261,127.135901,37.513310,osm_overpass
1784812271,127.133539,37.512499,osm_overpass
1784812272,127.137201,37.518202,osm_overpass
1784812273,127.137734,37.517354,osm_overpass
1784812280,127.137487,37.517803,osm_overpass
1784812286,127.133628,37.509605,osm_overpass
1784812297,127.136886,37.514054,osm_overpass
1784812309,127.138065,37.516603,osm_overpass
1805724039,127.095959,37.506753,osm_overpass
1805724040,127.096453,37.508209,osm_overpass
1805724041,127.093915,37.509317,osm_overpass
1805724042,127.096451,37.509212,osm_overpass
1805724044,127.093197,37.508181,osm_overpass
1805724045,127.094269,37.509568,osm_overpass
1805724046,127.097466,37.508660,osm_overpass
1805724047,127.096157,37.507208,osm_overpass
1805724053,127.096505,37.508402,osm_overpass
1805724054,127.093299,37.508589,osm_overpass
1805724055,127.096694,37.508884,osm_overpass
1805724056,127.096664,37.508705,osm_overpass
1805724058,127.096496,37.507990,osm_overpass
1805724060,127.096452,37.507599,osm_overpass
1805724061,127.095994,37.509479,osm_overpass
1805724064,127.094131,37.509517,osm_overpass
1805727387,127.104127,37.507937,osm_overpass
1805727388,127.103659,37.506895,osm_overpass
1805727389,127.105489,37.506394,osm_overpass
1805727390,127.105721,37.506093,osm_overpass
1805727391,127.103231,37.505468,osm_overpass
1805727394,127.106252,37.505466,osm_overpass
1805727395,127.098771,37.502597,osm_overpass
1805727396,127.103512,37.503881,osm_overpass
1805727397,127.099857,37.506132,osm_overpass
1805727398,127.100135,37.503543,osm_overpass
1805727399,127.105229,37.505039,osm_overpass
1805727401,127.104682,37.507311,osm_overpass
1805727402,127.100594,37.503479,osm_overpass
1805727403,127.103674,37.504796,osm_overpass
1805727405,127.101531,37.503017,osm_overpass
1805727406,127.100410,37.504262,osm_overpass
1805727407,127.100205,37.503188,osm_overpass
1805727408,127.098800,37.503732,osm_overpass
1805727409,127.100055,37.503904,osm_overpass
1805727410,127.100336,37.504626,osm_overpass
1805727411,127.097605,37.503218,osm_overpass
1805727412,127.104188,37.506281,osm_overpass
1805727413,127.101357,37.503704,osm_overpass
1805727414,127.100290,37.502855,osm_overpass
1805727415,127.101402,37.505521,osm_overpass
1805727416,127.106004,37.505776,osm_overpass
1805727417,127.102621,37.505615,osm_overpass
1805727419,127.098218,37.502924,osm_overpass
1805727420,127.103149,37.507513,osm_overpass
1805727421,127.099835,37.504979,osm_overpass
1805727422,127.102418,37.504386,osm_overpass
1805727423,127.097631,37.503637,osm_overpass
1805727424,127.099748,37.505353,osm_overpass
1805727427,127.105309,37.506607,osm_overpass
1805727428,127.101088,37.506213,osm_overpass
1805727432,127.102116,37.504956,osm_overpass
1805727433,127.098792,37.504831,osm_overpass
1805727434,127.099645,37.505711,osm_overpass
1805727435,127.104710,37.505657,osm_overpass
1805727436,127.097606,37.502860,osm_overpass
1805727437,127.097707,37.504748,osm_overpass
1805727438,127.101939,37.504361,osm_overpass
1805727439,127.097734,37.505125,osm_overpass
1805727442,127.102851,37.506130,osm_overpass
1805727443,127.099909,37.504645,osm_overpass
1805727445,127.098798,37.504091,osm_overpass
1805727446,127.102024,37.506596,osm_overpass
1805727447,127.103921,37.506583,osm_overpass
1805727448,127.097693,37.504373,osm_overpass
1805727449,127.105007,37.504366,osm_overpass
1805727454,127.102629,37.506462,osm_overpass
1805727455,127.101245,37.505855,osm_overpass
1805727456,127.099988,37.504241,osm_overpass
1805727459,127.102846,37.505278,osm_overpass
1805727464,127.102484,37.505131,osm_overpass
1805727465,127.100061,37.506217,osm_overpass
1805727466,127.099458,37.506064,osm_overpass
1805727469,127.103421,37.507185,osm_overpass
1805727470,127.101163,37.504088,osm_overpass
1805727471,127.104984,37.505340,osm_overpass
1805727472,127.097758,37.505479,osm_overpass
1805727473,127.102433,37.505942,osm_overpass
1805727476,127.098787,37.505951,osm_overpass
1805727477,127.104958,37.507010,osm_overpass
1805727478,127.104452,37.505976,osm_overpass
1805727480,127.097670,37.503979,osm_overpass
1805727481,127.098797,37.505212,osm_overpass
1805727483,127.102407,37.506771,osm_overpass
1805727484,127.100170,37.505407,osm_overpass
1805727485,127.098782,37.506444,osm_overpass
1805727486,127.098796,37.505565,osm_overpass
1805727487,127.103459,37.505139,osm_overpass
1805727488,127.101286,37.503151,osm_overpass
1805727490,127.101725,37.504796,osm_overpass
1805727491,127.103399,37.504367,osm_overpass
1805727492,127.100249,37.505011,osm_overpass
1805727494,127.098798,37.503353,osm_overpass
1805727495,127.098809,37.504474,osm_overpass
1805727496,127.101565,37.505177,osm_overpass
1805780996,127.093516,37.509424,osm_overpass
1805780998,127.092920,37.507677,osm_overpass
1805781002,127.092304,37.508419,osm_overpass
1805781003,127.096232,37.509361,osm_overpass
1805781004,127.102991,37.504251,osm_overpass
1805781005,127.092832,37.509503,osm_overpass
1805781006,127.093036,37.508006,osm_overpass
1805781007,127.092411,37.508185,osm_overpass
1805781014,127.092963,37.509447,osm_overpass
1805781019,127.097385,37.507177,osm_overpass
1805781024,127.093137,37.509479,osm_overpass
1805796924,127.097709,37.504766,osm_overpass
1805796927,127.097042,37.503149,osm_overpass
1805803313,127.099052,37.510358,osm_overpass
1809514665,127.101622,37.501529,osm_overpass
1809514666,127.103617,37.500772,osm_overpass
1809514670,127.107169,37.502733,osm_overpass
1809514672,127.100871,37.499478,osm_overpass
1809514673,127.108010,37.501752,osm_overpass
1809514674,127.105513,37.502204,osm_overpass
1809514675,127.103629,37.503280,osm_overpass
1809514677,127.104355,37.501851,osm_overpass
1809514678,127.104162,37.502208,osm_overpass
1809514679,127.102996,37.501428,osm_overpass
1809514680,127.100565,37.500810,osm_overpass
1809514681,127.101423,37.501365,osm_overpass
1809514682,127.102982,37.502244,osm_overpass
1809514683,127.106792,37.504356,osm_overpass
1809514684,127.106061,37.504053,osm_overpass
1809514685,127.103423,37.501145,osm_overpass
1809514686,127.109071,37.502510,osm_overpass
1809514687,127.106392,37.503327,osm_overpass
1809514688,127.106321,37.503728,osm_overpass
1809514689,127.103838,37.502884,osm_overpass
1809514690,127.100823,37.499534,osm_overpass
1809514692,127.104695,37.501132,osm_overpass
1809514693,127.107508,37.504197,osm_overpass
1809514694,127.103064,37.503628,osm_overpass
1809514696,127.100960,37.502439,osm_overpass
1809514697,127.104887,37.500763,osm_overpass
1809514698,127.102973,37.502687,osm_overpass
1809514703,127.103267,37.501504,osm_overpass
1809514704,127.105746,37.504644,osm_overpass
1809514706,127.108790,37.502829,osm_overpass
1809514710,127.105085,37.500388,osm_overpass
1809514711,127.107711,37.502083,osm_overpass
1809514714,127.105510,37.503034,osm_overpass
1809514715,127.103988,37.502557,osm_overpass
1809514717,127.105291,37.503337,osm_overpass
1809514718,127.101602,37.502594,osm_overpass
1809514719,127.105056,37.503723,osm_overpass
1809514721,127.101889,37.500371,osm_overpass
1809514722,127.106887,37.503058,osm_overpass
1809514723,127.100520,37.502305,osm_overpass
1809514724,127.101551,37.500902,osm_overpass
1809514725,127.105969,37.502356,osm_overpass
1809514727,127.105629,37.504601,osm_overpass
1809514728,127.108484,37.503142,osm_overpass
1809514731,127.103031,37.500788,osm_overpass
1809514732,127.102986,37.501840,osm_overpass
1809514733,127.102991,37.503082,osm_overpass
1809514735,127.103805,37.502937,osm_overpass
1809514736,127.103302,37.500201,osm_overpass
1809514737,127.106567,37.502960,osm_overpass
1809514738,127.100968,37.499463,osm_overpass
1809514740,127.109325,37.502192,osm_overpass
1809514743,127.101693,37.500566,osm_overpass
1809514744,127.107834,37.503846,osm_overpass
1809514745,127.105733,37.502706,osm_overpass
1809514746,127.101456,37.501434,osm_overpass
1809514747,127.106211,37.501163,osm_overpass
1809514748,127.102267,37.499877,osm_overpass
1809517101,127.100699,37.500170,osm_overpass
1809517105,127.100638,37.500500,osm_overpass
1809517108,127.098780,37.501215,osm_overpass
1809517114,127.098786,37.498804,osm_overpass
1809517115,127.098793,37.500831,osm_overpass
1809517116,127.103129,37.500588,osm_overpass
1809517120,127.098780,37.499670,osm_overpass
1809517121,127.100491,37.501124,osm_overpass
1809517122,127.102075,37.500258,osm_overpass
1809517124,127.101607,37.500771,osm_overpass
1809517126,127.101332,37.503075,osm_overpass
1809517127,127.100277,37.502242,osm_overpass
1809517129,127.101432,37.501334,osm_overpass
1809517130,127.098801,37.500405,osm_overpass
1809517131,127.098809,37.500051,osm_overpass
1809517137,127.100443,37.501428,osm_overpass
1809517138,127.101771,37.500482,osm_overpass
1809517143,127.099879,37.502166,osm_overpass
1809517145,127.098763,37.501569,osm_overpass
1809517146,127.100765,37.499878,osm_overpass
1809517150,127.100711,37.500105,osm_overpass
1809517151,127.101510,37.501053,osm_overpass
1809517152,127.098776,37.499299,osm_overpass
1809517153,127.101339,37.501657,osm_overpass
1809517907,127.103607,37.503331,osm_overpass
1809517914,127.101084,37.502145,osm_overpass
1809517916,127.104312,37.503459,osm_overpass
1809517922,127.104097,37.503571,osm_overpass
1809517923,127.101605,37.502306,osm_overpass
1809517926,127.100335,37.501958,osm_overpass
1809517928,127.104277,37.503536,osm_overpass
1809517929,127.104195,37.503574,osm_overpass
1809518763,127.097783,37.505802,osm_overpass
1809519141,127.102491,37.501514,osm_overpass
1809519142,127.101958,37.502226,osm_overpass
1809519144,127.102434,37.503330,osm_overpass
1809519146,127.102142,37.503225,osm_overpass
1809519148,127.102705,37.503160,osm_overpass
1809519150,127.102504,37.501804,osm_overpass
1809519152,127.101758,37.503417,osm_overpass
1809519155,127.102658,37.503403,osm_overpass
1809519156,127.101668,37.503721,osm_overpass
1809519157,127.102418,37.501117,osm_overpass
1809519158,127.102640,37.502993,osm_overpass
1809519163,127.102650,37.502873,osm_overpass
1809519165,127.101753,37.501183,osm_overpass
1809519167,127.101704,37.503995,osm_overpass
1809519169,127.102037,37.504081,osm_overpass
1809519170,127.102316,37.500995,osm_overpass
1809519172,127.101891,37.502523,osm_overpass
1809519174,127.102382,37.504100,osm_overpass
1809519176,127.101978,37.502674,osm_overpass
1809519178,127.102576,37.502361,osm_overpass
1809519179,127.101901,37.502029,osm_overpass
1809519181,127.102323,37.503023,osm_overpass
1809519183,127.101850,37.501851,osm_overpass
1809519185,127.102728,37.503296,osm_overpass
1809519186,127.101786,37.501055,osm_overpass
1809519188,127.101776,37.503189,osm_overpass
1809519190,127.101880,37.502689,osm_overpass
1809519192,127.102527,37.504105,osm_overpass
1809519195,127.102629,37.502603,osm_overpass
1809519196,127.101773,37.503066,osm_overpass
1809519197,127.102283,37.502885,osm_overpass
1809519198,127.101818,37.501555,osm_overpass
1809519199,127.101765,37.501371,osm_overpass
1809519200,127.101896,37.502459,osm_overpass
1809519201,127.101857,37.503198,osm_overpass
1809519202,127.102437,37.501331,osm_overpass
1809519203,127.102724,37.503640,osm_overpass
1809519205,127.101656,37.503916,osm_overpass
1809519206,127.102314,37.502735,osm_overpass
1809519207,127.101719,37.503534,osm_overpass
1809519210,127.101814,37.502882,osm_overpass
1809519211,127.102043,37.500964,osm_overpass
1809519212,127.101967,37.504066,osm_overpass
1809519215,127.102485,37.501645,osm_overpass
1809519216,127.102326,37.503260,osm_overpass
1809519218,127.102570,37.502567,osm_overpass
1809519219,127.102743,37.503815,osm_overpass
1809519220,127.102606,37.501972,osm_overpass
1809519248,127.102324,37.502630,osm_overpass
1809519250,127.102266,37.502683,osm_overpass
1809556057,127.102032,37.500589,osm_overpass
1809556058,127.102145,37.500733,osm_overpass
1809556059,127.102412,37.500890,osm_overpass
1809556060,127.102263,37.501324,osm_overpass
1809556061,127.102112,37.500965,osm_overpass
1809556062,127.102415,37.500977,osm_overpass
1809556064,127.102362,37.500800,osm_overpass
1809556066,127.102176,37.501295,osm_overpass
1809556067,127.102138,37.500657,osm_overpass
1809556069,127.102339,37.501332,osm_overpass
1809556070,127.101856,37.500689,osm_overpass
1809556071,127.101799,37.500886,osm_overpass
1809556073,127.101858,37.500990,osm_overpass
1809556074,127.101840,37.500724,osm_overpass
1809556075,127.102204,37.500766,osm_overpass
1809556076,127.101928,37.500602,osm_overpass
1809556077,127.102397,37.500841,osm_overpass
1809556079,127.102147,37.501234,osm_overpass
1809557469,127.106972,37.511073,osm_overpass
1809557470,127.105266,37.508112,osm_overpass
1809557471,127.107030,37.506069,osm_overpass
1809557472,127.107465,37.510846,osm_overpass
1809557475,127.105313,37.509729,osm_overpass
1809557476,127.108636,37.506690,osm_overpass
1809557477,127.111476,37.509998,osm_overpass
1809557478,127.111326,37.508917,osm_overpass
1809557480,127.108160,37.510492,osm_overpass
1809557481,127.105669,37.509398,osm_overpass
1809557482,127.105013,37.508369,osm_overpass
1809557484,127.107074,37.509512,osm_overpass
1809557485,127.110878,37.509139,osm_overpass
1809557486,127.106259,37.508857,osm_overpass
1809557487,127.111442,37.510072,osm_overpass
1809557488,127.110437,37.507731,osm_overpass
1809557490,127.109664,37.507634,osm_overpass
1809557491,127.109471,37.507764,osm_overpass
1809557492,127.109190,37.507115,osm_overpass
1809557493,127.108233,37.511392,osm_overpass
1809559207,127.109183,37.509993,osm_overpass
1809559209,127.111147,37.510190,osm_overpass
1809559210,127.108491,37.510326,osm_overpass
1809559211,127.107743,37.507502,osm_overpass
1809559212,127.108039,37.507211,osm_overpass
1809559213,127.105958,37.509137,osm_overpass
1809559214,127.110448,37.510474,osm_overpass
1809559215,127.109461,37.510905,osm_overpass
1809559216,127.108998,37.508683,osm_overpass
1809559218,127.109788,37.510748,osm_overpass
1809559219,127.108841,37.510709,osm_overpass
1809559220,127.106085,37.507193,osm_overpass
1809559223,127.108099,37.508792,osm_overpass
1809559224,127.106789,37.509800,osm_overpass
1809559225,127.108789,37.511677,osm_overpass
1809559226,127.108548,37.511268,osm_overpass
1809559229,127.109856,37.509645,osm_overpass
1809559230,127.108788,37.508307,osm_overpass
1809559231,127.109654,37.508230,osm_overpass
1809559232,127.108041,37.509304,osm_overpass
1809559235,127.107412,37.509267,osm_overpass
1809559236,127.107433,37.507775,osm_overpass
1809559237,127.108421,37.509058,osm_overpass
1809559238,127.106599,37.506610,osm_overpass
1809559239,127.109313,37.508477,osm_overpass
1809559240,127.106335,37.506918,osm_overpass
1809559241,127.108706,37.508900,osm_overpass
1809559243,127.110200,37.509470,osm_overpass
1809559244,127.107750,37.509009,osm_overpass
1809559245,127.109386,37.511322,osm_overpass
1809559246,127.108343,37.509121,osm_overpass
1809559248,127.106129,37.510403,osm_overpass
1809559249,127.108443,37.508556,osm_overpass
1809559250,127.106853,37.506326,osm_overpass
1809559252,127.109522,37.509818,osm_overpass
1809559254,127.107698,37.509556,osm_overpass
1809559256,127.105795,37.507511,osm_overpass
1809559258,127.109121,37.508076,osm_overpass
1809559259,127.110113,37.510602,osm_overpass
1809559260,127.106863,37.509859,osm_overpass
1809559261,127.106552,37.508589,osm_overpass
1809559262,127.108835,37.510160,osm_overpass
1809559263,127.107131,37.508054,osm_overpass
1809559265,127.106857,37.508338,osm_overpass
1809559268,127.107819,37.510669,osm_overpass
1809559269,127.108335,37.506957,osm_overpass
1809559270,127.110525,37.509300,osm_overpass
1809560155,127.107229,37.514130,osm_overpass
1809560157,127.107975,37.513925,osm_overpass
1809560158,127.111960,37.515721,osm_overpass
1809560160,127.115639,37.515757,osm_overpass
1809560162,127.109150,37.512122,osm_overpass
1809560163,127.112618,37.512173,osm_overpass
1809560164,127.110179,37.514671,osm_overpass
1809560165,127.112339,37.516925,osm_overpass
1809560166,127.107804,37.514324,osm_overpass
1809560169,127.108653,37.512336,osm_overpass
1809560172,127.113381,37.513407,osm_overpass
1809560173,127.108647,37.516137,osm_overpass
1809560175,127.111440,37.511201,osm_overpass
1809564266,127.110671,37.516008,osm_overpass
1809564267,127.110360,37.516728,osm_overpass
1809564268,127.111083,37.514313,osm_overpass
1809564270,127.110530,37.511573,osm_overpass
1809564271,127.108268,37.514478,osm_overpass
1809564272,127.110677,37.514848,osm_overpass
1809564273,127.111755,37.514465,osm_overpass
1809564275,127.110070,37.511761,osm_overpass
1809564276,127.110123,37.516176,osm_overpass
1809564277,127.114049,37.516326,osm_overpass
1809564278,127.110874,37.513977,osm_overpass
1809564279,127.112155,37.512354,osm_overpass
1809564280,127.108976,37.512576,osm_overpass
1809564281,127.114263,37.514828,osm_overpass
1809564282,127.109301,37.512820,osm_overpass
1809564283,127.110779,37.512899,osm_overpass
1809564284,127.110083,37.515096,osm_overpass
1809564285,127.112638,37.516821,osm_overpass
1809564286,127.112188,37.515176,osm_overpass
1809564287,127.111108,37.514990,osm_overpass
1809564289,127.110198,37.513818,osm_overpass
1809564290,127.109621,37.511947,osm_overpass
1809564291,127.111935,37.515268,osm_overpass
1809564292,127.112419,37.516455,osm_overpass
1809564294,127.114982,37.515988,osm_overpass
1809564295,127.110513,37.515237,osm_overpass
1809564297,127.110665,37.513636,osm_overpass
1809564298,127.109651,37.514946,osm_overpass
1809564300,127.113110,37.516657,osm_overpass
1809564301,127.109860,37.513258,osm_overpass
1809564304,127.113892,37.516984,osm_overpass
1809564305,127.107677,37.515814,osm_overpass
1809564306,127.108134,37.513552,osm_overpass
1809564307,127.113804,37.515007,osm_overpass
1809564309,127.113349,37.515190,osm_overpass
1809564311,127.111544,37.514136,osm_overpass
1809564312,127.112923,37.513584,osm_overpass
1809564314,127.108335,37.515559,osm_overpass
1809564316,127.109527,37.512729,osm_overpass
1809564317,127.107703,37.512953,osm_overpass
1809564318,127.112209,37.516528,osm_overpass
1809564320,127.112223,37.514280,osm_overpass
1809564321,127.113607,37.516487,osm_overpass
1809564322,127.108671,37.513299,osm_overpass
1809564323,127.110186,37.514246,osm_overpass
1809564324,127.110320,37.513076,osm_overpass
1809564325,127.111242,37.514668,osm_overpass
1809564326,127.109261,37.515877,osm_overpass
1809564328,127.111237,37.512717,osm_overpass
1809564329,127.110496,37.514548,osm_overpass
1809564330,127.114517,37.516157,osm_overpass
1809564331,127.110980,37.511394,osm_overpass
1809564332,127.108728,37.514634,osm_overpass
1809564333,127.110939,37.515381,osm_overpass
1809564334,127.112881,37.515369,osm_overpass
1809564335,127.111695,37.512534,osm_overpass
1809564336,127.110804,37.515706,osm_overpass
1809564337,127.109342,37.512431,osm_overpass
1809564338,127.112459,37.513769,osm_overpass
1809564339,127.109686,37.516024,osm_overpass
1809564340,127.109044,37.513426,osm_overpass
1809564341,127.112192,37.516104,osm_overpass
1809570212,127.102981,37.498971,osm_overpass
1809570213,127.109763,37.501025,osm_overpass
1809570214,127.106898,37.500170,osm_overpass
1809570218,127.111213,37.500140,osm_overpass
1809570219,127.106682,37.500488,osm_overpass
1809570222,127.104237,37.500091,osm_overpass
1809570225,127.101383,37.498495,osm_overpass
1809570232,127.110790,37.499897,osm_overpass
1809570234,127.110424,37.500322,osm_overpass
1809570236,127.102446,37.499524,osm_overpass
1809570241,127.097655,37.497385,osm_overpass
1809570254,127.108051,37.500506,osm_overpass
1809570256,127.102755,37.498904,osm_overpass
1809570257,127.104261,37.499353,osm_overpass
1809570261,127.103836,37.499226,osm_overpass
1809570262,127.101034,37.498391,osm_overpass
1809570266,127.104115,37.499649,osm_overpass
1809570267,127.098826,37.497755,osm_overpass
1809570268,127.107341,37.500298,osm_overpass
1809570272,127.108816,37.500745,osm_overpass
1809570276,127.107109,37.500625,osm_overpass
1809570751,127.120330,37.504950,osm_overpass
1809570752,127.115888,37.506487,osm_overpass
1809570753,127.119081,37.505486,osm_overpass
1809570754,127.112659,37.502971,osm_overpass
1809570756,127.119327,37.505471,osm_overpass
1809570757,127.118023,37.505445,osm_overpass
1809570758,127.118246,37.505464,osm_overpass
1809571531,127.108307,37.505272,osm_overpass
1809571532,127.109439,37.504292,osm_overpass
1809571533,127.109359,37.506012,osm_overpass
1809571535,127.110454,37.505010,osm_overpass
1809571537,127.111309,37.505800,osm_overpass
1809571538,127.108047,37.504997,osm_overpass
1809571539,127.109645,37.505758,osm_overpass
1809571540,127.110140,37.503506,osm_overpass
1809571542,127.111504,37.506982,osm_overpass
1809571543,127.111914,37.505848,osm_overpass
1809571544,127.110089,37.504324,osm_overpass
1809571546,127.113764,37.507164,osm_overpass
1809571547,127.109850,37.503311,osm_overpass
1809571549,127.108053,37.505098,osm_overpass
1809571550,127.108986,37.503974,osm_overpass
1809571551,127.114031,37.507479,osm_overpass
1809571552,127.111941,37.502598,osm_overpass
1809571553,127.111007,37.506006,osm_overpass
1809571554,127.109910,37.505513,osm_overpass
1809571555,127.112317,37.507903,osm_overpass
1809571556,127.110617,37.503826,osm_overpass
1809571557,127.110655,37.502133,osm_overpass
1809571558,127.111767,37.507237,osm_overpass
1809571559,127.111235,37.506734,osm_overpass
1809571560,127.110188,37.505256,osm_overpass
1809571561,127.107895,37.505706,osm_overpass
1809571562,127.109776,37.504531,osm_overpass
1809571563,127.112343,37.506536,osm_overpass
1809571565,127.110719,37.504765,osm_overpass
1809571566,127.112204,37.506110,osm_overpass
1809571567,127.112410,37.506298,osm_overpass
1809571568,127.110950,37.506471,osm_overpass
1809571569,127.112418,37.506421,osm_overpass
1809571570,127.108733,37.504244,osm_overpass
1809571571,127.109148,37.504086,osm_overpass
1809571572,127.108246,37.504801,osm_overpass
1809573249,127.115277,37.507449,osm_overpass
1809573250,127.111999,37.504534,osm_overpass
1809573251,127.118297,37.506507,osm_overpass
1809573252,127.110508,37.503022,osm_overpass
1809573253,127.112439,37.504366,osm_overpass
1809573254,127.111757,37.503805,osm_overpass
1809573255,127.110979,37.503487,osm_overpass
1809573256,127.113005,37.506394,osm_overpass
1809573257,127.109770,37.503124,osm_overpass
1809573258,127.112082,37.504072,osm_overpass
1809573259,127.113023,37.504313,osm_overpass
1809573260,127.112499,37.504412,osm_overpass
1809573263,127.112852,37.504762,osm_overpass
1809573265,127.115138,37.507425,osm_overpass
1809573266,127.113380,37.504072,osm_overpass
1809573267,127.115207,37.507422,osm_overpass
1809573268,127.111779,37.504351,osm_overpass
1809573269,127.110624,37.502580,osm_overpass
1809573270,127.115335,37.507509,osm_overpass
1809573271,127.112005,37.504721,osm_overpass
1809573272,127.114697,37.507583,osm_overpass
1809573273,127.115513,37.507776,osm_overpass
1809573274,127.112590,37.505448,osm_overpass
1809573275,127.111782,37.503081,osm_overpass
1809573276,127.114620,37.507555,osm_overpass
1809573277,127.111033,37.505049,osm_overpass
1809573278,127.115083,37.507441,osm_overpass
1809573279,127.111833,37.503172,osm_overpass
1809573280,127.110802,37.503650,osm_overpass
1809573281,127.112251,37.505658,osm_overpass
1809573282,127.112624,37.504681,osm_overpass
1809573284,127.111318,37.505308,osm_overpass
1809573285,127.112575,37.504770,osm_overpass
1809573286,127.110036,37.502828,osm_overpass
1809573287,127.114845,37.507553,osm_overpass
1809573288,127.112774,37.504672,osm_overpass
1809573289,127.110659,37.502786,osm_overpass
1809573290,127.112371,37.503817,osm_overpass
1809573291,127.110601,37.507930,osm_overpass
1809573292,127.112862,37.504454,osm_overpass
1809573293,127.110807,37.503146,osm_overpass
1809573294,127.114564,37.507510,osm_overpass
1809573295,127.112954,37.506527,osm_overpass
1809573296,127.112630,37.503579,osm_overpass
1809573297,127.111119,37.502794,osm_overpass
1809573298,127.112031,37.504607,osm_overpass
1809573299,127.111457,37.504083,osm_overpass
1809573300,127.110399,37.504540,osm_overpass
1809573301,127.113201,37.505074,osm_overpass
1809573302,127.110428,37.502405,osm_overpass
1809573303,127.110689,37.503279,osm_overpass
1809573304,127.111609,37.505571,osm_overpass
1809573305,127.112578,37.505456,osm_overpass
1809573306,127.112495,37.504851,osm_overpass
1809573307,127.110734,37.502663,osm_overpass
1809573308,127.113856,37.506631,osm_overpass
1809573309,127.111576,37.502935,osm_overpass
1809573310,127.112852,37.504462,osm_overpass
1809573311,127.110275,37.502565,osm_overpass
1809573312,127.112624,37.504585,osm_overpass
1809573313,127.114764,37.507583,osm_overpass
1809573314,127.112559,37.504458,osm_overpass
1809573315,127.112039,37.504668,osm_overpass
1809573316,127.111814,37.503240,osm_overpass
1809573830,127.112670,37.508224,osm_overpass
1809573831,127.111371,37.507461,osm_overpass
1809573833,127.114108,37.507945,osm_overpass
1809573835,127.113834,37.507593,osm_overpass
1809573837,127.112591,37.509077,osm_overpass
1809573839,127.113477,37.506815,osm_overpass
1809573840,127.113133,37.506424,osm_overpass
1809573841,127.113302,37.509179,osm_overpass
1809573843,127.114678,37.507792,osm_overpass
1809573844,127.114560,37.507785,osm_overpass
1809573846,127.114295,37.507855,osm_overpass
1809573847,127.112407,37.509549,osm_overpass
1809573849,127.112883,37.508537,osm_overpass
1809573850,127.114807,37.507849,osm_overpass
1809573851,127.112157,37.507002,osm_overpass
1809573852,127.112450,37.507359,osm_overpass
1809573853,127.114942,37.507985,osm_overpass
1809573855,127.111036,37.507670,osm_overpass
1809573856,127.115011,37.508077,osm_overpass
1809573857,127.111843,37.508651,osm_overpass
1809573858,127.114426,37.507813,osm_overpass
1809573860,127.112187,37.508468,osm_overpass
1809574146,127.115428,37.506726,osm_overpass
1809574147,127.114401,37.505666,osm_overpass
1809574148,127.114697,37.505522,osm_overpass
1809574149,127.114595,37.504518,osm_overpass
1809574150,127.114007,37.505857,osm_overpass
1809574151,127.113479,37.505100,osm_overpass
1809574152,127.113485,37.505169,osm_overpass
1809574153,127.114655,37.506770,osm_overpass
1809574154,127.115282,37.506453,osm_overpass
1809574155,127.113726,37.505994,osm_overpass
1809574156,127.115161,37.505296,osm_overpass
1809574157,127.115317,37.506426,osm_overpass
1809574158,127.113860,37.505929,osm_overpass
1809574159,127.115951,37.507533,osm_overpass
1809574160,127.114518,37.506759,osm_overpass
1809574161,127.115322,37.506392,osm_overpass
1809574162,127.114574,37.506800,osm_overpass
1809574163,127.115292,37.506341,osm_overpass
1809574164,127.113829,37.504918,osm_overpass
1809578785,127.120058,37.514165,osm_overpass
1809578788,127.114657,37.511364,osm_overpass
1809578789,127.118527,37.511689,osm_overpass
1809578791,127.115174,37.512196,osm_overpass
1809578792,127.115465,37.514350,osm_overpass
1809578793,127.115444,37.512088,osm_overpass
1809578794,127.115477,37.512061,osm_overpass
1809578795,127.115920,37.510871,osm_overpass
1809578796,127.115076,37.511197,osm_overpass
1809578799,127.113881,37.509366,osm_overpass
1809578800,127.115388,37.512116,osm_overpass
1809578801,127.113908,37.510133,osm_overpass
1809578803,127.115493,37.511872,osm_overpass
1809578805,127.113816,37.511694,osm_overpass
1809578806,127.114953,37.512686,osm_overpass
1809578809,127.116642,37.512032,osm_overpass
1809578812,127.119247,37.512859,osm_overpass
1809578813,127.115887,37.514184,osm_overpass
1809578814,127.114237,37.511530,osm_overpass
1809578815,127.116884,37.509043,osm_overpass
1809578816,127.116211,37.515546,osm_overpass
1809584161,127.120955,37.510306,osm_overpass
1809584162,127.116633,37.515390,osm_overpass
1809584163,127.117196,37.510344,osm_overpass
1809584164,127.115850,37.509817,osm_overpass
1809584166,127.116044,37.510383,osm_overpass
1809584168,127.116133,37.511216,osm_overpass
1809584169,127.115310,37.509584,osm_overpass
1809584171,127.114761,37.509799,osm_overpass
1809584172,127.115089,37.510334,osm_overpass
1809584173,127.116485,37.509185,osm_overpass
1809584174,127.116013,37.511758,osm_overpass
1809584176,127.118321,37.511361,osm_overpass
1809584177,127.117266,37.512193,osm_overpass
1809584178,127.116220,37.509617,osm_overpass
1809584179,127.114233,37.509798,osm_overpass
1809584180,127.116118,37.512032,osm_overpass
1809584181,127.116100,37.511660,osm_overpass
1809584182,127.115493,37.511037,osm_overpass
1809584183,127.116134,37.512065,osm_overpass
1809584184,127.115297,37.511551,osm_overpass
1809584185,127.117723,37.512011,osm_overpass
1809584186,127.118826,37.513021,osm_overpass
1809584187,127.116349,37.511561,osm_overpass
1809584188,127.119987,37.514814,osm_overpass
1809584189,127.117917,37.511522,osm_overpass
1809584190,127.115170,37.513031,osm_overpass
1809584191,127.114742,37.513202,osm_overpass
1809584192,127.116765,37.510506,osm_overpass
1809584194,127.116055,37.512252,osm_overpass
1809584195,127.118403,37.513190,osm_overpass
1809584196,127.115636,37.510127,osm_overpass
1809584197,127.116092,37.512224,osm_overpass
1809584198,127.119652,37.514306,osm_overpass
1809584199,127.116014,37.512272,osm_overpass
1809584200,127.115941,37.510011,osm_overpass
1809584201,127.119214,37.514464,osm_overpass
1809584202,127.115960,37.509726,osm_overpass
1809584203,127.115893,37.509762,osm_overpass
1809584204,127.115289,37.510660,osm_overpass
1809584205,127.116111,37.510303,osm_overpass
1809584206,127.116338,37.510704,osm_overpass
1809584207,127.117127,37.508426,osm_overpass
1809584208,127.117059,37.511865,osm_overpass
1809584209,127.116095,37.510252,osm_overpass
1809584210,127.116089,37.510349,osm_overpass
1809584211,127.117983,37.513354,osm_overpass
1809584212,127.117519,37.511682,osm_overpass
1809584213,127.118802,37.514613,osm_overpass
1809584215,127.115848,37.509864,osm_overpass
1809584217,127.115824,37.508983,osm_overpass
1809584218,127.121150,37.510640,osm_overpass
1809613950,127.117493,37.515088,osm_overpass
1809613951,127.118350,37.514784,osm_overpass
1809613952,127.117069,37.512720,osm_overpass
1809613953,127.115388,37.513380,osm_overpass
1809613956,127.117067,37.515240,osm_overpass
1809613958,127.115610,37.513738,osm_overpass
1809613959,127.118657,37.515270,osm_overpass
1809613960,127.117924,37.514933,osm_overpass
1809613961,127.116308,37.514021,osm_overpass
1809613963,127.116729,37.513855,osm_overpass
1809613964,127.117566,37.513522,osm_overpass
1809613965,127.117151,37.513689,osm_overpass
1809613966,127.117290,37.513076,osm_overpass
1809629622,127.123433,37.511779,osm_overpass
1809629625,127.119504,37.507943,osm_overpass
1809629626,127.122145,37.507656,osm_overpass
1809629628,127.124201,37.512295,osm_overpass
1809629630,127.117330,37.508764,osm_overpass
1809629632,127.124926,37.509575,osm_overpass
1809629634,127.122702,37.509402,osm_overpass
1809629638,127.123972,37.508043,osm_overpass
1809629641,127.122307,37.513348,osm_overpass
1809629643,127.120699,37.510821,osm_overpass
1809629644,127.122493,37.511751,osm_overpass
1809629646,127.119129,37.509580,osm_overpass
1809629647,127.122443,37.506913,osm_overpass
1809629656,127.120370,37.512410,osm_overpass
1809629658,127.123347,37.510294,osm_overpass
1809629660,127.122361,37.506276,osm_overpass
1809629665,127.122084,37.507769,osm_overpass
1809629667,127.125887,37.509207,osm_overpass
1809629669,127.123591,37.508045,osm_overpass
1809629671,127.122180,37.510845,osm_overpass
1809629675,127.125511,37.510549,osm_overpass
1809629677,127.122769,37.513263,osm_overpass
1809629679,127.118652,37.508764,osm_overpass
1809629683,127.122558,37.506876,osm_overpass
1809629684,127.125448,37.512762,osm_overpass
1809629686,127.122879,37.505870,osm_overpass
1809629687,127.122288,37.506475,osm_overpass
1809629688,127.124637,37.509969,osm_overpass
1809629698,127.126582,37.512272,osm_overpass
1809629700,127.121569,37.506764,osm_overpass
1809629710,127.119465,37.510903,osm_overpass
1809629712,127.121488,37.506628,osm_overpass
1809629714,127.124230,37.510049,osm_overpass
1809629718,127.123573,37.507407,osm_overpass
1809629720,127.118249,37.508923,osm_overpass
1809629722,127.123645,37.507526,osm_overpass
1809629724,127.123224,37.511460,osm_overpass
1809629725,127.122591,37.510006,osm_overpass
1809629726,127.122336,37.510930,osm_overpass
1809629727,127.124011,37.513349,osm_overpass
1809629736,127.124754,37.512458,osm_overpass
1809629738,127.125883,37.511990,osm_overpass
1809629740,127.120838,37.506712,osm_overpass
1809629744,127.122975,37.508091,osm_overpass
1809629746,127.123077,37.508249,osm_overpass
1809629748,127.126768,37.511620,osm_overpass
1809629750,127.122283,37.506891,osm_overpass
1809629754,127.123892,37.506398,osm_overpass
1809629756,127.122930,37.511577,osm_overpass
1809629758,127.127212,37.511300,osm_overpass
1809629762,127.121399,37.506480,osm_overpass
1809629763,127.127223,37.511432,osm_overpass
1809629765,127.123044,37.507598,osm_overpass
1809629768,127.123518,37.512526,osm_overpass
1809629777,127.122010,37.507450,osm_overpass
1809629779,127.119684,37.511227,osm_overpass
1809629781,127.122621,37.506687,osm_overpass
1809629783,127.123747,37.505964,osm_overpass
1809629785,127.123455,37.507216,osm_overpass
1809629787,127.121938,37.511908,osm_overpass
1809629789,127.122248,37.506120,osm_overpass
1809629791,127.121791,37.506673,osm_overpass
1809629793,127.123862,37.509400,osm_overpass
1809629796,127.122416,37.508309,osm_overpass
1809629802,127.120501,37.510488,osm_overpass
1809629805,127.122985,37.507113,osm_overpass
1809629809,127.122680,37.508206,osm_overpass
1809629810,127.119758,37.509340,osm_overpass
1809629811,127.126413,37.512344,osm_overpass
1809629812,127.123669,37.508155,osm_overpass
1809629813,127.122315,37.509536,osm_overpass
1809629822,127.122535,37.507977,osm_overpass
1809629828,127.122380,37.508410,osm_overpass
1809629830,127.120003,37.506415,osm_overpass
1809629832,127.124683,37.509955,osm_overpass
1809629834,127.122631,37.508756,osm_overpass
1809629836,127.117995,37.508513,osm_overpass
1809629838,127.123282,37.513059,osm_overpass
1809629842,127.124096,37.509861,osm_overpass
1809629844,127.124118,37.509772,osm_overpass
1809629850,127.124555,37.512158,osm_overpass
1809629851,127.119022,37.507461,osm_overpass
1809629852,127.123762,37.509310,osm_overpass
1809629853,127.125139,37.512297,osm_overpass
1809629855,127.125572,37.512120,osm_overpass
1809629859,127.123902,37.506173,osm_overpass
1809629860,127.122824,37.506832,osm_overpass
1809629861,127.125554,37.509646,osm_overpass
1809629862,127.121748,37.513543,osm_overpass
1809629863,127.121896,37.506837,osm_overpass
1809629864,127.122872,37.507807,osm_overpass
1809629865,127.121383,37.507552,osm_overpass
1809629867,127.120827,37.510096,osm_overpass
1809629869,127.122742,37.507149,osm_overpass
1809629870,127.121931,37.507327,osm_overpass
1809629871,127.123748,37.508300,osm_overpass
1809629872,127.122643,37.511027,osm_overpass
1809629873,127.122927,37.511078,osm_overpass
1809629874,127.123570,37.505917,osm_overpass
1809629875,127.124272,37.511745,osm_overpass
1809629876,127.122427,37.506394,osm_overpass
1809629877,127.123725,37.511943,osm_overpass
1809635640,127.112343,37.500595,osm_overpass
1809635641,127.113102,37.500188,osm_overpass
1809635642,127.117553,37.500902,osm_overpass
1809635643,127.111721,37.502006,osm_overpass
1809635645,127.112584,37.500739,osm_overpass
1809635647,127.113656,37.499104,osm_overpass
1809635649,127.115337,37.503483,osm_overpass
1809635651,127.111383,37.501699,osm_overpass
1809635653,127.114805,37.498999,osm_overpass
1809635654,127.112213,37.500727,osm_overpass
1809635655,127.115804,37.500643,osm_overpass
1809635656,127.113163,37.499291,osm_overpass
1809635658,127.111409,37.502092,osm_overpass
1809635659,127.115247,37.500280,osm_overpass
1809635661,127.118017,37.501160,osm_overpass
1809635662,127.113453,37.502877,osm_overpass
1809635664,127.113803,37.502619,osm_overpass
1809635665,127.117672,37.505617,osm_overpass
1809635668,127.114424,37.501075,osm_overpass
1809635669,127.111495,37.501283,osm_overpass
1809635670,127.114665,37.502002,osm_overpass
1809635671,127.116982,37.500433,osm_overpass
1809635672,127.116316,37.502270,osm_overpass
1809635673,127.113496,37.499137,osm_overpass
1809635675,127.112412,37.500914,osm_overpass
1809635676,127.115615,37.499026,osm_overpass
1809635677,127.116286,37.500950,osm_overpass
1809635678,127.114944,37.503735,osm_overpass
1809635679,127.114459,37.499766,osm_overpass
1809635681,127.114189,37.502342,osm_overpass
1809635682,127.116582,37.500175,osm_overpass
1809635683,127.114284,37.501033,osm_overpass
1809635684,127.111962,37.502031,osm_overpass
1809635685,127.112921,37.500357,osm_overpass
1809635686,127.111936,37.500564,osm_overpass
1809635687,127.115019,37.499636,osm_overpass
1809635689,127.114767,37.501155,osm_overpass
1809635690,127.115294,37.501306,osm_overpass
1809635691,127.114012,37.499474,osm_overpass
1809635692,127.116812,37.502576,osm_overpass
1809635693,127.114708,37.499002,osm_overpass
1809635694,127.115776,37.499082,osm_overpass
1809635695,127.117200,37.502118,osm_overpass
1809635696,127.115930,37.502031,osm_overpass
1809635697,127.116561,37.500652,osm_overpass
1809635698,127.112634,37.499845,osm_overpass
1809635699,127.115552,37.501798,osm_overpass
1809635700,127.115369,37.502712,osm_overpass
1809635701,127.116232,37.499311,osm_overpass
1809635702,127.113432,37.502857,osm_overpass
1809635704,127.114230,37.499027,osm_overpass
1809635705,127.112410,37.501363,osm_overpass
1809635706,127.115187,37.503983,osm_overpass
1809635707,127.116049,37.499215,osm_overpass
1809635708,127.111149,37.501976,osm_overpass
1809635710,127.115680,37.503005,osm_overpass
1809635711,127.116870,37.500579,osm_overpass
1809635712,127.113157,37.500521,osm_overpass
1809635713,127.115126,37.498989,osm_overpass
1809635714,127.112833,37.500847,osm_overpass
1809635715,127.115378,37.498985,osm_overpass
1809635716,127.112897,37.500038,osm_overpass
1809635717,127.113335,37.499205,osm_overpass
1809635720,127.112414,37.501810,osm_overpass
1809635721,127.113919,37.499061,osm_overpass
1809635722,127.117413,37.499933,osm_overpass
1809635723,127.115819,37.501457,osm_overpass
1809635724,127.113061,37.499376,osm_overpass
1809635727,127.112455,37.500872,osm_overpass
1809635729,127.116005,37.500285,osm_overpass
1809637524,127.117095,37.502879,osm_overpass
1809637525,127.121585,37.504390,osm_overpass
1809637526,127.120735,37.505468,osm_overpass
1809637528,127.121531,37.505164,osm_overpass
1809637529,127.118774,37.503706,osm_overpass
1809637530,127.119942,37.505153,osm_overpass
1809637531,127.118167,37.503774,osm_overpass
1809637532,127.121467,37.503917,osm_overpass
1809637533,127.121515,37.504190,osm_overpass
1809637534,127.116707,37.502705,osm_overpass
1809637535,127.121151,37.502614,osm_overpass
1809637540,127.121354,37.503475,osm_overpass
1809637541,127.118511,37.503523,osm_overpass
1809637543,127.121515,37.504683,osm_overpass
1810732768,127.125042,37.502268,osm_overpass
1810732770,127.121813,37.498634,osm_overpass
1810732774,127.123232,37.500032,osm_overpass
1810732776,127.124184,37.501340,osm_overpass
1810732777,127.122531,37.499186,osm_overpass
1810732778,127.123940,37.501045,osm_overpass
1810732779,127.122135,37.498821,osm_overpass
1810732782,127.122940,37.499655,osm_overpass
1810732784,127.124581,37.501766,osm_overpass
1810741855,127.125018,37.500155,osm_overpass
1810741858,127.124550,37.499559,osm_overpass
1810741859,127.124742,37.499833,osm_overpass
1810741869,127.124326,37.499202,osm_overpass
1810741871,127.119433,37.499506,osm_overpass
1810741882,127.123343,37.498219,osm_overpass
1810741884,127.120411,37.498372,osm_overpass
1810741909,127.123918,37.501013,osm_overpass
1810741914,127.123151,37.501576,osm_overpass
1810741920,127.121923,37.497402,osm_overpass
1810746501,127.121712,37.500133,osm_overpass
1810746502,127.122545,37.500610,osm_overpass
1810746503,127.132181,37.499498,osm_overpass
1810746511,127.123838,37.497278,osm_overpass
1810746513,127.123200,37.499997,osm_overpass
1810746515,127.123847,37.497665,osm_overpass
1810746517,127.119827,37.499048,osm_overpass
1810746519,127.122127,37.496355,osm_overpass
1810746521,127.122618,37.496615,osm_overpass
1810746528,127.123900,37.497393,osm_overpass
1810746532,127.123911,37.497533,osm_overpass
1810746533,127.124930,37.502146,osm_overpass
1810746537,127.120269,37.499298,osm_overpass
1810748352,127.123659,37.503468,osm_overpass
1810748353,127.121396,37.498027,osm_overpass
1810748356,127.122756,37.500947,osm_overpass
1810748362,127.124054,37.503677,osm_overpass
1810748363,127.122803,37.503093,osm_overpass
1810748364,127.123903,37.502344,osm_overpass
1810748365,127.125089,37.502988,osm_overpass
1810748367,127.122344,37.502195,osm_overpass
1810748368,127.124614,37.504192,osm_overpass
1810748369,127.121467,37.501510,osm_overpass
1810748370,127.122000,37.499800,osm_overpass
1810748371,127.120688,37.499541,osm_overpass
1810748372,127.122224,37.499541,osm_overpass
1810748373,127.124816,37.502702,osm_overpass
1810748376,127.123568,37.503380,osm_overpass
1810748377,127.121164,37.498965,osm_overpass
1810748378,127.127456,37.501243,osm_overpass
1810748380,127.123430,37.503155,osm_overpass
1810748381,127.121368,37.498450,osm_overpass
1810748382,127.121750,37.501727,osm_overpass
1810748383,127.123510,37.501313,osm_overpass
1810748384,127.122860,37.498806,osm_overpass
1810748385,127.122834,37.500335,osm_overpass
1810748386,127.123173,37.502862,osm_overpass
1810748387,127.123763,37.503568,osm_overpass
1810748388,127.124252,37.500753,osm_overpass
1810748949,127.123112,37.498515,osm_overpass
1810748956,127.123942,37.499470,osm_overpass
1810748969,127.122980,37.497994,osm_overpass
1810748973,127.122676,37.497821,osm_overpass
1810748976,127.123646,37.497174,osm_overpass
1810748982,127.123356,37.497018,osm_overpass
1810748989,127.125752,37.502987,osm_overpass
1810748997,127.122762,37.495597,osm_overpass
1810749000,127.125384,37.502607,osm_overpass
1810753262,127.125555,37.499227,osm_overpass
1810753263,127.124904,37.501444,osm_overpass
1810753264,127.123998,37.500387,osm_overpass
1810753265,127.124632,37.501155,osm_overpass
1810753268,127.126529,37.500917,osm_overpass
1810753269,127.126479,37.500851,osm_overpass
1810753271,127.124536,37.499537,osm_overpass
1810753272,127.125208,37.498526,osm_overpass
1810753273,127.127075,37.501495,osm_overpass
1810753275,127.125454,37.502026,osm_overpass
1810753276,127.126762,37.501163,osm_overpass
1810753277,127.126236,37.500534,osm_overpass
1810753278,127.125183,37.501739,osm_overpass
1810753279,127.123794,37.500095,osm_overpass
1810753281,127.124502,37.501681,osm_overpass
1810753283,127.124616,37.499659,osm_overpass
1810753284,127.124468,37.499428,osm_overpass
1810753286,127.126013,37.500108,osm_overpass
1810753288,127.126349,37.501976,osm_overpass
1810757717,127.131655,37.510184,osm_overpass
1810765547,127.126166,37.507462,osm_overpass
1810765550,127.127527,37.507746,osm_overpass
1810765552,127.126359,37.508487,osm_overpass
1810765554,127.126810,37.508070,osm_overpass
1810765557,127.126540,37.507398,osm_overpass
1810765559,127.130961,37.509916,osm_overpass
1810765561,127.131118,37.506153,osm_overpass
1810765563,127.126289,37.507560,osm_overpass
1810765568,127.136312,37.505820,osm_overpass
1810765569,127.132509,37.508909,osm_overpass
1810765570,127.125989,37.507602,osm_overpass
1810765571,127.130324,37.507232,osm_overpass
1810765572,127.129216,37.506630,osm_overpass
1810765581,127.128943,37.510490,osm_overpass
1810765583,127.127132,37.509589,osm_overpass
1810765585,127.130486,37.507516,osm_overpass
1810765587,127.131446,37.505426,osm_overpass
1810765589,127.128934,37.506342,osm_overpass
1810765592,127.127625,37.508483,osm_overpass
1810765594,127.132206,37.507647,osm_overpass
1810765596,127.129745,37.509724,osm_overpass
1810765598,127.127798,37.504416,osm_overpass
1810765600,127.128289,37.506624,osm_overpass
1810765604,127.131747,37.506960,osm_overpass
1810765607,127.126268,37.506998,osm_overpass
1810765608,127.129987,37.510100,osm_overpass
1810765609,127.126245,37.507998,osm_overpass
1810765610,127.126496,37.503762,osm_overpass
1810765611,127.130305,37.508892,osm_overpass
1810765612,127.127046,37.506411,osm_overpass
1810765619,127.128333,37.506406,osm_overpass
1810765621,127.127142,37.506385,osm_overpass
1810765625,127.130578,37.504535,osm_overpass
1810765627,127.129090,37.510725,osm_overpass
1810765629,127.126545,37.507343,osm_overpass
1810765633,127.126867,37.508049,osm_overpass
1810765635,127.128301,37.507251,osm_overpass
1810765637,127.126266,37.507070,osm_overpass
1810765639,127.128457,37.505856,osm_overpass
1810765641,127.131818,37.507815,osm_overpass
1810765643,127.127601,37.509549,osm_overpass
1810765646,127.126863,37.506548,osm_overpass
1810765647,127.128846,37.507406,osm_overpass
1810765648,127.128047,37.507326,osm_overpass
1810765649,127.127041,37.503402,osm_overpass
1810765650,127.131375,37.509747,osm_overpass
1810765656,127.132689,37.509196,osm_overpass
1810765660,127.128799,37.510266,osm_overpass
1810765662,127.127872,37.507847,osm_overpass
1810765664,127.127746,37.506862,osm_overpass
1810765668,127.126354,37.507543,osm_overpass
1810765670,127.130123,37.510319,osm_overpass
1810765672,127.129085,37.506496,osm_overpass
1810765674,127.133523,37.508466,osm_overpass
1810765676,127.129905,37.509068,osm_overpass
1810765679,127.127318,37.503733,osm_overpass
1810765681,127.127056,37.507564,osm_overpass
1810765683,127.128319,37.509356,osm_overpass
1810765684,127.127368,37.507028,osm_overpass
1810765685,127.133263,37.508955,osm_overpass
1810765686,127.130078,37.506800,osm_overpass
1810765687,127.130267,37.509634,osm_overpass
1810765688,127.128010,37.509493,osm_overpass
1810765689,127.129216,37.507240,osm_overpass
1810765695,127.128733,37.510163,osm_overpass
1810765697,127.128909,37.503679,osm_overpass
1810765699,127.128211,37.510501,osm_overpass
1810765701,127.127062,37.509560,osm_overpass
1810765706,127.125445,37.506083,osm_overpass
1810765708,127.127545,37.506763,osm_overpass
1810765710,127.129816,37.508175,osm_overpass
1810765712,127.130721,37.508707,osm_overpass
1810765714,127.128985,37.507345,osm_overpass
1810765716,127.125249,37.504675,osm_overpass
1810765720,127.131423,37.506500,osm_overpass
1810765722,127.130554,37.510083,osm_overpass
1810765724,127.126783,37.504086,osm_overpass
1810765725,127.126400,37.508172,osm_overpass
1810765728,127.127923,37.502772,osm_overpass
1810765731,127.127687,37.508289,osm_overpass
1810765733,127.127051,37.503330,osm_overpass
1810765737,127.127859,37.503374,osm_overpass
1810765739,127.129439,37.508338,osm_overpass
1810765741,127.128360,37.506721,osm_overpass
1810765743,127.125463,37.505981,osm_overpass
1810765750,127.133086,37.508662,osm_overpass
1810765752,127.128612,37.503378,osm_overpass
1810765754,127.128728,37.506973,osm_overpass
1810765756,127.130657,37.507812,osm_overpass
1810765758,127.127213,37.508946,osm_overpass
1810765760,127.127512,37.507997,osm_overpass
1810765762,127.127260,37.506892,osm_overpass
1810765764,127.126166,37.505515,osm_overpass
1810765765,127.128366,37.503038,osm_overpass
1810765767,127.127741,37.508792,osm_overpass
1810765770,127.126794,37.508295,osm_overpass
1810765774,127.128059,37.508912,osm_overpass
1810765776,127.127472,37.508841,osm_overpass
1810765780,127.128317,37.503070,osm_overpass
1810765782,127.128124,37.502770,osm_overpass
1810765784,127.128270,37.507669,osm_overpass
1810765786,127.127485,37.504109,osm_overpass
1810765790,127.127208,37.503806,osm_overpass
1810765793,127.127705,37.507578,osm_overpass
1810765795,127.129338,37.506753,osm_overpass
1810768896,127.128866,37.505597,osm_overpass
1810768898,127.130382,37.505190,osm_overpass
1810768900,127.130595,37.505543,osm_overpass
1810768902,127.130070,37.504851,osm_overpass
1810768905,127.130363,37.505713,osm_overpass
1810768909,127.129199,37.505936,osm_overpass
1810768911,127.130897,37.506290,osm_overpass
1810768916,127.130581,37.505406,osm_overpass
1810768918,127.129553,37.505711,osm_overpass
1810768920,127.130538,37.505604,osm_overpass
1810768922,127.130603,37.505483,osm_overpass
1810768924,127.129504,37.506247,osm_overpass
1810768926,127.132644,37.507572,osm_overpass
1810768928,127.129866,37.506021,osm_overpass
1810768930,127.129738,37.506509,osm_overpass
1810772885,127.115527,37.505547,osm_overpass
1810772887,127.122347,37.503832,osm_overpass
1810772889,127.122441,37.504304,osm_overpass
1810772890,127.120281,37.504317,osm_overpass
1810772891,127.122465,37.504487,osm_overpass
1810772892,127.117599,37.504406,osm_overpass
1810772893,127.116804,37.507118,osm_overpass
1810772894,127.121406,37.503678,osm_overpass
1810772895,127.120630,37.504781,osm_overpass
1810772904,127.117282,37.506923,osm_overpass
1810772906,127.116889,37.504852,osm_overpass
1810772908,127.122400,37.504798,osm_overpass
1810772910,127.121579,37.504414,osm_overpass
1810772911,127.117406,37.504185,osm_overpass
1810772912,127.117186,37.503300,osm_overpass
1810772913,127.116031,37.506219,osm_overpass
1810772914,127.121751,37.504568,osm_overpass
1810772915,127.117454,37.505572,osm_overpass
1810772916,127.120158,37.503836,osm_overpass
1810772917,127.117674,37.503755,osm_overpass
1810772919,127.117266,37.503972,osm_overpass
1810772920,127.116319,37.506277,osm_overpass
1810772921,127.121522,37.504900,osm_overpass
1810772922,127.117315,37.503304,osm_overpass
1810772923,127.116170,37.506279,osm_overpass
1810772924,127.117293,37.504615,osm_overpass
1810772925,127.116739,37.506072,osm_overpass
1810772926,127.121722,37.504388,osm_overpass
1810772927,127.117175,37.505859,osm_overpass
1810772928,127.117706,37.503653,osm_overpass
1810772929,127.117064,37.504762,osm_overpass
1810772930,127.116348,37.503753,osm_overpass
1810772931,127.117427,37.505653,osm_overpass
1810772932,127.120512,37.505156,osm_overpass
1810772933,127.118031,37.506129,osm_overpass
1810772934,127.117722,37.506742,osm_overpass
1811992692,127.124359,37.495853,osm_overpass
1811997755,127.129214,37.501284,osm_overpass
1811997771,127.126770,37.499055,osm_overpass
1811997772,127.127978,37.500157,osm_overpass
1812014385,127.126959,37.500707,osm_overpass
1812014401,127.128302,37.500452,osm_overpass
1812014411,127.128660,37.500779,osm_overpass
1812014412,127.127941,37.501001,osm_overpass
1812014413,127.127609,37.499821,osm_overpass
1812014416,127.127781,37.500835,osm_overpass
1812014424,127.128274,37.501359,osm_overpass
1812014425,127.126799,37.499482,osm_overpass
1812014439,127.128468,37.500604,osm_overpass
1812014441,127.127000,37.499265,osm_overpass
1812014449,127.127930,37.500113,osm_overpass
1812014452,127.127190,37.500090,osm_overpass
1812014457,127.128095,37.501167,osm_overpass
1812014460,127.126815,37.499402,osm_overpass
1812014466,127.128867,37.500967,osm_overpass
1812014467,127.127601,37.500648,osm_overpass
1812014469,127.127445,37.500487,osm_overpass
1812014491,127.128603,37.500726,osm_overpass
1818537688,127.134272,37.504070,osm_overpass
1818537689,127.136541,37.502006,osm_overpass
1818537690,127.136805,37.501553,osm_overpass
1818537691,127.133671,37.502713,osm_overpass
1818537693,127.136997,37.501423,osm_overpass
1818537694,127.136417,37.504009,osm_overpass
1818537695,127.136314,37.500232,osm_overpass
1818537696,127.133692,37.502934,osm_overpass
1818537697,127.134481,37.501708,osm_overpass
1818537698,127.133893,37.502255,osm_overpass
1818537699,127.136420,37.504140,osm_overpass
1818537700,127.133732,37.502485,osm_overpass
1818537701,127.136251,37.500279,osm_overpass
1818537702,127.136500,37.502284,osm_overpass
1818537703,127.133860,37.503323,osm_overpass
1818537704,127.136696,37.501683,osm_overpass
1818537705,127.136605,37.501840,osm_overpass
1818537706,127.136514,37.502142,osm_overpass
1818540463,127.136444,37.503665,osm_overpass
1818540464,127.134418,37.504368,osm_overpass
1818544827,127.135577,37.503047,osm_overpass
1818544831,127.136497,37.502325,osm_overpass
1818544835,127.133794,37.503170,osm_overpass
1818544839,127.136109,37.503777,osm_overpass
1818544841,127.134269,37.503038,osm_overpass
1818548853,127.134494,37.502355,osm_overpass
1818548854,127.134082,37.502079,osm_overpass
1818551418,127.135781,37.502327,osm_overpass
1818551419,127.135556,37.503049,osm_overpass
1818554769,127.134899,37.504200,osm_overpass
1818554770,127.134226,37.502711,osm_overpass
1818565218,127.135555,37.501459,osm_overpass
1818565220,127.134775,37.502349,osm_overpass
1818565222,127.136559,37.501960,osm_overpass
1818565224,127.135020,37.501891,osm_overpass
1818565226,127.135148,37.501170,osm_overpass
1818565228,127.136235,37.501945,osm_overpass
1818566102,127.136089,37.502326,osm_overpass
1818566104,127.135244,37.501704,osm_overpass
1818570536,127.134616,37.501599,osm_overpass
1818570541,127.135400,37.502336,osm_overpass
1818576366,127.135196,37.503046,osm_overpass
1818576367,127.137489,37.501861,osm_overpass
1818576368,127.135683,37.502674,osm_overpass
1818576369,127.135694,37.503922,osm_overpass
1818576370,127.137374,37.502004,osm_overpass
1818576371,127.137293,37.502193,osm_overpass
1818576373,127.137630,37.501803,osm_overpass
1818576374,127.135506,37.504460,osm_overpass
1818576375,127.134732,37.503042,osm_overpass
1818576376,127.135281,37.504066,osm_overpass
1830064439,127.104566,37.519701,osm_overpass
1830064440,127.104501,37.520007,osm_overpass
1830064444,127.104604,37.521229,osm_overpass
1830064453,127.103342,37.521667,osm_overpass
1830064493,127.089939,37.529231,osm_overpass
1835046071,127.133687,37.502884,osm_overpass
1835046072,127.132967,37.502037,osm_overpass
1835046073,127.132000,37.501353,osm_overpass
1835046074,127.132657,37.502298,osm_overpass
1835046075,127.132541,37.502522,osm_overpass
1835046076,127.134500,37.501693,osm_overpass
1835046077,127.133011,37.502938,osm_overpass
1835046078,127.133221,37.501808,osm_overpass
1835046079,127.132082,37.502156,osm_overpass
1835046080,127.133178,37.501419,osm_overpass
1835046081,127.133239,37.502457,osm_overpass
1835046082,127.132244,37.501730,osm_overpass
1835046083,127.132587,37.501723,osm_overpass
1835046084,127.132379,37.501511,osm_overpass
1835046085,127.131743,37.501821,osm_overpass
1835046086,127.132327,37.501189,osm_overpass
1835046087,127.133488,37.502063,osm_overpass
1835046088,127.134173,37.501468,osm_overpass
1835046089,127.133859,37.501253,osm_overpass
1835046090,127.133803,37.502383,osm_overpass
1835046091,127.132812,37.501795,osm_overpass
1835046092,127.133595,37.501071,osm_overpass
1835046093,127.133004,37.502001,osm_overpass
1835046094,127.132589,37.502148,osm_overpass
1835046095,127.132541,37.501247,osm_overpass
1835049410,127.133557,37.504031,osm_overpass
1835049411,127.134091,37.503740,osm_overpass
1835049412,127.133633,37.503937,osm_overpass
1835049413,127.133854,37.503808,osm_overpass
1835049414,127.133060,37.503827,osm_overpass
1835049415,127.134103,37.504936,osm_overpass
1835049416,127.133886,37.503380,osm_overpass
1835049417,127.133979,37.503767,osm_overpass
1835049418,127.133741,37.503858,osm_overpass
1835049419,127.133752,37.504217,osm_overpass
1835049420,127.133491,37.504148,osm_overpass
1835049421,127.133333,37.504107,osm_overpass
1850654913,127.104529,37.518472,osm_overpass
1850654915,127.104657,37.518634,osm_overpass
1850654916,127.104977,37.518648,osm_overpass
1850654920,127.104670,37.518929,osm_overpass
1850654921,127.104826,37.519190,osm_overpass
1850654922,127.104392,37.519385,osm_overpass
1850654923,127.103778,37.519754,osm_overpass
1850654924,127.104154,37.519788,osm_overpass
1850654925,127.104530,37.519807,osm_overpass
1850654926,127.104071,37.519856,osm_overpass
1850654927,127.104404,37.519884,osm_overpass
1850654928,127.104111,37.519870,osm_overpass
1850654929,127.104497,37.519946,osm_overpass
1850654931,127.103440,37.521049,osm_overpass
1850654932,127.103442,37.521127,osm_overpass
1850654933,127.103374,37.521239,osm_overpass
1850654934,127.103332,37.521245,osm_overpass
1850654941,127.102574,37.522448,osm_overpass
1850654942,127.102592,37.522506,osm_overpass
1850654943,127.102633,37.522524,osm_overpass
1850655089,127.094639,37.532694,osm_overpass
1850655101,127.095550,37.533412,osm_overpass
1855170638,127.088542,37.527838,osm_overpass
2111938483,127.129809,37.517103,osm_overpass
2120559426,127.104718,37.514890,osm_overpass
2120559427,127.104953,37.516356,osm_overpass
2120559428,127.105136,37.518820,osm_overpass
2120559429,127.104506,37.516040,osm_overpass
2120559430,127.104176,37.515223,osm_overpass
2120559431,127.104793,37.518577,osm_overpass
2120559433,127.105145,37.518251,osm_overpass
2120559434,127.104892,37.518226,osm_overpass
2120559436,127.105030,37.518876,osm_overpass
2120559437,127.104050,37.515388,osm_overpass
2120559439,127.104767,37.515951,osm_overpass
2120559440,127.104398,37.515496,osm_overpass
2120559442,127.105097,37.516807,osm_overpass
2120559443,127.105089,37.518834,osm_overpass
2120559444,127.104681,37.516423,osm_overpass
2120559448,127.103085,37.514541,osm_overpass
2120559449,127.105180,37.517228,osm_overpass
2120559450,127.104934,37.517505,osm_overpass
2120559451,127.103173,37.514356,osm_overpass
2120559452,127.104819,37.516852,osm_overpass
2120559453,127.104898,37.517252,osm_overpass
2120559454,127.105210,37.517609,osm_overpass
2120559455,127.104260,37.515648,osm_overpass
2125958958,127.089400,37.510826,osm_overpass
2140345679,127.031596,37.544633,osm_overpass
2153571965,127.139906,37.503370,osm_overpass
2153572001,127.140357,37.504288,osm_overpass
2153572251,127.140028,37.503538,osm_overpass
2153572305,127.140223,37.503855,osm_overpass
2153572328,127.140322,37.508537,osm_overpass
2153792953,127.144500,37.499414,osm_overpass
2280491843,127.112750,37.499192,osm_overpass
2280491847,127.112418,37.499645,osm_overpass
2280491848,127.111501,37.500299,osm_overpass
2280491850,127.111741,37.500432,osm_overpass
2280491851,127.110016,37.501931,osm_overpass
2280491852,127.110237,37.502023,osm_overpass
2280491854,127.109063,37.502990,osm_overpass
2280491855,127.109367,37.502998,osm_overpass
2280491856,127.108550,37.503543,osm_overpass
2280491859,127.108187,37.504310,osm_overpass
2280491861,127.107023,37.505246,osm_overpass
2280491863,127.107220,37.505355,osm_overpass
2280491867,127.106335,37.506423,osm_overpass
2280491870,127.105861,37.506568,osm_overpass
2280491873,127.105197,37.507648,osm_overpass
2280491875,127.104722,37.507789,osm_overpass
2280491877,127.104466,37.508069,osm_overpass
2310499655,127.127108,37.502685,osm_overpass
2310499656,127.129442,37.503343,osm_overpass
2310499657,127.128853,37.502719,osm_overpass
2310500979,127.126043,37.508621,osm_overpass
2346858828,127.112737,37.517494,osm_overpass
2380907524,127.071691,37.519622,osm_overpass
2441141824,127.104523,37.501485,osm_overpass
2477227485,127.123048,37.526925,osm_overpass
2477228799,127.110057,37.522380,osm_overpass
2477228800,127.111327,37.523071,osm_overpass
2477228801,127.111332,37.522434,osm_overpass
2477228805,127.113651,37.521129,osm_overpass
2477228806,127.107276,37.524752,osm_overpass
2477228807,127.107659,37.520987,osm_overpass
2477228808,127.107431,37.521953,osm_overpass
2477228809,127.105733,37.521695,osm_overpass
2477228810,127.105614,37.521543,osm_overpass
2477228811,127.105799,37.520741,osm_overpass
2477228812,127.106103,37.519751,osm_overpass
2477228813,127.106332,37.519697,osm_overpass
2477228814,127.107878,37.519942,osm_overpass
2477228815,127.113329,37.520759,osm_overpass
2477228816,127.113511,37.520853,osm_overpass
2477228817,127.113639,37.521016,osm_overpass
2477228819,127.113420,37.522218,osm_overpass
2477228820,127.113291,37.522350,osm_overpass
2477228821,127.110593,37.522444,osm_overpass
2477228822,127.105630,37.521628,osm_overpass
2477228823,127.113059,37.522411,osm_overpass
2477228824,127.106005,37.519850,osm_overpass
2477228825,127.113977,37.520092,osm_overpass
2477229063,127.112108,37.519800,osm_overpass
2477229065,127.111922,37.520554,osm_overpass
2477229066,127.109954,37.520262,osm_overpass
2477229067,127.106594,37.519741,osm_overpass
2477229068,127.106779,37.518968,osm_overpass
2477230543,127.112754,37.523458,osm_overpass
2477230544,127.113574,37.523322,osm_overpass
2477230546,127.104735,37.523325,osm_overpass
2477230547,127.110477,37.529881,osm_overpass
2477230548,127.110554,37.529646,osm_overpass
2477230549,127.110599,37.528706,osm_overpass
2477230550,127.110349,37.528785,osm_overpass
2477230551,127.110633,37.528638,osm_overpass
2477230552,127.110561,37.528211,osm_overpass
2477231244,127.118128,37.524877,osm_overpass
2477231262,127.117491,37.524082,osm_overpass
2477231263,127.117340,37.524572,osm_overpass
2477231264,127.117793,37.524116,osm_overpass
2477231266,127.117315,37.524098,osm_overpass
2477231268,127.117207,37.523520,osm_overpass
2477231269,127.118911,37.524925,osm_overpass
2477231270,127.117161,37.524038,osm_overpass
2477231271,127.117129,37.523475,osm_overpass
2477231272,127.116129,37.523491,osm_overpass
2477231273,127.117709,37.524317,osm_overpass
2477231274,127.115033,37.523310,osm_overpass
2477231275,127.115164,37.523384,osm_overpass
2477231276,127.115802,37.523410,osm_overpass
2477231277,127.120330,37.527527,osm_overpass
2477231279,127.118528,37.524836,osm_overpass
2477231280,127.117546,37.524618,osm_overpass
2477231281,127.117748,37.524704,osm_overpass
2477232304,127.117405,37.523488,osm_overpass
2477232306,127.117616,37.523085,osm_overpass
2477232307,127.117587,37.523327,osm_overpass
2477232308,127.116879,37.523177,osm_overpass
2477232309,127.117828,37.523526,osm_overpass
2477232310,127.118013,37.523472,osm_overpass
2477232311,127.118102,37.523347,osm_overpass
2477232312,127.118079,37.523208,osm_overpass
2477232313,127.117903,37.523088,osm_overpass
2477232314,127.117268,37.522935,osm_overpass
2477232315,127.117313,37.522535,osm_overpass
2477232316,127.117265,37.522300,osm_overpass
2477232317,127.117117,37.521996,osm_overpass
2477232318,127.117866,37.523330,osm_overpass
2477232319,127.117344,37.523062,osm_overpass
2477233672,127.116752,37.519524,osm_overpass
2477233673,127.116702,37.519779,osm_overpass
2477233674,127.117079,37.519754,osm_overpass
2477233675,127.117572,37.518945,osm_overpass
2477233676,127.117063,37.519274,osm_overpass
2477233682,127.117477,37.518357,osm_overpass
2477233683,127.117323,37.519178,osm_overpass
2477233994,127.117451,37.517841,osm_overpass
2477233995,127.117580,37.517784,osm_overpass
2477233996,127.117931,37.517462,osm_overpass
2477233997,127.117853,37.517303,osm_overpass
2477234852,127.121911,37.517916,osm_overpass
2477234853,127.119904,37.517368,osm_overpass
2477234854,127.120749,37.517446,osm_overpass
2477234856,127.122361,37.518071,osm_overpass
2477234857,127.120420,37.517425,osm_overpass
2477234858,127.122117,37.518005,osm_overpass
2477234859,127.121111,37.517249,osm_overpass
2477234860,127.120180,37.517423,osm_overpass
2477234863,127.123207,37.518478,osm_overpass
2477234864,127.127753,37.512502,osm_overpass
2477234865,127.120929,37.517414,osm_overpass
2477234866,127.127600,37.512492,osm_overpass
2477234867,127.127493,37.512512,osm_overpass
2477234868,127.127300,37.512608,osm_overpass
2477234869,127.127144,37.512911,osm_overpass
2477234870,127.127200,37.513172,osm_overpass
2477234871,127.127283,37.513239,osm_overpass
2477234872,127.127623,37.513330,osm_overpass
2477234873,127.119484,37.516746,osm_overpass
2477234874,127.119865,37.516727,osm_overpass
2477234876,127.120719,37.516982,osm_overpass
2477234877,127.120873,37.517067,osm_overpass
2477234878,127.121741,37.517806,osm_overpass
2477234879,127.127764,37.513310,osm_overpass
2477234880,127.128076,37.513124,osm_overpass
2477234881,127.128116,37.512805,osm_overpass
2477234882,127.128122,37.513011,osm_overpass
2477234883,127.127181,37.512738,osm_overpass
2477234884,127.127125,37.513024,osm_overpass
2477234885,127.127968,37.513189,osm_overpass
2477234886,127.128088,37.512679,osm_overpass
2477236786,127.127460,37.513312,osm_overpass
2477236789,127.119674,37.516696,osm_overpass
2477236790,127.116247,37.516903,osm_overpass
2477236791,127.119239,37.516819,osm_overpass
2477236792,127.119469,37.516726,osm_overpass
2477236793,127.119355,37.516780,osm_overpass
2477236794,127.120187,37.516772,osm_overpass
2477236795,127.120731,37.516963,osm_overpass
2477236796,127.121128,37.517235,osm_overpass
2477236797,127.121763,37.517796,osm_overpass
2477236798,127.121930,37.517901,osm_overpass
2477236799,127.122128,37.517983,osm_overpass
2477236800,127.122376,37.518050,osm_overpass
2477236801,127.122682,37.518063,osm_overpass
2477236802,127.122860,37.518038,osm_overpass
2477236803,127.123035,37.517999,osm_overpass
2477236804,127.123260,37.517776,osm_overpass
2477236805,127.126366,37.515809,osm_overpass
2477236806,127.123816,37.517692,osm_overpass
2477236807,127.126181,37.516168,osm_overpass
2477236808,127.124356,37.517562,osm_overpass
2477236809,127.125970,37.516459,osm_overpass
2477236811,127.124569,37.517339,osm_overpass
2477236812,127.125411,37.517410,osm_overpass
2477236813,127.125473,37.517668,osm_overpass
2477236814,127.125709,37.517924,osm_overpass
2477236817,127.125496,37.517239,osm_overpass
2477236818,127.125945,37.514167,osm_overpass
2477236819,127.124385,37.514306,osm_overpass
2477236820,127.126323,37.513899,osm_overpass
2477236821,127.126336,37.513759,osm_overpass
2477236822,127.126224,37.514042,osm_overpass
2477236823,127.125183,37.513900,osm_overpass
2477236824,127.126096,37.514128,osm_overpass
2477236825,127.125585,37.514082,osm_overpass
2477236826,127.125513,37.516086,osm_overpass
2477236827,127.126182,37.513481,osm_overpass
2477236828,127.125449,37.516212,osm_overpass
2477236829,127.125309,37.513905,osm_overpass
2477236830,127.125754,37.514155,osm_overpass
2477236831,127.126212,37.513312,osm_overpass
2477236832,127.124554,37.514472,osm_overpass
2477236833,127.126207,37.514878,osm_overpass
2477236835,127.125513,37.516297,osm_overpass
2477236836,127.127127,37.512961,osm_overpass
2477236837,127.125084,37.514674,osm_overpass
2477237055,127.127269,37.522384,osm_overpass
2477237056,127.127304,37.522886,osm_overpass
2477237058,127.127967,37.521075,osm_overpass
2477237059,127.125941,37.515845,osm_overpass
2477237060,127.124507,37.515653,osm_overpass
2477237061,127.126611,37.516056,osm_overpass
2477237062,127.127231,37.516425,osm_overpass
2477237063,127.127600,37.516787,osm_overpass
2477237064,127.123058,37.514767,osm_overpass
2477237065,127.123321,37.515106,osm_overpass
2477237066,127.122821,37.514050,osm_overpass
2477237067,127.127742,37.517006,osm_overpass
2477237068,127.124146,37.515557,osm_overpass
2477237069,127.123721,37.515379,osm_overpass
2477237070,127.128447,37.518063,osm_overpass
2477237071,127.128541,37.518303,osm_overpass
2477237072,127.128662,37.518690,osm_overpass
2477237073,127.128699,37.519035,osm_overpass
2477237074,127.124185,37.514295,osm_overpass
2477237075,127.128651,37.519495,osm_overpass
2477237076,127.128546,37.519846,osm_overpass
2477237077,127.128147,37.520735,osm_overpass
2477237078,127.127316,37.522045,osm_overpass
2477237874,127.125382,37.525030,osm_overpass
2477237876,127.122493,37.528593,osm_overpass
2477239843,127.127924,37.523883,osm_overpass
2477239844,127.128041,37.524095,osm_overpass
2477239845,127.127667,37.523071,osm_overpass
2477239846,127.127789,37.522815,osm_overpass
2477239848,127.127467,37.523791,osm_overpass
2477239849,127.127370,37.523862,osm_overpass
2477239850,127.127908,37.522113,osm_overpass
2477239851,127.129919,37.520793,osm_overpass
2477239852,127.128275,37.520450,osm_overpass
2477239853,127.129110,37.519975,osm_overpass
2477239854,127.131678,37.521021,osm_overpass
2477239855,127.128491,37.521198,osm_overpass
2477239856,127.128004,37.521837,osm_overpass
2477239857,127.132178,37.521364,osm_overpass
2477239858,127.131978,37.521147,osm_overpass
2477239859,127.128810,37.520616,osm_overpass
2477239860,127.129106,37.520690,osm_overpass
2477243965,127.124934,37.524253,osm_overpass
2477243966,127.121661,37.524473,osm_overpass
2477243967,127.122219,37.524685,osm_overpass
2477243968,127.122051,37.523651,osm_overpass
2477243969,127.126465,37.518848,osm_overpass
2477243970,127.125767,37.520703,osm_overpass
2477243971,127.126389,37.519865,osm_overpass
2477243972,127.126471,37.519322,osm_overpass
2477243974,127.126103,37.519911,osm_overpass
2477243976,127.125744,37.520874,osm_overpass
2477243978,127.121985,37.524627,osm_overpass
2477243979,127.126734,37.522522,osm_overpass
2477246207,127.123176,37.515919,osm_overpass
2477246208,127.126427,37.516610,osm_overpass
2477246209,127.122484,37.517223,osm_overpass
2477246211,127.128457,37.516024,osm_overpass
2477246212,127.127164,37.516518,osm_overpass
2477246213,127.127635,37.515530,osm_overpass
2477246214,127.127739,37.515968,osm_overpass
2477246215,127.134462,37.516013,osm_overpass
2477246216,127.128373,37.514872,osm_overpass
2477246217,127.126949,37.515159,osm_overpass
2477246218,127.123637,37.515468,osm_overpass
2477246219,127.126569,37.514968,osm_overpass
2477246220,127.122740,37.517897,osm_overpass
2477246222,127.126883,37.516312,osm_overpass
2477246223,127.123367,37.515297,osm_overpass
2477246224,127.122927,37.514822,osm_overpass
2477246225,127.122297,37.515074,osm_overpass
2477246226,127.122433,37.517061,osm_overpass
2477246227,127.123378,37.515724,osm_overpass
2477246228,127.134265,37.516291,osm_overpass
2477246229,127.126582,37.516512,osm_overpass
2477246230,127.122897,37.517703,osm_overpass
2477246231,127.122680,37.517557,osm_overpass
2477246232,127.122430,37.518022,osm_overpass
2477246233,127.133091,37.515005,osm_overpass
2477246234,127.126252,37.516610,osm_overpass
2477246235,127.124450,37.515768,osm_overpass
2477246236,127.133990,37.515260,osm_overpass
2477246237,127.124085,37.515657,osm_overpass
2477246238,127.122545,37.517361,osm_overpass
2477246239,127.132436,37.515025,osm_overpass
2477246240,127.126635,37.516190,osm_overpass
2477246241,127.131300,37.516676,osm_overpass
2477246242,127.127465,37.515602,osm_overpass
2477246243,127.128163,37.514932,osm_overpass
2477246245,127.127911,37.515900,osm_overpass
2477246246,127.122454,37.516504,osm_overpass
2477246247,127.122747,37.516166,osm_overpass
2477246248,127.123211,37.515173,osm_overpass
2477246249,127.123064,37.515011,osm_overpass
2477246250,127.122535,37.516359,osm_overpass
2477246251,127.122411,37.516719,osm_overpass
2477246252,127.122863,37.517774,osm_overpass
2477246534,127.124807,37.515814,osm_overpass
2477246535,127.121864,37.515247,osm_overpass
2477246536,127.121339,37.515816,osm_overpass
2477246537,127.121202,37.517032,osm_overpass
2477246538,127.124836,37.515695,osm_overpass
2477246539,127.121268,37.516049,osm_overpass
2477246540,127.121722,37.515319,osm_overpass
2477246541,127.121250,37.516276,osm_overpass
2477246542,127.121296,37.516628,osm_overpass
2477246543,127.121282,37.516791,osm_overpass
2477246544,127.121604,37.515438,osm_overpass
2477247448,127.118735,37.516265,osm_overpass
2477247449,127.118403,37.515634,osm_overpass
2477247450,127.118300,37.516419,osm_overpass
2477248313,127.113411,37.518642,osm_overpass
2477249268,127.114730,37.519542,osm_overpass
2477249269,127.116033,37.519697,osm_overpass
2477249271,127.116371,37.520228,osm_overpass
2477249272,127.116090,37.520345,osm_overpass
2477249274,127.115869,37.518775,osm_overpass
2494392947,127.108922,37.545491,osm_overpass
2494921285,127.108482,37.530995,osm_overpass
2591360122,127.122039,37.510696,osm_overpass
2591360125,127.121331,37.510940,osm_overpass
2591361652,127.123931,37.509477,osm_overpass
2619561034,127.098429,37.506428,osm_overpass
2619561035,127.102169,37.507099,osm_overpass
2619561036,127.102793,37.507966,osm_overpass
2619561037,127.100903,37.506569,osm_overpass
2619561038,127.092881,37.507212,osm_overpass
2619561039,127.098819,37.506447,osm_overpass
2619561040,127.101804,37.506936,osm_overpass
2619561041,127.106904,37.500924,osm_overpass
2619561042,127.107428,37.502396,osm_overpass
2619561043,127.092356,37.509386,osm_overpass
2619561044,127.097927,37.506446,osm_overpass
2619561046,127.115362,37.505625,osm_overpass
2619561047,127.099641,37.506586,osm_overpass
2619561048,127.106646,37.501313,osm_overpass
2619561050,127.106181,37.502013,osm_overpass
2619561051,127.104091,37.508772,osm_overpass
2619561052,127.103921,37.508651,osm_overpass
287526817,127.113523,37.518331,osm_overpass
2911195462,127.100548,37.498929,osm_overpass
2911195469,127.109209,37.514789,osm_overpass
2911195470,127.109369,37.514403,osm_overpass
2911195471,127.109533,37.514029,osm_overpass
2911195472,127.109694,37.513652,osm_overpass
2911195474,127.110828,37.510331,osm_overpass
2911195475,127.115835,37.499702,osm_overpass
2911195476,127.115549,37.499985,osm_overpass
2911195480,127.121130,37.498331,osm_overpass
2911261242,127.123565,37.499765,osm_overpass
2911261243,127.130591,37.505960,osm_overpass
2911261244,127.126366,37.506924,osm_overpass
2911261245,127.127663,37.509647,osm_overpass
2911261249,127.125085,37.509838,osm_overpass
2911261251,127.123525,37.511340,osm_overpass
2911261252,127.124750,37.510852,osm_overpass
2911261253,127.124298,37.511032,osm_overpass
2911261255,127.123915,37.511184,osm_overpass
2911261256,127.123226,37.509356,osm_overpass
2911261257,127.120307,37.506930,osm_overpass
2912275815,127.116843,37.512362,osm_overpass
2912275816,127.116045,37.509316,osm_overpass
2912275817,127.118127,37.511849,osm_overpass
2912275819,127.114392,37.507302,osm_overpass
2912275820,127.111127,37.503865,osm_overpass
2912275821,127.108549,37.501079,osm_overpass
2912275823,127.104550,37.499441,osm_overpass
2912275824,127.104406,37.499739,osm_overpass
2912275825,127.103045,37.505792,osm_overpass
2912275826,127.098788,37.502972,osm_overpass
2912275827,127.109990,37.508017,osm_overpass
2912275829,127.120175,37.511030,osm_overpass
2912275830,127.117612,37.510189,osm_overpass
2912275831,127.119742,37.512660,osm_overpass
2912275832,127.129714,37.508750,osm_overpass
2912275841,127.126487,37.510160,osm_overpass
2912275842,127.125992,37.510357,osm_overpass
2912275843,127.125125,37.510703,osm_overpass
291710428,127.079637,37.518368,osm_overpass
291710490,127.081115,37.518241,osm_overpass
291710532,127.082448,37.518221,osm_overpass
291710545,127.084546,37.518309,osm_overpass
291710661,127.091464,37.519260,osm_overpass
291710695,127.091818,37.519292,osm_overpass
291710783,127.092966,37.519704,osm_overpass
291710985,127.094307,37.520289,osm_overpass
291711003,127.094445,37.520306,osm_overpass
291711164,127.093451,37.519393,osm_overpass
291711187,127.092935,37.519199,osm_overpass
291711226,127.090143,37.518293,osm_overpass
291711271,127.089114,37.517915,osm_overpass
291711318,127.088130,37.517530,osm_overpass
291711351,127.086908,37.517372,osm_overpass
291711427,127.082694,37.517099,osm_overpass
291711442,127.081824,37.517125,osm_overpass
291711477,127.080352,37.517300,osm_overpass
291711519,127.079466,37.517430,osm_overpass
291711526,127.079352,37.517516,osm_overpass
291711535,127.078999,37.517968,osm_overpass
291711539,127.078805,37.518077,osm_overpass
291711579,127.077892,37.518262,osm_overpass
2918341055,127.106608,37.503395,osm_overpass
2918341056,127.108997,37.506360,osm_overpass
2918341057,127.102225,37.506257,osm_overpass
2918341058,127.116621,37.523317,osm_overpass
2918341059,127.116482,37.523356,osm_overpass
2957013438,127.085586,37.511598,osm_overpass
2957014636,127.092535,37.511890,osm_overpass
3016908836,127.080826,37.517036,osm_overpass
307943851,127.102894,37.525312,osm_overpass
307943853,127.104260,37.526643,osm_overpass
307943854,127.107488,37.529742,osm_overpass
307943855,127.108718,37.531616,osm_overpass
307943856,127.110373,37.535263,osm_overpass
307943857,127.113432,37.537942,osm_overpass
3240699864,127.101394,37.513388,osm_overpass
3240699867,127.105959,37.514962,osm_overpass
3240699869,127.106578,37.515082,osm_overpass
3240699870,127.106799,37.514741,osm_overpass
3240699871,127.107079,37.513873,osm_overpass
3240699872,127.107055,37.513841,osm_overpass
3240699873,127.107248,37.513577,osm_overpass
3240699874,127.107388,37.513396,osm_overpass
3240699875,127.107641,37.512801,osm_overpass
3240699876,127.107889,37.512157,osm_overpass
3240699877,127.107835,37.511889,osm_overpass
3240699878,127.107199,37.511391,osm_overpass
3240699879,127.106613,37.510917,osm_overpass
3240699880,127.105091,37.509705,osm_overpass
3240699881,127.104504,37.509207,osm_overpass
3240699882,127.104178,37.508991,osm_overpass
3240699883,127.104016,37.509029,osm_overpass
3240699884,127.103645,37.508804,osm_overpass
3240699885,127.103414,37.508473,osm_overpass
3240699886,127.102745,37.508079,osm_overpass
3240699887,127.102086,37.507688,osm_overpass
3240699888,127.100433,37.506994,osm_overpass
3240699889,127.099242,37.506581,osm_overpass
3240699890,127.098815,37.506541,osm_overpass
3240699891,127.098299,37.506515,osm_overpass
3240699892,127.097628,37.506600,osm_overpass
3240699893,127.097537,37.506650,osm_overpass
3240699894,127.097002,37.506747,osm_overpass
3240699901,127.090750,37.507540,osm_overpass
3240699912,127.102205,37.511093,osm_overpass
3240699913,127.101668,37.510857,osm_overpass
3240699914,127.100373,37.510226,osm_overpass
3240699915,127.097714,37.509686,osm_overpass
3240699918,127.101372,37.512609,osm_overpass
3240699919,127.101271,37.512785,osm_overpass
3240699920,127.101226,37.513027,osm_overpass
3278844051,127.128168,37.501989,osm_overpass
3401171489,127.101176,37.513282,osm_overpass
3401171490,127.100900,37.512848,osm_overpass
3401171491,127.100472,37.512884,osm_overpass
3401171492,127.100228,37.512379,osm_overpass
3401442203,127.126186,37.508293,osm_overpass
3524847893,127.132480,37.512597,osm_overpass
3524847993,127.129392,37.513888,osm_overpass
3524848093,127.132990,37.516835,osm_overpass
3524848193,127.133656,37.517907,osm_overpass
3524848194,127.135951,37.517669,osm_overpass
3524848293,127.134432,37.517447,osm_overpass
3524848294,127.135813,37.517571,osm_overpass
3524848493,127.134614,37.517197,osm_overpass
3524848693,127.134825,37.516991,osm_overpass
3524848893,127.135075,37.516937,osm_overpass
3524848894,127.135570,37.517089,osm_overpass
3524849193,127.135500,37.516973,osm_overpass
3524849293,127.136201,37.517766,osm_overpass
3524849493,127.136573,37.517930,osm_overpass
357834897,127.109445,37.516594,osm_overpass
357834925,127.114719,37.521209,osm_overpass
357878203,127.132970,37.519779,osm_overpass
357880574,127.092126,37.508818,osm_overpass
357880868,127.132107,37.522467,osm_overpass
357881034,127.130890,37.516522,osm_overpass
357881042,127.131310,37.522197,osm_overpass
357886886,127.128335,37.507640,osm_overpass
357886889,127.128704,37.513238,osm_overpass
357887167,127.094864,37.507037,osm_overpass
357888158,127.114539,37.517144,osm_overpass
357888238,127.121970,37.514490,osm_overpass
357889963,127.098770,37.502496,osm_overpass
357935107,127.115097,37.521084,osm_overpass
357935114,127.110095,37.524817,osm_overpass
3583849859,127.111132,37.527504,osm_overpass
3583849860,127.111046,37.527349,osm_overpass
3583849861,127.110159,37.526508,osm_overpass
3583849862,127.108843,37.525247,osm_overpass
3583849863,127.108154,37.525248,osm_overpass
3583849864,127.108056,37.525279,osm_overpass
3583849865,127.107982,37.525401,osm_overpass
3583849866,127.109887,37.527309,osm_overpass
3583849867,127.109998,37.527411,osm_overpass
3583849869,127.110671,37.526985,osm_overpass
3584199834,127.108493,37.525918,osm_overpass
3584199835,127.108927,37.525305,osm_overpass
3612924984,127.061935,37.531099,osm_overpass
3612924989,127.081523,37.518240,osm_overpass
3643520225,127.040149,37.538398,osm_overpass
3643520241,127.029212,37.541413,osm_overpass
3643520242,127.038472,37.539051,osm_overpass
3643520249,127.040955,37.538077,osm_overpass
3643520255,127.031154,37.541180,osm_overpass
3643520259,127.033357,37.540681,osm_overpass
3643520261,127.041832,37.537779,osm_overpass
3643520272,127.031714,37.541077,osm_overpass
3643520274,127.032137,37.540987,osm_overpass
3643520292,127.029959,37.541347,osm_overpass
3643520398,127.029347,37.541399,osm_overpass
3645492268,127.080835,37.518234,osm_overpass
3645492269,127.080606,37.518246,osm_overpass
3645492270,127.080368,37.518285,osm_overpass
3662120293,127.130248,37.507989,osm_overpass
3710259125,127.067926,37.531310,osm_overpass
3710259426,127.068100,37.528711,osm_overpass
3736606855,127.101318,37.498475,osm_overpass
3736818205,127.097727,37.516144,osm_overpass
3736818207,127.093669,37.518589,osm_overpass
3736818209,127.097513,37.516848,osm_overpass
3736818447,127.094368,37.520444,osm_overpass
3736818448,127.099708,37.522199,osm_overpass
3736818450,127.098144,37.521501,osm_overpass
3736818451,127.091595,37.518383,osm_overpass
3736818453,127.097339,37.521096,osm_overpass
3736818454,127.094531,37.520784,osm_overpass
3736818456,127.097015,37.520943,osm_overpass
3736818458,127.091554,37.518440,osm_overpass
3736823465,127.100929,37.522130,osm_overpass
3761425392,127.068470,37.528623,osm_overpass
3761446263,127.075217,37.527212,osm_overpass
3761446264,127.077180,37.526999,osm_overpass
3761446273,127.071849,37.527843,osm_overpass
3761448965,127.077559,37.526954,osm_overpass
3761448998,127.072061,37.527797,osm_overpass
3761449006,127.070920,37.528034,osm_overpass
3800657877,127.141682,37.499856,osm_overpass
3800657897,127.143185,37.500334,osm_overpass
3800657900,127.141926,37.500358,osm_overpass
3800657912,127.140250,37.500544,osm_overpass
3800657925,127.139892,37.500716,osm_overpass
3800657934,127.139532,37.500889,osm_overpass
3800657937,127.141109,37.500898,osm_overpass
3800657944,127.140833,37.501080,osm_overpass
3800657951,127.138806,37.501238,osm_overpass
3800658259,127.140535,37.501291,osm_overpass
3800658260,127.141076,37.501292,osm_overpass
3800658269,127.140220,37.501527,osm_overpass
3800658275,127.138028,37.501611,osm_overpass
3800658290,127.139616,37.501949,osm_overpass
3800658298,127.139830,37.502143,osm_overpass
3800658301,127.139901,37.502207,osm_overpass
3800658306,127.139683,37.502350,osm_overpass
3800658307,127.139480,37.502361,osm_overpass
3800658309,127.138930,37.502418,osm_overpass
3800658316,127.137935,37.502543,osm_overpass
3800658318,127.139122,37.502584,osm_overpass
3800658320,127.137443,37.502652,osm_overpass
3800658324,127.137257,37.502694,osm_overpass
3800658335,127.138132,37.503021,osm_overpass
3800658337,127.138164,37.503100,osm_overpass
3800658340,127.140459,37.503222,osm_overpass
3800658341,127.137426,37.503351,osm_overpass
3800658344,127.137203,37.503427,osm_overpass
3800658345,127.139980,37.503472,osm_overpass
3800658351,127.139620,37.503619,osm_overpass
3800658357,127.137691,37.503703,osm_overpass
3800658358,127.139329,37.503718,osm_overpass
3800658365,127.141725,37.503934,osm_overpass
3800658368,127.141424,37.504010,osm_overpass
3800658371,127.140290,37.504092,osm_overpass
3800658372,127.137837,37.504107,osm_overpass
3800658373,127.140305,37.504135,osm_overpass
3800658374,127.140774,37.504180,osm_overpass
3800658375,127.139810,37.504254,osm_overpass
3800658379,127.139553,37.504316,osm_overpass
3800658380,127.137130,37.504334,osm_overpass
3800658382,127.137951,37.504398,osm_overpass
3800658384,127.139617,37.504491,osm_overpass
3800658386,127.136397,37.504617,osm_overpass
3800658387,127.137101,37.504660,osm_overpass
3800658388,127.138054,37.504662,osm_overpass
3800658392,127.135784,37.504835,osm_overpass
3800658399,127.135399,37.504972,osm_overpass
3800658402,127.138208,37.505056,osm_overpass
3800658403,127.137064,37.505075,osm_overpass
3800658409,127.134852,37.505217,osm_overpass
3800658417,127.136351,37.505448,osm_overpass
3800658418,127.136095,37.505461,osm_overpass
3800658419,127.137111,37.505503,osm_overpass
3800658421,127.137023,37.505539,osm_overpass
3800658427,127.135052,37.505593,osm_overpass
3800658428,127.133734,37.505614,osm_overpass
3800658439,127.133278,37.505775,osm_overpass
3800658443,127.136217,37.505863,osm_overpass
3800658444,127.132902,37.505908,osm_overpass
3800658445,127.135242,37.505952,osm_overpass
3800658446,127.135920,37.505996,osm_overpass
3800658447,127.134009,37.506014,osm_overpass
3800658449,127.132057,37.506210,osm_overpass
3800658450,127.136320,37.506062,osm_overpass
3800658456,127.135390,37.506233,osm_overpass
3800658461,127.134264,37.506387,osm_overpass
3800658465,127.136794,37.506495,osm_overpass
3800658468,127.133842,37.506573,osm_overpass
3800658471,127.134447,37.506654,osm_overpass
3800658473,127.133458,37.506742,osm_overpass
3800658480,127.133073,37.506912,osm_overpass
3800658482,127.134705,37.507014,osm_overpass
3800658488,127.136225,37.507132,osm_overpass
3800658490,127.133246,37.507190,osm_overpass
3800658494,127.134882,37.507260,osm_overpass
3800658499,127.134806,37.507371,osm_overpass
3800658507,127.133483,37.507559,osm_overpass
3800658520,127.134094,37.507694,osm_overpass
3800658531,127.133687,37.507878,osm_overpass
3800658533,127.133631,37.507904,osm_overpass
3800658551,127.133273,37.508066,osm_overpass
3800658555,127.136673,37.508137,osm_overpass
3800658556,127.134373,37.508132,osm_overpass
3800658573,127.136633,37.508340,osm_overpass
3800658576,127.136131,37.508361,osm_overpass
3800658592,127.134215,37.508529,osm_overpass
3800658597,127.134161,37.508554,osm_overpass
3800658601,127.140360,37.508629,osm_overpass
3800658606,127.136884,37.508687,osm_overpass
3800658615,127.137023,37.508908,osm_overpass
3800658626,127.137060,37.509123,osm_overpass
3800658641,127.137010,37.509323,osm_overpass
3800658657,127.136920,37.509549,osm_overpass
3800658662,127.136834,37.509674,osm_overpass
3800658664,127.136726,37.509699,osm_overpass
3800658670,127.136992,37.509767,osm_overpass
3800658672,127.136395,37.509760,osm_overpass
3800658675,127.136983,37.509831,osm_overpass
3800658680,127.136708,37.509953,osm_overpass
3800658685,127.136726,37.510038,osm_overpass
3800658688,127.136798,37.510085,osm_overpass
3800658693,127.141011,37.510193,osm_overpass
3800658698,127.141089,37.510379,osm_overpass
3800658701,127.140896,37.510475,osm_overpass
3800658707,127.140706,37.510560,osm_overpass
3800658714,127.140499,37.510686,osm_overpass
3800658726,127.140121,37.510877,osm_overpass
3800658742,127.139489,37.511090,osm_overpass
3800658749,127.139539,37.511219,osm_overpass
3800658763,127.138712,37.511162,osm_overpass
3800658764,127.139636,37.511382,osm_overpass
3800658781,127.136916,37.511756,osm_overpass
3800658782,127.136819,37.511770,osm_overpass
3800658783,127.136768,37.511817,osm_overpass
3800658785,127.137095,37.511856,osm_overpass
3800658789,127.137145,37.511870,osm_overpass
3800658791,127.137285,37.511898,osm_overpass
3800658792,127.136719,37.511894,osm_overpass
3800658795,127.138371,37.511948,osm_overpass
3800658797,127.136653,37.511938,osm_overpass
3800658798,127.137465,37.511955,osm_overpass
3800658803,127.136557,37.511975,osm_overpass
3800658806,127.136461,37.512017,osm_overpass
3800658815,127.136390,37.512110,osm_overpass
3800658830,127.138128,37.512284,osm_overpass
3800658836,127.138223,37.512363,osm_overpass
3800658839,127.138646,37.512352,osm_overpass
3800658842,127.141101,37.512329,osm_overpass
3800658843,127.141381,37.512373,osm_overpass
3800658846,127.141398,37.512384,osm_overpass
3800658852,127.141542,37.512434,osm_overpass
3800658853,127.136194,37.512434,osm_overpass
3800658854,127.141694,37.512441,osm_overpass
3800658881,127.138051,37.512710,osm_overpass
3800658888,127.135341,37.512732,osm_overpass
3800658896,127.135594,37.512867,osm_overpass
3800658897,127.135906,37.512888,osm_overpass
3800658899,127.135851,37.512924,osm_overpass
3800658901,127.135779,37.512956,osm_overpass
3800658910,127.138056,37.513114,osm_overpass
3800658922,127.138682,37.513385,osm_overpass
3800658938,127.139467,37.513672,osm_overpass
3800659061,127.142572,37.513970,osm_overpass
3800659063,127.139386,37.514036,osm_overpass
3800659068,127.139354,37.514133,osm_overpass
3800659069,127.142181,37.514158,osm_overpass
3800659072,127.139381,37.514226,osm_overpass
3800659073,127.141901,37.514237,osm_overpass
3800659074,127.139489,37.514254,osm_overpass
3800659075,127.139616,37.514262,osm_overpass
3800659077,127.139751,37.514279,osm_overpass
3800659081,127.139854,37.514326,osm_overpass
3800659082,127.142722,37.514329,osm_overpass
3800659083,127.141567,37.514329,osm_overpass
3800659086,127.142434,37.514352,osm_overpass
3800659089,127.139882,37.514397,osm_overpass
3800659093,127.139868,37.514437,osm_overpass
3800659098,127.137722,37.514469,osm_overpass
3800659103,127.139846,37.514530,osm_overpass
3800659104,127.140756,37.514551,osm_overpass
3800659106,127.141548,37.514595,osm_overpass
3800659108,127.139837,37.514608,osm_overpass
3800659111,127.140346,37.514673,osm_overpass
3800659113,127.139871,37.514724,osm_overpass
3800659115,127.141035,37.514738,osm_overpass
3800659118,127.139902,37.514791,osm_overpass
3800659120,127.140608,37.514858,osm_overpass
3800659122,127.138160,37.514916,osm_overpass
3800659132,127.138917,37.515052,osm_overpass
3800659134,127.138529,37.515077,osm_overpass
3800659152,127.139251,37.515220,osm_overpass
3800659267,127.139121,37.515347,osm_overpass
3800659286,127.138091,37.515524,osm_overpass
3800659298,127.138122,37.515603,osm_overpass
3800659365,127.139545,37.516457,osm_overpass
3829934387,127.124355,37.519918,osm_overpass
3829934389,127.124236,37.519990,osm_overpass
3829934390,127.124308,37.519742,osm_overpass
3829934391,127.124025,37.519349,osm_overpass
3829934392,127.123472,37.519400,osm_overpass
3829934393,127.122963,37.519334,osm_overpass
3829934394,127.122826,37.519136,osm_overpass
3829934395,127.123009,37.519031,osm_overpass
3829934396,127.122970,37.518782,osm_overpass
3829934397,127.122769,37.518695,osm_overpass
3829934398,127.122583,37.518665,osm_overpass
3829934399,127.122390,37.518643,osm_overpass
3829934400,127.122191,37.518631,osm_overpass
3829934401,127.121781,37.518622,osm_overpass
3829934402,127.121365,37.518651,osm_overpass
3829934403,127.121064,37.518495,osm_overpass
3829934404,127.120649,37.517974,osm_overpass
3829934405,127.120470,37.517877,osm_overpass
3829934406,127.120278,37.517801,osm_overpass
3829934407,127.119558,37.517721,osm_overpass
3829934408,127.119485,37.517814,osm_overpass
3829934409,127.119488,37.518093,osm_overpass
3829934410,127.119422,37.518219,osm_overpass
3829934411,127.119388,37.518395,osm_overpass
3829934412,127.119540,37.518570,osm_overpass
3829934413,127.119874,37.518815,osm_overpass
3829934414,127.120018,37.519027,osm_overpass
3829934415,127.119993,37.519151,osm_overpass
3829934416,127.120101,37.519389,osm_overpass
3829934417,127.119959,37.519543,osm_overpass
3829934418,127.119549,37.519704,osm_overpass
3829934419,127.119860,37.519896,osm_overpass
3829934420,127.119968,37.520055,osm_overpass
3829934421,127.119848,37.520736,osm_overpass
3829934422,127.119698,37.520846,osm_overpass
3829934423,127.119253,37.520821,osm_overpass
3829934424,127.118839,37.521010,osm_overpass
3829934425,127.118649,37.521118,osm_overpass
3829934426,127.118689,37.521430,osm_overpass
3829934427,127.118793,37.521505,osm_overpass
3829934428,127.119032,37.521504,osm_overpass
3829934429,127.119177,37.521563,osm_overpass
3829934430,127.119167,37.521666,osm_overpass
3851762045,127.113725,37.527339,osm_overpass
3851762046,127.114612,37.527950,osm_overpass
3851762047,127.115416,37.528476,osm_overpass
3851762048,127.115984,37.529299,osm_overpass
3851762049,127.115661,37.526561,osm_overpass
3851762050,127.116156,37.527272,osm_overpass
3851762051,127.118137,37.526410,osm_overpass
3851762052,127.115731,37.528940,osm_overpass
3851762053,127.116943,37.528402,osm_overpass
3851762054,127.118859,37.527558,osm_overpass
3851762055,127.117701,37.528067,osm_overpass
3851762056,127.117413,37.527598,osm_overpass
3851762257,127.116538,37.528582,osm_overpass
3851762258,127.115759,37.527447,osm_overpass
3851762259,127.115257,37.526736,osm_overpass
3851762260,127.116142,37.528757,osm_overpass
3851762261,127.115353,37.527625,osm_overpass
3851762262,127.114937,37.527808,osm_overpass
3851762264,127.114459,37.527060,osm_overpass
3851762265,127.114471,37.527853,osm_overpass
3851762266,127.114506,37.527743,osm_overpass
3851762267,127.114492,37.527688,osm_overpass
3851762268,127.114124,37.527144,osm_overpass
3851762269,127.114555,37.529877,osm_overpass
3851762270,127.114476,37.529749,osm_overpass
3851762271,127.114225,37.529424,osm_overpass
3851762272,127.113936,37.528949,osm_overpass
3851762278,127.112152,37.531013,osm_overpass
3851762284,127.113044,37.530580,osm_overpass
3851762285,127.112909,37.530366,osm_overpass
3851762288,127.114405,37.529651,osm_overpass
3851762289,127.111598,37.530198,osm_overpass
3851762290,127.111561,37.530096,osm_overpass
3851762291,127.111368,37.528994,osm_overpass
3851762299,127.111066,37.530264,osm_overpass
3851762300,127.110895,37.529350,osm_overpass
3851762301,127.110927,37.529256,osm_overpass
3851762302,127.110777,37.528554,osm_overpass
3851762303,127.110809,37.528486,osm_overpass
3851762304,127.111156,37.528306,osm_overpass
3851762305,127.111388,37.528205,osm_overpass
3851762306,127.111758,37.528159,osm_overpass
3851762307,127.112354,37.527878,osm_overpass
3851762308,127.112611,37.527869,osm_overpass
3851762309,127.113029,37.527720,osm_overpass
3851762310,127.113169,37.527673,osm_overpass
3851762311,127.113330,37.527678,osm_overpass
3851762312,127.113565,37.527825,osm_overpass
3851762313,127.113748,37.528005,osm_overpass
3851762314,127.114355,37.528550,osm_overpass
3851762315,127.115127,37.529056,osm_overpass
3851762316,127.115390,37.529367,osm_overpass
3851762317,127.115443,37.529444,osm_overpass
3851762318,127.111116,37.528455,osm_overpass
3853477682,127.118960,37.531874,osm_overpass
3853477683,127.114963,37.529711,osm_overpass
3853477684,127.115531,37.530189,osm_overpass
3853477685,127.115949,37.530453,osm_overpass
3853477686,127.116291,37.530698,osm_overpass
3853477687,127.116595,37.531318,osm_overpass
3853477688,127.116699,37.531464,osm_overpass
3853477689,127.118104,37.532624,osm_overpass
3853477690,127.116953,37.531703,osm_overpass
3853477694,127.113891,37.530161,osm_overpass
3853477696,127.112989,37.530605,osm_overpass
3853477717,127.115484,37.529634,osm_overpass
3853477718,127.115678,37.529678,osm_overpass
3853477719,127.116253,37.530035,osm_overpass
3853477720,127.116629,37.530319,osm_overpass
3853477721,127.116987,37.530481,osm_overpass
3853477722,127.117219,37.530635,osm_overpass
3853477723,127.117881,37.531174,osm_overpass
3853477724,127.118206,37.531461,osm_overpass
3853477725,127.118393,37.531703,osm_overpass
3853477726,127.118593,37.531899,osm_overpass
3853477727,127.118682,37.532002,osm_overpass
3853477728,127.116355,37.529635,osm_overpass
3853477729,127.117070,37.530412,osm_overpass
3853477730,127.117378,37.530627,osm_overpass
3853477731,127.118105,37.531213,osm_overpass
3853477732,127.118660,37.531682,osm_overpass
3853477733,127.119128,37.532039,osm_overpass
3853477734,127.119313,37.532386,osm_overpass
3853477735,127.119628,37.533031,osm_overpass
3853477738,127.120943,37.531656,osm_overpass
3853477739,127.118944,37.531706,osm_overpass
3853477740,127.118981,37.531575,osm_overpass
3853477741,127.119504,37.530407,osm_overpass
3853477742,127.119560,37.530348,osm_overpass
3853477743,127.119806,37.530201,osm_overpass
3853477744,127.119855,37.530148,osm_overpass
3853477745,127.117663,37.528598,osm_overpass
3853477746,127.118729,37.530329,osm_overpass
3853477747,127.118864,37.530366,osm_overpass
3853477748,127.119261,37.530948,osm_overpass
3853477749,127.119840,37.531726,osm_overpass
3853477750,127.120471,37.530283,osm_overpass
3853477751,127.119529,37.531307,osm_overpass
3853477752,127.116906,37.528934,osm_overpass
3853477754,127.118594,37.530110,osm_overpass
3853477755,127.116398,37.529680,osm_overpass
3853477757,127.117915,37.529009,osm_overpass
3853477758,127.117576,37.529160,osm_overpass
3853477759,127.118234,37.530259,osm_overpass
3853477760,127.117200,37.530502,osm_overpass
3853477762,127.117740,37.530294,osm_overpass
3853477774,127.111906,37.531133,osm_overpass
3853477876,127.113720,37.530249,osm_overpass
3853477878,127.113495,37.530356,osm_overpass
3853477879,127.113244,37.530484,osm_overpass
3853496936,127.121167,37.532360,osm_overpass
3853496938,127.122001,37.532897,osm_overpass
3853496945,127.122271,37.532824,osm_overpass
3855459801,127.118764,37.532095,osm_overpass
3856184109,127.142297,37.531081,osm_overpass
3856188202,127.138079,37.532691,osm_overpass
3856188207,127.137030,37.529912,osm_overpass
3856188208,127.137855,37.529700,osm_overpass
3856188209,127.139696,37.529173,osm_overpass
3856188210,127.140920,37.528825,osm_overpass
3856188211,127.141656,37.528656,osm_overpass
3856188212,127.142491,37.528613,osm_overpass
3856188219,127.141211,37.530683,osm_overpass
3856188220,127.140232,37.532226,osm_overpass
3856188221,127.139866,37.531491,osm_overpass
3856188222,127.139483,37.530469,osm_overpass
3856188224,127.139093,37.529346,osm_overpass
3856188225,127.137422,37.530950,osm_overpass
3856188226,127.140901,37.530374,osm_overpass
3856188229,127.141631,37.530832,osm_overpass
3856188233,127.137851,37.532085,osm_overpass
3856188238,127.138243,37.530759,osm_overpass
3856188239,127.138044,37.530215,osm_overpass
3856188240,127.140184,37.529659,osm_overpass
3856188241,127.137646,37.529167,osm_overpass
3856188242,127.138889,37.528843,osm_overpass
3856188243,127.140544,37.527682,osm_overpass
3856188244,127.140959,37.528816,osm_overpass
3856188247,127.138139,37.530476,osm_overpass
3856188250,127.138775,37.530018,osm_overpass
3856188251,127.139640,37.529793,osm_overpass
3856188252,127.139703,37.529953,osm_overpass
3856188253,127.140317,37.529792,osm_overpass
3856188255,127.140643,37.530118,osm_overpass
3856188260,127.140400,37.529875,osm_overpass
3856188282,127.137622,37.531479,osm_overpass
3856188289,127.139626,37.530851,osm_overpass
3856188293,127.140064,37.529858,osm_overpass
3856188296,127.139801,37.529927,osm_overpass
3856188297,127.139918,37.530238,osm_overpass
3856188301,127.141013,37.530486,osm_overpass
3856188305,127.141480,37.530778,osm_overpass
3856188308,127.141728,37.530866,osm_overpass
3856188313,127.141936,37.530940,osm_overpass
3856188316,127.141970,37.530952,osm_overpass
3856188317,127.139611,37.528939,osm_overpass
3856188318,127.139322,37.528883,osm_overpass
3856199410,127.133707,37.534018,osm_overpass
3856199411,127.133220,37.533023,osm_overpass
3856199413,127.132348,37.531222,osm_overpass
3856199415,127.132591,37.529913,osm_overpass
3856199427,127.133951,37.529527,osm_overpass
3856199428,127.134377,37.530668,osm_overpass
3856199432,127.135216,37.529159,osm_overpass
3856199433,127.135665,37.530316,osm_overpass
3856199434,127.136026,37.531283,osm_overpass
3856199435,127.136314,37.532095,osm_overpass
3856199436,127.136961,37.531930,osm_overpass
3856199439,127.137691,37.531663,osm_overpass
3856199440,127.135860,37.528983,osm_overpass
3856199441,127.136275,37.530144,osm_overpass
3856199442,127.136674,37.531129,osm_overpass
3856199443,127.132849,37.530458,osm_overpass
3856199444,127.134165,37.530108,osm_overpass
3856199445,127.135470,37.529810,osm_overpass
3856199446,127.133864,37.530808,osm_overpass
3856199958,127.134230,37.530708,osm_overpass
3856199963,127.134915,37.530521,osm_overpass
3856199966,127.136416,37.530516,osm_overpass
3856199967,127.136133,37.529812,osm_overpass
3856199968,127.135843,37.529892,osm_overpass
3856199969,127.135972,37.530232,osm_overpass
3856199970,127.135325,37.530409,osm_overpass
3856199971,127.135144,37.529885,osm_overpass
3856199972,127.134824,37.529957,osm_overpass
3856199973,127.135016,37.530493,osm_overpass
3856199974,127.134506,37.530030,osm_overpass
3856199975,127.134710,37.530577,osm_overpass
3856505910,127.125814,37.531797,osm_overpass
3856505913,127.127058,37.531441,osm_overpass
3856505917,127.129832,37.530680,osm_overpass
3856513985,127.131427,37.530236,osm_overpass
3856513995,127.127967,37.531195,osm_overpass
3856514000,127.127277,37.531382,osm_overpass
3856514004,127.125469,37.531899,osm_overpass
3856514006,127.124874,37.532075,osm_overpass
3856514009,127.124112,37.532297,osm_overpass
3856514013,127.123385,37.532499,osm_overpass
3856514015,127.123061,37.532590,osm_overpass
3856514023,127.124445,37.532202,osm_overpass
3856514222,127.134046,37.534716,osm_overpass
3856535868,127.123647,37.531616,osm_overpass
3856535869,127.124119,37.531399,osm_overpass
3856535870,127.123886,37.531060,osm_overpass
3856535871,127.122860,37.530953,osm_overpass
3856535872,127.123565,37.530640,osm_overpass
3856535874,127.128659,37.528313,osm_overpass
3856535875,127.129952,37.527968,osm_overpass
3856535876,127.130678,37.527744,osm_overpass
3856535877,127.124495,37.529175,osm_overpass
3856535878,127.125064,37.529950,osm_overpass
3856535881,127.126898,37.531485,osm_overpass
3856535882,127.127204,37.530871,osm_overpass
3856535883,127.127115,37.530760,osm_overpass
3856535884,127.127026,37.530460,osm_overpass
3856535885,127.126980,37.530286,osm_overpass
3856535886,127.126994,37.530193,osm_overpass
3856535887,127.127081,37.530153,osm_overpass
3856535890,127.133517,37.528379,osm_overpass
3856535891,127.134802,37.528021,osm_overpass
3856535893,127.130143,37.526655,osm_overpass
3856535894,127.131515,37.526221,osm_overpass
3856535895,127.132604,37.525956,osm_overpass
3856535896,127.133907,37.525645,osm_overpass
3856535897,127.135361,37.525291,osm_overpass
3856535898,127.134210,37.522385,osm_overpass
3856535899,127.129178,37.524636,osm_overpass
3856535900,127.134905,37.524229,osm_overpass
3856535901,127.132220,37.524866,osm_overpass
3856535902,127.131002,37.525169,osm_overpass
3856535903,127.130372,37.525360,osm_overpass
3856535904,127.129620,37.525591,osm_overpass
3856535905,127.128723,37.525854,osm_overpass
3856535906,127.127382,37.527840,osm_overpass
3856535907,127.131156,37.522726,osm_overpass
3856535908,127.131701,37.523526,osm_overpass
3856535910,127.129878,37.524324,osm_overpass
3856535912,127.130901,37.526415,osm_overpass
3856535913,127.132044,37.528795,osm_overpass
3856535914,127.133521,37.522704,osm_overpass
3856535915,127.134155,37.524408,osm_overpass
3856535916,127.134557,37.525488,osm_overpass
3856535917,127.135402,37.527857,osm_overpass
3856535921,127.135682,37.526352,osm_overpass
3856535923,127.133764,37.523359,osm_overpass
3856535924,127.132545,37.523670,osm_overpass
3856535925,127.131866,37.523954,osm_overpass
3856535926,127.130677,37.524468,osm_overpass
3856535927,127.130487,37.524057,osm_overpass
3856535928,127.132053,37.527303,osm_overpass
3856535929,127.132695,37.528611,osm_overpass
3856535930,127.132307,37.529333,osm_overpass
3856535932,127.135007,37.528593,osm_overpass
3856535933,127.135654,37.528430,osm_overpass
3856535935,127.133515,37.524560,osm_overpass
3856535936,127.133120,37.523528,osm_overpass
3856535937,127.132913,37.522996,osm_overpass
3856535938,127.132372,37.522199,osm_overpass
3856535939,127.132468,37.523703,osm_overpass
3856535940,127.132841,37.524719,osm_overpass
3856535941,127.133253,37.525801,osm_overpass
3856535942,127.133642,37.526838,osm_overpass
3856535943,127.134163,37.528199,osm_overpass
3856535944,127.132385,37.527981,osm_overpass
3856535945,127.133268,37.527719,osm_overpass
3856535946,127.133077,37.527212,osm_overpass
3856535947,127.132498,37.527392,osm_overpass
3856535948,127.132393,37.527192,osm_overpass
3856535949,127.132779,37.527864,osm_overpass
3856535950,127.132697,37.527677,osm_overpass
3856535951,127.131817,37.526829,osm_overpass
3856535952,127.132799,37.526473,osm_overpass
3856535953,127.131253,37.525684,osm_overpass
3856535954,127.132405,37.525392,osm_overpass
3856535955,127.132141,37.526711,osm_overpass
3856535956,127.131909,37.526125,osm_overpass
3856536057,127.131712,37.525568,osm_overpass
3856536058,127.132418,37.526611,osm_overpass
3856536059,127.132220,37.526049,osm_overpass
3856536060,127.131629,37.525013,osm_overpass
3856536061,127.131233,37.524227,osm_overpass
3856536062,127.127776,37.524213,osm_overpass
3856536064,127.130563,37.529206,osm_overpass
3856536065,127.123071,37.528343,osm_overpass
3856536066,127.127079,37.527413,osm_overpass
3856536067,127.123549,37.529034,osm_overpass
3856536068,127.125454,37.527312,osm_overpass
3856536070,127.126205,37.528383,osm_overpass
3856536071,127.124267,37.527825,osm_overpass
3856536073,127.120950,37.529303,osm_overpass
3856536074,127.121711,37.530297,osm_overpass
3856536075,127.120475,37.529917,osm_overpass
3856536076,127.120561,37.529482,osm_overpass
3856536077,127.120695,37.529710,osm_overpass
3856536078,127.121394,37.530304,osm_overpass
3856536079,127.123989,37.531205,osm_overpass
3856536083,127.125594,37.531862,osm_overpass
3856536085,127.127238,37.530902,osm_overpass
3856536086,127.128328,37.530593,osm_overpass
3856536087,127.130898,37.529897,osm_overpass
3856536089,127.129289,37.529555,osm_overpass
3856536090,127.128268,37.527437,osm_overpass
3856536091,127.128184,37.525062,osm_overpass
3856536093,127.128457,37.525464,osm_overpass
3856536094,127.120131,37.527606,osm_overpass
3856536095,127.121095,37.529236,osm_overpass
3856536096,127.122980,37.529290,osm_overpass
3856536097,127.121883,37.529782,osm_overpass
3856536098,127.121341,37.529808,osm_overpass
3856536100,127.121275,37.529728,osm_overpass
3856536102,127.123954,37.531157,osm_overpass
3856536103,127.123763,37.530899,osm_overpass
3856536104,127.124047,37.530418,osm_overpass
3856536106,127.124364,37.530272,osm_overpass
3856536107,127.124702,37.530116,osm_overpass
3856536110,127.123333,37.530335,osm_overpass
3856536113,127.121471,37.529064,osm_overpass
3856536114,127.121923,37.529764,osm_overpass
3856536115,127.121942,37.528847,osm_overpass
3856536116,127.122405,37.529548,osm_overpass
3856536117,127.122146,37.529156,osm_overpass
3856536118,127.121668,37.529368,osm_overpass
3856536119,127.121159,37.529576,osm_overpass
3856536120,127.123463,37.528174,osm_overpass
3856536121,127.123943,37.528853,osm_overpass
3856536122,127.123859,37.528002,osm_overpass
3856536123,127.124317,37.528682,osm_overpass
3856536124,127.124684,37.527645,osm_overpass
3856536125,127.125144,37.528302,osm_overpass
3856536126,127.125058,37.527483,osm_overpass
3856536127,127.125494,37.528141,osm_overpass
3856536128,127.125852,37.527139,osm_overpass
3856536129,127.126289,37.527776,osm_overpass
3856536130,127.126246,37.526969,osm_overpass
3856536131,127.126690,37.527592,osm_overpass
3856536132,127.127299,37.528464,osm_overpass
3856536135,127.129767,37.527591,osm_overpass
3856536138,127.126982,37.529067,osm_overpass
3856536139,127.127135,37.529379,osm_overpass
3856536140,127.127676,37.529219,osm_overpass
3856536141,127.127293,37.529699,osm_overpass
3856536142,127.127832,37.529549,osm_overpass
3856536143,127.127052,37.530546,osm_overpass
3856536145,127.128162,37.530244,osm_overpass
3856536146,127.128443,37.529786,osm_overpass
3856536147,127.128767,37.530474,osm_overpass
3856536148,127.128846,37.529676,osm_overpass
3856536149,127.129180,37.530363,osm_overpass
3856536150,127.129720,37.529437,osm_overpass
3856536151,127.130045,37.530128,osm_overpass
3856536152,127.130132,37.529324,osm_overpass
3856536153,127.130456,37.530017,osm_overpass
3856536154,127.130264,37.528601,osm_overpass
3856536155,127.130983,37.528386,osm_overpass
3856536156,127.130923,37.529108,osm_overpass
3856536257,127.130625,37.528493,osm_overpass
3856536258,127.130319,37.527855,osm_overpass
3856536259,127.130432,37.527820,osm_overpass
3856536260,127.130099,37.527106,osm_overpass
3856536261,127.120863,37.528839,osm_overpass
3856536263,127.126379,37.526429,osm_overpass
3856536264,127.128242,37.525589,osm_overpass
3856536266,127.128503,37.525954,osm_overpass
3856536267,127.120460,37.528144,osm_overpass
3856536269,127.125892,37.525750,osm_overpass
3856536270,127.127774,37.524917,osm_overpass
3856536271,127.123634,37.526732,osm_overpass
3856536272,127.124127,37.527423,osm_overpass
3856536273,127.124379,37.527777,osm_overpass
3856536274,127.120669,37.528504,osm_overpass
3856536276,127.123878,37.527073,osm_overpass
3856536277,127.124043,37.526554,osm_overpass
3856536278,127.124518,37.527251,osm_overpass
3856536279,127.124287,37.526912,osm_overpass
3856536280,127.126131,37.526084,osm_overpass
3856536281,127.128009,37.525254,osm_overpass
3949531951,127.096614,37.497722,osm_overpass
3951346193,127.086271,37.509563,osm_overpass
3951351712,127.103544,37.514309,osm_overpass
3951404930,127.095271,37.519748,osm_overpass
3958847216,127.122077,37.526354,osm_overpass
3958847217,127.116967,37.526919,osm_overpass
3969115359,127.110641,37.500058,osm_overpass
3969115361,127.087397,37.509814,osm_overpass
3969115362,127.087830,37.510232,osm_overpass
3969115363,127.088246,37.510729,osm_overpass
3969115364,127.088451,37.510901,osm_overpass
3969115365,127.089288,37.510890,osm_overpass
3969115366,127.088706,37.510997,osm_overpass
3969115367,127.089011,37.511011,osm_overpass
3969115368,127.132814,37.512551,osm_overpass
3969115369,127.131735,37.512893,osm_overpass
3969132959,127.133549,37.520552,osm_overpass
3969132960,127.133835,37.520785,osm_overpass
3969132961,127.134006,37.520866,osm_overpass
3969132963,127.133479,37.520986,osm_overpass
3969132964,127.134175,37.520917,osm_overpass
3969132965,127.134363,37.520929,osm_overpass
3969132966,127.134752,37.521145,osm_overpass
3969132967,127.133426,37.521149,osm_overpass
3969132968,127.133316,37.521332,osm_overpass
3969132969,127.134589,37.521258,osm_overpass
3969132970,127.133829,37.521315,osm_overpass
3969132971,127.134423,37.521416,osm_overpass
3969132972,127.133162,37.521502,osm_overpass
3969132973,127.134305,37.521610,osm_overpass
3969132975,127.134243,37.521797,osm_overpass
3969132977,127.133289,37.521898,osm_overpass
3969132978,127.133583,37.521907,osm_overpass
3969132979,127.133736,37.521960,osm_overpass
3969132980,127.134204,37.522022,osm_overpass
3969132981,127.133897,37.522057,osm_overpass
3969132982,127.133062,37.521905,osm_overpass
3975396469,127.083994,37.516257,osm_overpass
3975396515,127.079527,37.516379,osm_overpass
3975396517,127.081412,37.516285,osm_overpass
3975396947,127.082941,37.516259,osm_overpass
4051134799,127.096574,37.497196,osm_overpass
4086911140,127.115430,37.538546,osm_overpass
4086911142,127.115202,37.538748,osm_overpass
4103950055,127.090069,37.515251,osm_overpass
4103950057,127.088601,37.513272,osm_overpass
4103950085,127.097405,37.509768,osm_overpass
4103950491,127.092929,37.507401,osm_overpass
414683226,127.138533,37.533888,osm_overpass
414684402,127.123272,37.494954,osm_overpass
414684613,127.088060,37.504406,osm_overpass
414684638,127.139721,37.506985,osm_overpass
414684647,127.119747,37.508329,osm_overpass
414684703,127.107376,37.513764,osm_overpass
414684772,127.106669,37.515456,osm_overpass
414684881,127.107175,37.523055,osm_overpass
414684896,127.111056,37.524745,osm_overpass
414685031,127.091873,37.530938,osm_overpass
4161210535,127.130132,37.519632,osm_overpass
4161210536,127.130230,37.519537,osm_overpass
4161210538,127.130556,37.518010,osm_overpass
4161210539,127.130655,37.517908,osm_overpass
4161210541,127.131646,37.519711,osm_overpass
4161210542,127.131570,37.520160,osm_overpass
4161210543,127.132186,37.520231,osm_overpass
4161210544,127.132278,37.520190,osm_overpass
4161210545,127.132936,37.520297,osm_overpass
4161210546,127.133003,37.520401,osm_overpass
4161210547,127.132968,37.520570,osm_overpass
4161210548,127.132897,37.520639,osm_overpass
4186249063,127.086426,37.508064,osm_overpass
4186302819,127.086457,37.504826,osm_overpass
4186494526,127.092474,37.503083,osm_overpass
4186494528,127.091641,37.505499,osm_overpass
4186494533,127.089837,37.505529,osm_overpass
4186494534,127.091445,37.503896,osm_overpass
4186494536,127.094325,37.504266,osm_overpass
4186494537,127.094556,37.504979,osm_overpass
4186494538,127.094672,37.505329,osm_overpass
4186494539,127.094807,37.505699,osm_overpass
4186494540,127.092245,37.506839,osm_overpass
4186553396,127.089305,37.500306,osm_overpass
4186553398,127.090081,37.502046,osm_overpass
4186553405,127.096839,37.500363,osm_overpass
4186553406,127.089931,37.501695,osm_overpass
4186553407,127.090567,37.503091,osm_overpass
4186553409,127.087291,37.503244,osm_overpass
4186553410,127.087742,37.503113,osm_overpass
4186585982,127.097425,37.505781,osm_overpass
4186585983,127.100514,37.503844,osm_overpass
4186585984,127.097150,37.504391,osm_overpass
4186634089,127.100797,37.502784,osm_overpass
4186634090,127.100272,37.502930,osm_overpass
4186634091,127.101460,37.503296,osm_overpass
4186634092,127.099486,37.502760,osm_overpass
4186634093,127.099348,37.502698,osm_overpass
4186634095,127.099991,37.502619,osm_overpass
4186634096,127.099455,37.502543,osm_overpass
4186634097,127.099363,37.502591,osm_overpass
4186634098,127.103458,37.503669,osm_overpass
4186634099,127.103560,37.503793,osm_overpass
4186634100,127.102961,37.503482,osm_overpass
4186634101,127.103240,37.503841,osm_overpass
4186634102,127.104858,37.504357,osm_overpass
4186634103,127.104948,37.504183,osm_overpass
4186634104,127.105063,37.504274,osm_overpass
4186634105,127.104062,37.504119,osm_overpass
4186634106,127.103858,37.504492,osm_overpass
4186634107,127.102862,37.504449,osm_overpass
4186634108,127.100091,37.505798,osm_overpass
4186634109,127.105942,37.505339,osm_overpass
4186634110,127.105211,37.506712,osm_overpass
4186634111,127.104415,37.507628,osm_overpass
4186693771,127.103794,37.500388,osm_overpass
4186693772,127.100739,37.502059,osm_overpass
4186693773,127.100977,37.501564,osm_overpass
4186693774,127.107810,37.504354,osm_overpass
4186693775,127.108149,37.503494,osm_overpass
4186693776,127.107215,37.504531,osm_overpass
4186693777,127.105253,37.503379,osm_overpass
4186693778,127.106424,37.501662,osm_overpass
4186693779,127.106452,37.500778,osm_overpass
4186693780,127.105996,37.501504,osm_overpass
4186693781,127.105727,37.501866,osm_overpass
4186722604,127.109948,37.501519,osm_overpass
4186722606,127.101101,37.499105,osm_overpass
4186722611,127.105408,37.499722,osm_overpass
4186722612,127.103989,37.500015,osm_overpass
4186722613,127.100641,37.498279,osm_overpass
4187635662,127.106551,37.510124,osm_overpass
4187635663,127.104660,37.508155,osm_overpass
4187635664,127.108215,37.510990,osm_overpass
4187635665,127.104716,37.508699,osm_overpass
4187635666,127.107341,37.505895,osm_overpass
4187635667,127.105513,37.507823,osm_overpass
4187635668,127.109142,37.511037,osm_overpass
4187635669,127.107377,37.509793,osm_overpass
4187682184,127.111728,37.507223,osm_overpass
4187682186,127.109951,37.506813,osm_overpass
4187682396,127.108497,37.504509,osm_overpass
4187682397,127.109680,37.503204,osm_overpass
4187682399,127.112060,37.504054,osm_overpass
4187682404,127.113414,37.506229,osm_overpass
4187682405,127.113106,37.508878,osm_overpass
4187682406,127.115387,37.508516,osm_overpass
4187682407,127.116394,37.507286,osm_overpass
4187682408,127.112754,37.504573,osm_overpass
4187713491,127.113219,37.511932,osm_overpass
4187713492,127.114871,37.514583,osm_overpass
4187713493,127.112005,37.513947,osm_overpass
4187713494,127.108296,37.513169,osm_overpass
4187713495,127.111895,37.511021,osm_overpass
4187713496,127.107414,37.515249,osm_overpass
4187713497,127.107870,37.515401,osm_overpass
4187713498,127.108807,37.515729,osm_overpass
4187713499,127.110538,37.516314,osm_overpass
4187713500,127.112416,37.515546,osm_overpass
4187713501,127.118811,37.511164,osm_overpass
4187713502,127.119020,37.511492,osm_overpass
4187713503,127.114331,37.509967,osm_overpass
4187713504,127.113501,37.510292,osm_overpass
4187713505,127.113107,37.510458,osm_overpass
4187713506,127.114533,37.512853,osm_overpass
4188616727,127.119230,37.509539,osm_overpass
4188616728,127.119700,37.508255,osm_overpass
4188616729,127.118752,37.509736,osm_overpass
4188616730,127.119965,37.510703,osm_overpass
4188616731,127.121442,37.511984,osm_overpass
4188616732,127.120920,37.512192,osm_overpass
4188616733,127.123759,37.510179,osm_overpass
4188616734,127.122875,37.510426,osm_overpass
4188616735,127.122556,37.509445,osm_overpass
4188616736,127.123431,37.509680,osm_overpass
4188616737,127.120838,37.507777,osm_overpass
4188616738,127.123419,37.507157,osm_overpass
4188616739,127.123443,37.506941,osm_overpass
4188616740,127.123582,37.507171,osm_overpass
4188616741,127.124677,37.509174,osm_overpass
4188616742,127.126040,37.509448,osm_overpass
4188616743,127.126294,37.511818,osm_overpass
4188616744,127.124223,37.511764,osm_overpass
4188616745,127.124192,37.511776,osm_overpass
4188616746,127.123931,37.511877,osm_overpass
4188618891,127.123733,37.512878,osm_overpass
4188692651,127.116090,37.503390,osm_overpass
4188692656,127.115062,37.502424,osm_overpass
4188716132,127.115102,37.499224,osm_overpass
4188716133,127.118064,37.500265,osm_overpass
4188716134,127.116709,37.500494,osm_overpass
4188716135,127.112418,37.502338,osm_overpass
4188716136,127.111089,37.501086,osm_overpass
4188716137,127.111415,37.500791,osm_overpass
4188716138,127.112034,37.501010,osm_overpass
4188716139,127.112408,37.501035,osm_overpass
4188722566,127.126888,37.510001,osm_overpass
4188722567,127.131398,37.509737,osm_overpass
4188726754,127.131954,37.507253,osm_overpass
4188739158,127.129631,37.507052,osm_overpass
4188739159,127.126120,37.503337,osm_overpass
4188739160,127.128440,37.506558,osm_overpass
4188739161,127.129430,37.508254,osm_overpass
4188739162,127.128816,37.507101,osm_overpass
4188739163,127.127351,37.504730,osm_overpass
4190096389,127.120684,37.498055,osm_overpass
4190105898,127.121461,37.497153,osm_overpass
4190105899,127.124185,37.502631,osm_overpass
4190105900,127.125371,37.503240,osm_overpass
4190105901,127.124485,37.503840,osm_overpass
4190105902,127.121935,37.497409,osm_overpass
4190105903,127.124908,37.496678,osm_overpass
4190105904,127.125755,37.499612,osm_overpass
4190105905,127.125770,37.502360,osm_overpass
4190105906,127.124533,37.502405,osm_overpass
4190143731,127.132793,37.507392,osm_overpass
4190143732,127.132521,37.506044,osm_overpass
4190143734,127.125630,37.498203,osm_overpass
4190171274,127.135486,37.511777,osm_overpass
4190445318,127.126644,37.498940,osm_overpass
4190463302,127.139515,37.502928,osm_overpass
4190463303,127.140170,37.502450,osm_overpass
4190463304,127.138500,37.503915,osm_overpass
4190463305,127.139422,37.503968,osm_overpass
4190463311,127.141408,37.501581,osm_overpass
4190463312,127.140443,37.501724,osm_overpass
4190536313,127.137938,37.500968,osm_overpass
4190536314,127.138630,37.500632,osm_overpass
4190536315,127.139083,37.500398,osm_overpass
4190536316,127.139410,37.500249,osm_overpass
4190536317,127.139963,37.500006,osm_overpass
4190536318,127.140486,37.499749,osm_overpass
4190536319,127.141073,37.499457,osm_overpass
4190536320,127.141412,37.499338,osm_overpass
4190536321,127.137038,37.500888,osm_overpass
4190536322,127.138227,37.500088,osm_overpass
4190536323,127.139430,37.499338,osm_overpass
4190536324,127.140400,37.498743,osm_overpass
4190536325,127.140958,37.498419,osm_overpass
4190536326,127.137181,37.499631,osm_overpass
4190536327,127.140564,37.497577,osm_overpass
4190536328,127.135503,37.499545,osm_overpass
4190536329,127.137599,37.498362,osm_overpass
4190536331,127.139659,37.500140,osm_overpass
4190536332,127.136858,37.499855,osm_overpass
4190536333,127.137993,37.500941,osm_overpass
4190536334,127.137463,37.499459,osm_overpass
4190536335,127.137234,37.500215,osm_overpass
4190536336,127.137838,37.499836,osm_overpass
4190536337,127.137822,37.500778,osm_overpass
4190536338,127.138428,37.500429,osm_overpass
4190536339,127.138672,37.499301,osm_overpass
4190536340,127.139371,37.499895,osm_overpass
4190536342,127.139281,37.498355,osm_overpass
4190536343,127.140578,37.499703,osm_overpass
4190893753,127.114791,37.524698,osm_overpass
4190893754,127.115960,37.526100,osm_overpass
4190916056,127.101330,37.517220,osm_overpass
4190916057,127.101779,37.516458,osm_overpass
4190916058,127.100110,37.515720,osm_overpass
4190916063,127.103719,37.515017,osm_overpass
4190916064,127.103419,37.514794,osm_overpass
4190916065,127.103611,37.514919,osm_overpass
4190916066,127.103144,37.515748,osm_overpass
4190916067,127.102837,37.514989,osm_overpass
4190916068,127.102814,37.515038,osm_overpass
4190916069,127.103407,37.515213,osm_overpass
4190916070,127.103300,37.516704,osm_overpass
4190916071,127.105452,37.517618,osm_overpass
4190927741,127.106207,37.525768,osm_overpass
4190927742,127.106106,37.525665,osm_overpass
4190927743,127.106100,37.525467,osm_overpass
4190927744,127.106914,37.524896,osm_overpass
4190937082,127.111872,37.530440,osm_overpass
4190961575,127.115928,37.530443,osm_overpass
4190961576,127.117823,37.530429,osm_overpass
4190961577,127.117158,37.529346,osm_overpass
4191904191,127.126642,37.526797,osm_overpass
4191904192,127.129428,37.526895,osm_overpass
4191922820,127.122251,37.528251,osm_overpass
4191922821,127.122009,37.527909,osm_overpass
4191922822,127.121754,37.527549,osm_overpass
4191922823,127.120963,37.529938,osm_overpass
4191922824,127.124740,37.528487,osm_overpass
4191922825,127.125906,37.527952,osm_overpass
4191934667,127.127492,37.528832,osm_overpass
4191934668,127.128002,37.529906,osm_overpass
4191934669,127.131279,37.529010,osm_overpass
4191942845,127.129614,37.530245,osm_overpass
4191942846,127.128495,37.527946,osm_overpass
4191942847,127.125440,37.530430,osm_overpass
4191949760,127.127465,37.530050,osm_overpass
4191967562,127.132996,37.526996,osm_overpass
4191967563,127.131426,37.527507,osm_overpass
4191967564,127.134873,37.528219,osm_overpass
4191967565,127.134848,37.528149,osm_overpass
4191967566,127.134300,37.526677,osm_overpass
4191967567,127.134941,37.526520,osm_overpass
4191967568,127.133731,37.528952,osm_overpass
4192129658,127.133112,37.531014,osm_overpass
4192129659,127.135306,37.531454,osm_overpass
4192129661,127.135793,37.530659,osm_overpass
4192162732,127.139285,37.529880,osm_overpass
4196686489,127.129233,37.519463,osm_overpass
4196686490,127.129357,37.518875,osm_overpass
4196686491,127.129436,37.518519,osm_overpass
4196686492,127.129501,37.518390,osm_overpass
4196686493,127.129756,37.518043,osm_overpass
4196686494,127.130052,37.517814,osm_overpass
4196686495,127.130392,37.517667,osm_overpass
4196686496,127.131043,37.517382,osm_overpass
4196686498,127.131948,37.517002,osm_overpass
4196686499,127.133604,37.516336,osm_overpass
4196686501,127.134331,37.516015,osm_overpass
4196686502,127.134589,37.515923,osm_overpass
4196686503,127.134834,37.515859,osm_overpass
4196686504,127.135499,37.515708,osm_overpass
4196686505,127.136364,37.515590,osm_overpass
4196686506,127.138193,37.515390,osm_overpass
4196686507,127.139030,37.515173,osm_overpass
4196686509,127.133743,37.516279,osm_overpass
4196686510,127.133673,37.516140,osm_overpass
4196686511,127.133620,37.515999,osm_overpass
4196686512,127.133876,37.515465,osm_overpass
4196686513,127.134083,37.515057,osm_overpass
4196686514,127.134590,37.513976,osm_overpass
4196686516,127.135249,37.512874,osm_overpass
4196686517,127.135444,37.512526,osm_overpass
4196686518,127.136110,37.511180,osm_overpass
4196686519,127.136361,37.509981,osm_overpass
4196686520,127.136449,37.508997,osm_overpass
4196686521,127.136498,37.508701,osm_overpass
4254083553,127.116260,37.523426,osm_overpass
4254083554,127.116847,37.524399,osm_overpass
4282196158,127.131489,37.501836,osm_overpass
4282196160,127.131678,37.501444,osm_overpass
4282196163,127.131712,37.501346,osm_overpass
4282196164,127.131792,37.501274,osm_overpass
4282196166,127.131969,37.501087,osm_overpass
4282196167,127.132086,37.501030,osm_overpass
4282196169,127.132528,37.500874,osm_overpass
4282196170,127.132587,37.500846,osm_overpass
4282196171,127.132609,37.500793,osm_overpass
4282196172,127.132614,37.500716,osm_overpass
4282196173,127.132620,37.500601,osm_overpass
4282196174,127.132622,37.500516,osm_overpass
4282196175,127.132649,37.500450,osm_overpass
4282196176,127.132711,37.500354,osm_overpass
4282196177,127.132778,37.500242,osm_overpass
4282196178,127.132837,37.500129,osm_overpass
4282196179,127.132861,37.500059,osm_overpass
4282196180,127.132936,37.499991,osm_overpass
4282196181,127.132990,37.499957,osm_overpass
4282196182,127.133033,37.499871,osm_overpass
4282196183,127.133059,37.499748,osm_overpass
4282196184,127.133076,37.499699,osm_overpass
4282196185,127.133124,37.499642,osm_overpass
4282196186,127.133175,37.499573,osm_overpass
4282196187,127.133274,37.499478,osm_overpass
4282196188,127.133368,37.499427,osm_overpass
4282196689,127.133478,37.499405,osm_overpass
4282196690,127.133647,37.499405,osm_overpass
4282196691,127.133800,37.499405,osm_overpass
4282196692,127.133904,37.499399,osm_overpass
4282196702,127.133950,37.499408,osm_overpass
4282196715,127.134105,37.498688,osm_overpass
4282196717,127.132852,37.500085,osm_overpass
4282196718,127.132941,37.500061,osm_overpass
4282196719,127.133049,37.500046,osm_overpass
4282196720,127.133148,37.500042,osm_overpass
4282196721,127.133247,37.500061,osm_overpass
4282196722,127.133400,37.500129,osm_overpass
4282196723,127.133633,37.500282,osm_overpass
4282196724,127.133848,37.500435,osm_overpass
4282196725,127.133985,37.500552,osm_overpass
4282196726,127.134099,37.500702,osm_overpass
4282196727,127.134167,37.500720,osm_overpass
4282196728,127.134374,37.500720,osm_overpass
4282196729,127.134604,37.500710,osm_overpass
4282196730,127.134725,37.500697,osm_overpass
4282196731,127.134811,37.500674,osm_overpass
4282196732,127.134858,37.500660,osm_overpass
4282196733,127.134925,37.500635,osm_overpass
4282196734,127.134159,37.500784,osm_overpass
4282196735,127.134258,37.500878,osm_overpass
4282196736,127.134358,37.500982,osm_overpass
4282196737,127.134462,37.501067,osm_overpass
4282196738,127.134575,37.501112,osm_overpass
4282196739,127.134641,37.501081,osm_overpass
4282196740,127.134732,37.501040,osm_overpass
4282196741,127.134809,37.500943,osm_overpass
4282196742,127.134876,37.500836,osm_overpass
4282196743,127.134942,37.500763,osm_overpass
4282196744,127.134948,37.500686,osm_overpass
4282196745,127.134845,37.500499,osm_overpass
4282196746,127.134870,37.500395,osm_overpass
4282196747,127.134299,37.499948,osm_overpass
4282196755,127.133804,37.500849,osm_overpass
4282196758,127.133725,37.500920,osm_overpass
4282196762,127.133953,37.501167,osm_overpass
4282196771,127.132138,37.500740,osm_overpass
4282196772,127.131404,37.499912,osm_overpass
4282196774,127.132313,37.500948,osm_overpass
4282196775,127.132373,37.501041,osm_overpass
4282196776,127.128610,37.502460,osm_overpass
4282196819,127.131844,37.501179,osm_overpass
4282196820,127.131855,37.501028,osm_overpass
4282196821,127.131888,37.500957,osm_overpass
4282196822,127.131831,37.500895,osm_overpass
4282196834,127.128691,37.501621,osm_overpass
4282196837,127.131530,37.501874,osm_overpass
4282196839,127.131713,37.502027,osm_overpass
4282196843,127.132135,37.502552,osm_overpass
4282196845,127.132234,37.502736,osm_overpass
4282196846,127.132350,37.503010,osm_overpass
4282196848,127.132374,37.503181,osm_overpass
4282196850,127.132286,37.503403,osm_overpass
4282196851,127.132129,37.503455,osm_overpass
4282196852,127.132013,37.503476,osm_overpass
4282196853,127.131970,37.503521,osm_overpass
4282196854,127.130259,37.504199,osm_overpass
4282196860,127.131585,37.503467,osm_overpass
4282196861,127.131776,37.503530,osm_overpass
4282196862,127.131869,37.503454,osm_overpass
4282196863,127.131961,37.503287,osm_overpass
4282196864,127.132015,37.503179,osm_overpass
4282196865,127.132033,37.503083,osm_overpass
4282196867,127.132202,37.503092,osm_overpass
4282196868,127.132294,37.503105,osm_overpass
4309610035,127.138276,37.498966,osm_overpass
4309827860,127.105257,37.500042,osm_overpass
4309864137,127.138144,37.500152,osm_overpass
4309864138,127.137567,37.500533,osm_overpass
4310031997,127.139931,37.499031,osm_overpass
4311938515,127.139018,37.499595,osm_overpass
4322951896,127.147949,37.501085,osm_overpass
4323146974,127.139158,37.503171,osm_overpass
4323165824,127.142232,37.499154,osm_overpass
4323165825,127.143042,37.499077,osm_overpass
4323165826,127.144344,37.499094,osm_overpass
4323165828,127.145341,37.499221,osm_overpass
4323165829,127.145959,37.499486,osm_overpass
4323165830,127.146948,37.500716,osm_overpass
4323165831,127.147723,37.500993,osm_overpass
4323165841,127.143307,37.499317,osm_overpass
4323165855,127.142712,37.499299,osm_overpass
4323165856,127.142473,37.499323,osm_overpass
4323165857,127.142120,37.499398,osm_overpass
4323165858,127.141289,37.499780,osm_overpass
4323165859,127.140593,37.500109,osm_overpass
4323165860,127.138474,37.501170,osm_overpass
4323165862,127.138337,37.500982,osm_overpass
4323165863,127.139042,37.500630,osm_overpass
4323165864,127.139756,37.500301,osm_overpass
4323165865,127.140034,37.500183,osm_overpass
4323165866,127.140097,37.500102,osm_overpass
4323165867,127.140463,37.499922,osm_overpass
4323165868,127.140655,37.499874,osm_overpass
4323165869,127.140811,37.499794,osm_overpass
4323165870,127.140923,37.499672,osm_overpass
4323165871,127.141153,37.499575,osm_overpass
4323165872,127.141324,37.499542,osm_overpass
4323165873,127.141633,37.499429,osm_overpass
4323165874,127.141947,37.499378,osm_overpass
436808665,127.098796,37.498355,osm_overpass
436808667,127.102982,37.499696,osm_overpass
436808672,127.108298,37.501389,osm_overpass
436808675,127.110951,37.502212,osm_overpass
436808676,127.111340,37.502350,osm_overpass
436808679,127.112350,37.502790,osm_overpass
436808681,127.113058,37.503204,osm_overpass
436808684,127.113810,37.503770,osm_overpass
436808687,127.114520,37.504420,osm_overpass
436808699,127.117340,37.508780,osm_overpass
436808700,127.117890,37.509680,osm_overpass
436808701,127.118090,37.510010,osm_overpass
436808702,127.118799,37.511134,osm_overpass
436808703,127.118860,37.511230,osm_overpass
436808705,127.119350,37.512030,osm_overpass
436808708,127.120411,37.513730,osm_overpass
436808709,127.120910,37.514473,osm_overpass
436811817,127.121469,37.527039,osm_overpass
436812039,127.125523,37.525235,osm_overpass
436812044,127.123812,37.526000,osm_overpass
436812061,127.120178,37.525524,osm_overpass
436812062,127.119630,37.525397,osm_overpass
436812065,127.118489,37.525339,osm_overpass
436812069,127.118075,37.525433,osm_overpass
436812075,127.115165,37.526626,osm_overpass
436812078,127.114752,37.526781,osm_overpass
436812084,127.114387,37.526913,osm_overpass
436812087,127.114049,37.526987,osm_overpass
436812093,127.112966,37.527158,osm_overpass
436812124,127.112426,37.527239,osm_overpass
436812128,127.111770,37.527394,osm_overpass
436812131,127.111334,37.527537,osm_overpass
436812135,127.110887,37.527724,osm_overpass
436812139,127.110068,37.528166,osm_overpass
436812154,127.122797,37.526480,osm_overpass
436813290,127.090029,37.534005,osm_overpass
436815068,127.134510,37.498730,osm_overpass
436815070,127.135570,37.499600,osm_overpass
436815072,127.136140,37.500100,osm_overpass
436815074,127.136680,37.500510,osm_overpass
436815076,127.136980,37.500830,osm_overpass
436815078,127.137070,37.500920,osm_overpass
436815080,127.137324,37.501281,osm_overpass
436815082,127.137580,37.501680,osm_overpass
436815102,127.138860,37.504790,osm_overpass
436815104,127.139100,37.505420,osm_overpass
436815106,127.139510,37.506500,osm_overpass
436815110,127.139804,37.507226,osm_overpass
436815112,127.140009,37.507817,osm_overpass
436817704,127.121100,37.510550,osm_overpass
436817706,127.121200,37.510730,osm_overpass
436817708,127.121650,37.511450,osm_overpass
436817710,127.121880,37.511810,osm_overpass
436817711,127.121980,37.511980,osm_overpass
436817712,127.122230,37.512390,osm_overpass
436817713,127.122490,37.512810,osm_overpass
436817714,127.122730,37.513200,osm_overpass
436821990,127.107808,37.530126,osm_overpass
436821996,127.105800,37.532110,osm_overpass
436821999,127.103510,37.534360,osm_overpass
436825247,127.123293,37.529736,osm_overpass
436830754,127.118796,37.500291,osm_overpass
436830755,127.119707,37.500841,osm_overpass
436830756,127.121875,37.502553,osm_overpass
436830757,127.122373,37.503021,osm_overpass
436830758,127.122706,37.503377,osm_overpass
436830759,127.123013,37.503788,osm_overpass
436830761,127.124470,37.506107,osm_overpass
436830764,127.127950,37.511704,osm_overpass
436830765,127.129320,37.513780,osm_overpass
436830766,127.130120,37.514980,osm_overpass
436830767,127.130660,37.515762,osm_overpass
436830769,127.132032,37.517802,osm_overpass
436830771,127.132632,37.518713,osm_overpass
436830772,127.133036,37.519328,osm_overpass
436830773,127.133410,37.520150,osm_overpass
436838879,127.137398,37.530885,osm_overpass
436838880,127.137996,37.532469,osm_overpass
436838881,127.138121,37.532802,osm_overpass
436839739,127.144593,37.499353,osm_overpass
436839740,127.144450,37.499450,osm_overpass
436839742,127.143960,37.499780,osm_overpass
436839743,127.143450,37.500140,osm_overpass
436839744,127.142890,37.500550,osm_overpass
436839745,127.142350,37.500920,osm_overpass
436839746,127.142252,37.501020,osm_overpass
436839747,127.141820,37.501290,osm_overpass
436839748,127.141440,37.501560,osm_overpass
436839749,127.141320,37.501640,osm_overpass
436839750,127.140850,37.501980,osm_overpass
436839751,127.140670,37.502110,osm_overpass
436839752,127.140380,37.502300,osm_overpass
436839754,127.139930,37.502630,osm_overpass
436839755,127.139670,37.502810,osm_overpass
436839756,127.139460,37.502970,osm_overpass
436839757,127.139130,37.503190,osm_overpass
436839758,127.138870,37.503290,osm_overpass
436839759,127.138770,37.503320,osm_overpass
436839760,127.138322,37.503483,osm_overpass
436839761,127.138080,37.503560,osm_overpass
436839763,127.135480,37.504470,osm_overpass
436839764,127.135190,37.504560,osm_overpass
436839765,127.134610,37.504760,osm_overpass
436839766,127.133430,37.505170,osm_overpass
436839767,127.132790,37.505390,osm_overpass
436839768,127.131960,37.505690,osm_overpass
436839769,127.131785,37.505763,osm_overpass
436839770,127.131620,37.505840,osm_overpass
436839771,127.129790,37.506980,osm_overpass
436839772,127.127960,37.507810,osm_overpass
436839773,127.127770,37.507890,osm_overpass
436839779,127.122700,37.509970,osm_overpass
436839780,127.122490,37.510040,osm_overpass
436839781,127.121330,37.510460,osm_overpass
436844273,127.119790,37.508400,osm_overpass
436844274,127.120260,37.509150,osm_overpass
436844276,127.120430,37.509440,osm_overpass
436844277,127.120780,37.510020,osm_overpass
436844278,127.120890,37.510200,osm_overpass
436844279,127.120970,37.510330,osm_overpass
436844654,127.121075,37.505966,osm_overpass
436844657,127.122500,37.508200,osm_overpass
436844659,127.122842,37.508679,osm_overpass
436844660,127.123350,37.509560,osm_overpass
436846107,127.121405,37.533087,osm_overpass
436846109,127.119900,37.533500,osm_overpass
436853427,127.126169,37.499308,osm_overpass
436854788,127.084166,37.516254,osm_overpass
436854831,127.101638,37.507362,osm_overpass
436854832,127.102030,37.507550,osm_overpass
436854835,127.102546,37.507827,osm_overpass
436854838,127.104436,37.509003,osm_overpass
436854839,127.106150,37.510420,osm_overpass
436854840,127.108135,37.512006,osm_overpass
436854841,127.108122,37.511989,osm_overpass
436855461,127.130105,37.526578,osm_overpass
436855462,127.130700,37.527790,osm_overpass
436855463,127.131810,37.530130,osm_overpass
436855464,127.132760,37.532060,osm_overpass
436855465,127.133000,37.532560,osm_overpass
436855466,127.133150,37.532870,osm_overpass
436855467,127.133250,37.533090,osm_overpass
436855468,127.133350,37.533290,osm_overpass
436855469,127.133510,37.533590,osm_overpass
436855470,127.133650,37.533890,osm_overpass
436855471,127.133730,37.534070,osm_overpass
436855472,127.134180,37.534990,osm_overpass
436855497,127.128220,37.527460,osm_overpass
436855498,127.127050,37.527990,osm_overpass
436855499,127.125030,37.528930,osm_overpass
436855500,127.123850,37.529470,osm_overpass
436855501,127.122987,37.529883,osm_overpass
436855502,127.121800,37.530450,osm_overpass
436855503,127.121650,37.530480,osm_overpass
436855504,127.121220,37.530570,osm_overpass
436855505,127.120625,37.530677,osm_overpass
436855522,127.139278,37.528032,osm_overpass
436855523,127.138631,37.528210,osm_overpass
436855524,127.137402,37.528550,osm_overpass
436855525,127.136663,37.528755,osm_overpass
436855526,127.134127,37.529480,osm_overpass
436855527,127.132890,37.529830,osm_overpass
436855528,127.131105,37.530325,osm_overpass
436855529,127.128540,37.531040,osm_overpass
436855530,127.127650,37.531280,osm_overpass
436855531,127.126330,37.531640,osm_overpass
436855532,127.125770,37.531810,osm_overpass
436855533,127.125160,37.531990,osm_overpass
436855534,127.124420,37.532210,osm_overpass
436855535,127.123770,37.532390,osm_overpass
436855536,127.122664,37.532702,osm_overpass
436855537,127.122360,37.532800,osm_overpass
436855538,127.121880,37.532930,osm_overpass
436856773,127.117040,37.502300,osm_overpass
436856774,127.117580,37.502580,osm_overpass
436856775,127.117990,37.502790,osm_overpass
436856776,127.118440,37.503060,osm_overpass
436856777,127.118720,37.503240,osm_overpass
436856778,127.119020,37.503490,osm_overpass
436856779,127.119100,37.503560,osm_overpass
436856780,127.120560,37.505210,osm_overpass
436859330,127.098210,37.516012,osm_overpass
436859338,127.105412,37.518769,osm_overpass
436859341,127.108068,37.519168,osm_overpass
436859347,127.114296,37.520136,osm_overpass
436860185,127.115615,37.524688,osm_overpass
436860186,127.116329,37.524698,osm_overpass
436860187,127.116550,37.524807,osm_overpass
436862930,127.133760,37.498650,osm_overpass
436862931,127.132290,37.499440,osm_overpass
436862932,127.130790,37.500240,osm_overpass
436862933,127.130150,37.500680,osm_overpass
436862934,127.128355,37.501852,osm_overpass
436862938,127.125040,37.504060,osm_overpass
436862939,127.124590,37.504340,osm_overpass
436862940,127.124141,37.504594,osm_overpass
436862941,127.123409,37.504975,osm_overpass
436862942,127.122396,37.505455,osm_overpass
436862944,127.119630,37.506556,osm_overpass
436862945,127.118583,37.506937,osm_overpass
436862946,127.118172,37.507089,osm_overpass
436862947,127.116867,37.507628,osm_overpass
436862948,127.116503,37.507878,osm_overpass
436862949,127.115944,37.508210,osm_overpass
436862950,127.115048,37.508709,osm_overpass
436862951,127.113590,37.509532,osm_overpass
436862953,127.113155,37.509775,osm_overpass
436862954,127.112587,37.510079,osm_overpass
436862955,127.111799,37.510502,osm_overpass
436862956,127.111183,37.510790,osm_overpass
436862958,127.108928,37.511751,osm_overpass
436862960,127.107904,37.512519,osm_overpass
436862963,127.105350,37.517800,osm_overpass
436863877,127.079795,37.516375,osm_overpass
436863878,127.081180,37.516295,osm_overpass
436863879,127.082064,37.516265,osm_overpass
436863880,127.082900,37.516260,osm_overpass
436863881,127.083690,37.516260,osm_overpass
436863884,127.085880,37.516357,osm_overpass
436863885,127.087090,37.516500,osm_overpass
436863886,127.088480,37.516670,osm_overpass
436863887,127.089060,37.516760,osm_overpass
436866924,127.139763,37.507103,osm_overpass
436866929,127.134119,37.509403,osm_overpass
436866933,127.129531,37.511305,osm_overpass
436866935,127.127129,37.512316,osm_overpass
436866941,127.116956,37.515868,osm_overpass
436869400,127.102346,37.523350,osm_overpass
436869402,127.102581,37.523264,osm_overpass
436869406,127.103432,37.523311,osm_overpass
436869407,127.103485,37.523264,osm_overpass
436869408,127.103437,37.523217,osm_overpass
436869409,127.102743,37.523144,osm_overpass
436869410,127.102531,37.523099,osm_overpass
436869411,127.102420,37.523050,osm_overpass
436869415,127.101484,37.522404,osm_overpass
436869417,127.101640,37.522230,osm_overpass
436869418,127.101990,37.521820,osm_overpass
436869419,127.102400,37.521390,osm_overpass
436869425,127.104332,37.522110,osm_overpass
436869430,127.104297,37.522942,osm_overpass
436869431,127.104346,37.523004,osm_overpass
436869432,127.104406,37.523049,osm_overpass
436869433,127.104474,37.523065,osm_overpass
436869440,127.113850,37.523080,osm_overpass
436869441,127.114722,37.523076,osm_overpass
436869447,127.115328,37.522554,osm_overpass
436869449,127.108729,37.516169,osm_overpass
436869500,127.095905,37.533405,osm_overpass
436870650,127.122650,37.495730,osm_overpass
436870651,127.121430,37.497190,osm_overpass
436870652,127.119800,37.499080,osm_overpass
436870655,127.117640,37.501600,osm_overpass
436870656,127.117190,37.502130,osm_overpass
436870658,127.116620,37.502810,osm_overpass
436870659,127.116330,37.503130,osm_overpass
436870661,127.115575,37.503732,osm_overpass
436870664,127.114834,37.504213,osm_overpass
436872463,127.123810,37.495330,osm_overpass
436872464,127.124430,37.495920,osm_overpass
436872465,127.124720,37.496310,osm_overpass
436872466,127.124930,37.496720,osm_overpass
436872467,127.125690,37.498330,osm_overpass
436872468,127.126070,37.499130,osm_overpass
436872469,127.126290,37.499560,osm_overpass
436872470,127.126520,37.500070,osm_overpass
436872477,127.130630,37.504590,osm_overpass
436872478,127.131400,37.505380,osm_overpass
436872480,127.132350,37.506690,osm_overpass
436872481,127.132880,37.507530,osm_overpass
436872482,127.133000,37.507670,osm_overpass
436872483,127.133250,37.508030,osm_overpass
436875041,127.121079,37.530596,osm_overpass
436877179,127.119122,37.527960,osm_overpass
436877180,127.117220,37.528800,osm_overpass
436877181,127.115888,37.529340,osm_overpass
436877182,127.114740,37.529805,osm_overpass
436877186,127.112425,37.530887,osm_overpass
436877187,127.111710,37.531220,osm_overpass
436877188,127.111000,37.531570,osm_overpass
436878369,127.107153,37.524766,osm_overpass
436878370,127.107039,37.524908,osm_overpass
436878371,127.106811,37.525230,osm_overpass
436878374,127.106305,37.525863,osm_overpass
436878375,127.106676,37.526269,osm_overpass
436878381,127.108754,37.528496,osm_overpass
436878382,127.109530,37.529293,osm_overpass
436878383,127.110118,37.529803,osm_overpass
436878384,127.110269,37.529971,osm_overpass
436878385,127.110502,37.530388,osm_overpass
436878386,127.110699,37.531672,osm_overpass
436878399,127.120188,37.529696,osm_overpass
436878400,127.120348,37.530011,osm_overpass
436878401,127.120433,37.530176,osm_overpass
436878402,127.120749,37.531045,osm_overpass
436878403,127.120885,37.531474,osm_overpass
436878439,127.113440,37.527047,osm_overpass
438065824,127.117160,37.521259,osm_overpass
438065825,127.117791,37.521339,osm_overpass
438065826,127.117803,37.520666,osm_overpass
438065827,127.117893,37.520372,osm_overpass
438065828,127.118024,37.520181,osm_overpass
438065829,127.118482,37.520049,osm_overpass
438065830,127.118678,37.519998,osm_overpass
438065831,127.118794,37.519853,osm_overpass
438065832,127.118786,37.519694,osm_overpass
438065833,127.118702,37.519514,osm_overpass
438065834,127.118758,37.519277,osm_overpass
438065835,127.119133,37.518922,osm_overpass
438065836,127.118910,37.518263,osm_overpass
438065838,127.119017,37.517950,osm_overpass
438065839,127.119016,37.517783,osm_overpass
438065841,127.119217,37.517492,osm_overpass
438065842,127.119447,37.517398,osm_overpass
438065844,127.119736,37.517333,osm_overpass
438065846,127.119876,37.517540,osm_overpass
438065857,127.122683,37.518089,osm_overpass
438065875,127.116210,37.519776,osm_overpass
438065879,127.116576,37.518981,osm_overpass
438065882,127.114333,37.518327,osm_overpass
438065883,127.114459,37.518042,osm_overpass
4489986937,127.141942,37.499232,osm_overpass
4557192740,127.101349,37.511692,osm_overpass
4557192742,127.102765,37.510096,osm_overpass
4557192743,127.101201,37.511919,osm_overpass
4557192744,127.101105,37.512250,osm_overpass
4557192745,127.101599,37.511369,osm_overpass
4557192746,127.101624,37.511385,osm_overpass
4557192747,127.102226,37.510683,osm_overpass
4557192748,127.102195,37.510658,osm_overpass
4557192749,127.102025,37.510917,osm_overpass
4557192751,127.101819,37.511263,osm_overpass
4557192757,127.101799,37.511180,osm_overpass
4557192759,127.101039,37.512229,osm_overpass
4557192760,127.100916,37.512227,osm_overpass
4557192762,127.101767,37.511166,osm_overpass
4557192763,127.101972,37.510839,osm_overpass
4557192766,127.101980,37.510893,osm_overpass
4557192769,127.101661,37.511202,osm_overpass
4557192772,127.101010,37.512241,osm_overpass
4557193020,127.101058,37.512214,osm_overpass
4557193021,127.100979,37.512246,osm_overpass
4557193027,127.100951,37.512243,osm_overpass
4557193028,127.100995,37.512244,osm_overpass
4557193029,127.101023,37.512236,osm_overpass
4557193030,127.101050,37.512221,osm_overpass
4557193031,127.100963,37.512245,osm_overpass
4557193032,127.100927,37.512235,osm_overpass
4557193033,127.100937,37.512239,osm_overpass
4557193034,127.100906,37.512219,osm_overpass
4557193035,127.100890,37.512184,osm_overpass
4557193036,127.100889,37.512157,osm_overpass
4557193037,127.100894,37.512198,osm_overpass
4557193038,127.100889,37.512170,osm_overpass
4557193039,127.100893,37.512143,osm_overpass
4557193040,127.100899,37.512209,osm_overpass
4557193048,127.101799,37.511039,osm_overpass
4557193055,127.102542,37.510175,osm_overpass
4557193056,127.102589,37.510159,osm_overpass
4557193057,127.102633,37.510164,osm_overpass
4557193058,127.102665,37.510182,osm_overpass
4557193059,127.102681,37.510213,osm_overpass
4557193060,127.102679,37.510248,osm_overpass
4557193061,127.102662,37.510274,osm_overpass
4557193065,127.102109,37.510900,osm_overpass
4557193067,127.102562,37.510165,osm_overpass
4557193068,127.102610,37.510158,osm_overpass
4557193069,127.102649,37.510170,osm_overpass
4557193070,127.102675,37.510197,osm_overpass
4557193071,127.102683,37.510232,osm_overpass
4557193072,127.102673,37.510262,osm_overpass
4557193073,127.102528,37.510184,osm_overpass
4557193079,127.102200,37.511229,osm_overpass
4557193082,127.102841,37.511552,osm_overpass
4629480058,127.142675,37.500697,osm_overpass
4631981519,127.140290,37.506973,osm_overpass
4631981521,127.140004,37.507201,osm_overpass
4631981523,127.140041,37.506905,osm_overpass
4632210935,127.093932,37.512991,osm_overpass
4632210936,127.094494,37.512881,osm_overpass
4632210937,127.092321,37.517556,osm_overpass
4632210938,127.092454,37.517347,osm_overpass
4632210939,127.092754,37.516280,osm_overpass
4632271309,127.100823,37.508615,osm_overpass
4632271310,127.101034,37.508711,osm_overpass
4632271313,127.100865,37.509268,osm_overpass
4632271314,127.100799,37.509261,osm_overpass
4632271315,127.100749,37.509340,osm_overpass
4632271318,127.100333,37.508939,osm_overpass
4632271319,127.099673,37.508987,osm_overpass
4632271320,127.099345,37.508471,osm_overpass
4632271321,127.099078,37.508637,osm_overpass
4632271322,127.098865,37.508793,osm_overpass
4632271323,127.099159,37.509044,osm_overpass
4632454452,127.126482,37.507446,osm_overpass
4633798208,127.131920,37.503611,osm_overpass
4633798209,127.131950,37.503900,osm_overpass
4633798210,127.131976,37.504004,osm_overpass
4633798212,127.132011,37.504196,osm_overpass
4633798213,127.131952,37.504431,osm_overpass
4633798217,127.131752,37.504737,osm_overpass
4633798218,127.131656,37.505036,osm_overpass
4633798219,127.133570,37.500872,osm_overpass
4633798221,127.133058,37.500510,osm_overpass
4633798222,127.132916,37.500435,osm_overpass
4633798223,127.132636,37.500483,osm_overpass
4633798224,127.133016,37.499905,osm_overpass
4633798225,127.133093,37.499964,osm_overpass
4634158342,127.097709,37.513534,osm_overpass
4634158343,127.098903,37.513772,osm_overpass
4634158344,127.097455,37.513340,osm_overpass
4634158345,127.096302,37.513086,osm_overpass
4634158346,127.096250,37.513230,osm_overpass
4634158347,127.097265,37.514082,osm_overpass
4634158348,127.098568,37.514370,osm_overpass
4634158349,127.096821,37.514718,osm_overpass
4634158350,127.098195,37.515023,osm_overpass
4634158351,127.096190,37.515427,osm_overpass
4634158352,127.097615,37.515762,osm_overpass
4634158353,127.095615,37.516043,osm_overpass
4634158354,127.096985,37.516362,osm_overpass
4634158355,127.094995,37.516639,osm_overpass
4634158356,127.096480,37.516992,osm_overpass
4634158357,127.094679,37.517322,osm_overpass
4634158358,127.095892,37.517603,osm_overpass
4634158359,127.094930,37.517644,osm_overpass
4634158360,127.095389,37.517487,osm_overpass
4634158361,127.094262,37.517714,osm_overpass
4634158362,127.094183,37.517866,osm_overpass
4634158363,127.094239,37.517974,osm_overpass
4634158364,127.095458,37.518248,osm_overpass
4634158365,127.092861,37.517555,osm_overpass
4634158366,127.091045,37.517029,osm_overpass
4634158367,127.092575,37.516914,osm_overpass
4634158368,127.091997,37.516792,osm_overpass
4634158369,127.091848,37.516540,osm_overpass
4634158370,127.091381,37.516436,osm_overpass
4634158371,127.092634,37.516707,osm_overpass
4634158372,127.091134,37.515938,osm_overpass
4634158373,127.093977,37.517395,osm_overpass
4634158374,127.094202,37.516606,osm_overpass
4634158375,127.097313,37.513984,osm_overpass
4634158376,127.096169,37.513757,osm_overpass
4634158377,127.096666,37.514932,osm_overpass
4634158378,127.095385,37.514683,osm_overpass
4634158379,127.092839,37.516047,osm_overpass
4634158380,127.091473,37.515742,osm_overpass
4634158381,127.093078,37.515387,osm_overpass
4634158382,127.091770,37.515091,osm_overpass
4634158383,127.093310,37.514748,osm_overpass
4634158384,127.092001,37.514465,osm_overpass
4634158385,127.093546,37.514100,osm_overpass
4634158386,127.092213,37.513817,osm_overpass
4634158387,127.093755,37.513478,osm_overpass
4634158388,127.092444,37.513185,osm_overpass
4634158989,127.093678,37.513706,osm_overpass
4634158990,127.093983,37.514081,osm_overpass
4634158991,127.093482,37.514269,osm_overpass
4634158992,127.093849,37.514732,osm_overpass
4634158993,127.093254,37.514903,osm_overpass
4634158994,127.093661,37.515511,osm_overpass
4634158995,127.093881,37.515430,osm_overpass
4634158996,127.093715,37.515149,osm_overpass
4634158997,127.093475,37.515233,osm_overpass
4634158998,127.096286,37.514858,osm_overpass
4634158999,127.096110,37.514979,osm_overpass
4634159000,127.095409,37.514841,osm_overpass
4634159001,127.095526,37.514864,osm_overpass
4634159002,127.095158,37.515869,osm_overpass
4634159003,127.095469,37.515021,osm_overpass
4634159004,127.093979,37.514707,osm_overpass
4634159005,127.094669,37.512469,osm_overpass
4634159006,127.094835,37.512422,osm_overpass
4634159007,127.094996,37.512405,osm_overpass
4634159008,127.095173,37.512416,osm_overpass
4634159009,127.095295,37.512467,osm_overpass
4634159010,127.095406,37.512529,osm_overpass
4634159011,127.095364,37.512711,osm_overpass
4634159012,127.095451,37.512509,osm_overpass
4634159013,127.095590,37.512519,osm_overpass
4634159014,127.096055,37.512695,osm_overpass
4634159015,127.096252,37.512741,osm_overpass
4634159016,127.096216,37.512850,osm_overpass
4634159017,127.096246,37.512985,osm_overpass
4634159018,127.096555,37.512737,osm_overpass
4634159019,127.096791,37.512730,osm_overpass
4634159020,127.096988,37.512779,osm_overpass
4634159021,127.096937,37.512914,osm_overpass
4634159022,127.097415,37.512901,osm_overpass
4634159023,127.097596,37.512924,osm_overpass
4634159024,127.097750,37.512995,osm_overpass
4634159025,127.097990,37.513006,osm_overpass
4634159026,127.098415,37.513116,osm_overpass
4634159027,127.098472,37.513148,osm_overpass
4634159028,127.098448,37.513175,osm_overpass
4634159029,127.098438,37.513258,osm_overpass
4634159030,127.098421,37.513348,osm_overpass
4634159031,127.098641,37.513154,osm_overpass
4634159032,127.098850,37.513220,osm_overpass
4634159033,127.099087,37.513371,osm_overpass
4634159034,127.099175,37.513486,osm_overpass
4634159035,127.099068,37.513691,osm_overpass
4634159036,127.099028,37.513723,osm_overpass
4634159037,127.098995,37.513816,osm_overpass
4634159038,127.098944,37.513957,osm_overpass
4634159039,127.098869,37.514164,osm_overpass
4634159040,127.098748,37.514344,osm_overpass
4634159041,127.098544,37.514581,osm_overpass
4634159042,127.098426,37.514719,osm_overpass
4634159043,127.098391,37.514900,osm_overpass
4634159044,127.098320,37.515109,osm_overpass
4634697529,127.090256,37.513920,osm_overpass
4634697530,127.090355,37.514180,osm_overpass
4634697531,127.090349,37.514375,osm_overpass
4634697532,127.090244,37.514583,osm_overpass
4634697533,127.090184,37.514882,osm_overpass
4634697534,127.089935,37.515605,osm_overpass
4634697535,127.089802,37.515882,osm_overpass
4634697536,127.089545,37.516188,osm_overpass
4634697537,127.089387,37.516392,osm_overpass
4634697538,127.089309,37.516631,osm_overpass
4634697539,127.089263,37.516795,osm_overpass
4634706085,127.118966,37.504028,osm_overpass
4634706087,127.119690,37.504832,osm_overpass
4634706088,127.119472,37.504616,osm_overpass
4634706590,127.117707,37.504053,osm_overpass
4634706591,127.117725,37.504279,osm_overpass
4634706592,127.117617,37.504648,osm_overpass
4634706593,127.117554,37.505009,osm_overpass
4634706594,127.117567,37.505236,osm_overpass
4634706595,127.117696,37.505430,osm_overpass
4634706596,127.117776,37.505566,osm_overpass
4634710773,127.089174,37.513876,osm_overpass
4634710774,127.091441,37.514403,osm_overpass
4634710775,127.090596,37.514446,osm_overpass
4634710776,127.090288,37.514445,osm_overpass
4634710777,127.090198,37.514446,osm_overpass
4634710778,127.090038,37.514423,osm_overpass
4634710779,127.089698,37.514364,osm_overpass
4634710781,127.088081,37.513570,osm_overpass
4634710785,127.087775,37.516584,osm_overpass
4635185515,127.139923,37.507493,osm_overpass
4636383867,127.101457,37.519770,osm_overpass
4636383868,127.102424,37.520142,osm_overpass
4636383869,127.102778,37.519530,osm_overpass
4636383871,127.103859,37.519296,osm_overpass
4636383872,127.102731,37.518861,osm_overpass
4636397258,127.101535,37.521581,osm_overpass
4636425602,127.103464,37.519807,osm_overpass
4636445812,127.097272,37.519194,osm_overpass
4636445813,127.096823,37.518965,osm_overpass
4636445814,127.096950,37.518809,osm_overpass
4636445815,127.097503,37.519029,osm_overpass
4636445816,127.097525,37.518846,osm_overpass
4636445817,127.097600,37.518623,osm_overpass
4636445818,127.097654,37.518496,osm_overpass
4636445819,127.097739,37.518334,osm_overpass
4636445820,127.097500,37.518188,osm_overpass
4636445822,127.097772,37.517849,osm_overpass
4636445823,127.098142,37.518019,osm_overpass
4636445824,127.098343,37.517934,osm_overpass
4636445825,127.098598,37.517868,osm_overpass
4636445828,127.098341,37.517744,osm_overpass
4636445829,127.097582,37.517379,osm_overpass
4636445834,127.098803,37.519393,osm_overpass
4636445835,127.098542,37.519258,osm_overpass
4636445836,127.098817,37.518908,osm_overpass
4636445837,127.098519,37.518773,osm_overpass
4636445838,127.098699,37.518549,osm_overpass
4636445839,127.098449,37.518435,osm_overpass
4636445840,127.098576,37.518260,osm_overpass
4636445841,127.099128,37.518511,osm_overpass
4636445842,127.099361,37.518618,osm_overpass
4636445843,127.099568,37.518335,osm_overpass
4636445844,127.098786,37.516978,osm_overpass
4636445845,127.098321,37.516758,osm_overpass
4636445846,127.098452,37.516587,osm_overpass
4636445847,127.098915,37.516805,osm_overpass
4636445848,127.100305,37.516962,osm_overpass
4636445849,127.100067,37.517337,osm_overpass
4636445853,127.102286,37.518426,osm_overpass
4636445854,127.101287,37.517359,osm_overpass
4636445855,127.102397,37.517997,osm_overpass
4636445857,127.102167,37.518374,osm_overpass
4636445858,127.101017,37.517733,osm_overpass
4636445860,127.100548,37.518234,osm_overpass
4636445861,127.100744,37.518219,osm_overpass
4636445862,127.100873,37.518146,osm_overpass
4636445863,127.101073,37.517893,osm_overpass
4636530874,127.114779,37.521313,osm_overpass
4636654762,127.114076,37.520603,osm_overpass
4636654763,127.113990,37.520838,osm_overpass
4636654764,127.113840,37.520817,osm_overpass
4636654765,127.113743,37.521145,osm_overpass
4636654766,127.112785,37.520380,osm_overpass
4636654767,127.114600,37.520695,osm_overpass
4636654768,127.112707,37.520668,osm_overpass
4636654769,127.112908,37.519925,osm_overpass
4636670593,127.114028,37.520594,osm_overpass
4636670594,127.114103,37.520263,osm_overpass
4636670595,127.113679,37.520534,osm_overpass
4636670596,127.113798,37.520119,osm_overpass
4636707468,127.113487,37.521901,osm_overpass
4636879721,127.115089,37.521814,osm_overpass
4636879722,127.114427,37.522030,osm_overpass
4636879723,127.113548,37.521616,osm_overpass
4636879724,127.114941,37.521859,osm_overpass
4636879725,127.114185,37.521727,osm_overpass
4636879726,127.114325,37.521243,osm_overpass
4636931150,127.110545,37.520349,osm_overpass
4636931152,127.109377,37.520177,osm_overpass
4636931154,127.109451,37.519886,osm_overpass
4636931155,127.110627,37.520040,osm_overpass
4637860530,127.078147,37.526896,osm_overpass
4637936789,127.090941,37.510123,osm_overpass
4637936791,127.092284,37.511496,osm_overpass
4637937100,127.090318,37.511667,osm_overpass
4637946086,127.091613,37.507813,osm_overpass
4637952370,127.090830,37.510010,osm_overpass
4637952371,127.089440,37.508533,osm_overpass
4637952372,127.088714,37.508439,osm_overpass
4639508309,127.112076,37.502661,osm_overpass
4639513334,127.111789,37.501743,osm_overpass
4642749273,127.116861,37.531616,osm_overpass
4643779163,127.113383,37.521526,osm_overpass
4643779164,127.113225,37.521263,osm_overpass
4643779165,127.113007,37.521093,osm_overpass
4643779166,127.112746,37.521001,osm_overpass
4643779167,127.112314,37.521142,osm_overpass
4643779168,127.112107,37.521177,osm_overpass
4643779169,127.111663,37.521158,osm_overpass
4643779170,127.111461,37.521117,osm_overpass
4643779171,127.111163,37.520972,osm_overpass
4643779172,127.110985,37.520868,osm_overpass
4643779173,127.110720,37.520803,osm_overpass
4643779174,127.110552,37.520779,osm_overpass
4643779175,127.110272,37.520779,osm_overpass
4643779176,127.110089,37.520694,osm_overpass
4643779177,127.109951,37.520625,osm_overpass
4643779178,127.109753,37.520593,osm_overpass
4643779179,127.109458,37.520609,osm_overpass
4643779180,127.109254,37.520645,osm_overpass
4643779181,127.109040,37.520654,osm_overpass
4643779182,127.108836,37.520625,osm_overpass
4643779183,127.108577,37.520508,osm_overpass
4643779184,127.108277,37.520480,osm_overpass
4643779185,127.108114,37.520508,osm_overpass
4643779186,127.107905,37.520512,osm_overpass
4643779187,127.107766,37.520502,osm_overpass
4643779188,127.107611,37.520480,osm_overpass
4643779689,127.107461,37.520435,osm_overpass
4643779690,127.107340,37.520345,osm_overpass
4643779691,127.107243,37.520245,osm_overpass
4643779692,127.107057,37.520152,osm_overpass
4643779693,127.106996,37.520158,osm_overpass
4643779694,127.106729,37.520229,osm_overpass
4643779695,127.106534,37.520309,osm_overpass
4643779696,127.106344,37.520338,osm_overpass
4643779697,127.106157,37.520338,osm_overpass
4643779698,127.105979,37.520316,osm_overpass
4643779699,127.105902,37.520298,osm_overpass
4643779700,127.107360,37.521392,osm_overpass
4643779701,127.107206,37.521385,osm_overpass
4643779702,127.107012,37.521344,osm_overpass
4643779703,127.106870,37.521296,osm_overpass
4643779704,127.106767,37.521244,osm_overpass
4643779705,127.106494,37.521209,osm_overpass
4643779706,127.106291,37.521209,osm_overpass
4643779707,127.106113,37.521202,osm_overpass
4643779708,127.105939,37.521206,osm_overpass
4643779709,127.105813,37.521199,osm_overpass
4643779710,127.105696,37.521186,osm_overpass
4643779722,127.108956,37.520642,osm_overpass
4644283598,127.133399,37.510851,osm_overpass
4644283599,127.133494,37.511046,osm_overpass
4644283600,127.133246,37.511134,osm_overpass
4644283601,127.133159,37.510971,osm_overpass
4644283602,127.133317,37.510700,osm_overpass
4644283603,127.133066,37.510796,osm_overpass
4644283604,127.133226,37.510738,osm_overpass
4644283605,127.133041,37.510421,osm_overpass
4644283606,127.132548,37.510623,osm_overpass
4644283607,127.132686,37.510823,osm_overpass
4644283608,127.133098,37.510526,osm_overpass
4644283609,127.132738,37.511141,osm_overpass
4644283610,127.132860,37.511344,osm_overpass
4644283611,127.132688,37.511401,osm_overpass
4644283612,127.133191,37.512177,osm_overpass
4644283613,127.133157,37.512532,osm_overpass
4644283615,127.132641,37.510982,osm_overpass
4644283616,127.132285,37.511109,osm_overpass
4644283617,127.132497,37.511470,osm_overpass
4644283618,127.132478,37.511040,osm_overpass
4644283619,127.132261,37.510735,osm_overpass
4644283620,127.131814,37.510909,osm_overpass
4644283621,127.131944,37.511122,osm_overpass
4644283622,127.132333,37.510840,osm_overpass
4644283623,127.132429,37.511355,osm_overpass
4644283624,127.132030,37.511519,osm_overpass
4644283625,127.132093,37.511643,osm_overpass
4644283626,127.131748,37.511780,osm_overpass
4644283627,127.131517,37.511424,osm_overpass
4644283628,127.131878,37.511277,osm_overpass
4644283629,127.131916,37.511710,osm_overpass
4644283630,127.129181,37.511707,osm_overpass
4644283631,127.132142,37.510548,osm_overpass
4644283632,127.132933,37.510246,osm_overpass
4644283634,127.130996,37.511248,osm_overpass
4644283635,127.131122,37.511448,osm_overpass
4644283636,127.131565,37.511267,osm_overpass
4644283637,127.131394,37.510818,osm_overpass
4644283638,127.131650,37.511631,osm_overpass
4644283639,127.131168,37.511825,osm_overpass
4644283640,127.131265,37.511976,osm_overpass
4644283641,127.131006,37.512097,osm_overpass
4644283642,127.130733,37.511699,osm_overpass
4644283644,127.131165,37.512017,osm_overpass
4644283647,127.130755,37.511337,osm_overpass
4644283649,127.130399,37.511767,osm_overpass
4644283651,127.130632,37.511121,osm_overpass
4644283652,127.130877,37.511925,osm_overpass
4644283653,127.130432,37.512105,osm_overpass
4644283654,127.130530,37.512282,osm_overpass
4644283655,127.130461,37.512524,osm_overpass
4644283656,127.130057,37.512676,osm_overpass
4644283657,127.129892,37.512399,osm_overpass
4644283658,127.130227,37.512271,osm_overpass
4644283659,127.130271,37.512056,osm_overpass
4644283660,127.130911,37.513238,osm_overpass
4644283661,127.130061,37.511688,osm_overpass
4644283662,127.129546,37.511882,osm_overpass
4644283663,127.129649,37.512055,osm_overpass
4644283665,127.129907,37.511417,osm_overpass
4644283666,127.130514,37.513405,osm_overpass
4644283675,127.129565,37.512928,osm_overpass
4644283676,127.129835,37.513346,osm_overpass
4644283677,127.130128,37.513230,osm_overpass
4644283678,127.129857,37.512810,osm_overpass
4644283679,127.129369,37.513001,osm_overpass
4644283680,127.129839,37.513696,osm_overpass
4644283681,127.128949,37.512396,osm_overpass
4644283682,127.129082,37.512302,osm_overpass
4644283683,127.129183,37.512003,osm_overpass
4644283684,127.129098,37.511818,osm_overpass
4644283685,127.129680,37.512362,osm_overpass
4644283686,127.129256,37.512491,osm_overpass
4644283687,127.129422,37.512752,osm_overpass
4644283688,127.129706,37.512639,osm_overpass
4644283689,127.129336,37.512333,osm_overpass
4644283690,127.133639,37.510786,osm_overpass
4644283691,127.133334,37.510297,osm_overpass
4644283692,127.133602,37.510200,osm_overpass
4644283693,127.133699,37.510390,osm_overpass
4644283694,127.133450,37.510475,osm_overpass
4648680622,127.130592,37.519581,osm_overpass
4648680623,127.130507,37.519997,osm_overpass
4648680624,127.131131,37.520078,osm_overpass
4648680626,127.132008,37.520213,osm_overpass
4648680627,127.131928,37.520736,osm_overpass
4648680628,127.132479,37.520791,osm_overpass
4648680629,127.132573,37.520238,osm_overpass
4648690139,127.131462,37.517656,osm_overpass
4648690140,127.130670,37.518054,osm_overpass
4648690141,127.130433,37.519435,osm_overpass
4648690142,127.131585,37.519557,osm_overpass
4648690143,127.131895,37.518291,osm_overpass
4649311335,127.131525,37.511018,osm_overpass
4654880563,127.143444,37.499083,osm_overpass
4658429015,127.112979,37.507565,osm_overpass
4658429016,127.113344,37.507379,osm_overpass
4658429017,127.113069,37.507031,osm_overpass
4658429018,127.112698,37.507228,osm_overpass
4658444277,127.109716,37.506976,osm_overpass
4658444279,127.110453,37.507343,osm_overpass
4658444280,127.110511,37.507492,osm_overpass
4658444281,127.110720,37.507723,osm_overpass
4658444282,127.111582,37.507182,osm_overpass
4658447013,127.110402,37.505967,osm_overpass
4658447014,127.110089,37.506185,osm_overpass
4658447015,127.110137,37.506227,osm_overpass
4658447016,127.109559,37.506635,osm_overpass
4658447017,127.109844,37.506889,osm_overpass
4658450782,127.110992,37.507696,osm_overpass
4658450783,127.110909,37.507604,osm_overpass
4658451804,127.110565,37.507552,osm_overpass
4658457662,127.113467,37.506820,osm_overpass
4658463755,127.110176,37.506482,osm_overpass
4658463756,127.110117,37.506523,osm_overpass
4658463757,127.110101,37.506556,osm_overpass
4658463758,127.110060,37.506582,osm_overpass
4658463759,127.110007,37.506614,osm_overpass
4658463760,127.109978,37.506696,osm_overpass
4658463761,127.109944,37.506721,osm_overpass
4658463762,127.109845,37.506708,osm_overpass
4658463763,127.109773,37.506625,osm_overpass
4658463764,127.109857,37.506522,osm_overpass
4658463765,127.109915,37.506504,osm_overpass
4658463767,127.110045,37.506482,osm_overpass
4658463769,127.110056,37.506370,osm_overpass
4658463770,127.110058,37.506283,osm_overpass
4658463773,127.110314,37.506356,osm_overpass
4658463774,127.110331,37.506390,osm_overpass
4658463775,127.110269,37.506462,osm_overpass
4658463776,127.110217,37.506483,osm_overpass
4658463778,127.110263,37.506583,osm_overpass
4658464180,127.106996,37.509755,osm_overpass
4658464181,127.107128,37.509772,osm_overpass
4658464182,127.107306,37.509729,osm_overpass
4658464908,127.110300,37.506038,osm_overpass
4658464909,127.110170,37.505908,osm_overpass
4658464910,127.109964,37.506057,osm_overpass
4658464911,127.109935,37.506028,osm_overpass
4658464912,127.109756,37.506158,osm_overpass
4658464913,127.109742,37.506193,osm_overpass
4658464914,127.109766,37.506214,osm_overpass
4658464915,127.109375,37.506478,osm_overpass
4658464916,127.109840,37.506436,osm_overpass
4658464917,127.109779,37.506313,osm_overpass
4658464918,127.109712,37.506251,osm_overpass
4658502082,127.120444,37.507622,osm_overpass
4658502083,127.120274,37.507805,osm_overpass
4658502084,127.120028,37.507926,osm_overpass
4658502085,127.119831,37.508007,osm_overpass
4658502086,127.119625,37.507860,osm_overpass
4658502087,127.119625,37.507714,osm_overpass
4658502088,127.119597,37.507676,osm_overpass
4658502089,127.119247,37.507765,osm_overpass
4658502090,127.119109,37.507805,osm_overpass
4658502091,127.119030,37.507901,osm_overpass
4658502092,127.118793,37.508017,osm_overpass
4658502093,127.118642,37.508094,osm_overpass
4658502094,127.118593,37.508190,osm_overpass
4658502095,127.118466,37.508253,osm_overpass
4658502096,127.118271,37.508272,osm_overpass
4658502097,127.118174,37.508277,osm_overpass
4658502098,127.118132,37.508339,osm_overpass
4658502099,127.117853,37.508421,osm_overpass
4658502100,127.117652,37.508465,osm_overpass
4658502101,127.117464,37.508532,osm_overpass
4658502102,127.117349,37.508364,osm_overpass
4658502103,127.117513,37.508253,osm_overpass
4658502104,127.117592,37.508128,osm_overpass
4658502105,127.117628,37.507969,osm_overpass
4658502106,127.117561,37.507930,osm_overpass
4658502107,127.117495,37.507916,osm_overpass
4658502108,127.117416,37.507901,osm_overpass
4658502109,127.117373,37.507839,osm_overpass
4658502110,127.117507,37.507757,osm_overpass
4658502111,127.117786,37.507651,osm_overpass
4658502112,127.118023,37.507786,osm_overpass
4658502113,127.118162,37.507800,osm_overpass
4658502114,127.118302,37.507699,osm_overpass
4658502115,127.118447,37.507675,osm_overpass
4658502116,127.118684,37.507637,osm_overpass
4658502117,127.118951,37.507617,osm_overpass
4658502118,127.119291,37.507550,osm_overpass
4658502119,127.119588,37.507463,osm_overpass
4658502120,127.119740,37.507343,osm_overpass
4658502121,127.119904,37.507242,osm_overpass
4658502122,127.120128,37.507213,osm_overpass
4658502123,127.120298,37.507300,osm_overpass
4658507064,127.112400,37.509538,osm_overpass
4658507065,127.112215,37.509236,osm_overpass
4658893761,127.114780,37.522973,osm_overpass
4658893764,127.115388,37.522282,osm_overpass
4658913440,127.113040,37.526641,osm_overpass
4659447826,127.110736,37.506613,osm_overpass
4659447828,127.110420,37.506475,osm_overpass
4659447832,127.110647,37.506677,osm_overpass
4659447833,127.111228,37.507100,osm_overpass
4659462891,127.110761,37.507834,osm_overpass
4659462892,127.111264,37.508480,osm_overpass
4659462893,127.111505,37.508821,osm_overpass
4659462894,127.111902,37.509375,osm_overpass
4659462895,127.112223,37.509905,osm_overpass
4659462896,127.112485,37.509970,osm_overpass
4659462897,127.113505,37.509421,osm_overpass
4659528601,127.111328,37.522930,osm_overpass
4659528606,127.110652,37.522443,osm_overpass
4659528615,127.109360,37.522267,osm_overpass
4659528617,127.108502,37.522127,osm_overpass
4659574353,127.113274,37.523324,osm_overpass
4659574354,127.111842,37.522996,osm_overpass
4659574356,127.113437,37.523323,osm_overpass
4659574357,127.113000,37.523229,osm_overpass
4659574358,127.112681,37.523194,osm_overpass
4659574359,127.111843,37.523073,osm_overpass
4659574361,127.107077,37.522949,osm_overpass
4659574362,127.107047,37.523053,osm_overpass
4663370359,127.109402,37.522664,osm_overpass
4663370360,127.109283,37.522691,osm_overpass
4663370361,127.109174,37.522687,osm_overpass
4663370362,127.109112,37.522651,osm_overpass
4663370363,127.109054,37.522604,osm_overpass
4663370364,127.109018,37.522572,osm_overpass
4663370365,127.108969,37.522547,osm_overpass
4663370366,127.108872,37.522525,osm_overpass
4663370367,127.108806,37.522525,osm_overpass
4663370368,127.108724,37.522533,osm_overpass
4663370369,127.111327,37.522993,osm_overpass
4663370370,127.109483,37.522287,osm_overpass
4663370372,127.109337,37.522972,osm_overpass
4663370373,127.109966,37.522979,osm_overpass
4663370380,127.109415,37.522607,osm_overpass
4663370381,127.109513,37.522553,osm_overpass
4663370382,127.109647,37.522516,osm_overpass
4663370383,127.109760,37.522525,osm_overpass
4663370384,127.109823,37.522541,osm_overpass
4663370385,127.109860,37.522544,osm_overpass
4663370386,127.110019,37.522630,osm_overpass
4663370387,127.109710,37.522521,osm_overpass
4663370388,127.109756,37.522331,osm_overpass
4663370489,127.109236,37.522689,osm_overpass
4663370490,127.109189,37.522970,osm_overpass
4663370491,127.110046,37.522452,osm_overpass
4663370492,127.108634,37.522570,osm_overpass
4663370493,127.108611,37.522641,osm_overpass
4663370494,127.108548,37.522963,osm_overpass
4663370495,127.107178,37.523132,osm_overpass
4663370496,127.107200,37.523340,osm_overpass
4663370510,127.108069,37.522958,osm_overpass
4663370511,127.108165,37.522072,osm_overpass
4663370512,127.108506,37.522570,osm_overpass
4663370513,127.108425,37.522529,osm_overpass
4663370514,127.108351,37.522511,osm_overpass
4663370515,127.108251,37.522514,osm_overpass
4663370516,127.108114,37.522541,osm_overpass
4663370517,127.112059,37.522998,osm_overpass
4663370518,127.112596,37.522998,osm_overpass
4663370539,127.107527,37.521537,osm_overpass
4663370548,127.107577,37.521320,osm_overpass
4663370550,127.107555,37.521418,osm_overpass
4663370566,127.107634,37.521076,osm_overpass
4663370578,127.107663,37.520951,osm_overpass
4663370602,127.105631,37.521467,osm_overpass
4664955066,127.111693,37.523072,osm_overpass
4664955068,127.110988,37.523070,osm_overpass
4664955069,127.109938,37.523066,osm_overpass
4664955071,127.109593,37.523064,osm_overpass
4664955074,127.109025,37.523062,osm_overpass
4664955075,127.108821,37.523062,osm_overpass
4664955077,127.108268,37.523060,osm_overpass
4664955078,127.108462,37.523060,osm_overpass
4665031817,127.144635,37.499319,osm_overpass
4665031819,127.144892,37.499116,osm_overpass
4665109618,127.103948,37.523509,osm_overpass
4665109625,127.102740,37.525213,osm_overpass
4666457835,127.090058,37.513592,osm_overpass
4666457846,127.086435,37.513033,osm_overpass
4666458001,127.089856,37.513634,osm_overpass
4666458008,127.088631,37.513303,osm_overpass
4666458014,127.089582,37.514277,osm_overpass
4666458019,127.088776,37.512577,osm_overpass
4666458029,127.089182,37.512640,osm_overpass
4666458030,127.089423,37.512713,osm_overpass
4666458031,127.089688,37.512873,osm_overpass
4666458032,127.089922,37.513081,osm_overpass
4666458033,127.090120,37.513308,osm_overpass
4666458034,127.090038,37.513504,osm_overpass
4666458035,127.090189,37.513574,osm_overpass
4666458036,127.090390,37.514123,osm_overpass
4666458037,127.090531,37.514363,osm_overpass
4666458038,127.091420,37.514324,osm_overpass
4666458039,127.092110,37.512102,osm_overpass
4666458040,127.091222,37.512549,osm_overpass
4666458041,127.091975,37.512050,osm_overpass
4666458042,127.091126,37.512493,osm_overpass
4666458043,127.090070,37.513251,osm_overpass
4666458044,127.090366,37.513137,osm_overpass
4666458045,127.090446,37.513107,osm_overpass
4666458046,127.090575,37.513344,osm_overpass
4666458047,127.090751,37.513528,osm_overpass
4666458048,127.090964,37.513533,osm_overpass
4666458049,127.091127,37.513464,osm_overpass
4666458050,127.091213,37.513322,osm_overpass
4666458051,127.091259,37.513132,osm_overpass
4666458052,127.091358,37.512939,osm_overpass
4666458053,127.091321,37.512677,osm_overpass
4666458054,127.091278,37.512582,osm_overpass
4666458055,127.091512,37.512616,osm_overpass
4666458056,127.091654,37.512633,osm_overpass
4666458057,127.091826,37.512560,osm_overpass
4666458058,127.091330,37.512994,osm_overpass
4666458059,127.091601,37.513005,osm_overpass
4666458060,127.091224,37.513277,osm_overpass
4666458061,127.091527,37.513347,osm_overpass
4666458062,127.090947,37.512387,osm_overpass
4666458063,127.090633,37.512261,osm_overpass
4666458064,127.090295,37.512302,osm_overpass
4666458065,127.090155,37.512372,osm_overpass
4666458066,127.090005,37.512591,osm_overpass
4666458067,127.090068,37.515922,osm_overpass
4666458068,127.089618,37.516100,osm_overpass
4666458069,127.090074,37.515235,osm_overpass
4666458070,127.090330,37.515245,osm_overpass
4666458071,127.089911,37.515655,osm_overpass
4666458076,127.087117,37.512812,osm_overpass
4666458077,127.088177,37.512685,osm_overpass
4666458078,127.089113,37.512788,osm_overpass
4666458079,127.089649,37.513096,osm_overpass
4666458080,127.089982,37.513472,osm_overpass
4666463394,127.087907,37.511749,osm_overpass
4666463395,127.085958,37.511951,osm_overpass
4666463396,127.086126,37.511831,osm_overpass
4666463397,127.087462,37.511762,osm_overpass
4666463398,127.088412,37.511735,osm_overpass
4666463399,127.089937,37.511855,osm_overpass
4666463400,127.091828,37.512031,osm_overpass
4666463401,127.092076,37.512062,osm_overpass
4666463402,127.092205,37.512222,osm_overpass
4666463438,127.099489,37.513661,osm_overpass
4666466986,127.089790,37.512206,osm_overpass
4666467090,127.089583,37.512810,osm_overpass
4666472157,127.086671,37.509292,osm_overpass
4666472158,127.087013,37.508903,osm_overpass
4666472159,127.087366,37.508623,osm_overpass
4666472160,127.087902,37.508313,osm_overpass
4666472161,127.088102,37.508231,osm_overpass
4666472162,127.088420,37.508086,osm_overpass
4666472163,127.088793,37.507962,osm_overpass
4666472164,127.089304,37.507854,osm_overpass
4666472165,127.089705,37.507799,osm_overpass
4666472166,127.090431,37.507698,osm_overpass
4666472167,127.090433,37.507717,osm_overpass
4666472168,127.089385,37.507861,osm_overpass
4666472169,127.088742,37.507999,osm_overpass
4666472170,127.088102,37.508251,osm_overpass
4666472171,127.087720,37.508442,osm_overpass
4666472172,127.087375,37.508645,osm_overpass
4666472173,127.087114,37.508848,osm_overpass
4666472174,127.086796,37.509182,osm_overpass
4666472175,127.086714,37.509280,osm_overpass
4666478499,127.091687,37.514387,osm_overpass
4666541904,127.089887,37.512227,osm_overpass
4666541905,127.089980,37.512185,osm_overpass
4666541906,127.090110,37.512274,osm_overpass
4666541907,127.090283,37.512232,osm_overpass
4666541908,127.090411,37.512262,osm_overpass
4666541909,127.090517,37.512246,osm_overpass
4666541910,127.090501,37.512150,osm_overpass
4666541911,127.090574,37.512064,osm_overpass
4666541912,127.090710,37.512035,osm_overpass
4666541913,127.090799,37.512032,osm_overpass
4666541914,127.090848,37.512043,osm_overpass
4666541915,127.090925,37.512056,osm_overpass
4666541916,127.091116,37.512080,osm_overpass
4666541917,127.091320,37.512093,osm_overpass
4666541918,127.090590,37.512061,osm_overpass
4666541919,127.090532,37.511984,osm_overpass
4666541920,127.090449,37.511950,osm_overpass
4666541921,127.090415,37.511899,osm_overpass
4666541922,127.090640,37.511987,osm_overpass
4666541923,127.090700,37.511926,osm_overpass
4666542466,127.089229,37.512654,osm_overpass
4673136170,127.108829,37.521654,osm_overpass
4673136171,127.108766,37.521638,osm_overpass
4673136172,127.108523,37.521575,osm_overpass
4673136173,127.108653,37.521609,osm_overpass
4673136177,127.107565,37.521374,osm_overpass
4673136180,127.107827,37.521456,osm_overpass
4673136214,127.106611,37.521828,osm_overpass
4673136215,127.107142,37.519833,osm_overpass
4673136216,127.107264,37.521848,osm_overpass
4673136217,127.107146,37.521797,osm_overpass
4673136218,127.107098,37.521763,osm_overpass
4673136219,127.107007,37.521721,osm_overpass
4673136220,127.106910,37.521687,osm_overpass
4673136221,127.106862,37.521657,osm_overpass
4673136222,127.106803,37.521631,osm_overpass
4673136223,127.106749,37.521589,osm_overpass
4673136224,127.106688,37.521542,osm_overpass
4673136225,127.106697,37.521508,osm_overpass
4674772586,127.121555,37.520682,osm_overpass
4674772587,127.121549,37.520624,osm_overpass
4674772588,127.121641,37.520511,osm_overpass
4674772789,127.121666,37.520453,osm_overpass
4674772790,127.121703,37.520394,osm_overpass
4674772791,127.121703,37.520223,osm_overpass
4674772792,127.121666,37.520145,osm_overpass
4674772793,127.121561,37.520047,osm_overpass
4674772794,127.121302,37.520018,osm_overpass
4674772795,127.121382,37.519896,osm_overpass
4674772796,127.121536,37.519734,osm_overpass
4674772797,127.121653,37.519729,osm_overpass
4674772798,127.121931,37.519575,osm_overpass
4674775691,127.122430,37.520106,osm_overpass
4674775692,127.121302,37.518923,osm_overpass
4674775693,127.121251,37.518746,osm_overpass
4674775694,127.121264,37.518603,osm_overpass
4674775696,127.121840,37.517873,osm_overpass
4674786389,127.121093,37.520208,osm_overpass
4674786390,127.120951,37.520262,osm_overpass
4674786391,127.120784,37.520277,osm_overpass
4674786392,127.120532,37.520262,osm_overpass
4674786393,127.119948,37.520163,osm_overpass
4674786395,127.122494,37.520221,osm_overpass
4674786396,127.122584,37.520120,osm_overpass
4674786397,127.122472,37.519735,osm_overpass
4674786398,127.122479,37.519639,osm_overpass
4674786399,127.122572,37.519627,osm_overpass
4674786400,127.122894,37.519872,osm_overpass
4679959424,127.114440,37.516764,osm_overpass
4679959425,127.116843,37.515908,osm_overpass
4679959427,127.136881,37.523104,osm_overpass
4679959431,127.135486,37.525557,osm_overpass
4680005419,127.116151,37.518159,osm_overpass
4680005421,127.117452,37.518111,osm_overpass
4680005422,127.117727,37.517796,osm_overpass
4680005424,127.117512,37.518147,osm_overpass
4680005425,127.119251,37.516844,osm_overpass
4680005426,127.119863,37.516705,osm_overpass
4680005427,127.120475,37.516881,osm_overpass
4680005428,127.119679,37.516717,osm_overpass
4680005437,127.116846,37.518362,osm_overpass
4680041425,127.114237,37.520013,osm_overpass
4680041426,127.114866,37.519779,osm_overpass
4680051846,127.118276,37.520056,osm_overpass
4680051847,127.118934,37.519180,osm_overpass
4680051848,127.118684,37.519379,osm_overpass
4680051849,127.119066,37.519045,osm_overpass
4680051850,127.119164,37.518750,osm_overpass
4680051851,127.119039,37.518502,osm_overpass
4680051852,127.118907,37.518135,osm_overpass
4680051853,127.119078,37.517613,osm_overpass
4680051854,127.126101,37.520246,osm_overpass
4680051855,127.126293,37.518436,osm_overpass
4680065395,127.132386,37.518329,osm_overpass
4680065396,127.133269,37.519769,osm_overpass
4680082831,127.134510,37.523182,osm_overpass
4680127382,127.139132,37.519417,osm_overpass
4680127383,127.139690,37.520299,osm_overpass
4680127384,127.139830,37.520368,osm_overpass
4680127385,127.141191,37.520051,osm_overpass
4680127386,127.140854,37.519196,osm_overpass
4680127387,127.141079,37.519126,osm_overpass
4680127388,127.141243,37.519539,osm_overpass
4680128390,127.139926,37.520623,osm_overpass
4680128391,127.140396,37.520504,osm_overpass
4680181934,127.127968,37.512586,osm_overpass
4680181935,127.116754,37.519818,osm_overpass
4680181936,127.117025,37.519534,osm_overpass
4680194663,127.126296,37.519142,osm_overpass
4680194664,127.126286,37.518952,osm_overpass
4680218668,127.122919,37.519058,osm_overpass
4680218669,127.123052,37.518941,osm_overpass
4680218670,127.123042,37.518855,osm_overpass
4680218671,127.121343,37.518450,osm_overpass
4680218672,127.122784,37.519739,osm_overpass
4680218674,127.124737,37.519776,osm_overpass
4680218675,127.124188,37.519922,osm_overpass
4680218676,127.124210,37.519833,osm_overpass
4680218677,127.124321,37.519598,osm_overpass
4680218678,127.124176,37.519421,osm_overpass
4680218679,127.124280,37.519514,osm_overpass
4680218680,127.123721,37.519363,osm_overpass
4680218681,127.122855,37.519264,osm_overpass
4680218682,127.124229,37.519982,osm_overpass
4680218683,127.124281,37.520040,osm_overpass
4680218684,127.124357,37.520075,osm_overpass
4680218685,127.124458,37.520095,osm_overpass
4680218686,127.124561,37.520081,osm_overpass
4680218687,127.124604,37.520044,osm_overpass
4680218688,127.124640,37.520039,osm_overpass
4680218789,127.124721,37.520107,osm_overpass
4680218790,127.124753,37.520168,osm_overpass
4680218791,127.124740,37.520212,osm_overpass
4680218792,127.124777,37.520273,osm_overpass
4680218793,127.124772,37.520346,osm_overpass
4680218794,127.124810,37.520489,osm_overpass
4680218795,127.124796,37.520546,osm_overpass
4680218796,127.124707,37.520585,osm_overpass
4680218797,127.124592,37.520607,osm_overpass
4680218798,127.124458,37.520606,osm_overpass
4680218799,127.124376,37.520565,osm_overpass
4680218800,127.124280,37.520542,osm_overpass
4680218801,127.124183,37.520578,osm_overpass
4680218802,127.124060,37.520604,osm_overpass
4680218803,127.123910,37.520572,osm_overpass
4680218804,127.123740,37.520593,osm_overpass
4680218805,127.123657,37.520639,osm_overpass
4680218806,127.123124,37.521734,osm_overpass
4680218807,127.122272,37.522943,osm_overpass
4680218808,127.123143,37.520558,osm_overpass
4680218809,127.124555,37.519857,osm_overpass
4680257409,127.115169,37.518570,osm_overpass
4680257412,127.113844,37.518184,osm_overpass
4680257413,127.113887,37.517503,osm_overpass
4680257414,127.117582,37.518490,osm_overpass
4680271243,127.115268,37.518272,osm_overpass
4680325914,127.136142,37.527651,osm_overpass
4680325918,127.133898,37.521525,osm_overpass
4680325919,127.134159,37.522251,osm_overpass
4680338444,127.143387,37.517302,osm_overpass
4680338445,127.141226,37.518295,osm_overpass
4680385093,127.120183,37.516791,osm_overpass
4680385094,127.120480,37.516859,osm_overpass
4680385095,127.120888,37.517052,osm_overpass
4680385096,127.122634,37.517944,osm_overpass
4680385097,127.122524,37.517974,osm_overpass
4680385098,127.122827,37.517828,osm_overpass
4680385099,127.123005,37.517735,osm_overpass
4680385100,127.122766,37.517622,osm_overpass
4680385101,127.124032,37.517838,osm_overpass
4680385102,127.124998,37.517864,osm_overpass
4680385105,127.123532,37.518802,osm_overpass
4680385106,127.123272,37.518559,osm_overpass
4680385107,127.123919,37.518910,osm_overpass
4680385108,127.123153,37.518330,osm_overpass
4680385109,127.123164,37.518413,osm_overpass
4680385110,127.123903,37.518823,osm_overpass
4680385111,127.123817,37.518701,osm_overpass
4680385112,127.123775,37.518598,osm_overpass
4680385113,127.123748,37.518494,osm_overpass
4680385114,127.123734,37.518412,osm_overpass
4680385115,127.123727,37.518322,osm_overpass
4680385116,127.123743,37.518244,osm_overpass
4680385117,127.123773,37.518180,osm_overpass
4680385118,127.123815,37.518128,osm_overpass
4680385119,127.123919,37.518048,osm_overpass
4680385120,127.124037,37.517974,osm_overpass
4680385121,127.124186,37.517917,osm_overpass
4680385122,127.124330,37.517879,osm_overpass
4680385123,127.124505,37.517840,osm_overpass
4680385124,127.124763,37.517811,osm_overpass
4680385125,127.126096,37.518488,osm_overpass
4680385126,127.126196,37.519720,osm_overpass
4680385127,127.125997,37.520072,osm_overpass
4680385128,127.125619,37.520422,osm_overpass
4680385129,127.125356,37.520109,osm_overpass
4680385130,127.125538,37.520080,osm_overpass
4680385131,127.125710,37.520024,osm_overpass
4680385132,127.125827,37.519963,osm_overpass
4680385133,127.125976,37.519851,osm_overpass
4680385134,127.126187,37.519611,osm_overpass
4680385135,127.124475,37.519351,osm_overpass
4680385136,127.124552,37.519377,osm_overpass
4680385137,127.124565,37.519260,osm_overpass
4680385138,127.124573,37.519204,osm_overpass
4680385139,127.124567,37.519140,osm_overpass
4680385140,127.124511,37.519083,osm_overpass
4680385141,127.124412,37.519038,osm_overpass
4680385142,127.124305,37.519017,osm_overpass
4680441315,127.122957,37.518022,osm_overpass
4680441316,127.123103,37.517942,osm_overpass
4680441317,127.123206,37.517836,osm_overpass
4680441319,127.123160,37.517767,osm_overpass
4680441320,127.122615,37.517488,osm_overpass
4680441321,127.122406,37.516888,osm_overpass
4680441322,127.123313,37.515816,osm_overpass
4680441323,127.123482,37.515230,osm_overpass
4680441324,127.125910,37.515958,osm_overpass
4680441328,127.124797,37.514589,osm_overpass
4680441329,127.124467,37.514247,osm_overpass
4680441330,127.124542,37.514184,osm_overpass
4680441331,127.124671,37.514108,osm_overpass
4680441332,127.124813,37.514038,osm_overpass
4680441333,127.124982,37.513972,osm_overpass
4680441334,127.125375,37.513908,osm_overpass
4680441335,127.125442,37.513928,osm_overpass
4680441336,127.125487,37.513964,osm_overpass
4680441337,127.125542,37.514051,osm_overpass
4680441338,127.125658,37.514125,osm_overpass
4680441339,127.125850,37.514169,osm_overpass
4680441340,127.126160,37.514094,osm_overpass
4680441341,127.126017,37.514155,osm_overpass
4680441342,127.126291,37.513972,osm_overpass
4680441343,127.126345,37.513841,osm_overpass
4680441344,127.126296,37.513667,osm_overpass
4680441345,127.126169,37.513429,osm_overpass
4680441346,127.126174,37.513372,osm_overpass
4680441347,127.126306,37.513258,osm_overpass
4680441348,127.125359,37.513815,osm_overpass
4680441349,127.125544,37.513729,osm_overpass
4680441350,127.125764,37.513714,osm_overpass
4680441351,127.125648,37.513712,osm_overpass
4680441352,127.125830,37.513728,osm_overpass
4680441356,127.126957,37.516225,osm_overpass
4680441357,127.127506,37.516842,osm_overpass
4680441358,127.127604,37.516936,osm_overpass
4680441359,127.127691,37.516885,osm_overpass
4680441360,127.128575,37.514868,osm_overpass
4680441361,127.128789,37.514948,osm_overpass
4680441362,127.128864,37.515039,osm_overpass
4680441363,127.129106,37.515396,osm_overpass
4680441364,127.129135,37.515488,osm_overpass
4680441365,127.129111,37.515586,osm_overpass
4680441366,127.129046,37.515686,osm_overpass
4680441367,127.128923,37.515804,osm_overpass
4680441368,127.128783,37.515892,osm_overpass
4680441369,127.128632,37.515956,osm_overpass
4680441370,127.128692,37.514899,osm_overpass
4680441371,127.127976,37.515014,osm_overpass
4680441372,127.127804,37.515083,osm_overpass
4680441538,127.125883,37.521392,osm_overpass
4680441539,127.126067,37.521671,osm_overpass
4680441540,127.126187,37.522139,osm_overpass
4680441541,127.126177,37.522371,osm_overpass
4680441542,127.126283,37.522431,osm_overpass
4680441543,127.126869,37.522528,osm_overpass
4680441544,127.127034,37.522594,osm_overpass
4680441545,127.127446,37.521788,osm_overpass
4680441546,127.126247,37.520082,osm_overpass
4680441547,127.126444,37.519596,osm_overpass
4680441548,127.126479,37.519080,osm_overpass
4680441549,127.126399,37.518638,osm_overpass
4680441550,127.126146,37.518251,osm_overpass
4680441551,127.126457,37.518807,osm_overpass
4680441552,127.127668,37.518201,osm_overpass
4680441553,127.127859,37.517987,osm_overpass
4680441554,127.130887,37.516663,osm_overpass
4680441557,127.128304,37.517406,osm_overpass
4680441558,127.127700,37.517670,osm_overpass
4680441559,127.127608,37.517692,osm_overpass
4680441560,127.127515,37.517692,osm_overpass
4680441561,127.127435,37.517685,osm_overpass
4680441562,127.127345,37.517665,osm_overpass
4680441563,127.127219,37.517682,osm_overpass
4680441564,127.127099,37.517746,osm_overpass
4680441565,127.127000,37.517873,osm_overpass
4680441566,127.125979,37.518075,osm_overpass
4680441567,127.126576,37.518089,osm_overpass
4680441568,127.126208,37.518111,osm_overpass
4680441569,127.126831,37.517992,osm_overpass
4680441570,127.126417,37.518113,osm_overpass
4680441571,127.125565,37.517813,osm_overpass
4680441572,127.125431,37.517537,osm_overpass
4680441573,127.126534,37.518745,osm_overpass
4680441574,127.126578,37.518670,osm_overpass
4680441575,127.126637,37.518619,osm_overpass
4680441576,127.126508,37.518785,osm_overpass
4680441577,127.126768,37.518548,osm_overpass
4680441578,127.126941,37.518470,osm_overpass
4680441579,127.127083,37.518432,osm_overpass
4680441580,127.127274,37.518418,osm_overpass
4680441581,127.127415,37.518413,osm_overpass
4680441582,127.127494,37.518397,osm_overpass
4680441583,127.127555,37.518374,osm_overpass
4680441584,127.127458,37.518407,osm_overpass
4680441585,127.127523,37.518382,osm_overpass
4680441586,127.127569,37.518337,osm_overpass
4680441587,127.127642,37.518252,osm_overpass
4680441588,127.127697,37.518157,osm_overpass
4680441589,127.127737,37.518105,osm_overpass
4680441590,127.127766,37.518064,osm_overpass
4680441591,127.127812,37.518012,osm_overpass
4680441592,127.127912,37.517954,osm_overpass
4680441593,127.127971,37.517913,osm_overpass
4680442106,127.125839,37.518004,osm_overpass
4680442107,127.126113,37.518104,osm_overpass
4680487501,127.124878,37.517328,osm_overpass
4680487502,127.125176,37.517355,osm_overpass
4680487503,127.123547,37.517737,osm_overpass
4680487504,127.124042,37.517644,osm_overpass
4680615091,127.131221,37.519658,osm_overpass
4680615092,127.131483,37.519598,osm_overpass
4680615093,127.131638,37.519494,osm_overpass
4680615094,127.130533,37.519486,osm_overpass
4680615095,127.130399,37.519337,osm_overpass
4680615096,127.130900,37.517882,osm_overpass
4680615097,127.131048,37.517818,osm_overpass
4680615098,127.130765,37.517960,osm_overpass
4680615099,127.130771,37.517837,osm_overpass
4680672006,127.136213,37.527838,osm_overpass
4680672007,127.131962,37.517693,osm_overpass
4680672008,127.131789,37.517428,osm_overpass
4680672009,127.131743,37.517357,osm_overpass
4680672012,127.134182,37.517638,osm_overpass
4680672014,127.137931,37.515562,osm_overpass
4680672015,127.130360,37.512346,osm_overpass
4680672017,127.130150,37.512301,osm_overpass
4680672018,127.131012,37.511588,osm_overpass
4680672019,127.130886,37.511566,osm_overpass
4680672020,127.130921,37.511626,osm_overpass
4680672021,127.130382,37.512014,osm_overpass
4680672022,127.130136,37.512108,osm_overpass
4680672023,127.131860,37.515245,osm_overpass
4680672024,127.130629,37.513357,osm_overpass
4680672025,127.134388,37.516126,osm_overpass
4680672026,127.133673,37.515165,osm_overpass
4680672028,127.133610,37.516083,osm_overpass
4680672029,127.134151,37.515198,osm_overpass
4680672030,127.134614,37.514207,osm_overpass
4680672033,127.135493,37.513349,osm_overpass
4680672034,127.135589,37.513141,osm_overpass
4680672035,127.135274,37.515873,osm_overpass
4680672036,127.136087,37.515740,osm_overpass
4680672037,127.136731,37.515665,osm_overpass
4680672038,127.137417,37.515603,osm_overpass
4680672039,127.134384,37.515860,osm_overpass
4680672040,127.134738,37.515738,osm_overpass
4680672041,127.135181,37.515639,osm_overpass
4680672042,127.135691,37.515554,osm_overpass
4680672043,127.136237,37.515473,osm_overpass
4680672044,127.136806,37.515406,osm_overpass
4680672045,127.137298,37.515348,osm_overpass
4680672046,127.137596,37.515317,osm_overpass
4680672047,127.137899,37.515279,osm_overpass
4680672048,127.134856,37.515980,osm_overpass
4680693746,127.117818,37.521079,osm_overpass
4680693747,127.117920,37.522303,osm_overpass
4680693748,127.117878,37.521969,osm_overpass
4680693788,127.121365,37.523761,osm_overpass
4680694089,127.121248,37.523920,osm_overpass
4680694090,127.121147,37.523977,osm_overpass
4680694091,127.120998,37.523991,osm_overpass
4680694092,127.120718,37.524006,osm_overpass
4680694093,127.120605,37.523971,osm_overpass
4680694094,127.120528,37.523894,osm_overpass
4680694095,127.120332,37.523700,osm_overpass
4680694096,127.120250,37.523576,osm_overpass
4680694097,127.120149,37.523486,osm_overpass
4680694098,127.120045,37.523447,osm_overpass
4680694099,127.119891,37.523409,osm_overpass
4680694100,127.119792,37.523313,osm_overpass
4680694101,127.119646,37.523123,osm_overpass
4680694102,127.119428,37.522975,osm_overpass
4680694103,127.119282,37.522801,osm_overpass
4680694104,127.119042,37.522665,osm_overpass
4680694105,127.118871,37.522445,osm_overpass
4680694106,127.118671,37.522237,osm_overpass
4680694107,127.118663,37.522064,osm_overpass
4680694108,127.118646,37.521997,osm_overpass
4680694109,127.118651,37.521956,osm_overpass
4680694110,127.118708,37.521923,osm_overpass
4680694111,127.118812,37.521860,osm_overpass
4680694112,127.118861,37.521868,osm_overpass
4680694113,127.118911,37.521911,osm_overpass
4680694114,127.118951,37.521942,osm_overpass
4680694115,127.118990,37.521933,osm_overpass
4680694116,127.119030,37.521887,osm_overpass
4680694117,127.119040,37.521842,osm_overpass
4680694118,127.119124,37.521738,osm_overpass
4680694120,127.121420,37.521642,osm_overpass
4680694121,127.121274,37.521077,osm_overpass
4680694122,127.121459,37.520839,osm_overpass
4680694123,127.121896,37.520736,osm_overpass
4680694124,127.122049,37.520739,osm_overpass
4680694125,127.121769,37.520733,osm_overpass
4680694126,127.122293,37.520657,osm_overpass
4680694127,127.122480,37.520446,osm_overpass
4680694128,127.122687,37.520431,osm_overpass
4680694129,127.122957,37.520550,osm_overpass
4680694130,127.123310,37.520554,osm_overpass
4680694131,127.123894,37.520813,osm_overpass
4680696329,127.123592,37.518824,osm_overpass
4680696330,127.123485,37.518938,osm_overpass
4680696331,127.123401,37.519020,osm_overpass
4680696332,127.123276,37.519088,osm_overpass
4680696333,127.123136,37.519157,osm_overpass
4680696334,127.123030,37.519205,osm_overpass
4680696335,127.122952,37.519235,osm_overpass
4680698188,127.119480,37.517975,osm_overpass
4680698189,127.119521,37.517762,osm_overpass
4680698190,127.119897,37.517765,osm_overpass
4680698191,127.120010,37.517747,osm_overpass
4680698192,127.120772,37.518121,osm_overpass
4680698193,127.120890,37.518316,osm_overpass
4680721607,127.119181,37.525354,osm_overpass
4680721611,127.127269,37.524148,osm_overpass
4680721612,127.127613,37.523994,osm_overpass
4680721613,127.131486,37.522580,osm_overpass
4680721615,127.131335,37.522405,osm_overpass
4680745598,127.120009,37.519181,osm_overpass
4680748905,127.119636,37.519756,osm_overpass
4680748906,127.119569,37.519728,osm_overpass
4680748907,127.119555,37.519720,osm_overpass
4680748908,127.119560,37.519685,osm_overpass
4680748909,127.119635,37.519650,osm_overpass
4680748910,127.119809,37.519595,osm_overpass
4680748911,127.120035,37.519508,osm_overpass
4680748912,127.120084,37.519448,osm_overpass
4680748913,127.120096,37.519278,osm_overpass
4680748914,127.120087,37.519236,osm_overpass
4680748915,127.120052,37.519210,osm_overpass
4680748916,127.119995,37.519130,osm_overpass
4680748917,127.120007,37.519084,osm_overpass
4680748918,127.120016,37.519064,osm_overpass
4680748919,127.120022,37.519047,osm_overpass
4680748920,127.120010,37.519002,osm_overpass
4680748921,127.119781,37.518719,osm_overpass
4680748922,127.119698,37.518661,osm_overpass
4680748923,127.119403,37.518475,osm_overpass
4680748924,127.119482,37.518541,osm_overpass
4680748925,127.119397,37.518301,osm_overpass
4680748926,127.119459,37.518157,osm_overpass
4680748927,127.119491,37.518020,osm_overpass
4680748928,127.119479,37.517878,osm_overpass
4680748929,127.119628,37.517719,osm_overpass
4680748930,127.119770,37.517752,osm_overpass
4680822127,127.117195,37.521362,osm_overpass
4680822128,127.117298,37.522382,osm_overpass
4680822129,127.117232,37.522255,osm_overpass
4680822130,127.117159,37.522131,osm_overpass
4680822131,127.117479,37.523082,osm_overpass
4680822132,127.117756,37.523080,osm_overpass
4680822133,127.118007,37.523141,osm_overpass
4680822134,127.118106,37.523272,osm_overpass
4680822135,127.118077,37.523415,osm_overpass
4680822136,127.117931,37.523510,osm_overpass
4680822137,127.117701,37.523510,osm_overpass
4680822138,127.117558,37.523500,osm_overpass
4680822139,127.117308,37.523488,osm_overpass
4680822140,127.116970,37.523465,osm_overpass
4680822141,127.116695,37.523478,osm_overpass
4680822142,127.117173,37.523490,osm_overpass
4680822143,127.117256,37.523497,osm_overpass
4680822144,127.117178,37.524099,osm_overpass
4680822145,127.117215,37.524157,osm_overpass
4680822146,127.117508,37.524393,osm_overpass
4680822147,127.118413,37.524770,osm_overpass
4680822148,127.118250,37.524763,osm_overpass
4680822149,127.117961,37.524676,osm_overpass
4680822150,127.117870,37.524631,osm_overpass
4680822151,127.117370,37.524299,osm_overpass
4680822152,127.117162,37.523938,osm_overpass
4680822153,127.117157,37.523989,osm_overpass
4680822154,127.117107,37.524253,osm_overpass
4680822155,127.116192,37.524400,osm_overpass
4680822156,127.117266,37.524141,osm_overpass
4680822157,127.117260,37.524179,osm_overpass
4680822158,127.117372,37.524636,osm_overpass
4680822159,127.117140,37.524725,osm_overpass
4680822160,127.117470,37.524616,osm_overpass
4680822161,127.117658,37.524637,osm_overpass
4680822162,127.117717,37.524671,osm_overpass
4680822163,127.117803,37.524792,osm_overpass
4680822164,127.117945,37.524873,osm_overpass
4680822165,127.118015,37.524885,osm_overpass
4680822166,127.117863,37.524849,osm_overpass
4680822167,127.117389,37.524081,osm_overpass
4680822168,127.117285,37.524115,osm_overpass
4680822169,127.117609,37.524085,osm_overpass
4680822170,127.117714,37.524098,osm_overpass
4680822171,127.114376,37.524529,osm_overpass
4680822181,127.107263,37.524554,osm_overpass
4680822184,127.104274,37.524455,osm_overpass
4680822185,127.104045,37.524314,osm_overpass
4680822186,127.103705,37.524110,osm_overpass
4680822187,127.103797,37.524226,osm_overpass
4680822188,127.105501,37.523505,osm_overpass
4680822289,127.106806,37.523505,osm_overpass
4680822290,127.108032,37.523477,osm_overpass
4680822291,127.103242,37.524360,osm_overpass
4680822292,127.102209,37.524603,osm_overpass
4680822293,127.103439,37.525491,osm_overpass
4680822294,127.103254,37.525443,osm_overpass
4681081526,127.119451,37.516734,osm_overpass
4681081527,127.119416,37.516652,osm_overpass
4681081528,127.119376,37.516539,osm_overpass
4681081529,127.119370,37.516467,osm_overpass
4681081530,127.119297,37.516272,osm_overpass
4681081531,127.119441,37.516258,osm_overpass
4681081532,127.119517,37.516157,osm_overpass
4681081533,127.119634,37.516063,osm_overpass
4681081534,127.119721,37.516016,osm_overpass
4681081535,127.119795,37.515978,osm_overpass
4681081536,127.119885,37.515914,osm_overpass
4681081537,127.119953,37.515855,osm_overpass
4681081538,127.120030,37.515788,osm_overpass
4681081539,127.120126,37.515728,osm_overpass
4681081540,127.120238,37.515697,osm_overpass
4681081541,127.120330,37.515709,osm_overpass
4681081542,127.120428,37.515738,osm_overpass
4681081543,127.120513,37.515782,osm_overpass
4681081544,127.120596,37.515828,osm_overpass
4681081545,127.120668,37.515880,osm_overpass
4681081546,127.120728,37.515953,osm_overpass
4681081547,127.120794,37.516046,osm_overpass
4681081548,127.120849,37.516164,osm_overpass
4681081549,127.120875,37.516240,osm_overpass
4681081550,127.120890,37.516311,osm_overpass
4681081551,127.120896,37.516391,osm_overpass
4681081552,127.120892,37.516472,osm_overpass
4681081553,127.120885,37.516562,osm_overpass
4681081554,127.120849,37.516647,osm_overpass
4681081555,127.120785,37.516711,osm_overpass
4681081556,127.120703,37.516752,osm_overpass
4681081557,127.120640,37.516774,osm_overpass
4681081558,127.120581,37.516768,osm_overpass
4681081559,127.120528,37.516737,osm_overpass
4681081560,127.120469,37.516678,osm_overpass
4681081561,127.120390,37.516618,osm_overpass
4681081562,127.120308,37.516582,osm_overpass
4681081563,127.120213,37.516552,osm_overpass
4681081564,127.120101,37.516524,osm_overpass
4681081565,127.119988,37.516512,osm_overpass
4681081566,127.119855,37.516503,osm_overpass
4681081567,127.119765,37.516503,osm_overpass
4681081568,127.119694,37.516506,osm_overpass
4681081569,127.119643,37.516511,osm_overpass
4681081570,127.119591,37.516514,osm_overpass
4681081571,127.119549,37.516513,osm_overpass
4681081572,127.119515,37.516501,osm_overpass
4681081573,127.119489,37.516483,osm_overpass
4681081574,127.119461,37.516455,osm_overpass
4681081575,127.119420,37.516404,osm_overpass
4681081576,127.119462,37.516757,osm_overpass
4681081577,127.118949,37.516786,osm_overpass
4681081578,127.118996,37.516766,osm_overpass
4681081579,127.119033,37.516747,osm_overpass
4681081580,127.119055,37.516715,osm_overpass
4681081581,127.119069,37.516667,osm_overpass
4681081582,127.119073,37.516626,osm_overpass
4681081583,127.119069,37.516596,osm_overpass
4681081584,127.119073,37.516566,osm_overpass
4681081585,127.119078,37.516533,osm_overpass
4681081586,127.119094,37.516486,osm_overpass
4681081587,127.119124,37.516447,osm_overpass
4681081588,127.119173,37.516418,osm_overpass
4681081589,127.119223,37.516410,osm_overpass
4681081590,127.119256,37.516405,osm_overpass
4681081591,127.119295,37.516395,osm_overpass
4681081592,127.119354,37.516417,osm_overpass
4681081593,127.120812,37.516769,osm_overpass
4681081594,127.120799,37.516789,osm_overpass
4681081595,127.120795,37.516811,osm_overpass
4681081596,127.120801,37.516833,osm_overpass
4681081597,127.120914,37.516871,osm_overpass
4681081598,127.120937,37.516859,osm_overpass
4681081599,127.120954,37.516842,osm_overpass
4681081600,127.120963,37.516821,osm_overpass
4681081601,127.120964,37.516799,osm_overpass
4681081602,127.120814,37.516852,osm_overpass
4681081603,127.120835,37.516866,osm_overpass
4681081604,127.120860,37.516875,osm_overpass
4681081605,127.120888,37.516876,osm_overpass
4681081606,127.120955,37.516779,osm_overpass
4681081607,127.120938,37.516760,osm_overpass
4681081608,127.120914,37.516748,osm_overpass
4681081609,127.120887,37.516742,osm_overpass
4681081610,127.120859,37.516744,osm_overpass
4681081611,127.120833,37.516753,osm_overpass
4681081612,127.120822,37.516761,osm_overpass
4681081613,127.120769,37.516719,osm_overpass
4681081614,127.120950,37.516846,osm_overpass
4681081615,127.121238,37.516944,osm_overpass
4681081616,127.121269,37.516867,osm_overpass
4681081617,127.121292,37.516710,osm_overpass
4681081618,127.121286,37.516521,osm_overpass
4681081619,127.121273,37.516407,osm_overpass
4681081620,127.121260,37.516341,osm_overpass
4681081621,127.121251,37.516170,osm_overpass
4681081622,127.121172,37.517113,osm_overpass
4681081623,127.121222,37.517126,osm_overpass
4681081624,127.121272,37.517140,osm_overpass
4681081625,127.121330,37.517147,osm_overpass
4681081626,127.121385,37.517145,osm_overpass
4681081627,127.121428,37.517140,osm_overpass
4681081628,127.121475,37.517119,osm_overpass
4681081629,127.121525,37.517088,osm_overpass
4681081630,127.121562,37.517056,osm_overpass
4681081631,127.121590,37.517038,osm_overpass
4681081632,127.121628,37.517031,osm_overpass
4681081633,127.121651,37.517038,osm_overpass
4681081634,127.121672,37.517063,osm_overpass
4681081635,127.121690,37.517098,osm_overpass
4681081636,127.121709,37.517139,osm_overpass
4681081637,127.121720,37.517184,osm_overpass
4681081638,127.121734,37.517224,osm_overpass
4681081639,127.121757,37.517269,osm_overpass
4681081640,127.121794,37.517300,osm_overpass
4681081641,127.121815,37.517325,osm_overpass
4681081642,127.121829,37.517368,osm_overpass
4681081643,127.121829,37.517398,osm_overpass
4681081644,127.121836,37.517449,osm_overpass
4681081645,127.121845,37.517486,osm_overpass
4681081646,127.121863,37.517514,osm_overpass
4681081647,127.121904,37.517535,osm_overpass
4681081648,127.121964,37.517556,osm_overpass
4681081649,127.122008,37.517577,osm_overpass
4681081650,127.122051,37.517603,osm_overpass
4681081651,127.122073,37.517640,osm_overpass
4681081652,127.122100,37.517671,osm_overpass
4681081653,127.122132,37.517695,osm_overpass
4681081654,127.122173,37.517726,osm_overpass
4681081655,127.122213,37.517744,osm_overpass
4681081656,127.122242,37.517749,osm_overpass
4681081657,127.122284,37.517765,osm_overpass
4681081658,127.122307,37.517792,osm_overpass
4681081659,127.122335,37.517811,osm_overpass
4681081660,127.122388,37.517829,osm_overpass
4681081661,127.122431,37.517835,osm_overpass
4681081662,127.122475,37.517825,osm_overpass
4681081663,127.122512,37.517808,osm_overpass
4681081664,127.122535,37.517783,osm_overpass
4681081665,127.122537,37.517752,osm_overpass
4681081666,127.122523,37.517724,osm_overpass
4681081667,127.122505,37.517713,osm_overpass
4681081668,127.122477,37.517706,osm_overpass
4681081669,127.122436,37.517696,osm_overpass
4681081670,127.122410,37.517685,osm_overpass
4681081671,127.122385,37.517664,osm_overpass
4681081672,127.122364,37.517619,osm_overpass
4681081673,127.122332,37.517544,osm_overpass
4681081674,127.122304,37.517466,osm_overpass
4681081675,127.122275,37.517401,osm_overpass
4681081676,127.122254,37.517354,osm_overpass
4681081677,127.122252,37.517324,osm_overpass
4681081678,127.122258,37.517289,osm_overpass
4681081679,127.122256,37.517258,osm_overpass
4681081680,127.122236,37.517236,osm_overpass
4681081681,127.122215,37.517216,osm_overpass
4681081682,127.122196,37.517178,osm_overpass
4681081683,127.122190,37.517150,osm_overpass
4681081684,127.122185,37.517109,osm_overpass
4681081685,127.122185,37.517074,osm_overpass
4681081686,127.122174,37.517038,osm_overpass
4681081687,127.122153,37.517003,osm_overpass
4681081688,127.122109,37.516973,osm_overpass
4681081689,127.122070,37.516955,osm_overpass
4681081690,127.122047,37.516954,osm_overpass
4681081691,127.122015,37.516947,osm_overpass
4681081692,127.121999,37.516923,osm_overpass
4681081693,127.121982,37.516896,osm_overpass
4681081694,127.121959,37.516876,osm_overpass
4681081695,127.121928,37.516868,osm_overpass
4681081696,127.121868,37.516852,osm_overpass
4681081697,127.121826,37.516848,osm_overpass
4681081698,127.121769,37.516840,osm_overpass
4681081699,127.121718,37.516833,osm_overpass
4681081700,127.121672,37.516817,osm_overpass
4681081701,127.121643,37.516789,osm_overpass
4681081702,127.121631,37.516754,osm_overpass
4681081703,127.121619,37.516695,osm_overpass
4681081704,127.121618,37.516652,osm_overpass
4681081705,127.121620,37.516594,osm_overpass
4681081706,127.121623,37.516554,osm_overpass
4681081707,127.121624,37.516504,osm_overpass
4681081708,127.121628,37.516457,osm_overpass
4681081709,127.121633,37.516417,osm_overpass
4681081710,127.121647,37.516381,osm_overpass
4681081711,127.121665,37.516347,osm_overpass
4681081712,127.121677,37.516309,osm_overpass
4681081713,127.121684,37.516257,osm_overpass
4681081714,127.121679,37.516214,osm_overpass
4681081715,127.121667,37.516173,osm_overpass
4681081716,127.121647,37.516137,osm_overpass
4681081717,127.121629,37.516107,osm_overpass
4681081718,127.121629,37.516081,osm_overpass
4681081719,127.121635,37.516055,osm_overpass
4681081720,127.121640,37.516031,osm_overpass
4681081721,127.121638,37.516005,osm_overpass
4681081722,127.121617,37.515980,osm_overpass
4681081723,127.121580,37.515953,osm_overpass
4681081724,127.121511,37.515914,osm_overpass
4681081725,127.121454,37.515888,osm_overpass
4681081726,127.121385,37.515859,osm_overpass
4681081727,127.121332,37.515836,osm_overpass
4681081728,127.122513,37.517980,osm_overpass
4681081729,127.122492,37.517710,osm_overpass
4681081730,127.122518,37.517696,osm_overpass
4681081731,127.122547,37.517682,osm_overpass
4681081732,127.122579,37.517667,osm_overpass
4681081733,127.122612,37.517657,osm_overpass
4681081734,127.122641,37.517646,osm_overpass
4681081735,127.122656,37.517639,osm_overpass
4681081736,127.122680,37.517615,osm_overpass
4681081737,127.122698,37.517587,osm_overpass
4681081738,127.122695,37.517568,osm_overpass
4681081739,127.121290,37.515788,osm_overpass
4681081740,127.121252,37.515766,osm_overpass
4681081741,127.121241,37.515764,osm_overpass
4681081742,127.121229,37.515768,osm_overpass
4681081743,127.121220,37.515777,osm_overpass
4681081744,127.121200,37.515802,osm_overpass
4681081745,127.121179,37.515824,osm_overpass
4681081746,127.121149,37.515843,osm_overpass
4681081747,127.121131,37.515849,osm_overpass
4681081748,127.121098,37.515851,osm_overpass
4681081749,127.121054,37.515842,osm_overpass
4681081750,127.121023,37.515828,osm_overpass
4681081751,127.120996,37.515811,osm_overpass
4681081752,127.120959,37.515786,osm_overpass
4681081753,127.120934,37.515769,osm_overpass
4681081754,127.120901,37.515757,osm_overpass
4681081755,127.120865,37.515749,osm_overpass
4681081756,127.120832,37.515746,osm_overpass
4681081757,127.120798,37.515750,osm_overpass
4681081758,127.120778,37.515771,osm_overpass
4681081759,127.120776,37.515786,osm_overpass
4681081760,127.120777,37.515806,osm_overpass
4681081761,127.120774,37.515823,osm_overpass
4681081762,127.120762,37.515832,osm_overpass
4681081763,127.120737,37.515845,osm_overpass
4681081764,127.120719,37.515854,osm_overpass
4681081765,127.120705,37.515865,osm_overpass
4681081766,127.120690,37.515882,osm_overpass
4681081767,127.120682,37.515897,osm_overpass
4681081768,127.120783,37.515757,osm_overpass
4681085783,127.122109,37.515152,osm_overpass
4681093146,127.120564,37.516894,osm_overpass
4681093147,127.120628,37.516773,osm_overpass
4681093148,127.120553,37.516914,osm_overpass
4681093158,127.119928,37.520396,osm_overpass
4681093159,127.119924,37.520251,osm_overpass
4681093160,127.119933,37.520324,osm_overpass
4681093161,127.119929,37.520206,osm_overpass
4681093162,127.119967,37.520109,osm_overpass
4681093163,127.119947,37.520005,osm_overpass
4681093164,127.119906,37.519953,osm_overpass
4681093165,127.119772,37.519831,osm_overpass
4681093166,127.119706,37.519790,osm_overpass
4681093167,127.119604,37.519742,osm_overpass
4681093168,127.119550,37.519713,osm_overpass
4681093169,127.119552,37.519694,osm_overpass
4681093170,127.119595,37.519666,osm_overpass
4681093171,127.120064,37.519479,osm_overpass
4681093172,127.120096,37.519420,osm_overpass
4681093173,127.120101,37.519327,osm_overpass
4681093174,127.120068,37.519222,osm_overpass
4681093175,127.120095,37.519258,osm_overpass
4681093176,127.120094,37.519247,osm_overpass
4681093177,127.120029,37.519196,osm_overpass
4681101570,127.121186,37.522104,osm_overpass
4681101571,127.121075,37.522039,osm_overpass
4681101572,127.121004,37.521989,osm_overpass
4681101573,127.120959,37.521943,osm_overpass
4681101574,127.120906,37.521899,osm_overpass
4681101575,127.120835,37.521841,osm_overpass
4681101576,127.120774,37.521802,osm_overpass
4681101577,127.120693,37.521748,osm_overpass
4681101578,127.120632,37.521728,osm_overpass
4681101579,127.120541,37.521711,osm_overpass
4681101580,127.120484,37.521707,osm_overpass
4681101581,127.120433,37.521722,osm_overpass
4681101582,127.120402,37.521748,osm_overpass
4681101583,127.120380,37.521782,osm_overpass
4681101584,127.120374,37.521823,osm_overpass
4681101585,127.120378,37.521873,osm_overpass
4681101586,127.120398,37.521944,osm_overpass
4681101587,127.120437,37.522044,osm_overpass
4681101588,127.120461,37.522101,osm_overpass
4681101789,127.120504,37.522186,osm_overpass
4681101790,127.120555,37.522247,osm_overpass
4681101791,127.120652,37.522280,osm_overpass
4681101809,127.121120,37.523364,osm_overpass
4681101810,127.121615,37.523477,osm_overpass
4681101811,127.119795,37.523735,osm_overpass
4681101812,127.120170,37.524142,osm_overpass
4681101813,127.120238,37.524320,osm_overpass
4681101814,127.120286,37.524465,osm_overpass
4681101815,127.120813,37.524814,osm_overpass
4681101816,127.121154,37.524838,osm_overpass
4681101817,127.121255,37.524825,osm_overpass
4681101818,127.121431,37.524750,osm_overpass
4681101819,127.121503,37.524695,osm_overpass
4681101820,127.123574,37.524381,osm_overpass
4681101821,127.123713,37.525396,osm_overpass
4681101823,127.123882,37.524608,osm_overpass
4681101824,127.123999,37.524629,osm_overpass
4681101825,127.122686,37.524618,osm_overpass
4681101826,127.123024,37.524556,osm_overpass
4681101827,127.122378,37.524695,osm_overpass
4681101828,127.121766,37.524621,osm_overpass
4681101829,127.123165,37.523617,osm_overpass
4681101830,127.124342,37.524542,osm_overpass
4681101831,127.124621,37.524412,osm_overpass
4681101832,127.124797,37.524317,osm_overpass
4681101833,127.125098,37.524222,osm_overpass
4681101834,127.125552,37.524008,osm_overpass
4681101835,127.125726,37.523921,osm_overpass
4681101836,127.125885,37.523835,osm_overpass
4681101837,127.125985,37.523765,osm_overpass
4681101838,127.126244,37.523538,osm_overpass
4681101839,127.126397,37.523404,osm_overpass
4681101840,127.126615,37.523195,osm_overpass
4681101841,127.126501,37.523313,osm_overpass
4681101842,127.126615,37.523039,osm_overpass
4681101843,127.126315,37.522836,osm_overpass
4681101844,127.126167,37.522826,osm_overpass
4681101845,127.126003,37.522817,osm_overpass
4681101846,127.125802,37.522809,osm_overpass
4681101847,127.125668,37.522811,osm_overpass
4681101848,127.125484,37.522821,osm_overpass
4681101849,127.125362,37.522821,osm_overpass
4681101850,127.125212,37.522813,osm_overpass
4681101851,127.125134,37.522811,osm_overpass
4681101852,127.125043,37.522809,osm_overpass
4681101853,127.124982,37.522789,osm_overpass
4681101854,127.124904,37.522764,osm_overpass
4681101855,127.124834,37.522709,osm_overpass
4681101856,127.124778,37.522661,osm_overpass
4681101857,127.124711,37.522581,osm_overpass
4681101858,127.124622,37.522502,osm_overpass
4681101859,127.124542,37.522417,osm_overpass
4681101860,127.124496,37.522366,osm_overpass
4681101861,127.124464,37.522304,osm_overpass
4681101862,127.124426,37.522235,osm_overpass
4681101863,127.124378,37.522121,osm_overpass
4681101864,127.124316,37.522051,osm_overpass
4681101865,127.124247,37.522007,osm_overpass
4681101866,127.124161,37.521958,osm_overpass
4681101867,127.124105,37.521921,osm_overpass
4681101868,127.124072,37.521868,osm_overpass
4681101869,127.124051,37.521768,osm_overpass
4681101870,127.124048,37.521683,osm_overpass
4681101893,127.125260,37.522816,osm_overpass
4681101894,127.125231,37.522779,osm_overpass
4681101895,127.125215,37.522740,osm_overpass
4681101896,127.125193,37.522696,osm_overpass
4681101897,127.125183,37.522644,osm_overpass
4681101898,127.125177,37.522603,osm_overpass
4681101899,127.125164,37.522554,osm_overpass
4681101900,127.125153,37.522501,osm_overpass
4681101901,127.125136,37.522436,osm_overpass
4681101902,127.125117,37.522370,osm_overpass
4681101903,127.125098,37.522310,osm_overpass
4681101904,127.125076,37.522271,osm_overpass
4681101905,127.125049,37.522248,osm_overpass
4681101906,127.125004,37.522225,osm_overpass
4681101907,127.124942,37.522204,osm_overpass
4681101908,127.124888,37.522191,osm_overpass
4681101909,127.124855,37.522183,osm_overpass
4681101910,127.124799,37.522172,osm_overpass
4681101911,127.124744,37.522157,osm_overpass
4681101912,127.124713,37.522134,osm_overpass
4681101913,127.124680,37.522102,osm_overpass
4681101914,127.124619,37.522038,osm_overpass
4681101915,127.124590,37.522000,osm_overpass
4681101916,127.124571,37.521948,osm_overpass
4681101917,127.124556,37.521874,osm_overpass
4681101918,127.124550,37.521822,osm_overpass
4681101919,127.124568,37.521750,osm_overpass
4681101920,127.124588,37.521687,osm_overpass
4681101921,127.124620,37.521590,osm_overpass
4681101922,127.124714,37.521324,osm_overpass
4681101923,127.124767,37.521192,osm_overpass
4681101924,127.124825,37.521065,osm_overpass
4681101925,127.124958,37.520794,osm_overpass
4681101926,127.124639,37.521535,osm_overpass
4681101927,127.124524,37.521486,osm_overpass
4681101928,127.124459,37.521433,osm_overpass
4681101929,127.124375,37.521354,osm_overpass
4681101930,127.124317,37.521298,osm_overpass
4681101931,127.124231,37.521214,osm_overpass
4681101932,127.124188,37.521162,osm_overpass
4681101933,127.124168,37.521111,osm_overpass
4681101934,127.124587,37.522465,osm_overpass
4681101935,127.124587,37.522430,osm_overpass
4681101936,127.124607,37.522398,osm_overpass
4681101937,127.124644,37.522357,osm_overpass
4681101938,127.124692,37.522302,osm_overpass
4681101939,127.124730,37.522245,osm_overpass
4681101940,127.124755,37.522205,osm_overpass
4681101941,127.124793,37.522187,osm_overpass
4681101942,127.124826,37.522177,osm_overpass
4681101943,127.123452,37.524073,osm_overpass
4681101944,127.123546,37.524077,osm_overpass
4681101945,127.123657,37.524067,osm_overpass
4681101946,127.123774,37.524055,osm_overpass
4681101947,127.123950,37.524060,osm_overpass
4681101948,127.124144,37.524097,osm_overpass
4681101949,127.124208,37.524146,osm_overpass
4681101950,127.124255,37.524209,osm_overpass
4681101951,127.124264,37.524282,osm_overpass
4681101952,127.124258,37.524370,osm_overpass
4681101953,127.124246,37.524456,osm_overpass
4681101954,127.124230,37.524512,osm_overpass
4681101955,127.124208,37.524592,osm_overpass
4681102543,127.119291,37.516250,osm_overpass
4681102544,127.119289,37.516225,osm_overpass
4681102545,127.119285,37.516200,osm_overpass
4681102546,127.119275,37.516154,osm_overpass
4681102547,127.119254,37.516123,osm_overpass
4681102548,127.119226,37.516078,osm_overpass
4681102549,127.119217,37.516039,osm_overpass
4681102550,127.119224,37.515991,osm_overpass
4681102551,127.119259,37.515947,osm_overpass
4681102552,127.119310,37.515900,osm_overpass
4681102553,127.119343,37.515856,osm_overpass
4681102554,127.119415,37.515810,osm_overpass
4681102555,127.119474,37.515789,osm_overpass
4681102556,127.119537,37.515754,osm_overpass
4681102557,127.119595,37.515704,osm_overpass
4681102558,127.119672,37.515648,osm_overpass
4681102559,127.119749,37.515617,osm_overpass
4681102560,127.119857,37.515600,osm_overpass
4681102561,127.119950,37.515606,osm_overpass
4681102562,127.120076,37.515639,osm_overpass
4681102563,127.120127,37.515678,osm_overpass
4681102564,127.120155,37.515720,osm_overpass
4681217474,127.120511,37.521621,osm_overpass
4681217475,127.120441,37.521568,osm_overpass
4681217476,127.120333,37.521509,osm_overpass
4681236939,127.132097,37.521248,osm_overpass
4681236940,127.131840,37.521079,osm_overpass
4681243100,127.129626,37.518193,osm_overpass
4681243101,127.130787,37.517514,osm_overpass
4681243102,127.129880,37.517931,osm_overpass
4681243103,127.129294,37.519205,osm_overpass
4681243104,127.129189,37.519690,osm_overpass
4681243105,127.128690,37.520884,osm_overpass
4681243106,127.127948,37.521954,osm_overpass
4681243107,127.127755,37.522931,osm_overpass
4681243109,127.127500,37.523728,osm_overpass
4681286963,127.127460,37.510873,osm_overpass
4681286967,127.130135,37.509679,osm_overpass
4681286968,127.130726,37.510562,osm_overpass
4681286969,127.128444,37.510866,osm_overpass
4681286970,127.128012,37.510992,osm_overpass
4681286971,127.127876,37.510880,osm_overpass
4681286972,127.128105,37.510335,osm_overpass
4681286973,127.128438,37.510410,osm_overpass
4681286974,127.128532,37.510683,osm_overpass
4681286975,127.128316,37.509520,osm_overpass
4681286976,127.127868,37.509696,osm_overpass
4681286977,127.128227,37.510266,osm_overpass
4681286979,127.128331,37.510225,osm_overpass
4681286980,127.127970,37.509658,osm_overpass
4681286981,127.128442,37.509552,osm_overpass
4681286982,127.128802,37.510133,osm_overpass
4681286983,127.128530,37.509263,osm_overpass
4681286984,127.130139,37.509434,osm_overpass
4681286985,127.128640,37.509426,osm_overpass
4681286986,127.128545,37.509535,osm_overpass
4681286987,127.128703,37.509790,osm_overpass
4681286988,127.128856,37.509742,osm_overpass
4681288589,127.128959,37.509695,osm_overpass
4681288590,127.129566,37.509432,osm_overpass
4681288593,127.129824,37.509102,osm_overpass
4681288594,127.129627,37.509005,osm_overpass
4681288597,127.128996,37.509055,osm_overpass
4681288598,127.129095,37.509142,osm_overpass
4681288599,127.129541,37.508939,osm_overpass
4681288600,127.127918,37.509253,osm_overpass
4681288601,127.127723,37.509315,osm_overpass
4681288602,127.127811,37.508975,osm_overpass
4681288603,127.127631,37.509043,osm_overpass
4681288604,127.127675,37.508616,osm_overpass
4681288605,127.127370,37.508632,osm_overpass
4681288606,127.127473,37.508361,osm_overpass
4681288607,127.129154,37.508988,osm_overpass
4681288608,127.129084,37.508879,osm_overpass
4681288609,127.128629,37.508675,osm_overpass
4681288610,127.128670,37.508792,osm_overpass
4681288611,127.128981,37.508658,osm_overpass
4681296173,127.128999,37.508519,osm_overpass
4681296174,127.127952,37.508192,osm_overpass
4681296175,127.128164,37.508486,osm_overpass
4681296176,127.128023,37.508538,osm_overpass
4681296177,127.128164,37.508749,osm_overpass
4681296178,127.128289,37.508732,osm_overpass
4681296179,127.129362,37.508296,osm_overpass
4681296180,127.129166,37.508032,osm_overpass
4681296181,127.129002,37.507786,osm_overpass
4681296182,127.129198,37.508076,osm_overpass
4681296191,127.130968,37.509228,osm_overpass
4681296192,127.131042,37.509196,osm_overpass
4681296193,127.131085,37.509186,osm_overpass
4681296194,127.130398,37.508352,osm_overpass
4681296196,127.130489,37.508457,osm_overpass
4681296198,127.130507,37.508384,osm_overpass
4681296199,127.130648,37.508381,osm_overpass
4681296200,127.130583,37.508280,osm_overpass
4681296201,127.129597,37.507196,osm_overpass
4681296202,127.129788,37.507110,osm_overpass
4681296203,127.129699,37.506929,osm_overpass
4681296204,127.129476,37.507035,osm_overpass
4681593264,127.118578,37.516910,osm_overpass
4681593265,127.118378,37.516390,osm_overpass
4681593266,127.118353,37.516340,osm_overpass
4681593267,127.118113,37.516278,osm_overpass
4681593268,127.117768,37.516399,osm_overpass
4681593269,127.117884,37.516612,osm_overpass
4681593270,127.117566,37.516723,osm_overpass
4681593271,127.117465,37.516543,osm_overpass
4681593272,127.117783,37.516427,osm_overpass
4681593273,127.118766,37.516269,osm_overpass
4681593274,127.118784,37.516301,osm_overpass
4681593275,127.118815,37.516317,osm_overpass
4681593276,127.118904,37.516332,osm_overpass
4681593277,127.119006,37.516336,osm_overpass
4681593278,127.119130,37.516301,osm_overpass
4681593279,127.119185,37.516300,osm_overpass
4681593280,127.119226,37.516306,osm_overpass
4681593281,127.119430,37.516276,osm_overpass
4681593282,127.115918,37.520092,osm_overpass
4681593283,127.116209,37.519974,osm_overpass
4681593284,127.115772,37.521681,osm_overpass
4681593285,127.116042,37.522130,osm_overpass
4681593286,127.116366,37.521304,osm_overpass
4681593287,127.116108,37.520865,osm_overpass
4681593389,127.117957,37.521504,osm_overpass
4681593390,127.118197,37.521606,osm_overpass
4681593391,127.117878,37.521440,osm_overpass
4681593392,127.118399,37.521633,osm_overpass
4681593393,127.118899,37.521671,osm_overpass
4681593394,127.119017,37.521669,osm_overpass
4681593395,127.119214,37.521667,osm_overpass
4681593396,127.119303,37.521648,osm_overpass
4681593397,127.119132,37.521498,osm_overpass
4681593398,127.119165,37.521523,osm_overpass
4681593399,127.119083,37.521493,osm_overpass
4681593400,127.118925,37.521516,osm_overpass
4681593401,127.118849,37.521513,osm_overpass
4681593402,127.118723,37.521464,osm_overpass
4681593403,127.118753,37.521483,osm_overpass
4681593404,127.118656,37.521380,osm_overpass
4681593405,127.118630,37.521325,osm_overpass
4681593406,127.118618,37.521262,osm_overpass
4681593407,127.118615,37.521205,osm_overpass
4681593408,127.118624,37.521160,osm_overpass
4681593409,127.118722,37.521072,osm_overpass
4681593410,127.118782,37.521046,osm_overpass
4681593411,127.118959,37.520946,osm_overpass
4681593412,127.119102,37.520877,osm_overpass
4681593413,127.119328,37.520818,osm_overpass
4681593414,127.119422,37.520823,osm_overpass
4681593415,127.119530,37.520834,osm_overpass
4681593416,127.119631,37.520847,osm_overpass
4681593417,127.119758,37.520829,osm_overpass
4681593418,127.119811,37.520784,osm_overpass
4681593419,127.119886,37.520685,osm_overpass
4681593420,127.119902,37.520636,osm_overpass
4681593421,127.119917,37.520563,osm_overpass
4681593422,127.119928,37.520513,osm_overpass
4681593423,127.119094,37.521665,osm_overpass
4681593424,127.119404,37.521534,osm_overpass
4681593425,127.119625,37.521433,osm_overpass
4681593426,127.119899,37.521500,osm_overpass
4681593427,127.119963,37.521535,osm_overpass
4681593428,127.120126,37.521566,osm_overpass
4681593429,127.120558,37.521422,osm_overpass
4681593430,127.120998,37.521281,osm_overpass
4681593431,127.121161,37.521229,osm_overpass
4681593434,127.131196,37.516541,osm_overpass
4681593435,127.130985,37.516230,osm_overpass
4681593444,127.122987,37.519914,osm_overpass
4681593445,127.123073,37.519894,osm_overpass
4681593446,127.123159,37.519829,osm_overpass
4681593447,127.123199,37.519753,osm_overpass
4681593448,127.123199,37.519694,osm_overpass
4681593449,127.123110,37.519624,osm_overpass
4681593450,127.123047,37.519644,osm_overpass
4681593451,127.122959,37.519646,osm_overpass
4681593452,127.122889,37.519627,osm_overpass
4681593453,127.122833,37.519576,osm_overpass
4681593454,127.122793,37.519522,osm_overpass
4681593455,127.122695,37.519429,osm_overpass
4681593456,127.122620,37.519394,osm_overpass
4681593457,127.122534,37.519372,osm_overpass
4681593458,127.122452,37.519351,osm_overpass
4681593459,127.122417,37.519361,osm_overpass
4681593460,127.122377,37.519381,osm_overpass
4681593461,127.122359,37.519411,osm_overpass
4681593462,127.122375,37.519444,osm_overpass
4681593463,127.122424,37.519494,osm_overpass
4681593464,127.122454,37.519548,osm_overpass
4681593465,127.122473,37.519585,osm_overpass
4681593466,127.123165,37.519640,osm_overpass
4681593467,127.122682,37.519668,osm_overpass
4681593468,127.122831,37.519810,osm_overpass
4681593469,127.122551,37.520175,osm_overpass
4681593470,127.122556,37.519993,osm_overpass
4681593471,127.124046,37.521516,osm_overpass
4681593472,127.124109,37.521515,osm_overpass
4681593473,127.124120,37.521768,osm_overpass
4681593474,127.125745,37.520786,osm_overpass
4681593475,127.125923,37.520474,osm_overpass
4681593476,127.125843,37.520577,osm_overpass
4681739885,127.126732,37.514952,osm_overpass
4681742121,127.126708,37.515033,osm_overpass
4681742122,127.127211,37.515364,osm_overpass
4683634149,127.123663,37.531609,osm_overpass
4684763926,127.130594,37.508410,osm_overpass
4684763927,127.130514,37.508296,osm_overpass
4685917415,127.103089,37.518999,osm_overpass
4688974266,127.118756,37.519932,osm_overpass
4688974267,127.118802,37.519774,osm_overpass
4688974268,127.118735,37.519594,osm_overpass
4688974269,127.118680,37.519448,osm_overpass
4688974270,127.118712,37.519323,osm_overpass
4688974271,127.118867,37.519224,osm_overpass
4688974272,127.118816,37.519246,osm_overpass
4688974273,127.119005,37.519115,osm_overpass
4688974274,127.119107,37.518986,osm_overpass
4688974275,127.119157,37.518836,osm_overpass
4688974276,127.119114,37.518628,osm_overpass
4688974277,127.118965,37.518368,osm_overpass
4688974278,127.118896,37.518197,osm_overpass
4688974279,127.118940,37.518067,osm_overpass
4688974280,127.118986,37.518011,osm_overpass
4688974281,127.119026,37.517866,osm_overpass
4688974282,127.119036,37.517698,osm_overpass
4688974283,127.119153,37.517535,osm_overpass
4688974284,127.119330,37.517434,osm_overpass
4688974285,127.119596,37.517351,osm_overpass
4688974286,127.117805,37.520848,osm_overpass
4688974287,127.117814,37.520519,osm_overpass
4688974288,127.117802,37.520592,osm_overpass
4688976889,127.117848,37.520435,osm_overpass
4688976890,127.118143,37.520098,osm_overpass
4688976891,127.118207,37.520069,osm_overpass
4688976892,127.118590,37.520029,osm_overpass
4688976893,127.119165,37.518794,osm_overpass
4688976894,127.119144,37.518688,osm_overpass
4688979524,127.119312,37.516383,osm_overpass
4688979525,127.119267,37.516302,osm_overpass
4688979526,127.119339,37.516388,osm_overpass
4688979527,127.119392,37.516375,osm_overpass
4688979528,127.119415,37.516295,osm_overpass
4688979529,127.119367,37.516385,osm_overpass
4688979530,127.119320,37.516263,osm_overpass
4688979531,127.119280,37.516285,osm_overpass
4688979532,127.119411,37.516359,osm_overpass
4688979533,127.119422,37.516339,osm_overpass
4688979534,127.119423,37.516317,osm_overpass
4688979535,127.119398,37.516278,osm_overpass
4688979536,127.119375,37.516266,osm_overpass
4688979537,127.119347,37.516261,osm_overpass
4688979538,127.119262,37.516321,osm_overpass
4688979539,127.119265,37.516340,osm_overpass
4688979540,127.119275,37.516358,osm_overpass
4688979541,127.119291,37.516373,osm_overpass
4688979542,127.119388,37.516589,osm_overpass
4690725742,127.111915,37.508104,osm_overpass
4690725747,127.111373,37.507460,osm_overpass
4690763329,127.112787,37.507180,osm_overpass
4690763330,127.112799,37.507235,osm_overpass
4690763331,127.112783,37.507255,osm_overpass
4690763332,127.112786,37.507311,osm_overpass
4690763333,127.112810,37.507327,osm_overpass
4690763334,127.112875,37.507330,osm_overpass
4690763335,127.112898,37.507362,osm_overpass
4690763336,127.112885,37.507379,osm_overpass
4690763337,127.112898,37.507445,osm_overpass
4690763338,127.112971,37.507478,osm_overpass
4690763339,127.113006,37.507472,osm_overpass
4690763340,127.113053,37.507527,osm_overpass
4690763341,127.112843,37.507230,osm_overpass
4690763342,127.112878,37.507238,osm_overpass
4690763343,127.112900,37.507255,osm_overpass
4690763344,127.112901,37.507304,osm_overpass
4690763345,127.112888,37.507321,osm_overpass
4690763346,127.112895,37.507340,osm_overpass
4690763347,127.112918,37.507352,osm_overpass
4690763348,127.112950,37.507345,osm_overpass
4690763349,127.113006,37.507352,osm_overpass
4690763350,127.113041,37.507391,osm_overpass
4690763351,127.113046,37.507422,osm_overpass
4690763352,127.113033,37.507452,osm_overpass
4690763353,127.112908,37.507117,osm_overpass
4690763354,127.112948,37.507163,osm_overpass
4690763355,127.112960,37.507224,osm_overpass
4690763356,127.113027,37.507369,osm_overpass
4690763357,127.113069,37.507334,osm_overpass
4690763358,127.113102,37.507320,osm_overpass
4690763359,127.113133,37.507322,osm_overpass
4690763360,127.113170,37.507294,osm_overpass
4690763361,127.113163,37.507267,osm_overpass
4690763362,127.113133,37.507252,osm_overpass
4690763363,127.113081,37.507295,osm_overpass
4690763364,127.113043,37.507316,osm_overpass
4690763365,127.113008,37.507261,osm_overpass
4690763385,127.112924,37.507469,osm_overpass
4690763386,127.112881,37.507417,osm_overpass
4690763387,127.112978,37.507344,osm_overpass
4690763388,127.112908,37.507276,osm_overpass
4690763889,127.112777,37.507282,osm_overpass
4690763890,127.112843,37.507335,osm_overpass
4690763891,127.113094,37.507315,osm_overpass
4690763892,127.113083,37.507271,osm_overpass
4690763893,127.113108,37.507256,osm_overpass
4690763894,127.113156,37.507314,osm_overpass
4692100938,127.081815,37.516658,osm_overpass
4692124525,127.078930,37.518022,osm_overpass
4692124526,127.079585,37.517391,osm_overpass
4692124528,127.081449,37.517165,osm_overpass
4692124529,127.082265,37.517106,osm_overpass
4692136256,127.091938,37.518844,osm_overpass
4692136257,127.091537,37.518690,osm_overpass
4692136258,127.088697,37.517787,osm_overpass
4692136259,127.085907,37.517276,osm_overpass
4692136260,127.084051,37.517171,osm_overpass
4692136262,127.085363,37.517231,osm_overpass
4692136263,127.083382,37.517119,osm_overpass
4692141271,127.097532,37.521374,osm_overpass
4692141272,127.097998,37.521594,osm_overpass
4692141274,127.098820,37.522048,osm_overpass
4692141275,127.099700,37.522515,osm_overpass
4692141280,127.091708,37.519266,osm_overpass
4692141281,127.091207,37.519258,osm_overpass
4692141282,127.090900,37.519245,osm_overpass
4692141285,127.088933,37.518855,osm_overpass
4692148930,127.077772,37.518624,osm_overpass
4692148931,127.078909,37.518031,osm_overpass
4692148932,127.078965,37.518438,osm_overpass
4692148933,127.076567,37.518828,osm_overpass
4692148959,127.077757,37.517851,osm_overpass
4692148964,127.079247,37.517650,osm_overpass
4692148972,127.077886,37.516535,osm_overpass
4692150326,127.080127,37.518314,osm_overpass
4697247756,127.077532,37.516611,osm_overpass
4697464474,127.130906,37.512257,osm_overpass
4697464475,127.130772,37.512302,osm_overpass
4697464476,127.131080,37.512859,osm_overpass
4697464477,127.131258,37.512794,osm_overpass
4697464480,127.130580,37.512296,osm_overpass
4697474210,127.091681,37.508585,osm_overpass
4697474212,127.092011,37.508537,osm_overpass
4697474218,127.092573,37.509619,osm_overpass
4697474220,127.094543,37.509995,osm_overpass
4697474221,127.096641,37.509811,osm_overpass
4698593429,127.090091,37.505854,osm_overpass
4700510822,127.096700,37.509875,osm_overpass
4700510823,127.096155,37.510116,osm_overpass
4700510824,127.096809,37.510074,osm_overpass
4700510825,127.097277,37.509800,osm_overpass
4700510826,127.097363,37.509692,osm_overpass
4700510827,127.097086,37.506804,osm_overpass
4700510828,127.096944,37.506724,osm_overpass
4700510829,127.096018,37.506836,osm_overpass
4700510830,127.095175,37.506954,osm_overpass
4700510831,127.095085,37.507001,osm_overpass
4700510832,127.094719,37.507061,osm_overpass
4700510833,127.094602,37.507041,osm_overpass
4700510834,127.092907,37.507314,osm_overpass
4700510835,127.091255,37.507571,osm_overpass
4700510836,127.091197,37.507682,osm_overpass
4700510837,127.091192,37.507749,osm_overpass
4700510838,127.093214,37.510062,osm_overpass
4700510839,127.094584,37.510043,osm_overpass
4700510840,127.097272,37.508674,osm_overpass
4700510842,127.092478,37.509220,osm_overpass
4720461124,127.122267,37.497594,osm_overpass
4720461125,127.122963,37.496803,osm_overpass
4743188381,127.128153,37.511218,osm_overpass
4743188382,127.128585,37.512644,osm_overpass
4875577188,127.090688,37.529912,osm_overpass
4937957932,127.108146,37.518830,osm_overpass
4937957933,127.108674,37.516530,osm_overpass
4937957934,127.108929,37.516441,osm_overpass
4937957942,127.106549,37.515703,osm_overpass
4937957950,127.104511,37.515632,osm_overpass
4937957995,127.103387,37.511951,osm_overpass
4937969964,127.107492,37.524744,osm_overpass
4937969970,127.112972,37.524711,osm_overpass
4937969973,127.116344,37.521356,osm_overpass
4937969974,127.117147,37.522759,osm_overpass
4937969975,127.117136,37.522821,osm_overpass
4937969976,127.116776,37.522963,osm_overpass
4937969977,127.116683,37.522798,osm_overpass
4937969978,127.117081,37.522643,osm_overpass
4937969979,127.116699,37.523048,osm_overpass
4937969980,127.116790,37.523050,osm_overpass
4937969981,127.116839,37.523104,osm_overpass
4937969982,127.116841,37.523156,osm_overpass
4937969983,127.116800,37.523220,osm_overpass
4937969984,127.116418,37.522823,osm_overpass
4937969989,127.116578,37.523078,osm_overpass
4999142825,127.120133,37.516532,osm_overpass
4999142826,127.120281,37.516290,osm_overpass
5020105553,127.101124,37.511969,osm_overpass
5020105554,127.095780,37.512288,osm_overpass
5041482140,127.110146,37.506484,osm_overpass
5041482141,127.110131,37.506494,osm_overpass
5041482142,127.110120,37.506507,osm_overpass
5041482143,127.109994,37.506636,osm_overpass
5041482144,127.109996,37.506657,osm_overpass
5041482145,127.109990,37.506677,osm_overpass
5041482146,127.109923,37.506731,osm_overpass
5041482147,127.109903,37.506734,osm_overpass
5041482148,127.109890,37.506732,osm_overpass
5041482149,127.109871,37.506728,osm_overpass
5041482150,127.109858,37.506721,osm_overpass
5041482151,127.109775,37.506598,osm_overpass
5041482152,127.109792,37.506580,osm_overpass
5041482153,127.109956,37.506515,osm_overpass
5041482154,127.109978,37.506514,osm_overpass
5041482155,127.109999,37.506504,osm_overpass
5041482156,127.110079,37.506450,osm_overpass
5041482157,127.110084,37.506431,osm_overpass
5041482158,127.110085,37.506409,osm_overpass
5041482159,127.110048,37.506341,osm_overpass
5041482160,127.110054,37.506320,osm_overpass
5041482161,127.110106,37.506301,osm_overpass
5041482162,127.110134,37.506300,osm_overpass
5041482163,127.110172,37.506284,osm_overpass
5041482164,127.110215,37.506280,osm_overpass
5041482165,127.110238,37.506287,osm_overpass
5041482166,127.110250,37.506306,osm_overpass
5041482167,127.110267,37.506317,osm_overpass
5041482168,127.110313,37.506415,osm_overpass
5041482169,127.110302,37.506435,osm_overpass
5083557323,127.097928,37.509782,osm_overpass
5083557326,127.098856,37.509750,osm_overpass
5091780630,127.099803,37.512921,osm_overpass
5091780631,127.100021,37.512898,osm_overpass
5091780649,127.101336,37.513302,osm_overpass
5091961487,127.098531,37.513142,osm_overpass
5091961505,127.098039,37.515319,osm_overpass
5153978648,127.096566,37.534230,osm_overpass
5153978649,127.098280,37.535725,osm_overpass
5153978650,127.099153,37.536445,osm_overpass
5153978651,127.029101,37.541447,osm_overpass
5158613003,127.101441,37.524418,osm_overpass
5158634355,127.104521,37.523492,osm_overpass
5159098831,127.106583,37.523333,osm_overpass
5159098832,127.106266,37.523254,osm_overpass
5159098833,127.105826,37.523223,osm_overpass
5159098834,127.105504,37.523201,osm_overpass
5159098835,127.104789,37.523068,osm_overpass
5159098836,127.105189,37.523197,osm_overpass
5159105401,127.104012,37.520706,osm_overpass
5159105402,127.103878,37.520966,osm_overpass
5159105403,127.104234,37.521413,osm_overpass
5159105404,127.103742,37.521228,osm_overpass
5159105405,127.104162,37.520416,osm_overpass
5159105406,127.104683,37.520254,osm_overpass
5159105407,127.103549,37.521601,osm_overpass
5159162379,127.105877,37.528180,osm_overpass
5159162380,127.106516,37.528801,osm_overpass
5159162382,127.116210,37.541915,osm_overpass
5164297362,127.107200,37.522949,osm_overpass
5171213617,127.106309,37.523397,osm_overpass
5171213618,127.106469,37.523332,osm_overpass
5171213619,127.106687,37.523333,osm_overpass
5187530125,127.136530,37.507884,osm_overpass
5187530126,127.136516,37.507838,osm_overpass
5187530127,127.136599,37.507179,osm_overpass
5187530128,127.136648,37.506475,osm_overpass
5187530129,127.139255,37.500532,osm_overpass
5197787141,127.097890,37.502389,osm_overpass
5197872952,127.097177,37.503150,osm_overpass
5200410861,127.095358,37.502415,osm_overpass
5200410865,127.095291,37.502421,osm_overpass
5200410866,127.094229,37.502567,osm_overpass
5200410872,127.100131,37.500652,osm_overpass
5200410873,127.096744,37.499262,osm_overpass
5200410874,127.096737,37.499155,osm_overpass
5200410882,127.096917,37.501506,osm_overpass
5200410883,127.098766,37.502030,osm_overpass
5200410885,127.097466,37.501524,osm_overpass
5200410886,127.098028,37.501573,osm_overpass
5200410887,127.098472,37.501607,osm_overpass
5200410888,127.098763,37.501635,osm_overpass
5200410889,127.097493,37.501928,osm_overpass
5200410890,127.098048,37.501968,osm_overpass
5200410891,127.096767,37.499597,osm_overpass
5200410893,127.096806,37.499993,osm_overpass
5200410894,127.097351,37.499986,osm_overpass
5200410895,127.098808,37.500102,osm_overpass
5200410896,127.100205,37.500284,osm_overpass
5200410897,127.099937,37.501616,osm_overpass
5200410898,127.098799,37.500488,osm_overpass
5200410899,127.097353,37.500345,osm_overpass
5200410900,127.097394,37.500769,osm_overpass
5200410901,127.098791,37.500880,osm_overpass
5200410902,127.100048,37.501062,osm_overpass
5200410903,127.097432,37.501170,osm_overpass
5200410904,127.098778,37.501267,osm_overpass
5200410905,127.099976,37.501421,osm_overpass
5200410906,127.099918,37.501795,osm_overpass
5200446344,127.095129,37.501581,osm_overpass
5200446345,127.094744,37.499289,osm_overpass
5200446349,127.093155,37.499628,osm_overpass
5200446354,127.095010,37.500852,osm_overpass
5200446356,127.095196,37.501941,osm_overpass
5200446357,127.096367,37.501886,osm_overpass
5200446358,127.096346,37.501523,osm_overpass
5200446359,127.094945,37.500477,osm_overpass
5200446360,127.096253,37.500406,osm_overpass
5200446361,127.096795,37.501498,osm_overpass
5200446362,127.096156,37.499303,osm_overpass
5200456225,127.094822,37.499740,osm_overpass
5200456226,127.096194,37.499681,osm_overpass
5200456227,127.094875,37.500110,osm_overpass
5200456228,127.096239,37.500038,osm_overpass
5200456229,127.093936,37.502147,osm_overpass
5200456230,127.093466,37.500718,osm_overpass
5200456231,127.093815,37.501793,osm_overpass
5200456232,127.093701,37.501427,osm_overpass
5200456233,127.095061,37.501213,osm_overpass
5200456234,127.096305,37.501153,osm_overpass
5200456235,127.093586,37.501079,osm_overpass
5200456237,127.096288,37.500794,osm_overpass
5200456238,127.093355,37.500356,osm_overpass
5200456239,127.093247,37.499987,osm_overpass
5200467247,127.093028,37.500822,osm_overpass
5200467248,127.092699,37.499735,osm_overpass
5200467249,127.092912,37.500465,osm_overpass
5200467250,127.092806,37.500124,osm_overpass
5200495070,127.095246,37.502535,osm_overpass
5200495071,127.095302,37.502792,osm_overpass
5200495075,127.095395,37.503351,osm_overpass
5200495076,127.095345,37.502973,osm_overpass
5200495077,127.096446,37.502939,osm_overpass
5200495078,127.093961,37.503207,osm_overpass
5200495080,127.092701,37.503533,osm_overpass
5200495081,127.092865,37.503896,osm_overpass
5200495082,127.094080,37.503551,osm_overpass
5200495083,127.094203,37.503911,osm_overpass
5200495084,127.095466,37.503710,osm_overpass
5200495085,127.096520,37.503593,osm_overpass
5200499482,127.097080,37.503608,osm_overpass
5208786015,127.130960,37.517425,osm_overpass
5208786016,127.131330,37.517319,osm_overpass
5208786017,127.131350,37.517342,osm_overpass
5208786018,127.131182,37.517432,osm_overpass
5208786019,127.131201,37.517455,osm_overpass
5208786020,127.131388,37.517379,osm_overpass
5208786822,127.131714,37.517313,osm_overpass
5208786823,127.131986,37.517255,osm_overpass
5208786824,127.131856,37.517040,osm_overpass
5208786825,127.132790,37.520716,osm_overpass
5208786826,127.132736,37.521031,osm_overpass
5208786827,127.132064,37.520966,osm_overpass
5208786828,127.131886,37.521101,osm_overpass
5208786839,127.128869,37.520631,osm_overpass
5208786840,127.134092,37.521171,osm_overpass
5208786841,127.134175,37.521402,osm_overpass
5208786842,127.133662,37.521632,osm_overpass
5208786843,127.133594,37.521449,osm_overpass
5208786844,127.133754,37.521128,osm_overpass
5208786845,127.133386,37.521216,osm_overpass
5208786846,127.134065,37.520884,osm_overpass
5208786847,127.134338,37.521555,osm_overpass
5208786848,127.133957,37.521687,osm_overpass
5208786849,127.133640,37.521927,osm_overpass
5208786850,127.133717,37.521778,osm_overpass
5208786851,127.133510,37.521236,osm_overpass
5208786852,127.134019,37.521006,osm_overpass
5208786853,127.134240,37.521570,osm_overpass
5208786854,127.131872,37.517559,osm_overpass
5208786855,127.139174,37.519200,osm_overpass
5208786856,127.139007,37.518984,osm_overpass
5228333054,127.128530,37.512022,osm_overpass
5228333055,127.128670,37.511783,osm_overpass
5228333056,127.128538,37.512240,osm_overpass
5228333057,127.127880,37.512258,osm_overpass
5228333058,127.128215,37.512405,osm_overpass
5228333059,127.127398,37.512270,osm_overpass
5228333060,127.127317,37.511657,osm_overpass
5228333061,127.127216,37.511871,osm_overpass
5228333062,127.127401,37.511420,osm_overpass
5228333063,127.127787,37.511039,osm_overpass
5228333067,127.128504,37.511304,osm_overpass
5228333068,127.127375,37.511495,osm_overpass
5260056152,127.111308,37.500331,osm_overpass
5260056153,127.111659,37.500523,osm_overpass
5260056154,127.117255,37.499686,osm_overpass
5260056155,127.117559,37.499385,osm_overpass
5260056156,127.118449,37.500344,osm_overpass
5260056157,127.118750,37.500022,osm_overpass
5260056158,127.118522,37.500482,osm_overpass
5260056159,127.118663,37.500561,osm_overpass
5260056160,127.118838,37.500566,osm_overpass
5260056161,127.119149,37.500266,osm_overpass
5260056162,127.118826,37.500011,osm_overpass
5260056163,127.119056,37.500123,osm_overpass
5260056166,127.125721,37.508637,osm_overpass
5260056167,127.125811,37.508759,osm_overpass
5260056168,127.125860,37.508781,osm_overpass
5260056169,127.126273,37.508612,osm_overpass
5260056170,127.126268,37.508525,osm_overpass
5260056171,127.126211,37.508422,osm_overpass
5260056172,127.127631,37.511599,osm_overpass
5260056173,127.128026,37.511459,osm_overpass
5260056174,127.127602,37.511692,osm_overpass
5260056175,127.127842,37.512066,osm_overpass
5260056176,127.127946,37.512061,osm_overpass
5260056177,127.128322,37.511905,osm_overpass
5260056178,127.128346,37.511821,osm_overpass
5260056179,127.128115,37.511447,osm_overpass
5260056180,127.131378,37.510692,osm_overpass
5260056182,127.133981,37.509583,osm_overpass
5260056183,127.133814,37.509375,osm_overpass
5260056184,127.133704,37.509216,osm_overpass
5260056186,127.133753,37.509118,osm_overpass
5260056187,127.133997,37.509030,osm_overpass
5260056188,127.130574,37.516056,osm_overpass
5260056189,127.130975,37.515881,osm_overpass
5260056190,127.131653,37.517654,osm_overpass
5260056191,127.132048,37.517484,osm_overpass
5260056192,127.128642,37.524028,osm_overpass
5260056193,127.128290,37.523517,osm_overpass
5260056194,127.127888,37.524381,osm_overpass
5260056195,127.127497,37.523834,osm_overpass
5260056196,127.121688,37.527060,osm_overpass
5260056197,127.121576,37.526912,osm_overpass
5260056198,127.119518,37.528045,osm_overpass
5260056199,127.119456,37.528006,osm_overpass
5260056200,127.119285,37.527756,osm_overpass
5260056201,127.119148,37.527698,osm_overpass
5260056202,127.118826,37.527826,osm_overpass
5260056203,127.118933,37.528157,osm_overpass
5260056204,127.118819,37.527989,osm_overpass
5260056205,127.119166,37.528263,osm_overpass
5260056206,127.119423,37.528172,osm_overpass
5260056208,127.117993,37.525812,osm_overpass
5260056209,127.118012,37.525745,osm_overpass
5260056210,127.117757,37.525384,osm_overpass
5260056211,127.117791,37.525272,osm_overpass
5260056212,127.117717,37.525332,osm_overpass
5260056213,127.117664,37.525357,osm_overpass
5260056216,127.117207,37.525549,osm_overpass
5260056217,127.114169,37.520344,osm_overpass
5260056218,127.114548,37.520186,osm_overpass
5260056219,127.113967,37.520161,osm_overpass
5260056220,127.113991,37.520010,osm_overpass
5260056421,127.114046,37.519979,osm_overpass
5260056422,127.114349,37.519861,osm_overpass
5260056423,127.113913,37.519922,osm_overpass
5260056424,127.113990,37.519968,osm_overpass
5260056425,127.112627,37.517824,osm_overpass
5260056426,127.112934,37.517655,osm_overpass
5260056427,127.112426,37.517683,osm_overpass
5260056428,127.112604,37.517352,osm_overpass
5260056429,127.112988,37.517521,osm_overpass
5260056430,127.112744,37.517181,osm_overpass
5260056431,127.106308,37.515436,osm_overpass
5260056432,127.106444,37.515169,osm_overpass
5260056433,127.106329,37.515771,osm_overpass
5260056434,127.106593,37.515858,osm_overpass
5260056435,127.106491,37.515156,osm_overpass
5260056436,127.106955,37.515318,osm_overpass
5260056437,127.107106,37.513912,osm_overpass
5260056438,127.107423,37.513991,osm_overpass
5260056439,127.100381,37.513469,osm_overpass
5260056440,127.100617,37.513211,osm_overpass
5260056441,127.099681,37.513401,osm_overpass
5260056442,127.100163,37.513576,osm_overpass
5260056443,127.099659,37.513275,osm_overpass
5260056444,127.099989,37.512963,osm_overpass
5260056445,127.100089,37.512934,osm_overpass
5260056446,127.100594,37.513130,osm_overpass
5260056447,127.100006,37.512874,osm_overpass
5260056448,127.099552,37.513379,osm_overpass
5260056455,127.098455,37.515908,osm_overpass
5260056456,127.098383,37.515789,osm_overpass
5260056457,127.097961,37.515600,osm_overpass
5260056458,127.100574,37.517019,osm_overpass
5260056459,127.100688,37.516829,osm_overpass
5260056460,127.099659,37.516425,osm_overpass
5260056461,127.099696,37.516440,osm_overpass
5260056462,127.092264,37.512076,osm_overpass
5260056463,127.092647,37.512166,osm_overpass
5260056464,127.092854,37.512065,osm_overpass
5260056465,127.092944,37.511728,osm_overpass
5260056467,127.092881,37.511683,osm_overpass
5260056469,127.093249,37.510532,osm_overpass
5260056471,127.093332,37.510419,osm_overpass
5260056472,127.093324,37.510060,osm_overpass
5260056474,127.093146,37.509984,osm_overpass
5260056476,127.094689,37.510035,osm_overpass
5260056477,127.097781,37.510118,osm_overpass
5260056478,127.097706,37.509796,osm_overpass
5260056479,127.097625,37.509763,osm_overpass
5260056480,127.096935,37.506480,osm_overpass
5260056482,127.097496,37.506353,osm_overpass
5260056483,127.097154,37.506312,osm_overpass
5260056484,127.097453,37.506292,osm_overpass
5260056485,127.092703,37.507346,osm_overpass
5260056486,127.092637,37.507081,osm_overpass
5260056487,127.090665,37.507683,osm_overpass
5260056488,127.090989,37.507617,osm_overpass
5260056489,127.091091,37.507604,osm_overpass
5260056490,127.091158,37.507621,osm_overpass
5260056491,127.091026,37.507553,osm_overpass
5260056492,127.090940,37.507399,osm_overpass
5260056493,127.090462,37.507406,osm_overpass
5260056494,127.090742,37.507333,osm_overpass
5260056495,127.090508,37.507675,osm_overpass
5260056496,127.090453,37.507475,osm_overpass
5260056624,127.111388,37.500235,osm_overpass
5260056639,127.118473,37.500359,osm_overpass
5260056640,127.118516,37.500382,osm_overpass
5260056641,127.118521,37.500425,osm_overpass
5260056643,127.118726,37.500581,osm_overpass
5260056644,127.118761,37.500582,osm_overpass
5260056645,127.118807,37.500577,osm_overpass
5260056646,127.118784,37.500043,osm_overpass
5260056647,127.119063,37.500212,osm_overpass
5260056648,127.119028,37.500185,osm_overpass
5260056649,127.119022,37.500167,osm_overpass
5260056652,127.128067,37.511461,osm_overpass
5260056653,127.127623,37.511638,osm_overpass
5260056654,127.127892,37.512065,osm_overpass
5260056656,127.133484,37.509057,osm_overpass
5260056657,127.133656,37.509091,osm_overpass
5260056658,127.133679,37.509150,osm_overpass
5260056659,127.139506,37.507296,osm_overpass
5260056660,127.139630,37.507319,osm_overpass
5260056661,127.139684,37.507363,osm_overpass
5260056662,127.139703,37.507406,osm_overpass
5260056663,127.139985,37.507374,osm_overpass
5260056664,127.140019,37.507285,osm_overpass
5260056665,127.140035,37.507230,osm_overpass
5260056666,127.140067,37.507189,osm_overpass
5260056667,127.140112,37.507149,osm_overpass
5260056668,127.140159,37.507117,osm_overpass
5260056669,127.140216,37.507101,osm_overpass
5260056670,127.140280,37.507084,osm_overpass
5260056671,127.140356,37.507071,osm_overpass
5260056672,127.140358,37.507065,osm_overpass
5260056673,127.130747,37.516309,osm_overpass
5260056675,127.127768,37.524439,osm_overpass
5260056678,127.121473,37.527231,osm_overpass
5260056679,127.121579,37.527181,osm_overpass
5260056684,127.120236,37.527766,osm_overpass
5260056685,127.119237,37.527729,osm_overpass
5260056691,127.117991,37.525774,osm_overpass
5260056692,127.114013,37.519983,osm_overpass
5260056694,127.114437,37.520005,osm_overpass
5260056695,127.114375,37.519905,osm_overpass
5260056703,127.113036,37.517620,osm_overpass
5260056704,127.106297,37.515758,osm_overpass
5260056705,127.106351,37.515644,osm_overpass
5260056706,127.106351,37.515601,osm_overpass
5260056707,127.106321,37.515557,osm_overpass
5260056709,127.106260,37.515531,osm_overpass
5260056711,127.107484,37.514005,osm_overpass
5260056712,127.106567,37.515899,osm_overpass
5260056713,127.105588,37.517574,osm_overpass
5260056714,127.105400,37.517500,osm_overpass
5260056715,127.105187,37.517831,osm_overpass
5260056717,127.099570,37.513372,osm_overpass
5260056720,127.100036,37.512921,osm_overpass
5260056821,127.100660,37.513160,osm_overpass
5260056822,127.100268,37.513607,osm_overpass
5260056827,127.098286,37.516270,osm_overpass
5260056829,127.098466,37.515968,osm_overpass
5260056830,127.098457,37.515938,osm_overpass
5260056831,127.098066,37.515432,osm_overpass
5260056832,127.098219,37.515251,osm_overpass
5260056834,127.098320,37.510102,osm_overpass
5260056835,127.099065,37.510202,osm_overpass
5260056836,127.096998,37.506465,osm_overpass
5260056837,127.097054,37.506435,osm_overpass
5260056838,127.097079,37.506402,osm_overpass
5260056839,127.097101,37.506358,osm_overpass
5260056840,127.097102,37.506319,osm_overpass
5260056841,127.097450,37.506320,osm_overpass
5260056842,127.097472,37.506344,osm_overpass
5260056843,127.091047,37.507603,osm_overpass
5273391623,127.112994,37.530330,osm_overpass
5273391624,127.112842,37.530074,osm_overpass
5273391625,127.112725,37.530016,osm_overpass
5273391626,127.112570,37.529969,osm_overpass
5273391627,127.112340,37.530063,osm_overpass
5273391628,127.111954,37.530174,osm_overpass
5273391629,127.111853,37.530079,osm_overpass
5273391630,127.111708,37.530087,osm_overpass
5273391631,127.111597,37.529425,osm_overpass
5273391632,127.111760,37.529406,osm_overpass
5273391633,127.112263,37.530093,osm_overpass
5273391635,127.112072,37.529492,osm_overpass
5273391636,127.112477,37.529332,osm_overpass
5273391637,127.112663,37.529626,osm_overpass
5273391638,127.112108,37.529853,osm_overpass
5273391639,127.112686,37.529252,osm_overpass
5273391640,127.112843,37.529510,osm_overpass
5273391651,127.111965,37.529326,osm_overpass
5273391652,127.113322,37.528798,osm_overpass
5273391653,127.113504,37.529110,osm_overpass
5273391654,127.113780,37.529274,osm_overpass
5273391655,127.114053,37.529686,osm_overpass
5273391656,127.114340,37.529588,osm_overpass
5273391657,127.113859,37.529972,osm_overpass
5273391658,127.113155,37.529072,osm_overpass
5273391659,127.113395,37.528928,osm_overpass
5273391660,127.113626,37.529728,osm_overpass
5273391661,127.113473,37.529469,osm_overpass
5273391662,127.112907,37.529681,osm_overpass
5273391663,127.113057,37.529945,osm_overpass
5273391664,127.112789,37.530048,osm_overpass
5273519161,127.111863,37.529366,osm_overpass
5273519162,127.111622,37.528982,osm_overpass
5273519163,127.111685,37.528916,osm_overpass
5273519164,127.112553,37.528558,osm_overpass
5273519165,127.113161,37.528526,osm_overpass
5273519166,127.112494,37.528738,osm_overpass
5273519167,127.113016,37.528535,osm_overpass
5273519168,127.113109,37.528877,osm_overpass
5273519169,127.113014,37.528717,osm_overpass
5273519170,127.112424,37.528947,osm_overpass
5273519172,127.111951,37.529004,osm_overpass
5273519173,127.112110,37.529265,osm_overpass
5273519174,127.112519,37.529103,osm_overpass
5273519187,127.113549,37.529364,osm_overpass
5273519194,127.113309,37.529336,osm_overpass
5273519198,127.111448,37.529450,osm_overpass
5273519203,127.114433,37.529567,osm_overpass
5273519204,127.114246,37.529304,osm_overpass
5273519205,127.114732,37.529564,osm_overpass
5273519206,127.114650,37.529589,osm_overpass
5273519207,127.114470,37.529610,osm_overpass
5273519208,127.114545,37.529464,osm_overpass
5273519209,127.114623,37.529364,osm_overpass
5273519237,127.111360,37.528813,osm_overpass
5273519238,127.112091,37.528485,osm_overpass
5273519239,127.112241,37.528459,osm_overpass
5273519240,127.113328,37.528467,osm_overpass
5273519241,127.113437,37.528497,osm_overpass
5273519242,127.113770,37.528730,osm_overpass
5273519243,127.113952,37.528894,osm_overpass
5273519244,127.114240,37.529136,osm_overpass
5273519246,127.113941,37.528179,osm_overpass
5273519247,127.114109,37.527603,osm_overpass
5273689006,127.112883,37.527776,osm_overpass
5273689009,127.113164,37.528453,osm_overpass
5273689333,127.113517,37.529400,osm_overpass
5273689334,127.113840,37.529359,osm_overpass
5273692809,127.113505,37.529433,osm_overpass
5273692810,127.113636,37.529328,osm_overpass
5273697405,127.113757,37.529244,osm_overpass
5273793900,127.112193,37.530039,osm_overpass
5273793901,127.112155,37.530012,osm_overpass
5273793902,127.112162,37.530135,osm_overpass
5273854534,127.115040,37.529613,osm_overpass
5273854540,127.118820,37.527920,osm_overpass
5273854543,127.117645,37.525934,osm_overpass
5273854545,127.117449,37.525875,osm_overpass
5273854549,127.117809,37.525876,osm_overpass
5273854550,127.117258,37.525477,osm_overpass
5273854551,127.117266,37.525368,osm_overpass
5273854553,127.116354,37.524753,osm_overpass
5273854555,127.114792,37.524763,osm_overpass
5273854558,127.111546,37.524770,osm_overpass
5273854559,127.111367,37.524891,osm_overpass
5273854560,127.113128,37.526744,osm_overpass
5273854561,127.113287,37.526862,osm_overpass
5273854562,127.113465,37.526912,osm_overpass
5273854563,127.113655,37.526918,osm_overpass
5273854564,127.114093,37.526836,osm_overpass
5273854565,127.114380,37.526752,osm_overpass
5273854566,127.114668,37.526657,osm_overpass
5273854568,127.111231,37.524915,osm_overpass
5273854569,127.111530,37.524743,osm_overpass
5273854574,127.116558,37.524316,osm_overpass
5273854575,127.116796,37.524493,osm_overpass
5273854576,127.113303,37.529533,osm_overpass
5273854600,127.111575,37.530133,osm_overpass
5273855135,127.112358,37.528842,osm_overpass
5276932317,127.117024,37.530505,osm_overpass
5294397054,127.109100,37.529716,osm_overpass
5294397055,127.109265,37.529839,osm_overpass
5294397057,127.096418,37.520823,osm_overpass
5294397058,127.097185,37.521025,osm_overpass
5294397060,127.094850,37.520257,osm_overpass
5294397062,127.099065,37.522541,osm_overpass
5294397063,127.093062,37.519110,osm_overpass
5294397064,127.092717,37.518887,osm_overpass
5304584170,127.104232,37.521973,osm_overpass
5304584171,127.104036,37.521884,osm_overpass
5304584172,127.103956,37.521842,osm_overpass
5304584173,127.104049,37.521469,osm_overpass
5304584174,127.104144,37.521460,osm_overpass
5304584175,127.104395,37.521739,osm_overpass
5304584176,127.103916,37.521787,osm_overpass
5304584177,127.103904,37.521714,osm_overpass
5304584178,127.103912,37.521638,osm_overpass
5304584179,127.103927,37.521572,osm_overpass
5304584180,127.103977,37.521514,osm_overpass
5304584181,127.104236,37.521473,osm_overpass
5304584182,127.104313,37.521513,osm_overpass
5304584183,127.104373,37.521569,osm_overpass
5304584184,127.104405,37.521641,osm_overpass
5304584185,127.104338,37.521810,osm_overpass
5304584186,127.104282,37.521856,osm_overpass
5304584187,127.104207,37.521882,osm_overpass
5304584188,127.104128,37.521892,osm_overpass
5304584189,127.104427,37.521542,osm_overpass
5304584190,127.104145,37.521921,osm_overpass
5304584191,127.104284,37.522028,osm_overpass
5304584192,127.104382,37.522056,osm_overpass
5304584193,127.104563,37.523069,osm_overpass
5304584194,127.104278,37.522866,osm_overpass
5335102304,127.073217,37.527573,osm_overpass
5335102305,127.073566,37.527511,osm_overpass
5335102317,127.064551,37.529860,osm_overpass
5335102318,127.064501,37.529893,osm_overpass
5335121518,127.065420,37.529571,osm_overpass
5335122272,127.087464,37.527285,osm_overpass
5335122280,127.084499,37.526933,osm_overpass
5335122283,127.083209,37.526871,osm_overpass
5335122286,127.081783,37.526817,osm_overpass
5335122289,127.081102,37.526806,osm_overpass
5335122291,127.079579,37.526809,osm_overpass
5335122292,127.079013,37.526838,osm_overpass
5335122301,127.076808,37.527038,osm_overpass
5335122307,127.071985,37.527813,osm_overpass
5335122309,127.070543,37.528116,osm_overpass
5335122311,127.069659,37.528322,osm_overpass
5335122313,127.068763,37.528549,osm_overpass
5335122315,127.068602,37.528592,osm_overpass
5504199672,127.135957,37.508432,osm_overpass
5504199673,127.136014,37.508606,osm_overpass
5611452424,127.133865,37.521431,osm_overpass
5662676827,127.104571,37.512150,osm_overpass
5662676828,127.104133,37.512258,osm_overpass
5662676829,127.103678,37.512426,osm_overpass
5662676830,127.103242,37.512709,osm_overpass
5662676832,127.103011,37.513031,osm_overpass
5662676833,127.102829,37.513319,osm_overpass
5662676834,127.102568,37.513794,osm_overpass
5662676838,127.102946,37.513354,osm_overpass
5662676839,127.103080,37.513383,osm_overpass
5662676840,127.103212,37.513386,osm_overpass
5662676841,127.103339,37.513378,osm_overpass
5662676842,127.103461,37.513354,osm_overpass
5662676843,127.103590,37.513306,osm_overpass
5662676844,127.103679,37.513252,osm_overpass
5662676845,127.103738,37.513193,osm_overpass
5662676846,127.103876,37.512974,osm_overpass
5662676848,127.103716,37.512862,osm_overpass
5662676849,127.103736,37.512748,osm_overpass
5662676850,127.103717,37.512678,osm_overpass
5662676851,127.103584,37.512482,osm_overpass
5662676852,127.103145,37.512850,osm_overpass
5662676854,127.105596,37.513597,osm_overpass
5662676855,127.105751,37.513289,osm_overpass
5662676856,127.105762,37.513248,osm_overpass
5662676857,127.105725,37.513176,osm_overpass
5662676858,127.105022,37.512830,osm_overpass
5662676860,127.103956,37.512313,osm_overpass
5662676864,127.104295,37.513126,osm_overpass
5662676865,127.103734,37.512830,osm_overpass
5662676879,127.104751,37.513290,osm_overpass
5662676905,127.103574,37.512214,osm_overpass
5662676906,127.103809,37.511862,osm_overpass
5662676907,127.103797,37.512369,osm_overpass
5662676909,127.102882,37.513213,osm_overpass
5662676910,127.103846,37.511799,osm_overpass
5665376441,127.099350,37.509812,osm_overpass
5665376442,127.099316,37.509935,osm_overpass
5665378746,127.099066,37.509346,osm_overpass
5682668498,127.105219,37.518715,osm_overpass
5682668501,127.105707,37.518812,osm_overpass
5683546126,127.097960,37.508392,osm_overpass
5683546132,127.102870,37.510819,osm_overpass
5683546142,127.104198,37.511729,osm_overpass
5683546143,127.106832,37.513076,osm_overpass
5683546144,127.103747,37.509638,osm_overpass
5683546145,127.103957,37.509538,osm_overpass
5710075486,127.127425,37.522130,osm_overpass
5710075487,127.127623,37.521867,osm_overpass
5710075488,127.128995,37.518691,osm_overpass
5710075489,127.128723,37.520031,osm_overpass
5710075490,127.128980,37.518852,osm_overpass
5710075491,127.127905,37.521420,osm_overpass
5710075493,127.128473,37.520554,osm_overpass
5710075494,127.129721,37.517663,osm_overpass
5710075495,127.128312,37.520850,osm_overpass
5710075496,127.129401,37.517933,osm_overpass
5710075497,127.130077,37.517499,osm_overpass
5710075498,127.128491,37.520517,osm_overpass
5710075499,127.127771,37.521594,osm_overpass
5710075500,127.128814,37.519720,osm_overpass
5710075501,127.128902,37.519286,osm_overpass
5710075502,127.128141,37.521092,osm_overpass
5710075503,127.128964,37.518963,osm_overpass
5710075504,127.129200,37.518195,osm_overpass
5710075505,127.129063,37.518482,osm_overpass
5710077919,127.135736,37.511232,osm_overpass
5710077924,127.133507,37.515702,osm_overpass
5710077925,127.133370,37.515943,osm_overpass
5710077926,127.134473,37.513783,osm_overpass
5710077927,127.131839,37.516749,osm_overpass
5710077928,127.134781,37.513219,osm_overpass
5710077929,127.130911,37.517139,osm_overpass
5710077930,127.132231,37.516657,osm_overpass
5710077931,127.130308,37.517389,osm_overpass
5710077932,127.132805,37.516317,osm_overpass
5710077933,127.133926,37.514906,osm_overpass
5710077934,127.133137,37.516140,osm_overpass
5710077935,127.132491,37.516466,osm_overpass
5710077936,127.133735,37.515321,osm_overpass
5710077937,127.132079,37.516705,osm_overpass
5710077938,127.134264,37.514229,osm_overpass
5710078122,127.135023,37.512754,osm_overpass
5710078124,127.135082,37.512549,osm_overpass
5710078125,127.135074,37.512467,osm_overpass
5710080419,127.136002,37.510426,osm_overpass
5710080420,127.136709,37.502492,osm_overpass
5710080921,127.136506,37.505349,osm_overpass
5710080922,127.136066,37.509749,osm_overpass
5710080923,127.136581,37.504207,osm_overpass
5710080924,127.136490,37.505917,osm_overpass
5710080925,127.135919,37.510698,osm_overpass
5710080926,127.136544,37.504653,osm_overpass
5710080927,127.136354,37.507167,osm_overpass
5710080928,127.136396,37.506566,osm_overpass
5710080929,127.136971,37.501784,osm_overpass
5710080930,127.136933,37.501877,osm_overpass
5710080931,127.137005,37.501708,osm_overpass
5710080933,127.136353,37.507341,osm_overpass
5710080934,127.136317,37.507931,osm_overpass
5710080935,127.136769,37.502089,osm_overpass
5710080936,127.136249,37.508036,osm_overpass
5710080937,127.136832,37.501983,osm_overpass
5710080938,127.136471,37.506253,osm_overpass
5710080939,127.136179,37.508814,osm_overpass
5710080940,127.136704,37.502874,osm_overpass
5710080941,127.136659,37.503319,osm_overpass
5710080942,127.137866,37.501217,osm_overpass
5710080943,127.136733,37.502285,osm_overpass
5710080944,127.137201,37.501538,osm_overpass
5772071509,127.136683,37.507887,osm_overpass
5772071513,127.138006,37.505138,osm_overpass
5772071516,127.138074,37.516283,osm_overpass
5772071517,127.138080,37.516435,osm_overpass
5772071518,127.138022,37.516748,osm_overpass
5772071519,127.137658,37.514909,osm_overpass
5772071520,127.137153,37.514294,osm_overpass
5775919155,127.103469,37.523296,osm_overpass
5775919156,127.103470,37.523233,osm_overpass
5775919157,127.103453,37.523306,osm_overpass
5775919158,127.103480,37.523281,osm_overpass
5775919159,127.103480,37.523246,osm_overpass
5775919160,127.103455,37.523222,osm_overpass
5775919161,127.102456,37.523287,osm_overpass
5775919162,127.102518,37.523272,osm_overpass
5775919163,127.102417,37.523301,osm_overpass
5775919164,127.125387,37.521116,osm_overpass
5775919165,127.125409,37.521104,osm_overpass
5775919166,127.125434,37.521098,osm_overpass
5775919167,127.125461,37.521098,osm_overpass
5775919168,127.125487,37.521106,osm_overpass
5775919169,127.125508,37.521120,osm_overpass
5775919175,127.125523,37.521139,osm_overpass
5775919176,127.125529,37.521161,osm_overpass
5775919177,127.125525,37.521184,osm_overpass
5775919178,127.125512,37.521205,osm_overpass
5775919179,127.125567,37.521245,osm_overpass
5775919180,127.125626,37.521216,osm_overpass
5775919181,127.125670,37.521172,osm_overpass
5775919182,127.125694,37.521120,osm_overpass
5775919183,127.125695,37.521064,osm_overpass
5775919184,127.125672,37.521012,osm_overpass
5775919185,127.125368,37.520952,osm_overpass
5775919186,127.125319,37.520989,osm_overpass
5775919187,127.125287,37.521037,osm_overpass
5775919188,127.125276,37.521091,osm_overpass
5775919189,127.125629,37.520968,osm_overpass
5775919190,127.125570,37.520938,osm_overpass
5775919191,127.125502,37.520924,osm_overpass
5775919192,127.125432,37.520929,osm_overpass
5775919193,127.125274,37.521155,osm_overpass
5775919194,127.125525,37.521254,osm_overpass
5778231303,127.103277,37.503858,osm_overpass
5778231304,127.103364,37.503673,osm_overpass
5778231305,127.103399,37.503687,osm_overpass
5778231306,127.103280,37.503673,osm_overpass
5778231307,127.103322,37.503667,osm_overpass
5778231308,127.103426,37.503710,osm_overpass
5778231309,127.103443,37.503739,osm_overpass
5778231310,127.103448,37.503770,osm_overpass
5778231311,127.103440,37.503801,osm_overpass
5778231312,127.103420,37.503828,osm_overpass
5778231313,127.103391,37.503849,osm_overpass
5778231314,127.103355,37.503862,osm_overpass
5778231315,127.103316,37.503865,osm_overpass
5778231316,127.103438,37.503936,osm_overpass
5778231317,127.103242,37.503690,osm_overpass
5778231318,127.103215,37.503716,osm_overpass
5778231319,127.103200,37.503748,osm_overpass
5778231320,127.103199,37.503782,osm_overpass
5778231321,127.103213,37.503814,osm_overpass
5785433635,127.106054,37.515037,osm_overpass
5785433636,127.101602,37.511917,osm_overpass
5785433637,127.101726,37.511873,osm_overpass
5785433640,127.102000,37.511472,osm_overpass
5785433641,127.102235,37.511197,osm_overpass
5804563290,127.119849,37.529094,osm_overpass
5810221854,127.101433,37.523619,osm_overpass
5810221855,127.101210,37.523445,osm_overpass
5810221856,127.100734,37.523120,osm_overpass
5810221857,127.114075,37.539248,osm_overpass
5810221858,127.115764,37.541409,osm_overpass
5820913006,127.031585,37.544593,osm_overpass
5823541313,127.066000,37.529358,osm_overpass
5823541323,127.063317,37.530490,osm_overpass
5823541324,127.064062,37.530146,osm_overpass
5823541325,127.064257,37.530049,osm_overpass
5823541326,127.064362,37.529997,osm_overpass
5823541327,127.063085,37.530598,osm_overpass
5823541328,127.062956,37.530664,osm_overpass
5823541329,127.062504,37.530862,osm_overpass
5823541330,127.062233,37.530978,osm_overpass
5823541331,127.061664,37.531210,osm_overpass
5823541348,127.080161,37.526791,osm_overpass
5823840049,127.074983,37.519084,osm_overpass
5823840050,127.080925,37.517227,osm_overpass
5852578349,127.102035,37.523510,osm_overpass
5852578350,127.101810,37.523910,osm_overpass
5852578351,127.100321,37.526258,osm_overpass
5852578354,127.098451,37.529179,osm_overpass
5852578357,127.096619,37.532050,osm_overpass
5852578360,127.096039,37.532955,osm_overpass
5866845421,127.115630,37.526236,osm_overpass
5866845422,127.120931,37.522812,osm_overpass
5866845423,127.121970,37.523061,osm_overpass
5866845424,127.122175,37.522960,osm_overpass
5873076162,127.113210,37.517802,osm_overpass
5873076163,127.113302,37.517601,osm_overpass
5873076164,127.113266,37.517743,osm_overpass
5873076165,127.113298,37.517672,osm_overpass
5873076166,127.113241,37.517774,osm_overpass
5873076167,127.113286,37.517706,osm_overpass
5873076168,127.113304,37.517636,osm_overpass
5894080882,127.113167,37.517672,osm_overpass
5894080883,127.113513,37.518091,osm_overpass
5895176566,127.115515,37.518344,osm_overpass
5895176568,127.116703,37.518690,osm_overpass
5896568485,127.115152,37.522876,osm_overpass
5896568486,127.114969,37.522998,osm_overpass
5896568487,127.115240,37.522716,osm_overpass
5896568488,127.115425,37.522314,osm_overpass
5965442712,127.082111,37.518226,osm_overpass
5965442717,127.082223,37.517108,osm_overpass
5965442724,127.081078,37.517209,osm_overpass
5965442733,127.095038,37.519791,osm_overpass
5965442734,127.094553,37.519579,osm_overpass
5965442735,127.094505,37.519581,osm_overpass
5965442736,127.094500,37.519597,osm_overpass
5965442737,127.094512,37.519611,osm_overpass
5965442741,127.094837,37.519767,osm_overpass
5965442742,127.094813,37.519773,osm_overpass
5965442743,127.094817,37.519728,osm_overpass
5965442745,127.094356,37.519815,osm_overpass
5965442746,127.094515,37.519584,osm_overpass
5965442747,127.094928,37.520162,osm_overpass
5965529938,127.085854,37.511588,osm_overpass
5965529939,127.085663,37.511361,osm_overpass
5965529944,127.084790,37.516262,osm_overpass
5965529947,127.084666,37.517196,osm_overpass
5965529948,127.084370,37.517181,osm_overpass
5965529951,127.082540,37.517101,osm_overpass
5965529952,127.082341,37.518223,osm_overpass
5965529954,127.082324,37.517106,osm_overpass
597181673,127.079279,37.516853,osm_overpass
597181675,127.079781,37.516798,osm_overpass
597181677,127.080411,37.516739,osm_overpass
597181678,127.081199,37.516688,osm_overpass
597181679,127.082394,37.516645,osm_overpass
597181681,127.083257,37.516658,osm_overpass
597233176,127.060982,37.533114,osm_overpass
597233224,127.084280,37.516713,osm_overpass
597233225,127.085362,37.516789,osm_overpass
597233226,127.087680,37.516977,osm_overpass
597233228,127.088748,37.517122,osm_overpass
597233229,127.089427,37.517285,osm_overpass
597233230,127.090515,37.517600,osm_overpass
597233231,127.091257,37.517831,osm_overpass
597233232,127.094413,37.518849,osm_overpass
597233233,127.095006,37.519082,osm_overpass
597233236,127.090631,37.517903,osm_overpass
597233237,127.089741,37.517657,osm_overpass
597233238,127.088876,37.517449,osm_overpass
597233240,127.087156,37.517213,osm_overpass
597233241,127.085927,37.517106,osm_overpass
597233242,127.084213,37.517000,osm_overpass
597233243,127.083165,37.516952,osm_overpass
597233244,127.081823,37.516931,osm_overpass
597233246,127.080010,37.517073,osm_overpass
597233247,127.079160,37.517182,osm_overpass
597233248,127.078369,37.517305,osm_overpass
5978143570,127.089055,37.528225,osm_overpass
5978143571,127.089061,37.528253,osm_overpass
5978143572,127.089052,37.528435,osm_overpass
5978143573,127.093246,37.531430,osm_overpass
5978285802,127.095674,37.533456,osm_overpass
5980464100,127.114808,37.560146,osm_overpass
5980464101,127.112972,37.554847,osm_overpass
5980464102,127.112309,37.553289,osm_overpass
5982493693,127.094679,37.520045,osm_overpass
5982493694,127.088608,37.517757,osm_overpass
5982493696,127.082862,37.518229,osm_overpass
5982493697,127.080688,37.518239,osm_overpass
5982493698,127.080504,37.518263,osm_overpass
5982493700,127.071757,37.519621,osm_overpass
5982510367,127.088505,37.528011,osm_overpass
5982510369,127.088801,37.527709,osm_overpass
5982510371,127.089241,37.527141,osm_overpass
5982510372,127.089515,37.526858,osm_overpass
5982510373,127.094061,37.520866,osm_overpass
5982510486,127.094256,37.520598,osm_overpass
5982510487,127.094390,37.520336,osm_overpass
5982510488,127.094406,37.520350,osm_overpass
5982510489,127.094453,37.520354,osm_overpass
5982510490,127.094605,37.520161,osm_overpass
5982510491,127.094728,37.519966,osm_overpass
5982510492,127.094910,37.519734,osm_overpass
5982510493,127.095072,37.519533,osm_overpass
5982510494,127.095248,37.519382,osm_overpass
5982510495,127.095460,37.519080,osm_overpass
5982510496,127.095683,37.518748,osm_overpass
5982510497,127.096011,37.518283,osm_overpass
5982510498,127.096289,37.517853,osm_overpass
5982510499,127.096666,37.517398,osm_overpass
5982510500,127.097090,37.516841,osm_overpass
5982510502,127.097419,37.516506,osm_overpass
5982510503,127.097340,37.516457,osm_overpass
5982510504,127.097272,37.516415,osm_overpass
5982510505,127.097569,37.516105,osm_overpass
5982510506,127.097671,37.515982,osm_overpass
5982510507,127.097800,37.515833,osm_overpass
5982510508,127.098143,37.515683,osm_overpass
5982510509,127.098503,37.515840,osm_overpass
5982510510,127.098328,37.516063,osm_overpass
5982510511,127.098473,37.515877,osm_overpass
5982510512,127.098382,37.515982,osm_overpass
5982510513,127.098275,37.516140,osm_overpass
5982510514,127.098444,37.516241,osm_overpass
5982523410,127.100951,37.523184,osm_overpass
5982523411,127.101362,37.523358,osm_overpass
5982523413,127.101612,37.523479,osm_overpass
5982523414,127.101913,37.523725,osm_overpass
5998709149,127.029911,37.543500,osm_overpass
6002107494,127.102646,37.502151,osm_overpass
6002107495,127.102713,37.503329,osm_overpass
6002190842,127.095575,37.511609,osm_overpass
6002190848,127.095989,37.510495,osm_overpass
6002342542,127.127704,37.512795,osm_overpass
6002342543,127.127826,37.512526,osm_overpass
6002342544,127.127239,37.513210,osm_overpass
6002342545,127.127251,37.513066,osm_overpass
6002342546,127.127268,37.513038,osm_overpass
6002342547,127.127335,37.513036,osm_overpass
6002342548,127.127368,37.513096,osm_overpass
6002342549,127.127444,37.513157,osm_overpass
6002342550,127.127511,37.513179,osm_overpass
6002342551,127.127492,37.513256,osm_overpass
6002342552,127.127423,37.513244,osm_overpass
6002342553,127.127329,37.513174,osm_overpass
6002342554,127.127345,37.513151,osm_overpass
6002342555,127.127298,37.513119,osm_overpass
6002342556,127.127280,37.513167,osm_overpass
6002342557,127.127272,37.513152,osm_overpass
6002342558,127.127272,37.513140,osm_overpass
6002342559,127.127281,37.513127,osm_overpass
6002342560,127.127317,37.513119,osm_overpass
6002342561,127.127336,37.513128,osm_overpass
6002342562,127.127343,37.513137,osm_overpass
6002342563,127.127293,37.513176,osm_overpass
6002342564,127.127312,37.513178,osm_overpass
6002342565,127.127339,37.513165,osm_overpass
6002342566,127.127383,37.513289,osm_overpass
6002342567,127.127542,37.513268,osm_overpass
6002342568,127.127790,37.513247,osm_overpass
6002342569,127.127701,37.513042,osm_overpass
6002342570,127.127784,37.512986,osm_overpass
6002342571,127.127940,37.513006,osm_overpass
6002342572,127.127895,37.513093,osm_overpass
6002342573,127.127757,37.513175,osm_overpass
6002342574,127.127537,37.513126,osm_overpass
6002342575,127.127142,37.513079,osm_overpass
6002342576,127.127225,37.513054,osm_overpass
6002342577,127.127210,37.512994,osm_overpass
6002342578,127.127210,37.512957,osm_overpass
6002342579,127.127223,37.512934,osm_overpass
6002342580,127.127227,37.512783,osm_overpass
6002342581,127.127270,37.512758,osm_overpass
6002342582,127.127337,37.512745,osm_overpass
6002342583,127.127380,37.512743,osm_overpass
6002342584,127.127434,37.512719,osm_overpass
6002342585,127.127470,37.512682,osm_overpass
6002342586,127.127517,37.512731,osm_overpass
6002342587,127.127472,37.512766,osm_overpass
6002342588,127.127460,37.512807,osm_overpass
6002342589,127.127409,37.512849,osm_overpass
6002342590,127.127493,37.512873,osm_overpass
6002342591,127.127502,37.512980,osm_overpass
6002342592,127.127578,37.513039,osm_overpass
6002342593,127.127803,37.512879,osm_overpass
6002342594,127.127778,37.512836,osm_overpass
6002342595,127.127564,37.512801,osm_overpass
6002342596,127.127408,37.513036,osm_overpass
6002342597,127.127475,37.513112,osm_overpass
6002342598,127.127416,37.513000,osm_overpass
6002342599,127.127382,37.512946,osm_overpass
6002342600,127.127362,37.512917,osm_overpass
6002342601,127.127374,37.512878,osm_overpass
6002342602,127.127483,37.512899,osm_overpass
6002342603,127.127607,37.512734,osm_overpass
6002342604,127.127653,37.512720,osm_overpass
6002342605,127.127725,37.512735,osm_overpass
6002342606,127.127822,37.512761,osm_overpass
6002342607,127.127888,37.512818,osm_overpass
6002342608,127.127796,37.512863,osm_overpass
6002342609,127.127847,37.512854,osm_overpass
6002342610,127.127907,37.512921,osm_overpass
6002342611,127.127997,37.512948,osm_overpass
6002342612,127.128116,37.512817,osm_overpass
6002342613,127.128118,37.513050,osm_overpass
6002342614,127.127953,37.513122,osm_overpass
6002342615,127.127882,37.513184,osm_overpass
6002342616,127.127832,37.513281,osm_overpass
6002342617,127.127562,37.513327,osm_overpass
6002342618,127.127285,37.512864,osm_overpass
6002342619,127.127275,37.512855,osm_overpass
6002342620,127.127268,37.512826,osm_overpass
6002342621,127.127288,37.512802,osm_overpass
6002342622,127.127310,37.512795,osm_overpass
6002342623,127.127352,37.512805,osm_overpass
6002342624,127.127360,37.512841,osm_overpass
6002342625,127.127343,37.512863,osm_overpass
6002342626,127.127324,37.512870,osm_overpass
6002342627,127.127341,37.512988,osm_overpass
6002342628,127.127307,37.512925,osm_overpass
6002342629,127.127306,37.512870,osm_overpass
6002342630,127.127222,37.512822,osm_overpass
6002342631,127.127155,37.512805,osm_overpass
6002342632,127.127235,37.512666,osm_overpass
6002342633,127.127356,37.512681,osm_overpass
6002342634,127.127439,37.512658,osm_overpass
6002342635,127.127616,37.512651,osm_overpass
6002342636,127.127684,37.512639,osm_overpass
6002342637,127.127756,37.512660,osm_overpass
6002342638,127.127750,37.512687,osm_overpass
6002342639,127.127847,37.512709,osm_overpass
6002342640,127.127852,37.512736,osm_overpass
6002342641,127.127900,37.512831,osm_overpass
6002342642,127.127885,37.512800,osm_overpass
6002342643,127.127912,37.512768,osm_overpass
6002342644,127.127953,37.512768,osm_overpass
6002342645,127.127966,37.512779,osm_overpass
6002342646,127.127953,37.512831,osm_overpass
6002342647,127.127972,37.512805,osm_overpass
6002342648,127.127942,37.513029,osm_overpass
6002342649,127.127965,37.512987,osm_overpass
6002342650,127.128007,37.512991,osm_overpass
6002342651,127.128022,37.513024,osm_overpass
6002342652,127.127983,37.513049,osm_overpass
6002342653,127.127950,37.513040,osm_overpass
6002342654,127.127892,37.513002,osm_overpass
6002342655,127.126475,37.515587,osm_overpass
6002342656,127.126573,37.515360,osm_overpass
6002342657,127.126643,37.515184,osm_overpass
6002342659,127.127109,37.514060,osm_overpass
6002342660,127.127559,37.513294,osm_overpass
6002342661,127.127384,37.512557,osm_overpass
6002342662,127.127277,37.512686,osm_overpass
6002342663,127.127140,37.512860,osm_overpass
6002342664,127.127723,37.512657,osm_overpass
6002342665,127.127571,37.512661,osm_overpass
6002342666,127.127542,37.512659,osm_overpass
6002342667,127.127416,37.512542,osm_overpass
6002342668,127.127438,37.512590,osm_overpass
6002342669,127.127574,37.512554,osm_overpass
6002342670,127.127695,37.512571,osm_overpass
6002342671,127.127740,37.512606,osm_overpass
6002342672,127.127772,37.512631,osm_overpass
6002342673,127.127892,37.512732,osm_overpass
6002342674,127.127883,37.512553,osm_overpass
6002342675,127.128110,37.512731,osm_overpass
6002342676,127.128064,37.512893,osm_overpass
6002342677,127.127982,37.513102,osm_overpass
6002342678,127.128029,37.513054,osm_overpass
6002342679,127.128102,37.513081,osm_overpass
6002342680,127.128121,37.512941,osm_overpass
6002342681,127.128068,37.513036,osm_overpass
6002342682,127.128073,37.512996,osm_overpass
6002342683,127.128047,37.512909,osm_overpass
6002342684,127.128023,37.512618,osm_overpass
6002342685,127.128065,37.512651,osm_overpass
6002342686,127.127891,37.512783,osm_overpass
6002342687,127.127916,37.512837,osm_overpass
6002342688,127.127964,37.512819,osm_overpass
6002342689,127.127934,37.512765,osm_overpass
6002342690,127.127971,37.512744,osm_overpass
6002342691,127.128081,37.512718,osm_overpass
6002342692,127.128030,37.512710,osm_overpass
6002342693,127.128006,37.512716,osm_overpass
6002342694,127.127971,37.512792,osm_overpass
6002342695,127.127999,37.512892,osm_overpass
6002342696,127.127989,37.512866,osm_overpass
6002342697,127.127940,37.512837,osm_overpass
6002342698,127.127970,37.512851,osm_overpass
6002342699,127.128084,37.512863,osm_overpass
6002342700,127.128071,37.512960,osm_overpass
6002342701,127.128062,37.512923,osm_overpass
6002342702,127.128002,37.513044,osm_overpass
6002342703,127.128014,37.513036,osm_overpass
6002342704,127.128016,37.512999,osm_overpass
6002342705,127.127987,37.512986,osm_overpass
6002342706,127.127953,37.512994,osm_overpass
6002342707,127.127938,37.513020,osm_overpass
6002342708,127.127966,37.513047,osm_overpass
6002342709,127.128021,37.513009,osm_overpass
6002342710,127.128009,37.513081,osm_overpass
6002342711,127.127913,37.513036,osm_overpass
6002342712,127.127910,37.512953,osm_overpass
6002342713,127.127881,37.512876,osm_overpass
6002342714,127.127336,37.512796,osm_overpass
6002342715,127.127361,37.512756,osm_overpass
6002342716,127.127352,37.512779,osm_overpass
6002342717,127.127276,37.512812,osm_overpass
6002342718,127.127363,37.512827,osm_overpass
6002342719,127.127353,37.512853,osm_overpass
6002342720,127.127269,37.512841,osm_overpass
6002342721,127.127239,37.512769,osm_overpass
6002342722,127.127303,37.512746,osm_overpass
6002342723,127.127452,37.513003,osm_overpass
6002342724,127.127444,37.513088,osm_overpass
6002342725,127.127509,37.513123,osm_overpass
6002342726,127.127478,37.513172,osm_overpass
6002342727,127.127411,37.513138,osm_overpass
6002342728,127.127384,37.513117,osm_overpass
6002342729,127.127353,37.513072,osm_overpass
6002342730,127.127350,37.513039,osm_overpass
6002342731,127.127348,37.513056,osm_overpass
6002342732,127.127339,37.513025,osm_overpass
6002342733,127.127329,37.512977,osm_overpass
6002342734,127.127320,37.512952,osm_overpass
6002342735,127.127356,37.513202,osm_overpass
6002342736,127.127396,37.513227,osm_overpass
6002342737,127.127637,37.513270,osm_overpass
6002342738,127.127716,37.513264,osm_overpass
6002342739,127.127760,37.513256,osm_overpass
6002342740,127.127584,37.513188,osm_overpass
6002342741,127.127668,37.513188,osm_overpass
6002342742,127.127815,37.513145,osm_overpass
6002342743,127.127860,37.513119,osm_overpass
6002342744,127.127907,37.513073,osm_overpass
6002342745,127.127912,37.513021,osm_overpass
6002342746,127.127917,37.513004,osm_overpass
6002342747,127.127913,37.513051,osm_overpass
6002342748,127.127885,37.513252,osm_overpass
6002342749,127.127404,37.512968,osm_overpass
6002342750,127.127522,37.513005,osm_overpass
6002342751,127.127617,37.513046,osm_overpass
6002342752,127.127732,37.513025,osm_overpass
6002342753,127.127812,37.512932,osm_overpass
6002342754,127.127728,37.512803,osm_overpass
6002342755,127.127659,37.512787,osm_overpass
6002342756,127.127608,37.512789,osm_overpass
6002342757,127.127524,37.512826,osm_overpass
6002342758,127.127500,37.512857,osm_overpass
6002342759,127.127483,37.512937,osm_overpass
6002342760,127.127494,37.512967,osm_overpass
6002342761,127.127544,37.513022,osm_overpass
6002342762,127.127660,37.513047,osm_overpass
6002342763,127.127804,37.512959,osm_overpass
6002342764,127.127762,37.513007,osm_overpass
6002342765,127.127807,37.512894,osm_overpass
6002342766,127.127748,37.512813,osm_overpass
6002342767,127.127927,37.513216,osm_overpass
6002342768,127.128017,37.513164,osm_overpass
6002355114,127.127255,37.513044,osm_overpass
6002355115,127.127294,37.513036,osm_overpass
6002355116,127.127381,37.513036,osm_overpass
6002355117,127.127342,37.513006,osm_overpass
6002355118,127.127327,37.512961,osm_overpass
6002355119,127.127317,37.512938,osm_overpass
6002355120,127.127300,37.512904,osm_overpass
6002355121,127.127299,37.512888,osm_overpass
6002355122,127.127360,37.512814,osm_overpass
6002355123,127.127426,37.512836,osm_overpass
6002355124,127.127435,37.512824,osm_overpass
6002355125,127.127446,37.512814,osm_overpass
6002355126,127.127469,37.512792,osm_overpass
6002355127,127.127467,37.512779,osm_overpass
6002355128,127.127484,37.512756,osm_overpass
6002355129,127.127499,37.512744,osm_overpass
6002355130,127.127553,37.512788,osm_overpass
6002355131,127.127552,37.512776,osm_overpass
6002355132,127.127546,37.512759,osm_overpass
6002355133,127.127539,37.512748,osm_overpass
6002355134,127.127550,37.512735,osm_overpass
6002355135,127.127574,37.512737,osm_overpass
6002355136,127.127631,37.512723,osm_overpass
6002355137,127.127706,37.512728,osm_overpass
6002355138,127.127510,37.512718,osm_overpass
6002355139,127.127491,37.512704,osm_overpass
6002355140,127.127442,37.512706,osm_overpass
6002355141,127.127412,37.512735,osm_overpass
6002355142,127.127453,37.512693,osm_overpass
6002355143,127.127459,37.512667,osm_overpass
6002355144,127.127489,37.512667,osm_overpass
6002355145,127.127509,37.512660,osm_overpass
6002355146,127.127595,37.512660,osm_overpass
6002355147,127.127632,37.512644,osm_overpass
6002355148,127.127654,37.512640,osm_overpass
6002355149,127.127708,37.512648,osm_overpass
6002355150,127.127757,37.512616,osm_overpass
6002355151,127.127728,37.512594,osm_overpass
6002355152,127.127714,37.512579,osm_overpass
6002355153,127.127674,37.512560,osm_overpass
6002355154,127.127648,37.512554,osm_overpass
6002355155,127.127605,37.512552,osm_overpass
6002355156,127.127544,37.512559,osm_overpass
6002355157,127.127516,37.512565,osm_overpass
6002355158,127.127475,37.512580,osm_overpass
6002355159,127.127443,37.512628,osm_overpass
6002355160,127.127441,37.512604,osm_overpass
6002355161,127.127431,37.512566,osm_overpass
6002355162,127.127448,37.512527,osm_overpass
6002355163,127.127537,37.512500,osm_overpass
6002355164,127.127338,37.512580,osm_overpass
6002355165,127.127265,37.512634,osm_overpass
6002355166,127.127205,37.512698,osm_overpass
6002355167,127.127144,37.512830,osm_overpass
6002355168,127.127145,37.512885,osm_overpass
6002355169,127.127138,37.512937,osm_overpass
6002355170,127.127122,37.512992,osm_overpass
6002355171,127.127130,37.513052,osm_overpass
6002355172,127.127167,37.513128,osm_overpass
6002355173,127.127185,37.513151,osm_overpass
6002355174,127.127332,37.513267,osm_overpass
6002355175,127.127423,37.513302,osm_overpass
6002355176,127.127508,37.513321,osm_overpass
6002355177,127.127697,37.513327,osm_overpass
6002355178,127.128050,37.513058,osm_overpass
6002355179,127.128079,37.513067,osm_overpass
6002355180,127.128091,37.513041,osm_overpass
6002355181,127.128042,37.513032,osm_overpass
6002355182,127.128068,37.512940,osm_overpass
6002355183,127.128025,37.512928,osm_overpass
6002355184,127.127980,37.512966,osm_overpass
6002355285,127.127998,37.512914,osm_overpass
6002355286,127.127995,37.512877,osm_overpass
6002355287,127.128097,37.512838,osm_overpass
6002355288,127.127987,37.512729,osm_overpass
6002355289,127.128058,37.512712,osm_overpass
6002355290,127.127893,37.512693,osm_overpass
6002355291,127.127889,37.512659,osm_overpass
6002355292,127.127891,37.512630,osm_overpass
6002355293,127.127890,37.512592,osm_overpass
6002355294,127.127813,37.512698,osm_overpass
6002355295,127.127778,37.512689,osm_overpass
6002355296,127.127836,37.512703,osm_overpass
6002355297,127.127852,37.512722,osm_overpass
6002355298,127.127839,37.512749,osm_overpass
6002355299,127.127886,37.512806,osm_overpass
6002355300,127.127871,37.512803,osm_overpass
6002355301,127.127855,37.512804,osm_overpass
6002355302,127.127854,37.512791,osm_overpass
6002355303,127.127848,37.512781,osm_overpass
6002355304,127.127838,37.512770,osm_overpass
6002355305,127.127806,37.512752,osm_overpass
6002355306,127.127784,37.512749,osm_overpass
6002355307,127.127765,37.512748,osm_overpass
6002355308,127.127743,37.512743,osm_overpass
6002355309,127.127685,37.512722,osm_overpass
6002355310,127.127633,37.512786,osm_overpass
6002355311,127.127586,37.512793,osm_overpass
6002355312,127.127681,37.512791,osm_overpass
6002355313,127.127765,37.512824,osm_overpass
6002355314,127.127789,37.512850,osm_overpass
6002355315,127.127811,37.512915,osm_overpass
6002355316,127.127808,37.512945,osm_overpass
6002355317,127.127796,37.512972,osm_overpass
6002355318,127.127773,37.512999,osm_overpass
6002355319,127.127747,37.513018,osm_overpass
6002355320,127.127717,37.513035,osm_overpass
6002355321,127.127679,37.513047,osm_overpass
6002355322,127.127639,37.513048,osm_overpass
6002355323,127.127598,37.513043,osm_overpass
6002355324,127.127560,37.513030,osm_overpass
6002355325,127.127533,37.513014,osm_overpass
6002355326,127.127512,37.512995,osm_overpass
6002355327,127.127488,37.512953,osm_overpass
6002355328,127.127480,37.512924,osm_overpass
6002355329,127.127481,37.512912,osm_overpass
6002355330,127.127487,37.512888,osm_overpass
6002355331,127.127511,37.512839,osm_overpass
6002355332,127.127538,37.512814,osm_overpass
6002365626,127.118451,37.516365,osm_overpass
6002365627,127.118508,37.515856,osm_overpass
6002368520,127.128327,37.512468,osm_overpass
6002368521,127.127988,37.512296,osm_overpass
6002368522,127.127553,37.512240,osm_overpass
6002368525,127.127717,37.512239,osm_overpass
6002368526,127.128099,37.512344,osm_overpass
6002368527,127.128432,37.512547,osm_overpass
6002368529,127.127176,37.511935,osm_overpass
6002368530,127.127008,37.512091,osm_overpass
6002368531,127.127252,37.511791,osm_overpass
6002368532,127.127285,37.511723,osm_overpass
6002368533,127.127346,37.511571,osm_overpass
6002368534,127.127411,37.511333,osm_overpass
6002368535,127.127421,37.511245,osm_overpass
6002368536,127.127446,37.511027,osm_overpass
6002368537,127.127454,37.510951,osm_overpass
6002368538,127.127635,37.510958,osm_overpass
6002368539,127.127920,37.511118,osm_overpass
6002368540,127.128340,37.511268,osm_overpass
6002368541,127.128666,37.511322,osm_overpass
6002368544,127.128757,37.511688,osm_overpass
6002368545,127.128588,37.512519,osm_overpass
6002368546,127.128556,37.512401,osm_overpass
6002368547,127.128529,37.512123,osm_overpass
6002368548,127.128621,37.511853,osm_overpass
6002368549,127.128927,37.511536,osm_overpass
6002368550,127.127439,37.511111,osm_overpass
6002419957,127.100334,37.512057,osm_overpass
6002420510,127.100511,37.512383,osm_overpass
6002420511,127.100511,37.512276,osm_overpass
6002453081,127.101813,37.504042,osm_overpass
6002453082,127.102245,37.504095,osm_overpass
6002453083,127.102655,37.504052,osm_overpass
6002453084,127.102740,37.503874,osm_overpass
6002453085,127.102691,37.504006,osm_overpass
6002453086,127.102728,37.503935,osm_overpass
6002453087,127.102738,37.503738,osm_overpass
6002453088,127.102594,37.504089,osm_overpass
6002453089,127.101886,37.504052,osm_overpass
6002453090,127.101752,37.504025,osm_overpass
6002453091,127.101680,37.503963,osm_overpass
6002453092,127.101642,37.503857,osm_overpass
6002453093,127.101770,37.503247,osm_overpass
6002453094,127.101651,37.503783,osm_overpass
6002453095,127.101699,37.503623,osm_overpass
6002453096,127.101738,37.503487,osm_overpass
6002453097,127.101767,37.503357,osm_overpass
6002453098,127.101767,37.503291,osm_overpass
6002453099,127.102058,37.503217,osm_overpass
6002453100,127.101966,37.503210,osm_overpass
6002453101,127.102210,37.503234,osm_overpass
6002453102,127.102392,37.503300,osm_overpass
6002453103,127.102484,37.503354,osm_overpass
6002453104,127.102544,37.503375,osm_overpass
6002453105,127.102605,37.503392,osm_overpass
6002453106,127.102732,37.503679,osm_overpass
6002453107,127.102708,37.503577,osm_overpass
6002453108,127.102688,37.503525,osm_overpass
6002453109,127.102669,37.503476,osm_overpass
6002453110,127.102663,37.503431,osm_overpass
6002453111,127.102691,37.503362,osm_overpass
6002453112,127.102734,37.503256,osm_overpass
6002453113,127.102728,37.503202,osm_overpass
6002453114,127.102679,37.503104,osm_overpass
6002453115,127.102656,37.503054,osm_overpass
6002453116,127.102639,37.502933,osm_overpass
6002453117,127.102670,37.502796,osm_overpass
6002453118,127.102674,37.502724,osm_overpass
6002453119,127.102662,37.502653,osm_overpass
6002453120,127.102328,37.503109,osm_overpass
6002453121,127.102316,37.502976,osm_overpass
6002453122,127.102295,37.502930,osm_overpass
6002453123,127.102290,37.502835,osm_overpass
6002453124,127.102309,37.502789,osm_overpass
6002453125,127.102300,37.502704,osm_overpass
6002453126,127.101771,37.503126,osm_overpass
6002453127,127.101799,37.502998,osm_overpass
6002453128,127.101804,37.502945,osm_overpass
6002453129,127.101825,37.502829,osm_overpass
6002453130,127.101840,37.502769,osm_overpass
6002453131,127.101858,37.502729,osm_overpass
6002453132,127.102064,37.502667,osm_overpass
6002453133,127.101889,37.502601,osm_overpass
6002453134,127.101895,37.502384,osm_overpass
6002453135,127.101929,37.502305,osm_overpass
6002453136,127.101890,37.502417,osm_overpass
6002453137,127.101906,37.502346,osm_overpass
6002453138,127.101949,37.502263,osm_overpass
6002453139,127.102060,37.502175,osm_overpass
6002453140,127.102218,37.502104,osm_overpass
6002453141,127.102388,37.502033,osm_overpass
6002453142,127.102632,37.502057,osm_overpass
6002453143,127.102646,37.502102,osm_overpass
6002453144,127.102618,37.502015,osm_overpass
6002453145,127.102621,37.502208,osm_overpass
6002453146,127.102592,37.502271,osm_overpass
6002453147,127.102579,37.502452,osm_overpass
6002453148,127.102572,37.502506,osm_overpass
6002453149,127.102574,37.501902,osm_overpass
6002453150,127.102536,37.501856,osm_overpass
6002453151,127.102505,37.501759,osm_overpass
6002453152,127.102497,37.501703,osm_overpass
6002453153,127.102488,37.501586,osm_overpass
6002453154,127.102460,37.501460,osm_overpass
6002453155,127.102439,37.501401,osm_overpass
6002453156,127.102207,37.501309,osm_overpass
6002453157,127.102156,37.501269,osm_overpass
6002453158,127.102137,37.501180,osm_overpass
6002453159,127.102131,37.501135,osm_overpass
6002453160,127.101984,37.500967,osm_overpass
6002453161,127.101924,37.500973,osm_overpass
6002453162,127.101818,37.501017,osm_overpass
6002453163,127.101761,37.501118,osm_overpass
6002453164,127.101752,37.501273,osm_overpass
6002453165,127.101798,37.501475,osm_overpass
6002453166,127.101837,37.501674,osm_overpass
6002453167,127.101841,37.501723,osm_overpass
6002453168,127.101865,37.501940,osm_overpass
6002453169,127.101935,37.502119,osm_overpass
6002453170,127.101935,37.502187,osm_overpass
6002453171,127.102184,37.500968,osm_overpass
6002453172,127.102262,37.500978,osm_overpass
6002453173,127.102358,37.501018,osm_overpass
6002453174,127.102385,37.501049,osm_overpass
6002453175,127.102286,37.500776,osm_overpass
6002453176,127.102243,37.500774,osm_overpass
6002453177,127.102325,37.500785,osm_overpass
6002453178,127.102384,37.500819,osm_overpass
6002453179,127.102409,37.500867,osm_overpass
6002453180,127.102168,37.500746,osm_overpass
6002453181,127.102139,37.500688,osm_overpass
6002453182,127.102117,37.500630,osm_overpass
6002453183,127.102083,37.500606,osm_overpass
6002453184,127.101976,37.500585,osm_overpass
6002453185,127.101898,37.500626,osm_overpass
6002453186,127.101872,37.500656,osm_overpass
6002453187,127.101824,37.500763,osm_overpass
6002453188,127.101808,37.500803,osm_overpass
6002453189,127.101797,37.500846,osm_overpass
6002453190,127.101836,37.500961,osm_overpass
6002453191,127.101813,37.500925,osm_overpass
6002453192,127.102132,37.500718,osm_overpass
6002453193,127.102136,37.500726,osm_overpass
6002453194,127.102132,37.500708,osm_overpass
6002453195,127.102135,37.500697,osm_overpass
6002453196,127.102142,37.500680,osm_overpass
6002453197,127.102140,37.500668,osm_overpass
6002453198,127.102130,37.500644,osm_overpass
6002453199,127.102102,37.500617,osm_overpass
6002453200,127.102062,37.500597,osm_overpass
6002453201,127.102004,37.500585,osm_overpass
6002453202,127.101949,37.500591,osm_overpass
6002453203,127.101912,37.500613,osm_overpass
6002453204,127.101886,37.500639,osm_overpass
6002453205,127.101815,37.500784,osm_overpass
6002453206,127.101801,37.500825,osm_overpass
6002453207,127.101795,37.500867,osm_overpass
6002453208,127.101805,37.500906,osm_overpass
6002453209,127.101823,37.500944,osm_overpass
6002453210,127.101837,37.501002,osm_overpass
6002453211,127.101799,37.501036,osm_overpass
6002453212,127.101771,37.501086,osm_overpass
6002453213,127.101755,37.501150,osm_overpass
6002453214,127.101751,37.501228,osm_overpass
6002453215,127.101755,37.501321,osm_overpass
6002453216,127.101784,37.501423,osm_overpass
6002453217,127.101809,37.501507,osm_overpass
6002453218,127.101821,37.501612,osm_overpass
6002453219,127.101827,37.501641,osm_overpass
6002453220,127.101816,37.501578,osm_overpass
6002453221,127.101816,37.501529,osm_overpass
6002453222,127.101840,37.501698,osm_overpass
6002453223,127.101855,37.501896,osm_overpass
6002453224,127.101937,37.502154,osm_overpass
6002453225,127.101933,37.502165,osm_overpass
6002453226,127.101938,37.502131,osm_overpass
6002453227,127.101948,37.502206,osm_overpass
6002453228,127.101941,37.502196,osm_overpass
6002453229,127.101955,37.502245,osm_overpass
6002453230,127.101941,37.502284,osm_overpass
6002453231,127.101914,37.502324,osm_overpass
6002453232,127.101898,37.502364,osm_overpass
6002453233,127.101889,37.502401,osm_overpass
6002453234,127.101895,37.502437,osm_overpass
6002453235,127.101894,37.502490,osm_overpass
6002453236,127.102286,37.502692,osm_overpass
6002453237,127.102310,37.502720,osm_overpass
6002453238,127.102315,37.502762,osm_overpass
6002453239,127.102299,37.502813,osm_overpass
6002453240,127.102285,37.502859,osm_overpass
6002453241,127.102287,37.502908,osm_overpass
6002453242,127.102308,37.502952,osm_overpass
6002453243,127.102322,37.502999,osm_overpass
6002453244,127.102290,37.502657,osm_overpass
6002453245,127.102305,37.502642,osm_overpass
6002453246,127.102592,37.502575,osm_overpass
6002453247,127.102613,37.502588,osm_overpass
6002453248,127.102644,37.502620,osm_overpass
6002453249,127.102653,37.502635,osm_overpass
6002453250,127.102669,37.502673,osm_overpass
6002453251,127.102673,37.502693,osm_overpass
6002453252,127.102675,37.502708,osm_overpass
6002453253,127.102674,37.502742,osm_overpass
6002453254,127.102674,37.502764,osm_overpass
6002453255,127.102659,37.502835,osm_overpass
6002453256,127.102642,37.502903,osm_overpass
6002453257,127.102637,37.502964,osm_overpass
6002453258,127.102644,37.503024,osm_overpass
6002453259,127.102666,37.503077,osm_overpass
6002453260,127.102689,37.503131,osm_overpass
6002453261,127.102719,37.503182,osm_overpass
6002453262,127.102735,37.503228,osm_overpass
6002453263,127.102732,37.503276,osm_overpass
6002453264,127.102722,37.503316,osm_overpass
6002453265,127.102701,37.503347,osm_overpass
6002453266,127.102675,37.503380,osm_overpass
6002453267,127.102628,37.503397,osm_overpass
6002453268,127.102575,37.503385,osm_overpass
6002453269,127.102513,37.503366,osm_overpass
6002453270,127.102456,37.503343,osm_overpass
6002453271,127.102412,37.503315,osm_overpass
6002453272,127.102366,37.503279,osm_overpass
6002453273,127.102271,37.503246,osm_overpass
6002453274,127.102662,37.503417,osm_overpass
6002453275,127.102664,37.503456,osm_overpass
6002453276,127.102679,37.503501,osm_overpass
6002453277,127.102699,37.503551,osm_overpass
6002453278,127.102737,37.503907,osm_overpass
6002453279,127.102716,37.503968,osm_overpass
6002453280,127.102705,37.503985,osm_overpass
6002453281,127.102673,37.504029,osm_overpass
6002453282,127.102627,37.504073,osm_overpass
6002453283,127.102565,37.504100,osm_overpass
6002453284,127.102453,37.504104,osm_overpass
6002453285,127.101930,37.504058,osm_overpass
6002453286,127.102000,37.504072,osm_overpass
6002453287,127.101850,37.504047,osm_overpass
6002453288,127.101782,37.504035,osm_overpass
6002453289,127.101727,37.504011,osm_overpass
6002453290,127.101690,37.503979,osm_overpass
6002453291,127.101666,37.503942,osm_overpass
6002453292,127.101646,37.503890,osm_overpass
6002453293,127.101643,37.503824,osm_overpass
6002453294,127.101656,37.503751,osm_overpass
6002453295,127.101685,37.503677,osm_overpass
6002453296,127.101692,37.503645,osm_overpass
6002455897,127.101953,37.502217,osm_overpass
6002455898,127.101932,37.502177,osm_overpass
6002455899,127.101939,37.502144,osm_overpass
6002455900,127.102482,37.501499,osm_overpass
6002455901,127.102491,37.501563,osm_overpass
6002455902,127.102494,37.501544,osm_overpass
6002455903,127.102495,37.501529,osm_overpass
6002455904,127.102470,37.501483,osm_overpass
600371999,127.066279,37.531749,osm_overpass
600372000,127.064883,37.532117,osm_overpass
600372001,127.063602,37.532444,osm_overpass
600372002,127.061605,37.532962,osm_overpass
601728890,127.063815,37.532402,osm_overpass
601729546,127.069660,37.530853,osm_overpass
6102706794,127.096383,37.502387,osm_overpass
6102706803,127.109370,37.506647,osm_overpass
6110755665,127.104980,37.517730,osm_overpass
6110755666,127.104949,37.518026,osm_overpass
6221531513,127.092871,37.512001,osm_overpass
6221531514,127.106767,37.515252,osm_overpass
6221531515,127.106482,37.515819,osm_overpass
6221531516,127.100427,37.513419,osm_overpass
6221531517,127.099733,37.513205,osm_overpass
6221531518,127.092354,37.511879,osm_overpass
6221531519,127.100570,37.513262,osm_overpass
6221531520,127.099902,37.513045,osm_overpass
6221531521,127.106391,37.515274,osm_overpass
6221531522,127.092921,37.511815,osm_overpass
6221531524,127.092456,37.512121,osm_overpass
6221531531,127.099485,37.513401,osm_overpass
6221531533,127.100014,37.513815,osm_overpass
6221531534,127.100434,37.513630,osm_overpass
6221531535,127.100914,37.513334,osm_overpass
6221531536,127.100165,37.512963,osm_overpass
6221531537,127.092458,37.511645,osm_overpass
6221531539,127.100460,37.512184,osm_overpass
6221531540,127.100062,37.513539,osm_overpass
6221531541,127.100450,37.513074,osm_overpass
6221531542,127.099766,37.513432,osm_overpass
6221709786,127.100398,37.513774,osm_overpass
6221709792,127.099961,37.512804,osm_overpass
6221709797,127.099907,37.512901,osm_overpass
6221983171,127.104097,37.508448,osm_overpass
6221983172,127.103745,37.508858,osm_overpass
6221983173,127.104363,37.508598,osm_overpass
6221983174,127.103718,37.508520,osm_overpass
6221983175,127.104292,37.508558,osm_overpass
6221983176,127.103913,37.508964,osm_overpass
6221983177,127.104286,37.508901,osm_overpass
6221983178,127.103990,37.508393,osm_overpass
6221983179,127.103834,37.508396,osm_overpass
6221983180,127.103637,37.508616,osm_overpass
6246824008,127.035793,37.539989,osm_overpass
6246824009,127.034227,37.540425,osm_overpass
6246824010,127.035353,37.540187,osm_overpass
6269128010,127.100850,37.520756,osm_overpass
6269128015,127.100563,37.521221,osm_overpass
6283788681,127.101248,37.512854,osm_overpass
6283788682,127.101236,37.512931,osm_overpass
6283788683,127.101247,37.513094,osm_overpass
6283788684,127.101263,37.513135,osm_overpass
6283789985,127.101292,37.513207,osm_overpass
6283796205,127.097509,37.507641,osm_overpass
6283796723,127.096612,37.509075,osm_overpass
6283796724,127.096520,37.507770,osm_overpass
6283796725,127.096289,37.507415,osm_overpass
6283796726,127.093199,37.508312,osm_overpass
6283796727,127.094284,37.509694,osm_overpass
6283796728,127.094426,37.509559,osm_overpass
6285443284,127.104824,37.520883,osm_overpass
6285445985,127.104712,37.521107,osm_overpass
6285445986,127.104834,37.520843,osm_overpass
6285445987,127.104818,37.520490,osm_overpass
6285445988,127.104851,37.520595,osm_overpass
6285445989,127.104774,37.520398,osm_overpass
6285445990,127.104449,37.521325,osm_overpass
6307326984,127.134248,37.514084,osm_overpass
6307326990,127.134607,37.513417,osm_overpass
6307327176,127.130705,37.511249,osm_overpass
6344468477,127.112035,37.516124,osm_overpass
6344468478,127.113557,37.516451,osm_overpass
6344476921,127.112923,37.515429,osm_overpass
6344476922,127.112236,37.514328,osm_overpass
6344476924,127.110522,37.516404,osm_overpass
6344476925,127.110441,37.516584,osm_overpass
6344476926,127.112064,37.516131,osm_overpass
6344485732,127.112214,37.514249,osm_overpass
6344485733,127.112054,37.513987,osm_overpass
6346331435,127.107827,37.514247,osm_overpass
6346331436,127.107942,37.513979,osm_overpass
6346331437,127.108274,37.513195,osm_overpass
6346331438,127.108135,37.513524,osm_overpass
6346331441,127.113497,37.513570,osm_overpass
6346331442,127.113408,37.513431,osm_overpass
6346331443,127.112895,37.513609,osm_overpass
6346331444,127.112497,37.513768,osm_overpass
6346331445,127.111977,37.513974,osm_overpass
6346331446,127.111583,37.514130,osm_overpass
6346331447,127.107838,37.515427,osm_overpass
6346331448,127.108292,37.515573,osm_overpass
6346331449,127.107896,37.515440,osm_overpass
6346331450,127.109219,37.515888,osm_overpass
6346331451,127.108833,37.515758,osm_overpass
6346331452,127.109711,37.516055,osm_overpass
6346331453,127.110075,37.516179,osm_overpass
6346331454,127.115023,37.515982,osm_overpass
6346338682,127.108270,37.513146,osm_overpass
6346338683,127.109577,37.511952,osm_overpass
6346338684,127.109071,37.512166,osm_overpass
6346341385,127.110490,37.511579,osm_overpass
6346341386,127.110094,37.511739,osm_overpass
6346341387,127.111350,37.511231,osm_overpass
6346341388,127.111043,37.511355,osm_overpass
6348622142,127.115512,37.512001,osm_overpass
6348622143,127.115511,37.511908,osm_overpass
6348622144,127.115519,37.511940,osm_overpass
6348622145,127.115519,37.511970,osm_overpass
6348622146,127.115501,37.512029,osm_overpass
6348622147,127.114779,37.513246,osm_overpass
6348622148,127.114543,37.512882,osm_overpass
6348622149,127.116139,37.512087,osm_overpass
6348622150,127.116140,37.512109,osm_overpass
6348622151,127.116137,37.512138,osm_overpass
6348622152,127.116128,37.512168,osm_overpass
6348622153,127.116113,37.512197,osm_overpass
6348622154,127.116131,37.511644,osm_overpass
6348622155,127.116006,37.511786,osm_overpass
6348622156,127.116005,37.511813,osm_overpass
6348622157,127.116014,37.511855,osm_overpass
6348622158,127.116035,37.511899,osm_overpass
6348622159,127.116032,37.511719,osm_overpass
6348622160,127.116061,37.511687,osm_overpass
6348622162,127.117895,37.514955,osm_overpass
6348622163,127.117529,37.515086,osm_overpass
6348622164,127.117036,37.515263,osm_overpass
6348622165,127.116679,37.515389,osm_overpass
6348622166,127.116673,37.515411,osm_overpass
6389892552,127.093583,37.505589,osm_overpass
6389892553,127.093724,37.505909,osm_overpass
6389892558,127.093019,37.504246,osm_overpass
6396387214,127.102135,37.510557,osm_overpass
6458482379,127.113588,37.524547,osm_overpass
6458482380,127.104723,37.523068,osm_overpass
6458482381,127.107043,37.523129,osm_overpass
6458482382,127.133617,37.516330,osm_overpass
6458482383,127.133747,37.516512,osm_overpass
6458482384,127.134786,37.514038,osm_overpass
6458482585,127.134797,37.513563,osm_overpass
6458482587,127.135237,37.513029,osm_overpass
6458482589,127.134861,37.512909,osm_overpass
6458482590,127.134241,37.514701,osm_overpass
6458482591,127.134974,37.512840,osm_overpass
6458482592,127.134957,37.513274,osm_overpass
6458482594,127.135310,37.513049,osm_overpass
6458482595,127.135993,37.511444,osm_overpass
6458482596,127.136275,37.510600,osm_overpass
6458482597,127.137220,37.503199,osm_overpass
6458482598,127.136988,37.502734,osm_overpass
6458482600,127.137273,37.502467,osm_overpass
6458482601,127.136652,37.506423,osm_overpass
6458482602,127.136727,37.506202,osm_overpass
6458482603,127.136765,37.506011,osm_overpass
6458482604,127.136786,37.505912,osm_overpass
6458482605,127.136806,37.505504,osm_overpass
6458482606,127.136865,37.504771,osm_overpass
6458482607,127.136916,37.503862,osm_overpass
6458482608,127.136952,37.503321,osm_overpass
6458482609,127.137022,37.502393,osm_overpass
6458482610,127.137048,37.502228,osm_overpass
6458482611,127.137085,37.502124,osm_overpass
6458482612,127.137154,37.501987,osm_overpass
6458482615,127.137335,37.501782,osm_overpass
6458482616,127.137799,37.501502,osm_overpass
6458482618,127.137930,37.501440,osm_overpass
6458482619,127.138076,37.501588,osm_overpass
6458482623,127.139694,37.503131,osm_overpass
6458482624,127.139886,37.503047,osm_overpass
6458482625,127.140014,37.503034,osm_overpass
6458482626,127.140363,37.503132,osm_overpass
6469870073,127.110357,37.499415,osm_overpass
6469870074,127.110074,37.500057,osm_overpass
6469870075,127.109002,37.499738,osm_overpass
6469870078,127.110168,37.499855,osm_overpass
6477404254,127.105822,37.498878,osm_overpass
6477404256,127.109471,37.499899,osm_overpass
6485209973,127.106993,37.499227,osm_overpass
6546731616,127.119317,37.528213,osm_overpass
6546731621,127.111526,37.536292,osm_overpass
6546731627,127.119387,37.527915,osm_overpass
6546731628,127.118872,37.528067,osm_overpass
6546731629,127.118978,37.527762,osm_overpass
6546731630,127.121625,37.526980,osm_overpass
6546731631,127.117292,37.525664,osm_overpass
6546731632,127.117401,37.525811,osm_overpass
6546731633,127.117924,37.525621,osm_overpass
6546731634,127.117827,37.525484,osm_overpass
6546731635,127.117273,37.525204,osm_overpass
6546731636,127.117533,37.525395,osm_overpass
6546731637,127.117528,37.525857,osm_overpass
6546731638,127.117574,37.525870,osm_overpass
6546731640,127.128538,37.523892,osm_overpass
6546731641,127.128394,37.523682,osm_overpass
6595221841,127.110392,37.505957,osm_overpass
6660239668,127.102325,37.511444,osm_overpass
6660239670,127.103501,37.511869,osm_overpass
6660239671,127.103519,37.511890,osm_overpass
6660239672,127.103527,37.511930,osm_overpass
6660239673,127.103529,37.511964,osm_overpass
6660239674,127.103389,37.512068,osm_overpass
6660239675,127.103224,37.512151,osm_overpass
6660239680,127.102523,37.512090,osm_overpass
6660239681,127.102465,37.512097,osm_overpass
6660239682,127.102347,37.512135,osm_overpass
6660239683,127.102224,37.512118,osm_overpass
6660239684,127.101946,37.511989,osm_overpass
6660246085,127.101905,37.511912,osm_overpass
6660246086,127.101895,37.511878,osm_overpass
6660246087,127.101936,37.511803,osm_overpass
6660246088,127.101993,37.511756,osm_overpass
6660246089,127.102104,37.511744,osm_overpass
6660246091,127.102559,37.511888,osm_overpass
6660246092,127.102628,37.511900,osm_overpass
6660246093,127.102694,37.511887,osm_overpass
6660246094,127.102742,37.511858,osm_overpass
6660246095,127.102768,37.511823,osm_overpass
6660246096,127.102779,37.511757,osm_overpass
6660246098,127.102111,37.511343,osm_overpass
6705591110,127.095148,37.520390,osm_overpass
6705591111,127.095239,37.520311,osm_overpass
6705591112,127.095244,37.520024,osm_overpass
6705591113,127.097842,37.516804,osm_overpass
6705591114,127.097783,37.516796,osm_overpass
6705591115,127.097687,37.516787,osm_overpass
6705591116,127.097205,37.517421,osm_overpass
6705591117,127.096079,37.518882,osm_overpass
6705591118,127.096028,37.518894,osm_overpass
6705591119,127.095534,37.519564,osm_overpass
6705591120,127.095258,37.520005,osm_overpass
6705591121,127.095157,37.520069,osm_overpass
6705591122,127.094786,37.520502,osm_overpass
6705591124,127.095932,37.520353,osm_overpass
6705591125,127.094836,37.520597,osm_overpass
6705591127,127.094739,37.520669,osm_overpass
6705591128,127.094189,37.521353,osm_overpass
6705591129,127.093871,37.521751,osm_overpass
6705591132,127.089890,37.526861,osm_overpass
6705591133,127.089630,37.527257,osm_overpass
6705591135,127.089362,37.527629,osm_overpass
6705591137,127.089160,37.527866,osm_overpass
6705591138,127.089113,37.527942,osm_overpass
6705591139,127.089087,37.527994,osm_overpass
6705591140,127.089071,37.528039,osm_overpass
6705591141,127.089052,37.528096,osm_overpass
6705591142,127.089022,37.528186,osm_overpass
6705591143,127.088970,37.528100,osm_overpass
6705702850,127.095311,37.520132,osm_overpass
6718134399,127.097829,37.506993,osm_overpass
6718134400,127.097903,37.507289,osm_overpass
6718134401,127.097973,37.507209,osm_overpass
6718134402,127.098054,37.507150,osm_overpass
6718134403,127.097730,37.507263,osm_overpass
6718134404,127.097748,37.507201,osm_overpass
6718134405,127.097786,37.507152,osm_overpass
6718134406,127.097856,37.507093,osm_overpass
6718134407,127.097950,37.507024,osm_overpass
6718134408,127.098022,37.506986,osm_overpass
6718134409,127.098129,37.506961,osm_overpass
6718134410,127.098226,37.506948,osm_overpass
6718134411,127.098011,37.507182,osm_overpass
6718134412,127.097898,37.507062,osm_overpass
6718134413,127.097873,37.507414,osm_overpass
6718134414,127.097829,37.507401,osm_overpass
6718134415,127.097781,37.507376,osm_overpass
6718134416,127.097690,37.507284,osm_overpass
6718134417,127.097660,37.507229,osm_overpass
6718134418,127.097649,37.507176,osm_overpass
6718134419,127.097663,37.507139,osm_overpass
6718134420,127.097714,37.507090,osm_overpass
6718134421,127.097960,37.506907,osm_overpass
6718134422,127.098027,37.506882,osm_overpass
6718134423,127.098102,37.506882,osm_overpass
6718134424,127.098159,37.506905,osm_overpass
6718134425,127.098288,37.507020,osm_overpass
6718134426,127.098321,37.507072,osm_overpass
6718134427,127.097730,37.507422,osm_overpass
6718134428,127.097518,37.507416,osm_overpass
6718269161,127.099673,37.508808,osm_overpass
6718269162,127.099721,37.508724,osm_overpass
6718269163,127.099819,37.508668,osm_overpass
6718269164,127.099878,37.508656,osm_overpass
6718269165,127.099941,37.508647,osm_overpass
6718269166,127.100013,37.508642,osm_overpass
6718269167,127.100289,37.508761,osm_overpass
6718269168,127.100247,37.508820,osm_overpass
6718269169,127.100264,37.508885,osm_overpass
6718269170,127.100313,37.508905,osm_overpass
6718269171,127.100321,37.508985,osm_overpass
6718269172,127.099866,37.509054,osm_overpass
6718313006,127.099803,37.508926,osm_overpass
6718313007,127.099774,37.508922,osm_overpass
6718313008,127.099751,37.508911,osm_overpass
6718313009,127.099737,37.508890,osm_overpass
6718313010,127.099735,37.508867,osm_overpass
6718313011,127.099741,37.508846,osm_overpass
6718313012,127.099763,37.508824,osm_overpass
6718313013,127.099787,37.508813,osm_overpass
6718313014,127.099824,37.508812,osm_overpass
6718313015,127.099845,37.508816,osm_overpass
6718313016,127.099887,37.508834,osm_overpass
6718313017,127.100081,37.509096,osm_overpass
6718313018,127.100229,37.509001,osm_overpass
6718313019,127.100293,37.509020,osm_overpass
6718313020,127.100097,37.508867,osm_overpass
6718313021,127.100137,37.508881,osm_overpass
6718313022,127.100153,37.508894,osm_overpass
6718313023,127.100157,37.508910,osm_overpass
6718313024,127.100150,37.508928,osm_overpass
6718313025,127.100131,37.508954,osm_overpass
6718313026,127.100067,37.508924,osm_overpass
6718313027,127.099923,37.508974,osm_overpass
6718313028,127.100092,37.508713,osm_overpass
6718313029,127.100134,37.508665,osm_overpass
6718313030,127.100052,37.508776,osm_overpass
6718313031,127.099980,37.508886,osm_overpass
6718313032,127.099881,37.508842,osm_overpass
6718313033,127.099694,37.508754,osm_overpass
6718313034,127.099755,37.508791,osm_overpass
6718313035,127.099902,37.509005,osm_overpass
6718313036,127.099857,37.508976,osm_overpass
6718313037,127.099830,37.508931,osm_overpass
6718313038,127.099810,37.508882,osm_overpass
6718313039,127.099810,37.508847,osm_overpass
6718313040,127.099824,37.508814,osm_overpass
6718313041,127.099843,37.508795,osm_overpass
6718313042,127.099897,37.508767,osm_overpass
6718313043,127.099942,37.508747,osm_overpass
6718313044,127.099998,37.508735,osm_overpass
6718313045,127.100035,37.508736,osm_overpass
6718313046,127.100071,37.508746,osm_overpass
6718313047,127.100109,37.508767,osm_overpass
6718313048,127.100136,37.508791,osm_overpass
6718313049,127.100150,37.508832,osm_overpass
6718313050,127.100169,37.508895,osm_overpass
6718313051,127.100179,37.508930,osm_overpass
6718313052,127.100172,37.508953,osm_overpass
6718313053,127.100162,37.508969,osm_overpass
6718313054,127.100107,37.509006,osm_overpass
6718313055,127.100058,37.509023,osm_overpass
6718313056,127.099993,37.509028,osm_overpass
6718313057,127.099940,37.509017,osm_overpass
6718313058,127.100045,37.509023,osm_overpass
6718313070,127.100243,37.509312,osm_overpass
6718313071,127.100258,37.509279,osm_overpass
6718313072,127.100285,37.509252,osm_overpass
6718313073,127.100323,37.509234,osm_overpass
6718313074,127.100367,37.509226,osm_overpass
6718313075,127.100410,37.509232,osm_overpass
6718313076,127.100497,37.509342,osm_overpass
6718313077,127.100485,37.509372,osm_overpass
6718313078,127.100462,37.509399,osm_overpass
6718313079,127.100430,37.509418,osm_overpass
6718313080,127.100392,37.509428,osm_overpass
6718313081,127.100351,37.509429,osm_overpass
6718313082,127.100454,37.509250,osm_overpass
6718313083,127.100479,37.509274,osm_overpass
6718313084,127.100495,37.509307,osm_overpass
6718313085,127.100313,37.509419,osm_overpass
6718313086,127.100280,37.509400,osm_overpass
6718313087,127.100256,37.509375,osm_overpass
6718313088,127.100244,37.509344,osm_overpass
6718313089,127.100113,37.509172,osm_overpass
6718313090,127.100188,37.509219,osm_overpass
6718313091,127.100419,37.509421,osm_overpass
6718313092,127.100447,37.509452,osm_overpass
6718313095,127.100477,37.509471,osm_overpass
6718313131,127.099826,37.508922,osm_overpass
6718313132,127.100448,37.509161,osm_overpass
6718313133,127.100472,37.509121,osm_overpass
6718313134,127.100487,37.509003,osm_overpass
6718313135,127.100488,37.508895,osm_overpass
6718313136,127.100480,37.508828,osm_overpass
6718313137,127.100458,37.508788,osm_overpass
6718313138,127.100431,37.508770,osm_overpass
6718313139,127.100400,37.508737,osm_overpass
6718313140,127.100349,37.508677,osm_overpass
6718313141,127.100274,37.508640,osm_overpass
6718313142,127.100122,37.508575,osm_overpass
6718313143,127.100062,37.508569,osm_overpass
6718313144,127.099933,37.508576,osm_overpass
6718313145,127.099849,37.508587,osm_overpass
6718313146,127.099800,37.508602,osm_overpass
6718313147,127.099714,37.508690,osm_overpass
6718313148,127.099543,37.508806,osm_overpass
6718313149,127.099618,37.508755,osm_overpass
6718313150,127.099658,37.508737,osm_overpass
6718313151,127.100173,37.508597,osm_overpass
6718313152,127.100307,37.509024,osm_overpass
6718313153,127.100378,37.509031,osm_overpass
6718313154,127.100483,37.509031,osm_overpass
6718313177,127.099434,37.508878,osm_overpass
6718313178,127.099340,37.508953,osm_overpass
6718313187,127.099532,37.508307,osm_overpass
6718313188,127.099629,37.508358,osm_overpass
6718313189,127.099680,37.508402,osm_overpass
6718313190,127.099755,37.508496,osm_overpass
6718313191,127.099877,37.508583,osm_overpass
6718313213,127.100187,37.509442,osm_overpass
6718313214,127.100303,37.509413,osm_overpass
6718313268,127.097637,37.508847,osm_overpass
6718313269,127.097478,37.508851,osm_overpass
6718313270,127.097594,37.508848,osm_overpass
6718313271,127.097656,37.508867,osm_overpass
6718313272,127.097655,37.508938,osm_overpass
6718313277,127.097218,37.508677,osm_overpass
6718313278,127.097259,37.508675,osm_overpass
6718313279,127.100374,37.510791,osm_overpass
6718313280,127.100446,37.510635,osm_overpass
6718313283,127.100458,37.510558,osm_overpass
6718313284,127.100375,37.510827,osm_overpass
6718313285,127.100394,37.510892,osm_overpass
6718313286,127.100451,37.510992,osm_overpass
6718313287,127.100383,37.510860,osm_overpass
6718313288,127.100320,37.510902,osm_overpass
6718313289,127.100296,37.510932,osm_overpass
6718313290,127.100265,37.512025,osm_overpass
6718313292,127.100273,37.511961,osm_overpass
6718313293,127.100268,37.511895,osm_overpass
6718313294,127.100332,37.511757,osm_overpass
6718313295,127.100367,37.511733,osm_overpass
6718313296,127.100466,37.511695,osm_overpass
6718313297,127.100493,37.511665,osm_overpass
6718313298,127.100815,37.510965,osm_overpass
6718313299,127.100567,37.510906,osm_overpass
6718313300,127.100930,37.510982,osm_overpass
6718313301,127.100952,37.511008,osm_overpass
6718313302,127.100954,37.511042,osm_overpass
6718313303,127.100898,37.511315,osm_overpass
6718313304,127.100673,37.511228,osm_overpass
6718313309,127.100238,37.510961,osm_overpass
6718313310,127.100176,37.510988,osm_overpass
6718313311,127.100083,37.510996,osm_overpass
6718313312,127.099843,37.510953,osm_overpass
6718313313,127.099740,37.510931,osm_overpass
6718313314,127.099525,37.510883,osm_overpass
6718313319,127.100124,37.510997,osm_overpass
6718313322,127.094812,37.510224,osm_overpass
6718313323,127.094770,37.511980,osm_overpass
6777176737,127.101830,37.504320,osm_overpass
6777176738,127.101844,37.504245,osm_overpass
6777176739,127.101879,37.504213,osm_overpass
6777176740,127.101927,37.504202,osm_overpass
6777176741,127.101930,37.504177,osm_overpass
6777176742,127.101882,37.504111,osm_overpass
6777176745,127.100050,37.503956,osm_overpass
6777176746,127.100472,37.504013,osm_overpass
6796264767,127.090591,37.517292,osm_overpass
6796264768,127.089821,37.518997,osm_overpass
6796264769,127.088386,37.518788,osm_overpass
6796264770,127.088870,37.517844,osm_overpass
6796264771,127.091327,37.519202,osm_overpass
6796264772,127.091336,37.519251,osm_overpass
6796267354,127.094564,37.520889,osm_overpass
6796269053,127.102785,37.511800,osm_overpass
6796269054,127.103588,37.512156,osm_overpass
6796269055,127.102947,37.511545,osm_overpass
6796269056,127.103639,37.511888,osm_overpass
6836368149,127.053129,37.534799,osm_overpass
6836368151,127.054138,37.534538,osm_overpass
6836379124,127.054976,37.534305,osm_overpass
6856867606,127.102609,37.504425,osm_overpass
6864038740,127.101534,37.502998,osm_overpass
6864038744,127.102992,37.503670,osm_overpass
6867122940,127.097022,37.502921,osm_overpass
6867122941,127.097594,37.502914,osm_overpass
6867122949,127.106144,37.514882,osm_overpass
6867122950,127.106358,37.514862,osm_overpass
6867122951,127.106304,37.515011,osm_overpass
6867122952,127.106385,37.515004,osm_overpass
6867122953,127.106439,37.514951,osm_overpass
6867122954,127.106479,37.514875,osm_overpass
6867122955,127.106749,37.514907,osm_overpass
6867122956,127.106889,37.514956,osm_overpass
6960603039,127.113363,37.517581,osm_overpass
6960603040,127.113527,37.517625,osm_overpass
6960603041,127.113212,37.517811,osm_overpass
6960603042,127.113387,37.517878,osm_overpass
6960603043,127.114401,37.519954,osm_overpass
6960603044,127.114176,37.519931,osm_overpass
6960603045,127.114380,37.520248,osm_overpass
7218094686,127.099355,37.514454,osm_overpass
7218094687,127.098877,37.514936,osm_overpass
7218094688,127.098225,37.515776,osm_overpass
7218094689,127.098579,37.515403,osm_overpass
7218094690,127.098307,37.515756,osm_overpass
7218094691,127.098854,37.515047,osm_overpass
7218094692,127.099908,37.513488,osm_overpass
7218094693,127.099252,37.514316,osm_overpass
7218094694,127.099607,37.513849,osm_overpass
7218094695,127.098825,37.514906,osm_overpass
7218094696,127.099100,37.514593,osm_overpass
7218094697,127.099436,37.514165,osm_overpass
7218094698,127.099712,37.513841,osm_overpass
7218094699,127.099930,37.513499,osm_overpass
7218094700,127.098519,37.515188,osm_overpass
7218094701,127.098257,37.515733,osm_overpass
7218094702,127.100312,37.513021,osm_overpass
7218094703,127.100404,37.512892,osm_overpass
7218094704,127.100566,37.512757,osm_overpass
7218094705,127.100794,37.512470,osm_overpass
7218094706,127.100650,37.512647,osm_overpass
7218094708,127.101464,37.511811,osm_overpass
7218094711,127.100945,37.512231,osm_overpass
7218094712,127.100533,37.512659,osm_overpass
7218094713,127.100274,37.513004,osm_overpass
7218094716,127.100563,37.512510,osm_overpass
732066182,127.072828,37.529986,osm_overpass
7321458442,127.111410,37.500387,osm_overpass
732248391,127.077810,37.528350,osm_overpass
732248398,127.076865,37.528687,osm_overpass
732248407,127.073948,37.529671,osm_overpass
732436298,127.089459,37.505995,osm_overpass
732436430,127.088648,37.505046,osm_overpass
732436697,127.084445,37.505371,osm_overpass
732436851,127.087729,37.507716,osm_overpass
732436935,127.086416,37.504722,osm_overpass
732436973,127.089756,37.507227,osm_overpass
732437758,127.090380,37.507102,osm_overpass
732437762,127.089166,37.507344,osm_overpass
732437769,127.088724,37.507431,osm_overpass
732438391,127.081169,37.506348,osm_overpass
732438399,127.081085,37.506215,osm_overpass
732439319,127.085782,37.510751,osm_overpass
732439391,127.082904,37.505798,osm_overpass
732439631,127.093029,37.510417,osm_overpass
732439651,127.087994,37.504311,osm_overpass
732439689,127.088289,37.504231,osm_overpass
732439692,127.088363,37.504316,osm_overpass
732439730,127.084439,37.516250,osm_overpass
732439748,127.089633,37.507692,osm_overpass
732439751,127.089043,37.507803,osm_overpass
732439754,127.088546,37.507921,osm_overpass
732439757,127.087935,37.508163,osm_overpass
732439760,127.087713,37.508272,osm_overpass
732439763,127.087319,37.508521,osm_overpass
732439767,127.087014,37.508772,osm_overpass
732439769,127.086731,37.509009,osm_overpass
732439772,127.086491,37.509276,osm_overpass
732439775,127.086301,37.509511,osm_overpass
732439779,127.086111,37.509839,osm_overpass
732439783,127.085948,37.510221,osm_overpass
732440159,127.090716,37.517108,osm_overpass
732440193,127.090813,37.517133,osm_overpass
732440366,127.099366,37.513905,osm_overpass
732440384,127.099515,37.513570,osm_overpass
732440404,127.099512,37.513486,osm_overpass
732440420,127.099450,37.513330,osm_overpass
732440431,127.099338,37.513196,osm_overpass
732440442,127.099086,37.513006,osm_overpass
732440514,127.101311,37.513712,osm_overpass
732440535,127.100987,37.513656,osm_overpass
732440556,127.100771,37.513617,osm_overpass
732440570,127.100590,37.513610,osm_overpass
732440582,127.100306,37.513663,osm_overpass
732440592,127.099761,37.513971,osm_overpass
732440656,127.079559,37.506694,osm_overpass
732440665,127.079950,37.506570,osm_overpass
732440677,127.089502,37.503866,osm_overpass
732440688,127.092894,37.502858,osm_overpass
732440696,127.093688,37.502671,osm_overpass
732440702,127.094354,37.502543,osm_overpass
732440711,127.095072,37.502441,osm_overpass
732440716,127.095790,37.502387,osm_overpass
732440719,127.097773,37.502377,osm_overpass
732440720,127.098353,37.502437,osm_overpass
732440722,127.099992,37.502720,osm_overpass
732440723,127.100740,37.502882,osm_overpass
732440773,127.100701,37.502974,osm_overpass
732440786,127.100107,37.502816,osm_overpass
732440793,127.099187,37.502673,osm_overpass
732440799,127.098323,37.502549,osm_overpass
732440802,127.097741,37.502502,osm_overpass
732440811,127.095793,37.502500,osm_overpass
732440820,127.095062,37.502552,osm_overpass
732440828,127.094311,37.502654,osm_overpass
732440832,127.093527,37.502807,osm_overpass
732440838,127.092680,37.503028,osm_overpass
732440843,127.089550,37.503966,osm_overpass
732440852,127.080012,37.506675,osm_overpass
732440855,127.079610,37.506758,osm_overpass
732441087,127.095844,37.512097,osm_overpass
732441090,127.096669,37.512248,osm_overpass
732441094,127.097321,37.512401,osm_overpass
732441099,127.099503,37.512926,osm_overpass
732441144,127.100363,37.513182,osm_overpass
732441155,127.101000,37.513420,osm_overpass
732441162,127.102090,37.513801,osm_overpass
732441243,127.100211,37.513348,osm_overpass
732441246,127.099914,37.513258,osm_overpass
732441248,127.097158,37.512559,osm_overpass
732441250,127.096624,37.512426,osm_overpass
732441252,127.096190,37.512337,osm_overpass
732441260,127.088590,37.511507,osm_overpass
732441371,127.100751,37.512721,osm_overpass
732441379,127.100763,37.512882,osm_overpass
732441386,127.100753,37.513009,osm_overpass
732441392,127.100766,37.513142,osm_overpass
732441401,127.100807,37.513221,osm_overpass
732441424,127.099718,37.512932,osm_overpass
732441428,127.100077,37.512842,osm_overpass
732441431,127.100176,37.512792,osm_overpass
732441434,127.100461,37.512612,osm_overpass
732441459,127.094462,37.518636,osm_overpass
732441460,127.094743,37.518704,osm_overpass
732441462,127.094912,37.518728,osm_overpass
732441464,127.095193,37.518712,osm_overpass
732441467,127.095341,37.518662,osm_overpass
732441469,127.095532,37.518534,osm_overpass
732441471,127.095617,37.518451,osm_overpass
732441473,127.096993,37.516779,osm_overpass
732441476,127.097213,37.516560,osm_overpass
732441482,127.097991,37.515918,osm_overpass
732441501,127.097853,37.516565,osm_overpass
732441526,127.096230,37.519002,osm_overpass
732441539,127.096254,37.519175,osm_overpass
732441554,127.096340,37.519332,osm_overpass
732441583,127.096463,37.519500,osm_overpass
732441626,127.096583,37.519694,osm_overpass
732441681,127.096093,37.520421,osm_overpass
732441688,127.095817,37.520320,osm_overpass
732441692,127.095696,37.520297,osm_overpass
732441696,127.095585,37.520283,osm_overpass
732441701,127.095478,37.520281,osm_overpass
732441712,127.095373,37.520287,osm_overpass
732441758,127.093855,37.521608,osm_overpass
732441783,127.094017,37.519377,osm_overpass
732441789,127.093651,37.519220,osm_overpass
732441806,127.092464,37.518726,osm_overpass
732441848,127.091512,37.518219,osm_overpass
732441851,127.091551,37.518028,osm_overpass
732441855,127.091678,37.517872,osm_overpass
732441858,127.091807,37.517824,osm_overpass
732441865,127.091961,37.517822,osm_overpass
732441870,127.092253,37.517905,osm_overpass
732441875,127.092560,37.517968,osm_overpass
732442036,127.098120,37.521276,osm_overpass
732442042,127.097336,37.520826,osm_overpass
732442049,127.096213,37.520179,osm_overpass
732442052,127.095001,37.519458,osm_overpass
732442056,127.094528,37.519243,osm_overpass
732442059,127.093996,37.518994,osm_overpass
732442068,127.093172,37.518707,osm_overpass
732442079,127.091688,37.518263,osm_overpass
732442109,127.100704,37.522808,osm_overpass
732442113,127.100024,37.522562,osm_overpass
732442132,127.099628,37.522358,osm_overpass
732442140,127.098999,37.522042,osm_overpass
732442147,127.098344,37.521673,osm_overpass
732442157,127.097931,37.521443,osm_overpass
732442159,127.096902,37.520769,osm_overpass
732442164,127.095517,37.519915,osm_overpass
732442169,127.094870,37.519663,osm_overpass
732442180,127.094168,37.519361,osm_overpass
732442187,127.093676,37.519159,osm_overpass
732442206,127.090670,37.518171,osm_overpass
732442221,127.089973,37.517928,osm_overpass
732442237,127.088854,37.517581,osm_overpass
732442278,127.088293,37.517361,osm_overpass
732442332,127.088289,37.516925,osm_overpass
732442343,127.089299,37.517100,osm_overpass
732442352,127.090322,37.517300,osm_overpass
732442353,127.091506,37.517610,osm_overpass
732442355,127.094977,37.518827,osm_overpass
732442357,127.095641,37.519145,osm_overpass
732442372,127.098435,37.520689,osm_overpass
732442378,127.099131,37.521096,osm_overpass
732442462,127.094476,37.520131,osm_overpass
732442469,127.094485,37.520047,osm_overpass
732442483,127.094463,37.519873,osm_overpass
732442493,127.094433,37.519788,osm_overpass
732442505,127.094127,37.519437,osm_overpass
732442554,127.098682,37.520916,osm_overpass
732442562,127.098737,37.520989,osm_overpass
732442570,127.098762,37.521051,osm_overpass
732442575,127.098690,37.521361,osm_overpass
732442579,127.098595,37.521434,osm_overpass
732442590,127.098402,37.521501,osm_overpass
732442607,127.098259,37.521515,osm_overpass
732442676,127.091998,37.518063,osm_overpass
732442683,127.095383,37.519241,osm_overpass
732442690,127.096195,37.519692,osm_overpass
732442698,127.097358,37.520338,osm_overpass
732442706,127.098491,37.520983,osm_overpass
732442806,127.099013,37.521276,osm_overpass
732442881,127.100297,37.522002,osm_overpass
732442961,127.098759,37.521651,osm_overpass
732443061,127.095957,37.518848,osm_overpass
732443126,127.095797,37.518787,osm_overpass
732443140,127.100058,37.513091,osm_overpass
732443150,127.101644,37.511146,osm_overpass
732443169,127.102696,37.509965,osm_overpass
732443304,127.091343,37.518146,osm_overpass
732444037,127.102951,37.510110,osm_overpass
732446726,127.078111,37.516515,osm_overpass
732446894,127.089912,37.517415,osm_overpass
732746720,127.085965,37.527766,osm_overpass
732746725,127.084336,37.527592,osm_overpass
732746735,127.082830,37.527530,osm_overpass
732746744,127.081656,37.527562,osm_overpass
732746751,127.081309,37.527589,osm_overpass
732746760,127.080806,37.527647,osm_overpass
732746775,127.079324,37.527904,osm_overpass
732746788,127.078942,37.527994,osm_overpass
732746798,127.078520,37.528115,osm_overpass
732747213,127.084071,37.527408,osm_overpass
733126135,127.087759,37.528337,osm_overpass
733126257,127.090412,37.529477,osm_overpass
733126265,127.091224,37.529996,osm_overpass
733126304,127.091913,37.530526,osm_overpass
733126310,127.093188,37.531522,osm_overpass
733126314,127.093599,37.531867,osm_overpass
733126317,127.094137,37.532377,osm_overpass
733126388,127.086138,37.527524,osm_overpass
733126394,127.086700,37.527624,osm_overpass
733126399,127.087065,37.527711,osm_overpass
733126403,127.087316,37.527789,osm_overpass
733126410,127.087585,37.527885,osm_overpass
733126419,127.088831,37.528487,osm_overpass
733126428,127.089450,37.528818,osm_overpass
733126435,127.090280,37.529382,osm_overpass
733126437,127.090963,37.529921,osm_overpass
733126438,127.092138,37.530837,osm_overpass
733126439,127.093546,37.532032,osm_overpass
733126545,127.088864,37.529695,osm_overpass
733126620,127.091036,37.530105,osm_overpass
733126622,127.090402,37.529737,osm_overpass
733126624,127.090151,37.529601,osm_overpass
733126626,127.089979,37.529547,osm_overpass
733126628,127.089777,37.529523,osm_overpass
733126630,127.089542,37.529521,osm_overpass
733126640,127.089373,37.529543,osm_overpass
733126643,127.089162,37.529585,osm_overpass
733127334,127.090248,37.529537,osm_overpass
733127339,127.089887,37.529353,osm_overpass
733127342,127.089285,37.529039,osm_overpass
733127346,127.087460,37.528203,osm_overpass
733127371,127.086857,37.527987,osm_overpass
733127376,127.086586,37.527910,osm_overpass
733127379,127.086299,37.527840,osm_overpass
733808078,127.101936,37.511269,osm_overpass
733808082,127.099824,37.510304,osm_overpass
733808083,127.099356,37.510159,osm_overpass
733808101,127.100534,37.509715,osm_overpass
733808102,127.100195,37.509552,osm_overpass
733808103,127.100031,37.509450,osm_overpass
733808104,127.099955,37.509264,osm_overpass
733808105,127.100083,37.509138,osm_overpass
733808107,127.100137,37.509107,osm_overpass
733808108,127.100218,37.509069,osm_overpass
733808109,127.099581,37.509106,osm_overpass
733808111,127.099474,37.509167,osm_overpass
733808112,127.098931,37.508948,osm_overpass
733808113,127.098990,37.508688,osm_overpass
733808114,127.099228,37.508641,osm_overpass
733808115,127.099306,37.508362,osm_overpass
733808116,127.099473,37.508310,osm_overpass
733808117,127.099454,37.508257,osm_overpass
733808118,127.099529,37.508147,osm_overpass
733808119,127.100137,37.508240,osm_overpass
733808122,127.100270,37.508195,osm_overpass
733808123,127.100650,37.508380,osm_overpass
733808124,127.100716,37.508594,osm_overpass
733808125,127.100770,37.508615,osm_overpass
733808127,127.101145,37.509018,osm_overpass
733808128,127.100969,37.509123,osm_overpass
733808130,127.100947,37.509162,osm_overpass
734690812,127.081275,37.506161,osm_overpass
734691365,127.085688,37.501656,osm_overpass
734691390,127.079592,37.506789,osm_overpass
7387798060,127.130338,37.527617,osm_overpass
7455719603,127.110030,37.519958,osm_overpass
7455719604,127.106863,37.520882,osm_overpass
7461927961,127.128792,37.511345,osm_overpass
7461943249,127.127065,37.503445,osm_overpass
7461943250,127.128036,37.502762,osm_overpass
7461943251,127.127501,37.503033,osm_overpass
7488354870,127.137169,37.503888,osm_overpass
7499971807,127.110144,37.515116,osm_overpass
7499971808,127.110233,37.514924,osm_overpass
7499971809,127.110598,37.515035,osm_overpass
7501768237,127.086697,37.508001,osm_overpass
7502610767,127.083030,37.505763,osm_overpass
7503628604,127.076384,37.518860,osm_overpass
7526615629,127.113581,37.524493,osm_overpass
7526615630,127.113580,37.523641,osm_overpass
7526615631,127.113640,37.523321,osm_overpass
7526615632,127.113556,37.523757,osm_overpass
7526615633,127.113557,37.524106,osm_overpass
7547461742,127.131429,37.499899,osm_overpass
7547517927,127.132031,37.504496,osm_overpass
7547517928,127.132074,37.504557,osm_overpass
7547517929,127.132378,37.503288,osm_overpass
7547517930,127.131884,37.503769,osm_overpass
7547517940,127.130759,37.502843,osm_overpass
7547517958,127.131739,37.500265,osm_overpass
7553273790,127.087486,37.517447,osm_overpass
7553273791,127.087198,37.518631,osm_overpass
7573404189,127.102766,37.520993,osm_overpass
7573404190,127.102059,37.520727,osm_overpass
7573404191,127.103429,37.520529,osm_overpass
7609080836,127.127132,37.524085,osm_overpass
7609080837,127.127858,37.523580,osm_overpass
7609080838,127.127753,37.523638,osm_overpass
7609080839,127.128095,37.523604,osm_overpass
7609080840,127.128051,37.523615,osm_overpass
7609080841,127.127979,37.523618,osm_overpass
7609080842,127.127924,37.523612,osm_overpass
7609080843,127.127894,37.523604,osm_overpass
7609080845,127.127499,37.523830,osm_overpass
7609080846,127.127399,37.523957,osm_overpass
7609080849,127.128769,37.524001,osm_overpass
7609080850,127.128843,37.523968,osm_overpass
7609118871,127.129086,37.523165,osm_overpass
7609118872,127.130604,37.522492,osm_overpass
7609118873,127.132304,37.521784,osm_overpass
7609118874,127.132425,37.521731,osm_overpass
7609118875,127.132505,37.521700,osm_overpass
7609118876,127.133027,37.521461,osm_overpass
7609118877,127.133072,37.521425,osm_overpass
7609118878,127.133122,37.521383,osm_overpass
7609118879,127.133151,37.521346,osm_overpass
7609118880,127.133201,37.521270,osm_overpass
7609118881,127.133234,37.521193,osm_overpass
7609118883,127.135504,37.528146,osm_overpass
7609119486,127.135440,37.527847,osm_overpass
7609119487,127.135007,37.526505,osm_overpass
7609119488,127.134890,37.526533,osm_overpass
7609119489,127.135357,37.527869,osm_overpass
7609140757,127.128917,37.523929,osm_overpass
7609140758,127.129550,37.523644,osm_overpass
7609140759,127.131266,37.522893,osm_overpass
7609140760,127.132451,37.522315,osm_overpass
7609140761,127.133209,37.522006,osm_overpass
7609140762,127.133278,37.521997,osm_overpass
7609140763,127.133454,37.522023,osm_overpass
7609140764,127.133737,37.522129,osm_overpass
7609140765,127.133851,37.522208,osm_overpass
7609140766,127.133946,37.522508,osm_overpass
7609140767,127.134231,37.523249,osm_overpass
7609140768,127.134638,37.524293,osm_overpass
7609140769,127.135045,37.525380,osm_overpass
7609140770,127.135439,37.526407,osm_overpass
7609140771,127.135888,37.527732,osm_overpass
7609140772,127.136280,37.528678,osm_overpass
7609140773,127.133571,37.522056,osm_overpass
7609140774,127.133811,37.522172,osm_overpass
7609140775,127.133868,37.522234,osm_overpass
7609140776,127.136283,37.528861,osm_overpass
7609140777,127.136338,37.528989,osm_overpass
7609140778,127.136721,37.528885,osm_overpass
7609140779,127.136864,37.528842,osm_overpass
7609140780,127.136812,37.528711,osm_overpass
7609140781,127.136750,37.528556,osm_overpass
7609140782,127.136599,37.528586,osm_overpass
7609140783,127.136271,37.528721,osm_overpass
7609140784,127.136242,37.528771,osm_overpass
7609153885,127.136178,37.528817,osm_overpass
7609153886,127.136115,37.528837,osm_overpass
7609153887,127.135832,37.528903,osm_overpass
7609153888,127.127537,37.524555,osm_overpass
7609153889,127.125604,37.525348,osm_overpass
7609153890,127.123612,37.526220,osm_overpass
7609153891,127.122843,37.526591,osm_overpass
7609153892,127.122170,37.526913,osm_overpass
7609153893,127.125630,37.524744,osm_overpass
7609153894,127.123831,37.525554,osm_overpass
7609153895,127.123368,37.525770,osm_overpass
7609153896,127.122971,37.525890,osm_overpass
7609153897,127.122668,37.525943,osm_overpass
7609153898,127.122333,37.525950,osm_overpass
7609153899,127.121775,37.525910,osm_overpass
7609153900,127.125122,37.524973,osm_overpass
7609153901,127.125213,37.525105,osm_overpass
7609153902,127.125355,37.525307,osm_overpass
7609153903,127.125436,37.525422,osm_overpass
7609153904,127.121601,37.525876,osm_overpass
7609153905,127.120197,37.525491,osm_overpass
7609153906,127.119636,37.525345,osm_overpass
7609153907,127.119382,37.525305,osm_overpass
7609153908,127.119035,37.525278,osm_overpass
7609153909,127.118655,37.525275,osm_overpass
7609153910,127.118299,37.525301,osm_overpass
7609153911,127.117936,37.525360,osm_overpass
765071226,127.083397,37.505546,osm_overpass
765071239,127.087125,37.503275,osm_overpass
765071272,127.085057,37.505097,osm_overpass
765071273,127.085100,37.505188,osm_overpass
765257618,127.090885,37.499525,osm_overpass
765257656,127.091932,37.501915,osm_overpass
765257667,127.089762,37.500186,osm_overpass
765257668,127.089916,37.500539,osm_overpass
765257669,127.090070,37.500873,osm_overpass
765257670,127.090226,37.501235,osm_overpass
765257671,127.090372,37.501569,osm_overpass
765257673,127.091482,37.500876,osm_overpass
765257677,127.091324,37.500527,osm_overpass
765257679,127.092096,37.502279,osm_overpass
765257680,127.090844,37.502632,osm_overpass
765257682,127.090681,37.502266,osm_overpass
765257688,127.090998,37.502963,osm_overpass
765257689,127.090562,37.501984,osm_overpass
765257690,127.090541,37.501926,osm_overpass
765257691,127.091778,37.501568,osm_overpass
765257693,127.090392,37.502735,osm_overpass
765257694,127.089148,37.503112,osm_overpass
765257697,127.088832,37.502417,osm_overpass
765257700,127.090243,37.502400,osm_overpass
765257703,127.091166,37.500178,osm_overpass
765257710,127.091631,37.501227,osm_overpass
765257714,127.096632,37.505106,osm_overpass
765257715,127.095691,37.505197,osm_overpass
765257717,127.093739,37.505545,osm_overpass
765257718,127.092370,37.506006,osm_overpass
765257719,127.096618,37.504710,osm_overpass
765257721,127.095644,37.504816,osm_overpass
765257723,127.093470,37.505290,osm_overpass
765257724,127.092219,37.505656,osm_overpass
765257726,127.091017,37.499829,osm_overpass
765257735,127.089304,37.503467,osm_overpass
765257737,127.092263,37.502621,osm_overpass
765257744,127.086711,37.502794,osm_overpass
765257758,127.096542,37.503979,osm_overpass
765257759,127.095523,37.504084,osm_overpass
765257761,127.093170,37.504590,osm_overpass
765257762,127.091914,37.504961,osm_overpass
765257763,127.091436,37.505041,osm_overpass
765257764,127.090347,37.505367,osm_overpass
765257765,127.091144,37.504383,osm_overpass
765257766,127.089984,37.504694,osm_overpass
765257772,127.091761,37.504613,osm_overpass
765257773,127.091606,37.504262,osm_overpass
765257781,127.096659,37.505459,osm_overpass
765257782,127.095756,37.505549,osm_overpass
765257784,127.093883,37.505865,osm_overpass
765257785,127.092502,37.506298,osm_overpass
765257786,127.092080,37.506476,osm_overpass
765257788,127.091376,37.506674,osm_overpass
765257789,127.090005,37.506644,osm_overpass
765257790,127.090615,37.506493,osm_overpass
765257791,127.091097,37.506358,osm_overpass
765257792,127.091925,37.506128,osm_overpass
765257794,127.094444,37.504612,osm_overpass
765257795,127.094911,37.506078,osm_overpass
765257797,127.091764,37.505776,osm_overpass
765257798,127.090843,37.506036,osm_overpass
765257799,127.088932,37.505381,osm_overpass
765257800,127.089548,37.505193,osm_overpass
765257801,127.090180,37.505046,osm_overpass
765257802,127.091303,37.504737,osm_overpass
765257814,127.092650,37.506627,osm_overpass
765257816,127.093895,37.506262,osm_overpass
765257817,127.095812,37.505914,osm_overpass
765257818,127.096694,37.505816,osm_overpass
765257819,127.097296,37.505773,osm_overpass
765257821,127.090998,37.504042,osm_overpass
765257822,127.091622,37.505425,osm_overpass
765257826,127.092069,37.505301,osm_overpass
765257827,127.092714,37.506776,osm_overpass
765257833,127.091938,37.507363,osm_overpass
765257834,127.091889,37.507279,osm_overpass
765257835,127.091599,37.506942,osm_overpass
765257836,127.090571,37.505708,osm_overpass
765257837,127.089791,37.504368,osm_overpass
765257841,127.088986,37.502755,osm_overpass
765257845,127.090735,37.499213,osm_overpass
765257847,127.092428,37.502977,osm_overpass
765257850,127.093307,37.504934,osm_overpass
765257851,127.094047,37.506578,osm_overpass
765257853,127.094222,37.507026,osm_overpass
765257855,127.091080,37.507016,osm_overpass
765257860,127.089062,37.504576,osm_overpass
765257865,127.096477,37.503217,osm_overpass
765257866,127.096583,37.504352,osm_overpass
765257868,127.096687,37.506165,osm_overpass
765257869,127.095860,37.506296,osm_overpass
765257874,127.095397,37.502521,osm_overpass
765257875,127.095587,37.504447,osm_overpass
765257879,127.096098,37.506725,osm_overpass
765257893,127.097364,37.496940,osm_overpass
765257940,127.097534,37.510022,osm_overpass
765257941,127.097532,37.509814,osm_overpass
765257942,127.097361,37.506738,osm_overpass
765257944,127.097346,37.506524,osm_overpass
765257945,127.097338,37.506423,osm_overpass
765257946,127.097134,37.504284,osm_overpass
765257970,127.097516,37.506501,osm_overpass
765257981,127.096396,37.502501,osm_overpass
7738899827,127.115165,37.522730,osm_overpass
7738899828,127.115004,37.522877,osm_overpass
7796531792,127.102523,37.510545,osm_overpass
7796531793,127.100130,37.513452,osm_overpass
7806023054,127.102912,37.509588,osm_overpass
7806023055,127.102608,37.509918,osm_overpass
7831346773,127.114829,37.518149,osm_overpass
7832077643,127.131831,37.517139,osm_overpass
7832077644,127.131538,37.516733,osm_overpass
7838675934,127.103025,37.510159,osm_overpass
7838675935,127.103329,37.509830,osm_overpass
7840621375,127.098257,37.520287,osm_overpass
7840621376,127.100078,37.520075,osm_overpass
7840621377,127.100203,37.519985,osm_overpass
7840621378,127.100347,37.519838,osm_overpass
7840621379,127.100628,37.519280,osm_overpass
7840621380,127.097503,37.519302,osm_overpass
7843154124,127.115203,37.518254,osm_overpass
7859893738,127.135963,37.502327,osm_overpass
7877518986,127.101412,37.511503,osm_overpass
7877518988,127.101946,37.511050,osm_overpass
7877518989,127.101955,37.511103,osm_overpass
7877518990,127.101861,37.511016,osm_overpass
7877518993,127.100225,37.513138,osm_overpass
795974529,127.028746,37.541770,osm_overpass
795974531,127.028910,37.541545,osm_overpass
795974534,127.030496,37.541281,osm_overpass
795974536,127.030834,37.541235,osm_overpass
795974612,127.032675,37.540865,osm_overpass
795974613,127.033823,37.540555,osm_overpass
795974614,127.034661,37.540286,osm_overpass
795974616,127.035138,37.540240,osm_overpass
795974618,127.036679,37.539654,osm_overpass
795974620,127.038049,37.539200,osm_overpass
795974636,127.041376,37.537925,osm_overpass
795974640,127.043261,37.537391,osm_overpass
795974649,127.045492,37.536931,osm_overpass
795976890,127.031581,37.541104,osm_overpass
795981815,127.051682,37.535206,osm_overpass
795981867,127.056775,37.533825,osm_overpass
795981886,127.059812,37.532220,osm_overpass
795981894,127.061285,37.531391,osm_overpass
795981935,127.065666,37.529490,osm_overpass
795981945,127.067027,37.529016,osm_overpass
795982037,127.075681,37.527137,osm_overpass
795982041,127.077333,37.526983,osm_overpass
795982045,127.078326,37.526887,osm_overpass
795982062,127.081457,37.526808,osm_overpass
795995827,127.085896,37.526968,osm_overpass
795995838,127.086268,37.527002,osm_overpass
795995846,127.086879,37.527105,osm_overpass
795995859,127.087982,37.527550,osm_overpass
795995872,127.089022,37.528150,osm_overpass
795995884,127.089047,37.528346,osm_overpass
795995891,127.089084,37.528494,osm_overpass
795995910,127.092019,37.530503,osm_overpass
795995927,127.093473,37.531667,osm_overpass
796018293,127.031451,37.544446,osm_overpass
796018330,127.028767,37.542747,osm_overpass
796018344,127.028621,37.542555,osm_overpass
796018352,127.028596,37.542511,osm_overpass
797027799,127.109593,37.530067,osm_overpass
797027802,127.109651,37.530188,osm_overpass
797027808,127.109949,37.531031,osm_overpass
797027810,127.110038,37.531914,osm_overpass
797027811,127.110111,37.532625,osm_overpass
797027813,127.110268,37.533321,osm_overpass
797027815,127.110501,37.533865,osm_overpass
797027817,127.110821,37.534452,osm_overpass
797027819,127.111457,37.535265,osm_overpass
797027824,127.111970,37.535737,osm_overpass
797027829,127.113058,37.536620,osm_overpass
797027831,127.115028,37.538211,osm_overpass
797028158,127.108135,37.530456,osm_overpass
797028166,127.108742,37.531887,osm_overpass
797030051,127.109806,37.534460,osm_overpass
797047014,127.114320,37.538044,osm_overpass
797047015,127.113663,37.537537,osm_overpass
797047018,127.111326,37.535464,osm_overpass
797047028,127.111016,37.535109,osm_overpass
797047029,127.109199,37.530954,osm_overpass
797047031,127.108858,37.530178,osm_overpass
797047034,127.108244,37.529048,osm_overpass
797047035,127.107767,37.528453,osm_overpass
797047037,127.106958,37.527645,osm_overpass
797047093,127.102577,37.523449,osm_overpass
797047134,127.103776,37.524404,osm_overpass
797047216,127.103370,37.524566,osm_overpass
797047844,127.103742,37.524023,osm_overpass
797047846,127.103903,37.523574,osm_overpass
797047848,127.104030,37.523485,osm_overpass
797047850,127.111786,37.523478,osm_overpass
797047870,127.102429,37.524559,osm_overpass
797047877,127.103024,37.524489,osm_overpass
797047882,127.103471,37.524275,osm_overpass
797047884,127.103642,37.524198,osm_overpass
797048119,127.107250,37.523341,osm_overpass
797048511,127.102091,37.524453,osm_overpass
797051247,127.103538,37.525524,osm_overpass
797051248,127.103791,37.525670,osm_overpass
797051249,127.103991,37.525897,osm_overpass
797051254,127.105952,37.526383,osm_overpass
797051272,127.108373,37.528150,osm_overpass
797051279,127.110407,37.527853,osm_overpass
797051476,127.111517,37.527367,osm_overpass
797051479,127.112473,37.527138,osm_overpass
797051482,127.112797,37.527106,osm_overpass
797051486,127.113545,37.527045,osm_overpass
797051489,127.113657,37.527053,osm_overpass
797051631,127.114838,37.526916,osm_overpass
797051634,127.113687,37.527212,osm_overpass
797051635,127.112443,37.527397,osm_overpass
797051636,127.111794,37.527576,osm_overpass
797051637,127.111127,37.527807,osm_overpass
797051638,127.110586,37.528054,osm_overpass
797051639,127.110093,37.528328,osm_overpass
797051642,127.108899,37.529277,osm_overpass
797051654,127.109639,37.528440,osm_overpass
797051655,127.109212,37.528766,osm_overpass
797051656,127.108763,37.529196,osm_overpass
797051665,127.112300,37.527558,osm_overpass
797051666,127.111714,37.527731,osm_overpass
797051668,127.110054,37.528456,osm_overpass
797051669,127.109843,37.528655,osm_overpass
797051670,127.109713,37.528865,osm_overpass
797051671,127.109625,37.529096,osm_overpass
797051672,127.109589,37.529329,osm_overpass
797051673,127.109618,37.529562,osm_overpass
797051674,127.109652,37.529674,osm_overpass
797051675,127.109929,37.530233,osm_overpass
797051850,127.121695,37.525932,osm_overpass
797051851,127.122267,37.526006,osm_overpass
797051852,127.122881,37.525977,osm_overpass
797051853,127.123412,37.525850,osm_overpass
797051854,127.123924,37.525679,osm_overpass
797051857,127.132934,37.521756,osm_overpass
797051901,127.122961,37.526209,osm_overpass
797051904,127.121676,37.526154,osm_overpass
797051907,127.119560,37.525543,osm_overpass
797051908,127.119157,37.525495,osm_overpass
797051909,127.118660,37.525494,osm_overpass
797051910,127.118128,37.525569,osm_overpass
797052146,127.099712,37.522736,osm_overpass
797052147,127.099414,37.522639,osm_overpass
797052157,127.096469,37.521013,osm_overpass
797052158,127.096119,37.520710,osm_overpass
797052396,127.097109,37.521216,osm_overpass
798555676,127.104775,37.524540,osm_overpass
798555678,127.105309,37.524561,osm_overpass
798555681,127.107260,37.524514,osm_overpass
798555684,127.115769,37.524532,osm_overpass
798555824,127.116412,37.524335,osm_overpass
798555826,127.116707,37.524295,osm_overpass
798555828,127.117267,37.524228,osm_overpass
798555829,127.117749,37.524565,osm_overpass
798555833,127.118101,37.524746,osm_overpass
798555834,127.118607,37.524790,osm_overpass
798555835,127.119469,37.525018,osm_overpass
798555836,127.121030,37.525394,osm_overpass
798555837,127.121434,37.525455,osm_overpass
798555838,127.121744,37.525466,osm_overpass
798555839,127.122762,37.525437,osm_overpass
798555840,127.123380,37.525332,osm_overpass
798555845,127.123890,37.525320,osm_overpass
798555846,127.124388,37.525160,osm_overpass
798555847,127.124736,37.525011,osm_overpass
798555848,127.127147,37.523963,osm_overpass
798555849,127.127248,37.523554,osm_overpass
798555850,127.127306,37.523452,osm_overpass
798555854,127.127605,37.523393,osm_overpass
798555855,127.128615,37.523581,osm_overpass
798555856,127.128728,37.523806,osm_overpass
798555857,127.129387,37.525058,osm_overpass
7986022363,127.109777,37.529904,osm_overpass
7986022364,127.109741,37.530391,osm_overpass
7986022375,127.110569,37.529775,osm_overpass
7986022376,127.110378,37.528741,osm_overpass
7986022377,127.110619,37.528396,osm_overpass
7986022378,127.110580,37.528256,osm_overpass
7986032165,127.110640,37.528519,osm_overpass
7986032166,127.108390,37.524750,osm_overpass
7986032167,127.108388,37.524798,osm_overpass
7986032168,127.108380,37.524924,osm_overpass
7986032169,127.107852,37.525261,osm_overpass
7986032170,127.107888,37.525298,osm_overpass
7986032171,127.107977,37.525337,osm_overpass
7986032182,127.111562,37.526546,osm_overpass
7986032183,127.110889,37.526835,osm_overpass
7993837574,127.112975,37.527940,osm_overpass
7993837575,127.113084,37.527895,osm_overpass
7993837576,127.113221,37.527882,osm_overpass
7993837577,127.111888,37.528555,osm_overpass
7995169939,127.110611,37.530933,osm_overpass
8043994877,127.108873,37.524749,osm_overpass
8043994880,127.106413,37.525787,osm_overpass
8043994881,127.106087,37.525599,osm_overpass
8044061787,127.108682,37.528236,osm_overpass
8044061820,127.112398,37.525981,osm_overpass
8044061822,127.113908,37.526881,osm_overpass
8046442205,127.117825,37.528527,osm_overpass
8046442206,127.117961,37.528751,osm_overpass
8046442207,127.117890,37.528782,osm_overpass
8046442208,127.118609,37.529947,osm_overpass
8062825614,127.119996,37.565766,osm_overpass
8062825615,127.119258,37.565196,osm_overpass
8062825616,127.114839,37.560357,osm_overpass
8062825617,127.114917,37.560680,osm_overpass
8062825618,127.114739,37.559724,osm_overpass
8062825619,127.114538,37.559269,osm_overpass
8062825621,127.114353,37.558904,osm_overpass
8062825622,127.114672,37.559514,osm_overpass
8062825623,127.114772,37.559928,osm_overpass
8062825624,127.114728,37.559662,osm_overpass
8062825625,127.113111,37.555207,osm_overpass
8064151613,127.083635,37.526895,osm_overpass
8064151614,127.086607,37.527048,osm_overpass
8064151615,127.087297,37.527236,osm_overpass
8064151616,127.087081,37.527157,osm_overpass
8064151619,127.088340,37.527713,osm_overpass
8064151621,127.094256,37.532370,osm_overpass
8064151631,127.095760,37.533377,osm_overpass
8064151632,127.095825,37.533281,osm_overpass
8064151633,127.091044,37.519267,osm_overpass
8064151634,127.091153,37.519265,osm_overpass
8064151635,127.091335,37.519237,osm_overpass
8064151636,127.091592,37.519261,osm_overpass
8064151637,127.090959,37.519257,osm_overpass
8064151642,127.071856,37.519611,osm_overpass
8082101122,127.100713,37.520694,osm_overpass
8082101123,127.100294,37.521323,osm_overpass
8082101127,127.100760,37.520612,osm_overpass
8082231939,127.100458,37.521392,osm_overpass
8082426630,127.102326,37.517700,osm_overpass
8082426631,127.101322,37.517311,osm_overpass
8082426632,127.100620,37.516943,osm_overpass
8082576277,127.107288,37.519551,osm_overpass
8082576278,127.106079,37.519362,osm_overpass
8082618977,127.098575,37.519880,osm_overpass
8082654950,127.096377,37.521842,osm_overpass
8082654951,127.095840,37.520998,osm_overpass
8082654952,127.096012,37.521746,osm_overpass
8082654953,127.096094,37.521330,osm_overpass
8082654954,127.096163,37.521482,osm_overpass
8082654955,127.096385,37.521402,osm_overpass
8082654956,127.096530,37.521372,osm_overpass
8082654957,127.096702,37.521436,osm_overpass
8082654958,127.096846,37.521517,osm_overpass
8082654959,127.096954,37.521538,osm_overpass
8082654960,127.097104,37.521513,osm_overpass
8082654961,127.097203,37.521475,osm_overpass
8082654963,127.098742,37.522379,osm_overpass
8082654966,127.099733,37.520256,osm_overpass
8082654967,127.099775,37.520312,osm_overpass
8084630765,127.097027,37.519502,osm_overpass
8084630766,127.096572,37.519261,osm_overpass
8088224987,127.101477,37.519564,osm_overpass
8088224988,127.100729,37.519239,osm_overpass
8088224989,127.100472,37.519684,osm_overpass
8088224990,127.099887,37.520266,osm_overpass
8088224998,127.100528,37.520546,osm_overpass
8088224999,127.100729,37.520270,osm_overpass
8088225000,127.100702,37.520208,osm_overpass
8088225001,127.101255,37.519470,osm_overpass
8088225002,127.101281,37.519481,osm_overpass
8088225003,127.101415,37.519297,osm_overpass
8088225005,127.101592,37.519386,osm_overpass
8088225006,127.100486,37.518173,osm_overpass
8088225009,127.100718,37.518192,osm_overpass
8088225012,127.101391,37.517345,osm_overpass
8088225013,127.100174,37.518568,osm_overpass
8088225015,127.101360,37.517387,osm_overpass
8088225016,127.100686,37.519037,osm_overpass
8088270317,127.100881,37.518967,osm_overpass
8088270319,127.100864,37.519016,osm_overpass
8088270320,127.102230,37.518401,osm_overpass
8088270653,127.097667,37.517032,osm_overpass
8089088748,127.101708,37.519364,osm_overpass
8089088749,127.101057,37.517796,osm_overpass
8089088750,127.101044,37.517768,osm_overpass
8089088751,127.099411,37.520744,osm_overpass
8089088754,127.098410,37.520233,osm_overpass
8089088757,127.100681,37.520741,osm_overpass
8089088759,127.100744,37.519213,osm_overpass
8089088760,127.100749,37.519137,osm_overpass
8089088761,127.100751,37.519074,osm_overpass
8089088762,127.100206,37.518646,osm_overpass
8089088763,127.101658,37.519285,osm_overpass
8089088765,127.101630,37.519328,osm_overpass
8089088766,127.100245,37.518603,osm_overpass
8089088771,127.102285,37.517767,osm_overpass
8089088772,127.102478,37.518013,osm_overpass
8089088773,127.102542,37.518009,osm_overpass
8089088774,127.102370,37.517623,osm_overpass
8089088775,127.102821,37.517488,osm_overpass
8089088776,127.103032,37.517868,osm_overpass
8089119640,127.098248,37.517699,osm_overpass
8089167400,127.099643,37.520240,osm_overpass
8089167401,127.099855,37.520136,osm_overpass
8089167402,127.100549,37.519520,osm_overpass
8089167403,127.100599,37.519371,osm_overpass
8089167404,127.100664,37.519158,osm_overpass
8089199161,127.097640,37.519189,osm_overpass
8089199162,127.099517,37.520102,osm_overpass
8089199164,127.097801,37.519613,osm_overpass
8089199165,127.099061,37.520278,osm_overpass
8089199168,127.098994,37.518683,osm_overpass
8089199169,127.099014,37.518459,osm_overpass
8089199170,127.100766,37.520665,osm_overpass
8089210700,127.100748,37.517088,osm_overpass
8089210701,127.098347,37.517685,osm_overpass
8089210702,127.099210,37.516493,osm_overpass
8090482169,127.089925,37.515979,osm_overpass
8090482170,127.103135,37.519674,osm_overpass
8093261844,127.096942,37.519617,osm_overpass
8093261845,127.100059,37.521611,osm_overpass
8093261846,127.098535,37.520079,osm_overpass
8093261847,127.099594,37.520242,osm_overpass
8093261848,127.099504,37.520249,osm_overpass
8093261850,127.099389,37.520230,osm_overpass
8093261851,127.098592,37.519651,osm_overpass
8093261853,127.098489,37.519991,osm_overpass
8093261855,127.097492,37.519167,osm_overpass
8093261856,127.098487,37.519780,osm_overpass
8093261858,127.099536,37.520904,osm_overpass
8093261863,127.096054,37.521272,osm_overpass
8093261864,127.096006,37.521225,osm_overpass
8093261865,127.095973,37.521166,osm_overpass
8093261866,127.095935,37.521112,osm_overpass
8093261867,127.095884,37.521049,osm_overpass
8093261868,127.097279,37.522097,osm_overpass
8093261869,127.097624,37.522194,osm_overpass
8093261870,127.097861,37.522254,osm_overpass
8093261871,127.098205,37.522299,osm_overpass
8093261872,127.098489,37.522375,osm_overpass
8093261873,127.096851,37.521289,osm_overpass
8093261874,127.097895,37.521907,osm_overpass
8093261875,127.099108,37.522500,osm_overpass
8093261877,127.100340,37.521307,osm_overpass
8093261878,127.100313,37.521293,osm_overpass
8093261879,127.100431,37.521310,osm_overpass
8093261880,127.100739,37.520706,osm_overpass
8093261881,127.100709,37.520756,osm_overpass
8093261882,127.099685,37.520270,osm_overpass
8093261883,127.099601,37.520277,osm_overpass
8093261884,127.099485,37.520282,osm_overpass
8093261885,127.099389,37.520280,osm_overpass
8093261889,127.098658,37.519928,osm_overpass
8093261892,127.098574,37.520031,osm_overpass
8093261893,127.100635,37.519255,osm_overpass
8093261894,127.101149,37.519474,osm_overpass
8093390285,127.097890,37.518189,osm_overpass
8093390286,127.098015,37.518084,osm_overpass
8096089002,127.099459,37.520247,osm_overpass
8096089003,127.100123,37.520048,osm_overpass
8096089004,127.099962,37.520127,osm_overpass
8096089006,127.099415,37.520240,osm_overpass
8096089007,127.099550,37.520246,osm_overpass
8096089008,127.099692,37.520241,osm_overpass
8096089009,127.100024,37.520105,osm_overpass
8096089010,127.100162,37.520021,osm_overpass
8096089011,127.099185,37.520129,osm_overpass
8096089012,127.099153,37.520167,osm_overpass
8096117918,127.099946,37.520077,osm_overpass
8096117919,127.100005,37.519993,osm_overpass
8096117920,127.100017,37.519917,osm_overpass
8096117921,127.100030,37.519783,osm_overpass
8096117922,127.100018,37.519689,osm_overpass
8096117923,127.099968,37.519614,osm_overpass
8096117924,127.099898,37.519553,osm_overpass
8096117925,127.099867,37.519540,osm_overpass
8096905848,127.099942,37.520781,osm_overpass
8096905851,127.100231,37.520919,osm_overpass
8096905853,127.100155,37.520445,osm_overpass
8096905854,127.100389,37.520732,osm_overpass
8096905855,127.100501,37.520599,osm_overpass
8096905856,127.100129,37.520476,osm_overpass
8096905857,127.100471,37.520635,osm_overpass
8096905858,127.098751,37.519816,osm_overpass
8096905859,127.099450,37.520150,osm_overpass
8096905860,127.099519,37.520160,osm_overpass
8096905861,127.099599,37.520147,osm_overpass
8096905862,127.099685,37.520132,osm_overpass
8096905863,127.099737,37.520123,osm_overpass
8096905864,127.099771,37.520105,osm_overpass
8096905865,127.099796,37.520095,osm_overpass
8096905866,127.099961,37.520186,osm_overpass
8096905867,127.100014,37.520155,osm_overpass
8096905868,127.100066,37.520133,osm_overpass
8096905869,127.100120,37.520101,osm_overpass
8096905870,127.100183,37.520062,osm_overpass
8096905871,127.100267,37.520001,osm_overpass
8096905872,127.100351,37.519912,osm_overpass
8096905873,127.100418,37.519836,osm_overpass
8096905874,127.100516,37.519705,osm_overpass
8096905875,127.100568,37.519629,osm_overpass
8096905876,127.100619,37.519529,osm_overpass
8096905877,127.100639,37.519456,osm_overpass
8096905878,127.100656,37.519383,osm_overpass
8096905879,127.100675,37.519324,osm_overpass
8096905880,127.100701,37.519284,osm_overpass
8096905881,127.102240,37.518384,osm_overpass
8096905882,127.102266,37.518346,osm_overpass
8096905883,127.100344,37.518650,osm_overpass
8096976295,127.104147,37.515495,osm_overpass
8096976296,127.103557,37.514907,osm_overpass
8096976297,127.104022,37.515425,osm_overpass
8096976298,127.103773,37.514591,osm_overpass
8096976301,127.104272,37.515069,osm_overpass
8096976302,127.104349,37.514934,osm_overpass
8096976303,127.104417,37.514804,osm_overpass
8096976308,127.104199,37.514709,osm_overpass
8096998240,127.106667,37.519454,osm_overpass
8104020279,127.099590,37.520837,osm_overpass
8104020280,127.099883,37.520003,osm_overpass
8104020288,127.099764,37.519574,osm_overpass
8104020289,127.099931,37.519360,osm_overpass
8104020290,127.099662,37.519237,osm_overpass
8104020291,127.098898,37.519379,osm_overpass
8104020294,127.100376,37.518612,osm_overpass
8104020295,127.100401,37.518572,osm_overpass
8104020296,127.100446,37.518505,osm_overpass
8104020297,127.100484,37.518457,osm_overpass
8104020302,127.100561,37.518422,osm_overpass
8104020303,127.100611,37.518403,osm_overpass
8104020304,127.100691,37.518394,osm_overpass
8104020305,127.100788,37.518393,osm_overpass
8104020306,127.100836,37.518384,osm_overpass
8104020307,127.100879,37.518334,osm_overpass
8104020308,127.100887,37.518262,osm_overpass
8104020309,127.101100,37.517973,osm_overpass
8104035662,127.100410,37.519764,osm_overpass
8104035663,127.100638,37.516812,osm_overpass
8104035664,127.101051,37.516090,osm_overpass
8104035665,127.103117,37.516792,osm_overpass
8104035666,127.101022,37.516041,osm_overpass
8104035685,127.104235,37.520412,osm_overpass
8104035686,127.104855,37.520615,osm_overpass
8104035687,127.098692,37.519886,osm_overpass
8116304223,127.099664,37.520745,osm_overpass
8116304224,127.099729,37.520779,osm_overpass
8116304225,127.100436,37.520618,osm_overpass
8116304226,127.100516,37.520658,osm_overpass
8116304227,127.100314,37.519872,osm_overpass
8116304228,127.100724,37.520056,osm_overpass
8116304229,127.100365,37.519896,osm_overpass
8116304230,127.100469,37.519942,osm_overpass
8116304231,127.100875,37.519357,osm_overpass
8116304232,127.100870,37.520723,osm_overpass
8116304233,127.100778,37.520640,osm_overpass
8116304234,127.101954,37.518964,osm_overpass
8116304235,127.102346,37.519114,osm_overpass
8116304236,127.102131,37.519506,osm_overpass
8116304237,127.102668,37.519709,osm_overpass
8116304244,127.100602,37.520701,osm_overpass
8116304246,127.100089,37.520457,osm_overpass
8116304247,127.100168,37.520494,osm_overpass
8116304248,127.100241,37.520990,osm_overpass
8116304249,127.100860,37.520829,osm_overpass
8116304250,127.101103,37.520429,osm_overpass
8116304251,127.101627,37.520613,osm_overpass
8116304252,127.101354,37.521083,osm_overpass
8116304253,127.101743,37.521241,osm_overpass
8116304254,127.101601,37.520658,osm_overpass
8116304255,127.101963,37.520781,osm_overpass
8116304256,127.102229,37.520591,osm_overpass
8116304257,127.103315,37.520998,osm_overpass
8116304258,127.103529,37.520620,osm_overpass
8116304259,127.103586,37.520641,osm_overpass
8116304260,127.104031,37.519875,osm_overpass
8116304261,127.103801,37.519783,osm_overpass
8116304262,127.101501,37.519847,osm_overpass
8116304263,127.102284,37.520146,osm_overpass
8116304264,127.102452,37.520210,osm_overpass
8116304265,127.103722,37.518145,osm_overpass
8116304266,127.103547,37.518432,osm_overpass
8116304267,127.102391,37.520186,osm_overpass
8116304268,127.100816,37.520811,osm_overpass
8116819791,127.113952,37.519859,osm_overpass
8116819792,127.113822,37.519986,osm_overpass
8116819793,127.108172,37.519114,osm_overpass
8116819794,127.108281,37.518531,osm_overpass
8116819795,127.108796,37.516487,osm_overpass
8116819796,127.108689,37.516477,osm_overpass
8116819797,127.108992,37.516256,osm_overpass
8116819798,127.113622,37.519955,osm_overpass
8116819799,127.105410,37.518843,osm_overpass
8116819801,127.109561,37.519460,osm_overpass
8116819802,127.110132,37.519549,osm_overpass
8116819803,127.110733,37.519642,osm_overpass
8116819804,127.112001,37.519840,osm_overpass
8116819805,127.112183,37.519868,osm_overpass
8116819806,127.112095,37.519854,osm_overpass
8116819807,127.112865,37.520086,osm_overpass
8116819808,127.112778,37.520102,osm_overpass
8116819809,127.112733,37.520125,osm_overpass
8116819810,127.112702,37.520161,osm_overpass
8116819811,127.112690,37.520211,osm_overpass
8116819816,127.112003,37.520227,osm_overpass
8116864617,127.112796,37.520341,osm_overpass
8116864619,127.105723,37.520730,osm_overpass
8116864620,127.105854,37.520748,osm_overpass
8116864621,127.106762,37.519044,osm_overpass
8116864622,127.108052,37.519235,osm_overpass
8116864623,127.108008,37.519229,osm_overpass
8116864624,127.108104,37.519243,osm_overpass
8116864625,127.108137,37.519248,osm_overpass
8116864626,127.108153,37.519181,osm_overpass
8116864627,127.109615,37.519468,osm_overpass
8116864628,127.109650,37.519344,osm_overpass
8116864629,127.112031,37.519710,osm_overpass
8116864630,127.112217,37.519739,osm_overpass
8116864631,127.112197,37.519814,osm_overpass
8116864632,127.112013,37.519785,osm_overpass
8116864633,127.112894,37.519979,osm_overpass
8116864634,127.112815,37.519966,osm_overpass
8116864635,127.112978,37.519992,osm_overpass
8116864636,127.109631,37.519412,osm_overpass
8143521211,127.100235,37.521451,osm_overpass
8143521212,127.100759,37.520781,osm_overpass
8143562578,127.098517,37.519955,osm_overpass
8173596237,127.104174,37.512406,osm_overpass
8173596238,127.104701,37.512666,osm_overpass
8173596239,127.105755,37.513208,osm_overpass
8173596240,127.104314,37.512198,osm_overpass
8173596241,127.103731,37.512932,osm_overpass
8173596242,127.103723,37.512976,osm_overpass
8173596243,127.103709,37.513017,osm_overpass
8173596244,127.103688,37.513050,osm_overpass
8173596245,127.103656,37.513082,osm_overpass
8173596255,127.102607,37.511898,osm_overpass
8173596256,127.102030,37.511744,osm_overpass
8173596257,127.101960,37.511778,osm_overpass
8173596258,127.102416,37.511530,osm_overpass
8173596259,127.102681,37.511471,osm_overpass
8173596260,127.103505,37.512002,osm_overpass
8173596261,127.103068,37.512243,osm_overpass
8173596262,127.103151,37.512215,osm_overpass
8173596263,127.102760,37.512062,osm_overpass
8173596264,127.102718,37.512055,osm_overpass
8173596265,127.102655,37.512057,osm_overpass
8173596266,127.102609,37.512066,osm_overpass
8173596267,127.102616,37.511932,osm_overpass
8173596268,127.102606,37.511953,osm_overpass
8173596269,127.102608,37.511993,osm_overpass
8173596270,127.102617,37.512014,osm_overpass
8173596271,127.102646,37.512042,osm_overpass
8173596272,127.102670,37.512056,osm_overpass
8173596273,127.103118,37.512231,osm_overpass
8173596274,127.101946,37.511892,osm_overpass
8173596275,127.101986,37.511825,osm_overpass
8173596276,127.102017,37.511800,osm_overpass
8173596277,127.102050,37.511791,osm_overpass
8173596278,127.102091,37.511790,osm_overpass
8173596279,127.102126,37.511800,osm_overpass
8173596280,127.102323,37.511862,osm_overpass
8173596281,127.103237,37.512055,osm_overpass
8173596282,127.103411,37.512135,osm_overpass
8173596283,127.103430,37.512155,osm_overpass
8173596284,127.103437,37.512195,osm_overpass
8173596285,127.103419,37.512227,osm_overpass
8173596286,127.103381,37.512274,osm_overpass
8173596287,127.103337,37.512296,osm_overpass
8173596288,127.103305,37.512306,osm_overpass
8173596289,127.103283,37.512309,osm_overpass
8173596290,127.103255,37.512307,osm_overpass
8173596291,127.103241,37.512305,osm_overpass
8173596292,127.103352,37.512083,osm_overpass
8173596293,127.102034,37.511831,osm_overpass
8173596294,127.102081,37.511832,osm_overpass
8173596295,127.102350,37.511926,osm_overpass
8173596296,127.102422,37.511940,osm_overpass
8173596297,127.102476,37.511944,osm_overpass
8173596298,127.102524,37.511945,osm_overpass
8173596299,127.102543,37.511944,osm_overpass
8173596300,127.102390,37.511954,osm_overpass
8173596301,127.102401,37.511980,osm_overpass
8173596302,127.102397,37.512015,osm_overpass
8173596303,127.102364,37.512089,osm_overpass
8173596304,127.102401,37.511997,osm_overpass
8173596305,127.102684,37.512115,osm_overpass
8173596306,127.102602,37.512097,osm_overpass
8173596308,127.101917,37.511971,osm_overpass
8173596309,127.102068,37.511741,osm_overpass
8173596310,127.103097,37.512239,osm_overpass
8173596311,127.102643,37.512104,osm_overpass
8173596312,127.102950,37.512126,osm_overpass
8173596468,127.102265,37.512165,osm_overpass
8173596469,127.102228,37.512175,osm_overpass
8173596470,127.102182,37.512177,osm_overpass
8173596471,127.101937,37.512066,osm_overpass
8173596472,127.101915,37.512045,osm_overpass
8173596473,127.101896,37.512017,osm_overpass
8173596474,127.101887,37.511992,osm_overpass
8173596475,127.101887,37.511964,osm_overpass
8173596476,127.101894,37.511938,osm_overpass
8173596477,127.101901,37.511956,osm_overpass
8173699985,127.102273,37.512126,osm_overpass
8178029644,127.127726,37.504248,osm_overpass
8178029645,127.127660,37.504146,osm_overpass
8178029646,127.127730,37.504082,osm_overpass
8178029647,127.127765,37.504039,osm_overpass
8178029648,127.127864,37.504074,osm_overpass
8178029649,127.127945,37.504104,osm_overpass
8178029650,127.127995,37.504155,osm_overpass
8178029651,127.127941,37.504224,osm_overpass
8178029652,127.127876,37.504266,osm_overpass
8178029653,127.128067,37.504162,osm_overpass
8178029654,127.128114,37.504214,osm_overpass
8178029655,127.127699,37.503972,osm_overpass
8178029657,127.127854,37.503999,osm_overpass
8178029658,127.127916,37.503957,osm_overpass
8178029659,127.128038,37.504004,osm_overpass
8178029660,127.128098,37.504056,osm_overpass
8178029661,127.128092,37.504126,osm_overpass
8178029662,127.127712,37.504268,osm_overpass
8178029663,127.127541,37.504110,osm_overpass
8178029664,127.127723,37.503997,osm_overpass
8182408420,127.104951,37.513383,osm_overpass
8182408421,127.105163,37.513452,osm_overpass
8182408422,127.104654,37.513249,osm_overpass
8182408423,127.104537,37.513208,osm_overpass
8182408424,127.103967,37.513031,osm_overpass
8182408425,127.104078,37.513064,osm_overpass
8182408426,127.103845,37.513064,osm_overpass
8182408427,127.103788,37.513138,osm_overpass
8190955379,127.098416,37.519745,osm_overpass
8190955380,127.098507,37.519610,osm_overpass
8219344354,127.100324,37.521328,osm_overpass
8219344356,127.100206,37.521435,osm_overpass
8219344357,127.095243,37.521304,osm_overpass
8219344358,127.094991,37.520710,osm_overpass
8219344359,127.095055,37.520613,osm_overpass
8219344360,127.095369,37.521377,osm_overpass
8219344361,127.095388,37.520787,osm_overpass
8219344362,127.095533,37.521470,osm_overpass
8219344363,127.096063,37.521487,osm_overpass
8219344364,127.098453,37.522366,osm_overpass
8219344365,127.098650,37.522548,osm_overpass
8219344366,127.098975,37.522729,osm_overpass
8219344367,127.099207,37.522864,osm_overpass
8219344368,127.099552,37.522977,osm_overpass
8219344369,127.099833,37.523151,osm_overpass
8219344370,127.100065,37.523242,osm_overpass
8219344371,127.100426,37.523287,osm_overpass
8219344372,127.100707,37.523380,osm_overpass
8219344373,127.100967,37.523451,osm_overpass
8219344374,127.101138,37.523471,osm_overpass
8219344375,127.098906,37.522691,osm_overpass
8242309797,127.107323,37.499328,osm_overpass
8242309798,127.107370,37.499230,osm_overpass
8242309799,127.108716,37.499654,osm_overpass
8242309800,127.108594,37.499898,osm_overpass
8242309802,127.109355,37.500135,osm_overpass
8256489751,127.028776,37.541700,osm_overpass
8256489752,127.028844,37.541605,osm_overpass
8256489753,127.028597,37.542114,osm_overpass
8256489754,127.028949,37.541520,osm_overpass
8256489755,127.029043,37.541470,osm_overpass
8256489759,127.028699,37.542668,osm_overpass
8256489762,127.028622,37.542060,osm_overpass
8256489763,127.028814,37.541638,osm_overpass
8256489764,127.028656,37.542611,osm_overpass
8266132948,127.100048,37.520574,osm_overpass
8266132949,127.100099,37.520598,osm_overpass
8270018166,127.112730,37.536745,osm_overpass
8270048077,127.099988,37.521827,osm_overpass
8357174039,127.117051,37.524592,osm_overpass
8357174040,127.117154,37.525215,osm_overpass
8357174041,127.117161,37.525110,osm_overpass
8357174042,127.116367,37.523794,osm_overpass
8357174043,127.115652,37.522611,osm_overpass
8357174044,127.115510,37.522582,osm_overpass
8357174045,127.115444,37.522653,osm_overpass
8357174046,127.115210,37.523009,osm_overpass
8357174047,127.114924,37.523115,osm_overpass
8357174048,127.114402,37.523123,osm_overpass
8357174049,127.113987,37.523127,osm_overpass
8357174050,127.113438,37.523125,osm_overpass
8357174051,127.116059,37.523302,osm_overpass
8357174052,127.116129,37.523414,osm_overpass
8357174053,127.116743,37.524399,osm_overpass
8357174097,127.103838,37.523324,osm_overpass
8357174098,127.103482,37.523272,osm_overpass
8357174099,127.102954,37.510238,osm_overpass
8357174101,127.102923,37.510571,osm_overpass
8357174103,127.102595,37.510067,osm_overpass
8357174140,127.098748,37.509754,osm_overpass
8357174141,127.101787,37.510716,osm_overpass
8359696227,127.112859,37.521834,osm_overpass
8359696228,127.112866,37.521804,osm_overpass
8359724177,127.108885,37.521180,osm_overpass
8378192216,127.136090,37.527482,osm_overpass
8378283470,127.139589,37.520209,osm_overpass
8378283471,127.139905,37.520377,osm_overpass
8408796983,127.139818,37.498029,osm_overpass
8431981075,127.117125,37.525132,osm_overpass
8431981076,127.116901,37.525066,osm_overpass
8431981077,127.117073,37.525175,osm_overpass
8432257668,127.121629,37.514219,osm_overpass
8432257669,127.122696,37.514495,osm_overpass
8432257670,127.122580,37.514403,osm_overpass
8432257671,127.122458,37.514355,osm_overpass
8432257672,127.122254,37.514320,osm_overpass
8432257673,127.122114,37.514308,osm_overpass
8432257674,127.122866,37.514473,osm_overpass
8432257675,127.122829,37.514393,osm_overpass
8432257676,127.122820,37.514318,osm_overpass
8432257677,127.122826,37.514184,osm_overpass
8432257680,127.119287,37.515426,osm_overpass
8435036727,127.131576,37.503589,osm_overpass
8435036728,127.130462,37.503534,osm_overpass
8435036729,127.130578,37.503602,osm_overpass
8435036730,127.130654,37.503682,osm_overpass
8435036731,127.130867,37.503785,osm_overpass
8435036732,127.130963,37.503790,osm_overpass
8435036733,127.131066,37.503697,osm_overpass
8435036734,127.131101,37.503639,osm_overpass
8435036735,127.131172,37.503542,osm_overpass
8435036736,127.131214,37.503496,osm_overpass
8435036737,127.131332,37.503407,osm_overpass
8435036738,127.131390,37.503379,osm_overpass
8435036739,127.131475,37.503411,osm_overpass
8435036753,127.131832,37.504613,osm_overpass
8435036776,127.132753,37.500304,osm_overpass
8435040720,127.121204,37.519096,osm_overpass
8435040721,127.121117,37.519172,osm_overpass
8435040722,127.120996,37.519232,osm_overpass
8435040723,127.120857,37.519244,osm_overpass
8435040724,127.120768,37.519200,osm_overpass
8435040725,127.120719,37.519065,osm_overpass
8435040726,127.120697,37.518940,osm_overpass
8435040727,127.120688,37.518778,osm_overpass
8435040728,127.120705,37.518600,osm_overpass
8435040729,127.120714,37.518486,osm_overpass
8435040730,127.120747,37.518416,osm_overpass
8435040731,127.120810,37.518370,osm_overpass
8435040732,127.120958,37.518455,osm_overpass
8435040733,127.121069,37.518547,osm_overpass
8435040734,127.121106,37.518596,osm_overpass
8435040735,127.121097,37.518780,osm_overpass
8435040736,127.121120,37.518908,osm_overpass
8435040737,127.121174,37.519006,osm_overpass
8435040738,127.120930,37.519190,osm_overpass
8435040739,127.120867,37.519114,osm_overpass
8435040740,127.120845,37.519057,osm_overpass
8435040741,127.120816,37.518957,osm_overpass
8435040742,127.120822,37.518797,osm_overpass
8435040743,127.120842,37.518621,osm_overpass
8435040744,127.120901,37.518475,osm_overpass
8435040745,127.120996,37.518425,osm_overpass
8435040746,127.121100,37.519180,osm_overpass
8435040747,127.120977,37.519045,osm_overpass
8435040748,127.120906,37.518939,osm_overpass
8435040749,127.120960,37.518788,osm_overpass
8435040750,127.120979,37.518721,osm_overpass
8435040751,127.120970,37.518658,osm_overpass
8435040752,127.120974,37.518568,osm_overpass
8435040753,127.121021,37.518507,osm_overpass
8435040754,127.120702,37.518974,osm_overpass
8435040755,127.120690,37.518805,osm_overpass
8435040756,127.121103,37.518661,osm_overpass
8435040757,127.120843,37.519049,osm_overpass
8435040758,127.120968,37.519033,osm_overpass
8435040759,127.120971,37.518641,osm_overpass
8435040760,127.124846,37.519205,osm_overpass
8435040761,127.124782,37.519203,osm_overpass
8435040762,127.124723,37.519185,osm_overpass
8435040763,127.124673,37.519153,osm_overpass
8435040764,127.124640,37.519110,osm_overpass
8435040765,127.124624,37.519061,osm_overpass
8435040766,127.124639,37.518987,osm_overpass
8435040767,127.124654,37.518964,osm_overpass
8435040768,127.124696,37.518926,osm_overpass
8435040769,127.124751,37.518901,osm_overpass
8435040770,127.124844,37.518891,osm_overpass
8435040771,127.124930,37.518914,osm_overpass
8435040772,127.124976,37.518946,osm_overpass
8435040773,127.125017,37.519011,osm_overpass
8435040774,127.125018,37.519084,osm_overpass
8435040775,127.124977,37.519149,osm_overpass
8435040776,127.124932,37.519181,osm_overpass
8435040777,127.124905,37.519193,osm_overpass
8435040778,127.124814,37.519206,osm_overpass
8435040779,127.124751,37.519196,osm_overpass
8435040780,127.124696,37.519170,osm_overpass
8435040781,127.124654,37.519132,osm_overpass
8435040782,127.124629,37.519086,osm_overpass
8435040783,127.124629,37.519011,osm_overpass
8435040784,127.124624,37.519036,osm_overpass
8435040785,127.124673,37.518944,osm_overpass
8435040786,127.124722,37.518912,osm_overpass
8435040787,127.124813,37.518890,osm_overpass
8435040788,127.124874,37.518895,osm_overpass
8435040789,127.124903,37.518903,osm_overpass
8435040790,127.124955,37.518929,osm_overpass
8435040791,127.124994,37.518966,osm_overpass
8435040792,127.125008,37.518988,osm_overpass
8435040793,127.125022,37.519035,osm_overpass
8435040794,127.125022,37.519059,osm_overpass
8435040795,127.125009,37.519107,osm_overpass
8435040796,127.124995,37.519129,osm_overpass
8435040797,127.124956,37.519166,osm_overpass
8435040798,127.124876,37.519201,osm_overpass
8435040799,127.124774,37.518895,osm_overpass
8436624807,127.134279,37.535201,osm_overpass
8436639415,127.112405,37.517418,osm_overpass
8436639416,127.113279,37.518403,osm_overpass
8436639417,127.113153,37.518334,osm_overpass
8436639418,127.112923,37.518035,osm_overpass
8436639419,127.112709,37.517798,osm_overpass
8436639420,127.112622,37.517701,osm_overpass
8436639421,127.112533,37.517638,osm_overpass
8436639422,127.112406,37.517575,osm_overpass
8436639423,127.112156,37.517452,osm_overpass
8436639424,127.111591,37.517193,osm_overpass
8436639425,127.101441,37.513754,osm_overpass
8436639426,127.099536,37.514223,osm_overpass
8436639427,127.098468,37.515669,osm_overpass
8436639428,127.098443,37.515815,osm_overpass
8436639429,127.098427,37.515910,osm_overpass
8436639430,127.098429,37.515974,osm_overpass
8436639431,127.098467,37.516042,osm_overpass
8436639432,127.098624,37.516176,osm_overpass
8436639433,127.101177,37.515085,osm_overpass
8436639436,127.104730,37.518552,osm_overpass
8437238160,127.133884,37.521485,osm_overpass
8437329856,127.113063,37.517388,osm_overpass
8442226688,127.122924,37.505228,osm_overpass
8442852754,127.117404,37.525162,osm_overpass
8442852755,127.117463,37.525416,osm_overpass
8442852756,127.109977,37.524745,osm_overpass
8442852757,127.106389,37.525947,osm_overpass
8442852758,127.106076,37.525534,osm_overpass
8442852759,127.108934,37.528571,osm_overpass
8442852760,127.109098,37.528568,osm_overpass
8442852762,127.109214,37.528530,osm_overpass
8442852763,127.109456,37.528386,osm_overpass
8442852764,127.109796,37.528177,osm_overpass
8442852768,127.108580,37.528281,osm_overpass
8442852769,127.109018,37.528576,osm_overpass
8442852772,127.108041,37.524748,osm_overpass
8450140658,127.087864,37.527478,osm_overpass
8450140659,127.088101,37.527610,osm_overpass
8450140660,127.089044,37.528401,osm_overpass
8450140661,127.089059,37.528464,osm_overpass
8450140662,127.089108,37.528524,osm_overpass
8450140663,127.089150,37.528559,osm_overpass
8450140667,127.094387,37.532490,osm_overpass
8450140668,127.093709,37.531885,osm_overpass
8450140669,127.093323,37.531534,osm_overpass
8450140670,127.092633,37.530980,osm_overpass
8450140671,127.092933,37.531215,osm_overpass
8450140672,127.093181,37.531386,osm_overpass
8450140673,127.092357,37.530760,osm_overpass
8450140832,127.035303,37.540204,osm_overpass
8450140837,127.037117,37.539525,osm_overpass
8450140838,127.036395,37.539742,osm_overpass
8450140840,127.039189,37.538764,osm_overpass
8450140845,127.045018,37.537044,osm_overpass
8450140846,127.048356,37.536127,osm_overpass
8450140847,127.049706,37.535751,osm_overpass
8450140848,127.055113,37.534272,osm_overpass
8450140849,127.055359,37.534233,osm_overpass
8450140850,127.056157,37.534019,osm_overpass
8450140851,127.056674,37.533864,osm_overpass
8450140853,127.060632,37.531740,osm_overpass
8450140854,127.062702,37.530774,osm_overpass
8450140856,127.064987,37.529700,osm_overpass
8450140858,127.066112,37.529312,osm_overpass
8450140859,127.067521,37.528870,osm_overpass
8450140861,127.075535,37.527156,osm_overpass
8450140862,127.078641,37.526862,osm_overpass
8450140863,127.082382,37.526843,osm_overpass
845893207,127.114021,37.517215,osm_overpass
845893261,127.124559,37.504720,osm_overpass
845893323,127.123485,37.503948,osm_overpass
845893336,127.134158,37.498429,osm_overpass
845893456,127.122761,37.505125,osm_overpass
845893487,127.124432,37.505011,osm_overpass
845893533,127.123799,37.504097,osm_overpass
845893619,127.120707,37.514815,osm_overpass
845893623,127.122942,37.504890,osm_overpass
845893655,127.124387,37.505391,osm_overpass
845893665,127.123992,37.505739,osm_overpass
845893667,127.138637,37.507541,osm_overpass
845893692,127.124046,37.504178,osm_overpass
845893702,127.135012,37.508827,osm_overpass
845893727,127.124737,37.504428,osm_overpass
845893745,127.123045,37.504658,osm_overpass
845893762,127.124476,37.505825,osm_overpass
845893781,127.123801,37.505652,osm_overpass
845893791,127.135189,37.508964,osm_overpass
845893796,127.129917,37.510900,osm_overpass
845893817,127.124336,37.504207,osm_overpass
845893821,127.138745,37.507313,osm_overpass
845893900,127.123094,37.504410,osm_overpass
845893919,127.116686,37.507752,osm_overpass
845893943,127.124678,37.506449,osm_overpass
845893950,127.123657,37.513737,osm_overpass
845893964,127.123361,37.505509,osm_overpass
845894085,127.123073,37.504124,osm_overpass
845894140,127.133234,37.509791,osm_overpass
845894163,127.126492,37.512576,osm_overpass
845894190,127.122929,37.505455,osm_overpass
845894225,127.124959,37.504111,osm_overpass
845894226,127.115270,37.516465,osm_overpass
845894231,127.115627,37.516631,osm_overpass
845894297,127.123075,37.503675,osm_overpass
845894314,127.130030,37.511133,osm_overpass
845975885,127.105238,37.504446,osm_overpass
845975894,127.111701,37.509504,osm_overpass
845975942,127.109071,37.506414,osm_overpass
845975949,127.105532,37.504560,osm_overpass
845975955,127.112202,37.510280,osm_overpass
845975970,127.116049,37.516473,osm_overpass
845975996,127.112396,37.499344,osm_overpass
845976007,127.132532,37.521887,osm_overpass
845976012,127.109877,37.507146,osm_overpass
845976022,127.096976,37.502383,osm_overpass
845976066,127.108756,37.506281,osm_overpass
845976069,127.134729,37.520887,osm_overpass
845976071,127.110503,37.507805,osm_overpass
845976076,127.105279,37.504341,osm_overpass
845976087,127.117508,37.499605,osm_overpass
845976108,127.103017,37.509648,osm_overpass
845976123,127.103240,37.509778,osm_overpass
845976138,127.111085,37.508540,osm_overpass
845976141,127.121030,37.501866,osm_overpass
845976187,127.103677,37.509223,osm_overpass
8474224456,127.132249,37.500863,osm_overpass
8474224457,127.133826,37.504369,osm_overpass
8474224471,127.131765,37.505610,osm_overpass
8474224472,127.128523,37.502138,osm_overpass
8474224474,127.130387,37.504135,osm_overpass
8474224476,127.128496,37.502048,osm_overpass
8474224477,127.128541,37.501964,osm_overpass
8474224478,127.128573,37.501917,osm_overpass
8474224479,127.128636,37.501852,osm_overpass
8474224480,127.128715,37.501790,osm_overpass
8474224481,127.134028,37.498708,osm_overpass
8474224482,127.134230,37.498701,osm_overpass
8474224483,127.134347,37.498776,osm_overpass
8474224484,127.136065,37.500155,osm_overpass
8474224485,127.136088,37.500197,osm_overpass
8474224486,127.136091,37.500262,osm_overpass
8474224487,127.136050,37.500307,osm_overpass
8474224488,127.128812,37.501734,osm_overpass
8474224489,127.131523,37.500010,osm_overpass
8474224491,127.131108,37.500217,osm_overpass
8474224492,127.130788,37.500401,osm_overpass
8474224495,127.134288,37.498725,osm_overpass
8474224501,127.133739,37.501170,osm_overpass
8474224518,127.131605,37.502814,osm_overpass
8474224547,127.131984,37.504129,osm_overpass
8474224589,127.132908,37.503832,osm_overpass
8474224611,127.131827,37.502943,osm_overpass
8474224613,127.131082,37.503670,osm_overpass
8474224614,127.130923,37.503603,osm_overpass
8474224615,127.130881,37.503464,osm_overpass
8474224616,127.130612,37.503318,osm_overpass
8474224617,127.130684,37.503278,osm_overpass
8474224619,127.130781,37.503111,osm_overpass
8474224620,127.130808,37.503068,osm_overpass
8474224621,127.130935,37.503126,osm_overpass
8474224622,127.131152,37.503235,osm_overpass
8474224623,127.131260,37.503292,osm_overpass
8474224624,127.131310,37.503326,osm_overpass
8474224625,127.131041,37.503179,osm_overpass
8474224626,127.131068,37.503301,osm_overpass
8474224627,127.131294,37.503435,osm_overpass
8474224628,127.131044,37.503394,osm_overpass
8474224629,127.131202,37.503509,osm_overpass
8474224630,127.130968,37.503622,osm_overpass
8474224631,127.130841,37.503772,osm_overpass
8474224632,127.131019,37.503740,osm_overpass
8474224633,127.130524,37.503467,osm_overpass
8474224634,127.130610,37.503515,osm_overpass
8474224635,127.130548,37.503580,osm_overpass
8474224649,127.129777,37.503480,osm_overpass
8474224667,127.132029,37.500608,osm_overpass
8474224669,127.131667,37.500180,osm_overpass
8474224672,127.131836,37.500380,osm_overpass
8474224673,127.131524,37.500174,osm_overpass
8474224674,127.131621,37.500126,osm_overpass
8474224675,127.131673,37.502853,osm_overpass
8474224676,127.130916,37.503683,osm_overpass
8493888383,127.130796,37.515959,osm_overpass
8495397532,127.098497,37.520747,osm_overpass
8509307196,127.127795,37.504354,osm_overpass
8509307197,127.128087,37.504184,osm_overpass
8509307199,127.127944,37.503860,osm_overpass
8509307200,127.128200,37.504117,osm_overpass
8509307201,127.127783,37.504267,osm_overpass
8509307202,127.127829,37.504272,osm_overpass
8509307203,127.127697,37.504193,osm_overpass
8509307204,127.127689,37.504112,osm_overpass
8509307205,127.127820,37.504031,osm_overpass
8509307206,127.119680,37.507936,osm_overpass
8509307207,127.119740,37.507999,osm_overpass
8509307208,127.119934,37.507953,osm_overpass
8509307209,127.119604,37.507783,osm_overpass
8509307210,127.119982,37.507868,osm_overpass
8509307211,127.119927,37.507791,osm_overpass
8509307212,127.119882,37.507728,osm_overpass
8509307213,127.119844,37.507697,osm_overpass
8509307214,127.119769,37.507676,osm_overpass
8509307215,127.119671,37.507660,osm_overpass
8509307216,127.119669,37.507595,osm_overpass
8509314917,127.119671,37.507509,osm_overpass
8509314918,127.119693,37.507380,osm_overpass
8538952312,127.034755,37.540272,osm_overpass
8538952313,127.034831,37.540262,osm_overpass
8547430320,127.106807,37.505502,osm_overpass
8547430321,127.106783,37.505431,osm_overpass
8547430324,127.106753,37.505268,osm_overpass
8547430327,127.106640,37.505076,osm_overpass
8547430329,127.107368,37.504839,osm_overpass
8547430330,127.107204,37.504896,osm_overpass
8547430331,127.107106,37.504912,osm_overpass
8547430334,127.106791,37.504927,osm_overpass
8547430335,127.106557,37.504999,osm_overpass
8547430336,127.107208,37.505545,osm_overpass
8547430337,127.106967,37.505632,osm_overpass
8547430338,127.107152,37.505555,osm_overpass
8547430339,127.107265,37.505540,osm_overpass
8547430340,127.107392,37.505546,osm_overpass
8547430341,127.107447,37.505553,osm_overpass
8547430342,127.107516,37.505561,osm_overpass
8547430343,127.107664,37.504858,osm_overpass
8547430344,127.107622,37.505077,osm_overpass
8547430346,127.107636,37.505174,osm_overpass
8547430348,127.107670,37.505256,osm_overpass
8547430352,127.107681,37.505577,osm_overpass
8549916372,127.108383,37.506019,osm_overpass
8549916373,127.108912,37.506190,osm_overpass
8549916374,127.108834,37.506128,osm_overpass
8549916375,127.108394,37.505832,osm_overpass
8549916376,127.107630,37.505379,osm_overpass
8549916377,127.107324,37.505234,osm_overpass
8549916378,127.107363,37.505409,osm_overpass
8549916379,127.107988,37.505594,osm_overpass
8549916380,127.107794,37.505470,osm_overpass
8550441540,127.111068,37.510766,osm_overpass
8550441541,127.109848,37.511247,osm_overpass
8550441542,127.108930,37.511617,osm_overpass
8550441543,127.108182,37.511913,osm_overpass
8550441544,127.108246,37.512005,osm_overpass
8550441545,127.108824,37.511793,osm_overpass
8550441546,127.109603,37.511473,osm_overpass
8550441547,127.111138,37.510845,osm_overpass
8550523621,127.117812,37.525362,osm_overpass
8550523622,127.117678,37.525320,osm_overpass
8550523623,127.117538,37.525265,osm_overpass
8550523624,127.117437,37.525221,osm_overpass
8571013336,127.115994,37.518483,osm_overpass
8571013337,127.113903,37.518201,osm_overpass
8571013338,127.114026,37.517918,osm_overpass
8571013339,127.114171,37.517584,osm_overpass
8571013340,127.115154,37.518602,osm_overpass
8571013341,127.115503,37.517925,osm_overpass
8571013342,127.115855,37.518804,osm_overpass
8571013343,127.116168,37.518120,osm_overpass
8571013344,127.116564,37.519008,osm_overpass
8571013345,127.116864,37.518323,osm_overpass
8571013364,127.117043,37.519319,osm_overpass
8571013365,127.116488,37.519173,osm_overpass
8571013366,127.116194,37.519951,osm_overpass
8571013367,127.115765,37.520094,osm_overpass
8571013368,127.115536,37.520033,osm_overpass
8571013369,127.115375,37.519750,osm_overpass
8571013370,127.114481,37.520077,osm_overpass
8571013371,127.116045,37.519781,osm_overpass
8571013372,127.115588,37.519672,osm_overpass
8571013373,127.116155,37.519964,osm_overpass
8571013374,127.115037,37.519418,osm_overpass
8571013375,127.115244,37.519009,osm_overpass
8571013376,127.114813,37.519357,osm_overpass
8571013377,127.114998,37.518948,osm_overpass
8571013378,127.117339,37.516372,osm_overpass
8571013379,127.117652,37.516256,osm_overpass
8571013380,127.117770,37.516185,osm_overpass
8571013381,127.117855,37.516138,osm_overpass
8571013382,127.118244,37.515997,osm_overpass
8571013383,127.117687,37.516462,osm_overpass
8571013384,127.117596,37.516278,osm_overpass
8571013385,127.117854,37.517229,osm_overpass
8571013386,127.117564,37.517333,osm_overpass
8571013387,127.117577,37.517363,osm_overpass
8571013388,127.120810,37.517446,osm_overpass
8571013389,127.121024,37.517364,osm_overpass
8571013390,127.120881,37.517430,osm_overpass
8571013391,127.120642,37.517412,osm_overpass
8571013392,127.120676,37.517206,osm_overpass
8571013393,127.120937,37.517218,osm_overpass
8571013394,127.120901,37.517423,osm_overpass
8571013395,127.120798,37.517257,osm_overpass
8571013396,127.120823,37.517040,osm_overpass
8571013397,127.120803,37.517212,osm_overpass
8571013398,127.120760,37.517446,osm_overpass
8571013399,127.120776,37.517376,osm_overpass
8571013400,127.120862,37.517375,osm_overpass
8571013401,127.120879,37.517257,osm_overpass
8571013402,127.120714,37.517257,osm_overpass
8571013403,127.120705,37.517376,osm_overpass
8571013404,127.120765,37.517421,osm_overpass
8571013405,127.120659,37.517309,osm_overpass
8571013406,127.120710,37.517311,osm_overpass
8571013407,127.120869,37.517328,osm_overpass
8571013408,127.120918,37.517327,osm_overpass
8571013409,127.121541,37.518715,osm_overpass
8571013410,127.121508,37.518713,osm_overpass
8571013411,127.121476,37.518705,osm_overpass
8571013412,127.121457,37.518686,osm_overpass
8571013413,127.121419,37.518672,osm_overpass
8571013414,127.121354,37.518796,osm_overpass
8571013415,127.122663,37.517632,osm_overpass
8571013416,127.122870,37.517759,osm_overpass
8571022818,127.125694,37.520915,osm_overpass
8571022819,127.125718,37.520694,osm_overpass
8571022820,127.126175,37.521886,osm_overpass
8571022823,127.126722,37.522525,osm_overpass
8571022825,127.127121,37.522651,osm_overpass
8571022826,127.127274,37.522639,osm_overpass
8571022827,127.127346,37.522237,osm_overpass
8571022830,127.128379,37.520483,osm_overpass
8571022833,127.113971,37.517902,osm_overpass
8571022834,127.114120,37.517570,osm_overpass
857174534,127.100143,37.509510,osm_overpass
857174540,127.099033,37.509311,osm_overpass
857174544,127.099232,37.509064,osm_overpass
857174558,127.099953,37.509801,osm_overpass
857174567,127.101101,37.509144,osm_overpass
857271210,127.107245,37.511839,osm_overpass
857271218,127.097873,37.507434,osm_overpass
857271222,127.097922,37.507707,osm_overpass
857271243,127.106684,37.513071,osm_overpass
857271249,127.105086,37.512164,osm_overpass
857271252,127.104530,37.509680,osm_overpass
857271257,127.105558,37.512489,osm_overpass
857271262,127.102945,37.511280,osm_overpass
857271274,127.105087,37.510015,osm_overpass
857271281,127.106616,37.511163,osm_overpass
857271289,127.102889,37.510636,osm_overpass
857271317,127.099715,37.507099,osm_overpass
857271321,127.101915,37.510289,osm_overpass
857271330,127.103895,37.511643,osm_overpass
857271334,127.102628,37.509572,osm_overpass
857271337,127.103216,37.510225,osm_overpass
857271341,127.102110,37.510183,osm_overpass
857271344,127.097874,37.507360,osm_overpass
857271371,127.107027,37.513035,osm_overpass
857271379,127.106513,37.513014,osm_overpass
857271390,127.105428,37.510230,osm_overpass
857271396,127.104429,37.511819,osm_overpass
857271399,127.098376,37.507061,osm_overpass
857271401,127.104401,37.509609,osm_overpass
857271407,127.102834,37.511071,osm_overpass
857271411,127.107262,37.512858,osm_overpass
857271430,127.107338,37.512713,osm_overpass
857271436,127.104084,37.509524,osm_overpass
857271444,127.104914,37.512056,osm_overpass
857271449,127.098055,37.508628,osm_overpass
857271461,127.100270,37.507273,osm_overpass
857271468,127.103690,37.511588,osm_overpass
857271471,127.097929,37.508075,osm_overpass
857271486,127.099020,37.507027,osm_overpass
857271492,127.098389,37.508977,osm_overpass
857271503,127.104659,37.511921,osm_overpass
857271506,127.107398,37.512525,osm_overpass
857271510,127.103405,37.510017,osm_overpass
857271514,127.102871,37.509210,osm_overpass
857271520,127.107422,37.512322,osm_overpass
857271526,127.105922,37.512724,osm_overpass
857271550,127.102976,37.508812,osm_overpass
857271557,127.102475,37.509789,osm_overpass
857271564,127.099451,37.509521,osm_overpass
857271571,127.101439,37.507744,osm_overpass
857271580,127.105233,37.510102,osm_overpass
857271584,127.102974,37.508636,osm_overpass
857313902,127.099332,37.522289,osm_overpass
857313927,127.102686,37.517742,osm_overpass
8573582102,127.130336,37.515900,osm_overpass
8573582103,127.126795,37.515072,osm_overpass
8573582104,127.126364,37.515978,osm_overpass
8573582105,127.126312,37.516086,osm_overpass
8573582106,127.125669,37.516036,osm_overpass
8573582108,127.125840,37.516749,osm_overpass
8573582109,127.125668,37.517027,osm_overpass
8573582114,127.128049,37.517819,osm_overpass
8573582115,127.128426,37.517667,osm_overpass
8573582116,127.128235,37.517744,osm_overpass
8573584417,127.127903,37.517581,osm_overpass
8573584422,127.128549,37.518329,osm_overpass
8573584423,127.128035,37.518570,osm_overpass
8573584424,127.128213,37.518840,osm_overpass
8573584425,127.128283,37.518997,osm_overpass
8573584426,127.128315,37.519112,osm_overpass
8573584427,127.128321,37.519284,osm_overpass
8573584428,127.128221,37.519553,osm_overpass
8573584429,127.128141,37.519660,osm_overpass
8573584430,127.128059,37.519733,osm_overpass
8573584431,127.127960,37.519803,osm_overpass
8573584432,127.128340,37.520305,osm_overpass
8573584433,127.128138,37.519903,osm_overpass
8573584434,127.128148,37.518517,osm_overpass
8573584435,127.128404,37.519009,osm_overpass
8573584436,127.128441,37.519290,osm_overpass
8573584437,127.128392,37.519453,osm_overpass
8573584438,127.128051,37.519854,osm_overpass
8573584439,127.128211,37.519737,osm_overpass
8573584440,127.128326,37.519601,osm_overpass
8573584441,127.128459,37.519165,osm_overpass
8573584442,127.128439,37.519108,osm_overpass
8573584443,127.128175,37.517654,osm_overpass
8573584444,127.126975,37.518208,osm_overpass
8573584445,127.127147,37.517720,osm_overpass
8573584446,127.127114,37.518419,osm_overpass
8573584447,127.127345,37.518037,osm_overpass
859187894,127.103739,37.515942,osm_overpass
859187898,127.101873,37.514603,osm_overpass
859187902,127.102161,37.514012,osm_overpass
859187904,127.100593,37.514916,osm_overpass
859187907,127.101572,37.515235,osm_overpass
859187908,127.099624,37.516560,osm_overpass
859187913,127.102560,37.515558,osm_overpass
8626847880,127.115032,37.560902,osm_overpass
8626847881,127.115138,37.561052,osm_overpass
8626847882,127.114992,37.560830,osm_overpass
8626847883,127.114893,37.560613,osm_overpass
8626847885,127.114700,37.559575,osm_overpass
8626847886,127.115581,37.561548,osm_overpass
8626847887,127.115972,37.561986,osm_overpass
8626847888,127.114060,37.558274,osm_overpass
8626847889,127.113539,37.556855,osm_overpass
8626847890,127.113609,37.557100,osm_overpass
8626847891,127.113633,37.557346,osm_overpass
8626847892,127.113678,37.557452,osm_overpass
8626847893,127.113208,37.555539,osm_overpass
8626847894,127.113384,37.556264,osm_overpass
8626847895,127.112153,37.552956,osm_overpass
8626847896,127.111521,37.551718,osm_overpass
8636929419,127.107244,37.527558,osm_overpass
8664304471,127.131118,37.516427,osm_overpass
867057936,127.101373,37.517240,osm_overpass
867057964,127.100682,37.518871,osm_overpass
867058003,127.097396,37.519036,osm_overpass
867196651,127.101828,37.500420,osm_overpass
8693812048,127.106976,37.530944,osm_overpass
8693812049,127.107869,37.530276,osm_overpass
8693812050,127.113263,37.527257,osm_overpass
8693812051,127.093682,37.521539,osm_overpass
8693812052,127.097919,37.516384,osm_overpass
8702023952,127.083247,37.518239,osm_overpass
8702023953,127.083852,37.518268,osm_overpass
8702023954,127.085757,37.518442,osm_overpass
8702023955,127.090212,37.519077,osm_overpass
8702023956,127.091902,37.519320,osm_overpass
8702023957,127.092464,37.519515,osm_overpass
8702023958,127.093241,37.519824,osm_overpass
8702023959,127.096064,37.520844,osm_overpass
8702023960,127.099117,37.522189,osm_overpass
8702023961,127.100332,37.522860,osm_overpass
8702023962,127.103076,37.525381,osm_overpass
8702023963,127.103632,37.525567,osm_overpass
8702023964,127.103725,37.525620,osm_overpass
8702023965,127.103852,37.525731,osm_overpass
8702023966,127.103917,37.525800,osm_overpass
8702023967,127.104059,37.526052,osm_overpass
8702023968,127.104015,37.525950,osm_overpass
8702023969,127.104134,37.526286,osm_overpass
8702023970,127.104198,37.526480,osm_overpass
8702023971,127.104237,37.526589,osm_overpass
8702023972,127.103960,37.525850,osm_overpass
8702023973,127.104309,37.526705,osm_overpass
8702023974,127.104357,37.526763,osm_overpass
8702023975,127.105113,37.527467,osm_overpass
8702023976,127.108619,37.531324,osm_overpass
8702023977,127.108781,37.532056,osm_overpass
8702023978,127.108809,37.532145,osm_overpass
8702023979,127.108870,37.532321,osm_overpass
8702023980,127.109321,37.533395,osm_overpass
8702023981,127.109894,37.534604,osm_overpass
8702023982,127.110104,37.534923,osm_overpass
8702023983,127.110277,37.535143,osm_overpass
8702023984,127.110501,37.535398,osm_overpass
8702023985,127.110973,37.535820,osm_overpass
8702023986,127.113528,37.538067,osm_overpass
8702023987,127.113621,37.538219,osm_overpass
8702023988,127.113994,37.539107,osm_overpass
8713549222,127.059783,37.532235,osm_overpass
8713549229,127.065553,37.529527,osm_overpass
8713597104,127.062301,37.530949,osm_overpass
8713616314,127.070217,37.528192,osm_overpass
871457943,127.107095,37.513010,osm_overpass
871457946,127.104509,37.511862,osm_overpass
871457948,127.104323,37.509569,osm_overpass
871457953,127.102110,37.511050,osm_overpass
871457956,127.104826,37.509863,osm_overpass
871457959,127.107507,37.513233,osm_overpass
871457970,127.104162,37.512289,osm_overpass
871457971,127.103558,37.509866,osm_overpass
871457972,127.104714,37.509233,osm_overpass
871457976,127.107163,37.513162,osm_overpass
871457993,127.107519,37.513117,osm_overpass
871457997,127.105922,37.510591,osm_overpass
871457999,127.107415,37.512445,osm_overpass
871458001,127.103151,37.511433,osm_overpass
871458009,127.106911,37.513261,osm_overpass
871458014,127.103122,37.510314,osm_overpass
871458018,127.104016,37.509146,osm_overpass
871458019,127.105001,37.512108,osm_overpass
871458024,127.107628,37.513123,osm_overpass
871458028,127.102927,37.511398,osm_overpass
871458029,127.106979,37.513392,osm_overpass
871458030,127.104795,37.512332,osm_overpass
871458032,127.107378,37.512129,osm_overpass
871458034,127.106835,37.510964,osm_overpass
871458037,127.104482,37.509417,osm_overpass
871458043,127.105076,37.512746,osm_overpass
871458046,127.102693,37.511348,osm_overpass
871458048,127.107270,37.513362,osm_overpass
871458051,127.106731,37.513506,osm_overpass
871486131,127.106075,37.510476,osm_overpass
872162496,127.092610,37.517646,osm_overpass
872162504,127.093848,37.518086,osm_overpass
872162506,127.090010,37.516922,osm_overpass
872162510,127.091721,37.517368,osm_overpass
8748078712,127.124069,37.517834,osm_overpass
8748078713,127.124071,37.517961,osm_overpass
8780879215,127.089637,37.528850,osm_overpass
8780879216,127.090493,37.529444,osm_overpass
879294093,127.099078,37.506630,osm_overpass
879294115,127.101817,37.507964,osm_overpass
879294120,127.097766,37.507889,osm_overpass
879294126,127.097604,37.507883,osm_overpass
879294131,127.098598,37.510041,osm_overpass
879294136,127.101066,37.507484,osm_overpass
879294141,127.103292,37.508401,osm_overpass
879294144,127.097520,37.507357,osm_overpass
879294154,127.099228,37.506497,osm_overpass
879294162,127.097740,37.507661,osm_overpass
879294165,127.102523,37.510007,osm_overpass
879294170,127.097923,37.507887,osm_overpass
879294172,127.098713,37.507033,osm_overpass
879294176,127.100180,37.507139,osm_overpass
879294178,127.097563,37.508257,osm_overpass
879294197,127.102361,37.509912,osm_overpass
879294201,127.102330,37.508122,osm_overpass
879294203,127.100273,37.510474,osm_overpass
879294208,127.102687,37.508320,osm_overpass
879294210,127.099041,37.506717,osm_overpass
879294213,127.099364,37.507063,osm_overpass
879294214,127.097760,37.508179,osm_overpass
879294216,127.099460,37.509759,osm_overpass
879294224,127.101339,37.510483,osm_overpass
879294228,127.101558,37.507562,osm_overpass
879294231,127.098054,37.508816,osm_overpass
879294232,127.101008,37.510157,osm_overpass
879294236,127.099454,37.506806,osm_overpass
879294238,127.101949,37.507798,osm_overpass
879294243,127.098191,37.508806,osm_overpass
879294258,127.101499,37.507655,osm_overpass
879294260,127.100700,37.506974,osm_overpass
879294263,127.101100,37.510868,osm_overpass
879294267,127.097695,37.506836,osm_overpass
879294269,127.098856,37.509512,osm_overpass
879294273,127.097726,37.507329,osm_overpass
879294277,127.100129,37.507229,osm_overpass
879294280,127.097607,37.509065,osm_overpass
879294296,127.098392,37.506922,osm_overpass
879294298,127.100455,37.509997,osm_overpass
879294302,127.097848,37.508704,osm_overpass
879294304,127.097725,37.508249,osm_overpass
879294307,127.100436,37.510073,osm_overpass
879294309,127.097898,37.508403,osm_overpass
879294325,127.099053,37.506913,osm_overpass
879294327,127.099878,37.509876,osm_overpass
879294333,127.097986,37.508611,osm_overpass
879294334,127.101892,37.507877,osm_overpass
879294336,127.098170,37.507104,osm_overpass
879294338,127.102759,37.508360,osm_overpass
879294340,127.097843,37.508084,osm_overpass
879294349,127.101121,37.507396,osm_overpass
879294350,127.097837,37.508580,osm_overpass
879294351,127.098568,37.509104,osm_overpass
879294353,127.099837,37.506898,osm_overpass
879294356,127.099397,37.506937,osm_overpass
879294357,127.102255,37.508221,osm_overpass
879294360,127.098009,37.508886,osm_overpass
879294373,127.100528,37.507377,osm_overpass
879294376,127.100238,37.507031,osm_overpass
879294378,127.100934,37.510311,osm_overpass
879294381,127.102684,37.508467,osm_overpass
879294385,127.101001,37.507568,osm_overpass
879294390,127.098201,37.506701,osm_overpass
879294394,127.097585,37.507731,osm_overpass
879294403,127.097894,37.508845,osm_overpass
879294405,127.100836,37.510232,osm_overpass
879294407,127.100597,37.507286,osm_overpass
879294414,127.098691,37.506909,osm_overpass
879294416,127.097582,37.507418,osm_overpass
879294429,127.102755,37.509388,osm_overpass
879294431,127.098972,37.507030,osm_overpass
879294432,127.100807,37.510726,osm_overpass
879294433,127.099773,37.507005,osm_overpass
879294435,127.098585,37.509082,osm_overpass
879294436,127.102860,37.508147,osm_overpass
879294438,127.102394,37.508042,osm_overpass
879294440,127.097735,37.508006,osm_overpass
879294451,127.100642,37.507197,osm_overpass
879294454,127.098981,37.509305,osm_overpass
879294456,127.101203,37.510202,osm_overpass
8794653312,127.122396,37.502235,osm_overpass
8794653313,127.122526,37.502208,osm_overpass
8794653314,127.123056,37.501963,osm_overpass
8794653315,127.123145,37.501939,osm_overpass
8794653316,127.123536,37.502335,osm_overpass
8794662617,127.123444,37.502413,osm_overpass
8794662618,127.123108,37.502528,osm_overpass
8794662619,127.122757,37.502635,osm_overpass
8794662620,127.122714,37.502694,osm_overpass
8794662621,127.122788,37.502836,osm_overpass
8794662622,127.122874,37.502894,osm_overpass
8794662623,127.123032,37.502949,osm_overpass
8794662624,127.122946,37.502920,osm_overpass
8794662625,127.122735,37.503066,osm_overpass
8794662626,127.122073,37.502472,osm_overpass
8794662631,127.122418,37.502313,osm_overpass
8794662632,127.122513,37.502386,osm_overpass
8794662633,127.122618,37.502555,osm_overpass
8794662634,127.122766,37.502555,osm_overpass
8794662635,127.122797,37.502481,osm_overpass
8794662636,127.122852,37.502420,osm_overpass
8794662637,127.122914,37.502354,osm_overpass
8794662638,127.122963,37.502264,osm_overpass
8794662639,127.122979,37.502122,osm_overpass
8794662640,127.123003,37.501987,osm_overpass
8794662641,127.122651,37.502179,osm_overpass
8794662642,127.123222,37.501944,osm_overpass
8794662643,127.123421,37.502085,osm_overpass
8794662644,127.123506,37.502218,osm_overpass
8794662645,127.123290,37.502469,osm_overpass
8794662646,127.122559,37.502479,osm_overpass
8794662647,127.123542,37.502391,osm_overpass
8794662648,127.123786,37.502337,osm_overpass
8794662649,127.123658,37.502344,osm_overpass
8794662650,127.123181,37.501606,osm_overpass
8794662651,127.123108,37.501809,osm_overpass
8794662652,127.123105,37.501890,osm_overpass
8794662653,127.123079,37.501957,osm_overpass
8794662654,127.123089,37.502010,osm_overpass
8794662655,127.123123,37.502095,osm_overpass
8794662656,127.123225,37.502161,osm_overpass
8794662657,127.123268,37.502232,osm_overpass
8794662658,127.123283,37.502288,osm_overpass
8794662659,127.123385,37.502352,osm_overpass
8819772138,127.123016,37.500598,osm_overpass
8819772139,127.122934,37.500638,osm_overpass
8819772140,127.122994,37.500735,osm_overpass
8819772141,127.122800,37.500846,osm_overpass
8819772142,127.122733,37.500752,osm_overpass
8819772143,127.122662,37.500797,osm_overpass
8819772144,127.122641,37.500620,osm_overpass
8819772145,127.122818,37.500470,osm_overpass
8819772146,127.122730,37.500545,osm_overpass
8819772147,127.122678,37.500483,osm_overpass
8819772170,127.123740,37.498616,osm_overpass
8820315307,127.061822,37.531143,osm_overpass
8820315309,127.061476,37.531300,osm_overpass
8820315312,127.060816,37.531641,osm_overpass
8830825548,127.113970,37.539033,osm_overpass
8830825551,127.114012,37.539160,osm_overpass
8830825562,127.114328,37.539571,osm_overpass
8830825595,127.114925,37.540335,osm_overpass
8830825607,127.114431,37.539703,osm_overpass
8830825616,127.114487,37.539774,osm_overpass
8830828024,127.114549,37.539854,osm_overpass
8830828033,127.114724,37.540077,osm_overpass
8830828043,127.114841,37.540228,osm_overpass
8830828050,127.115409,37.540954,osm_overpass
8830828059,127.115042,37.540485,osm_overpass
8830828063,127.115754,37.541396,osm_overpass
8830828082,127.115537,37.541120,osm_overpass
8830828110,127.115732,37.541367,osm_overpass
8830828197,127.102026,37.524645,osm_overpass
8830828202,127.107590,37.529854,osm_overpass
8830828203,127.107545,37.529486,osm_overpass
8830828204,127.107500,37.529025,osm_overpass
8830828205,127.107387,37.528777,osm_overpass
8830828206,127.107253,37.528519,osm_overpass
8830828207,127.107096,37.528321,osm_overpass
8831082180,127.127705,37.504208,osm_overpass
8831082181,127.127723,37.504206,osm_overpass
8831082182,127.127747,37.504205,osm_overpass
8831082183,127.127767,37.504204,osm_overpass
8831082184,127.127782,37.504197,osm_overpass
8831082185,127.127798,37.504186,osm_overpass
8831082186,127.127805,37.504170,osm_overpass
8831082187,127.127809,37.504160,osm_overpass
8831082188,127.127819,37.504142,osm_overpass
8831082189,127.127827,37.504131,osm_overpass
8831082190,127.127841,37.504122,osm_overpass
8831082191,127.127879,37.504112,osm_overpass
8831082192,127.127910,37.504107,osm_overpass
8831082193,127.127791,37.504192,osm_overpass
8831082194,127.127803,37.504178,osm_overpass
8831082195,127.127814,37.504152,osm_overpass
8831082204,127.126061,37.504080,osm_overpass
8831082205,127.126532,37.504573,osm_overpass
8831082206,127.126512,37.504610,osm_overpass
8831082207,127.126347,37.504709,osm_overpass
8831082208,127.126528,37.504592,osm_overpass
8831082209,127.126520,37.504601,osm_overpass
8831082210,127.126531,37.504582,osm_overpass
8831082211,127.126531,37.504565,osm_overpass
8831082212,127.126528,37.504555,osm_overpass
8831082213,127.126520,37.504545,osm_overpass
8831082214,127.126506,37.504532,osm_overpass
8831082247,127.125436,37.506053,osm_overpass
8831082248,127.125434,37.506027,osm_overpass
8831082249,127.125443,37.506003,osm_overpass
8837929291,127.101037,37.525132,osm_overpass
8837929292,127.100635,37.525764,osm_overpass
8837929293,127.099882,37.526942,osm_overpass
8837929294,127.099272,37.527896,osm_overpass
8837929295,127.098859,37.528548,osm_overpass
8837929296,127.097835,37.530145,osm_overpass
8837929297,127.097575,37.530559,osm_overpass
8837929298,127.097069,37.531350,osm_overpass
8837929299,127.096291,37.532557,osm_overpass
8837929301,127.094835,37.532839,osm_overpass
8839649737,127.101396,37.523582,osm_overpass
8839649738,127.100313,37.523008,osm_overpass
8839649739,127.097774,37.521480,osm_overpass
8839649740,127.098583,37.521917,osm_overpass
8839649741,127.098321,37.521768,osm_overpass
8839649742,127.100032,37.522701,osm_overpass
8839649743,127.096731,37.521097,osm_overpass
8839649744,127.096265,37.520938,osm_overpass
8839649745,127.095874,37.520750,osm_overpass
8839649746,127.096165,37.520893,osm_overpass
8839649747,127.096339,37.520967,osm_overpass
8839649748,127.097191,37.521244,osm_overpass
8839649749,127.097263,37.521270,osm_overpass
8839649750,127.097412,37.521326,osm_overpass
8839649751,127.097644,37.521421,osm_overpass
8839649752,127.095544,37.520579,osm_overpass
8839649753,127.094786,37.520245,osm_overpass
8839649754,127.094718,37.520248,osm_overpass
8839649755,127.094656,37.520266,osm_overpass
8839649756,127.094564,37.520294,osm_overpass
8839649757,127.094481,37.520305,osm_overpass
8839649758,127.094747,37.520244,osm_overpass
8839649759,127.094822,37.520250,osm_overpass
8839649760,127.094607,37.520282,osm_overpass
8839649761,127.094681,37.520257,osm_overpass
8839649762,127.094765,37.520244,osm_overpass
8839649763,127.094732,37.520246,osm_overpass
8839649764,127.094345,37.520298,osm_overpass
8839649765,127.094395,37.520303,osm_overpass
8839649766,127.094510,37.520302,osm_overpass
8839649767,127.091666,37.519262,osm_overpass
8839649768,127.091762,37.519276,osm_overpass
8839649769,127.092215,37.519425,osm_overpass
8839649770,127.091003,37.519264,osm_overpass
8839649771,127.091091,37.519268,osm_overpass
8839649772,127.091272,37.519253,osm_overpass
8839649773,127.090511,37.519142,osm_overpass
8839649774,127.089452,37.518932,osm_overpass
8839649775,127.080758,37.518234,osm_overpass
8839649776,127.078385,37.518519,osm_overpass
8839649777,127.071796,37.519618,osm_overpass
8839649780,127.071724,37.519622,osm_overpass
886081367,127.096064,37.515552,osm_overpass
886081369,127.094585,37.517563,osm_overpass
886081370,127.097547,37.513594,osm_overpass
886081371,127.097231,37.514152,osm_overpass
889020558,127.095437,37.512046,osm_overpass
889020567,127.095913,37.513142,osm_overpass
889020568,127.092297,37.512625,osm_overpass
890774256,127.115517,37.519545,osm_overpass
890774259,127.119669,37.517016,osm_overpass
890774275,127.114048,37.517355,osm_overpass
890774280,127.119367,37.516803,osm_overpass
890774283,127.116488,37.517360,osm_overpass
890774286,127.117208,37.517484,osm_overpass
8911685181,127.094664,37.520761,osm_overpass
8911685183,127.095223,37.520426,osm_overpass
8911685184,127.101472,37.523666,osm_overpass
892036996,127.117409,37.518062,osm_overpass
892037005,127.116817,37.519499,osm_overpass
892037027,127.117555,37.518159,osm_overpass
892037030,127.117794,37.517830,osm_overpass
892037037,127.116896,37.519848,osm_overpass
892037040,127.117074,37.519580,osm_overpass
892037044,127.117626,37.518814,osm_overpass
892037049,127.117386,37.517947,osm_overpass
892037068,127.116820,37.519842,osm_overpass
892037075,127.117199,37.519245,osm_overpass
892037080,127.116666,37.519615,osm_overpass
892037088,127.117805,37.518112,osm_overpass
892037109,127.117102,37.519697,osm_overpass
892037115,127.118956,37.517113,osm_overpass
892037119,127.114607,37.517708,osm_overpass
892037124,127.117101,37.519636,osm_overpass
892037127,127.117387,37.518006,osm_overpass
892037131,127.113828,37.518220,osm_overpass
892037133,127.116889,37.519492,osm_overpass
892037155,127.116684,37.520139,osm_overpass
892037169,127.117666,37.518168,osm_overpass
892037192,127.117741,37.518149,osm_overpass
892037197,127.117844,37.517879,osm_overpass
892037204,127.117033,37.519801,osm_overpass
892037233,127.114139,37.517527,osm_overpass
892037236,127.117510,37.517805,osm_overpass
892037240,127.116655,37.519672,osm_overpass
892037289,127.117587,37.518167,osm_overpass
892037318,127.116668,37.519728,osm_overpass
892037324,127.117874,37.518001,osm_overpass
892037328,127.117871,37.517938,osm_overpass
892037338,127.116960,37.519504,osm_overpass
892037365,127.117409,37.517890,osm_overpass
892037386,127.116472,37.520188,osm_overpass
892037411,127.117632,37.518651,osm_overpass
892037421,127.117851,37.518061,osm_overpass
892037429,127.117655,37.517781,osm_overpass
892037453,127.118882,37.516965,osm_overpass
892037459,127.117836,37.517494,osm_overpass
892037464,127.116969,37.519834,osm_overpass
892037476,127.117470,37.519076,osm_overpass
892037480,127.116700,37.519564,osm_overpass
8944563526,127.100360,37.521278,osm_overpass
8944563527,127.100035,37.522861,osm_overpass
8944563528,127.100523,37.523117,osm_overpass
8944563529,127.100583,37.523124,osm_overpass
8944563530,127.100612,37.523128,osm_overpass
8944563531,127.100714,37.523153,osm_overpass
8944563532,127.100604,37.523036,osm_overpass
8944563537,127.100495,37.521420,osm_overpass
8944563538,127.100695,37.521096,osm_overpass
8944563539,127.100596,37.521060,osm_overpass
8944563540,127.100650,37.521081,osm_overpass
8944563541,127.101814,37.521255,osm_overpass
8944563542,127.102128,37.520753,osm_overpass
8944563543,127.104656,37.519987,osm_overpass
8944563544,127.104737,37.520147,osm_overpass
8944563545,127.104847,37.520265,osm_overpass
8944563546,127.105059,37.520335,osm_overpass
8944563547,127.105215,37.520391,osm_overpass
8944563548,127.105360,37.520405,osm_overpass
8944563549,127.105558,37.520433,osm_overpass
8944563550,127.105686,37.520559,osm_overpass
8944563551,127.105746,37.520624,osm_overpass
8944563552,127.104641,37.519835,osm_overpass
8944563553,127.104751,37.519538,osm_overpass
8944563554,127.104907,37.519195,osm_overpass
8944563555,127.105063,37.518940,osm_overpass
8944563556,127.105229,37.518856,osm_overpass
8944563557,127.104672,37.520019,osm_overpass
8944563558,127.104452,37.520044,osm_overpass
8944563559,127.104523,37.520036,osm_overpass
8944563560,127.100608,37.521238,osm_overpass
8944563561,127.104056,37.519886,osm_overpass
8944563562,127.107534,37.520971,osm_overpass
8944563563,127.107966,37.519222,osm_overpass
8944563564,127.112965,37.521061,osm_overpass
8944563565,127.112787,37.522181,osm_overpass
8944563566,127.112531,37.522139,osm_overpass
8944563567,127.112309,37.522165,osm_overpass
8944563568,127.112031,37.522156,osm_overpass
8944563569,127.111948,37.522109,osm_overpass
8944563570,127.111856,37.522045,osm_overpass
8944563571,127.111819,37.521948,osm_overpass
8944563572,127.111852,37.521794,osm_overpass
8944563573,127.111858,37.521646,osm_overpass
8944563574,127.107656,37.520486,osm_overpass
8944563575,127.107793,37.519929,osm_overpass
8945995971,127.099641,37.521435,osm_overpass
8945995972,127.099939,37.521637,osm_overpass
8945995973,127.100150,37.521850,osm_overpass
8945995979,127.102583,37.518040,osm_overpass
8945995980,127.102005,37.518984,osm_overpass
8945995981,127.101517,37.519793,osm_overpass
8946638417,127.101528,37.519763,osm_overpass
8946638418,127.104277,37.521400,osm_overpass
8946638419,127.104725,37.520311,osm_overpass
8946638420,127.104371,37.520012,osm_overpass
8946638421,127.104802,37.520965,osm_overpass
8946638422,127.114375,37.520659,osm_overpass
8946638423,127.104461,37.520804,osm_overpass
8946638424,127.104746,37.520866,osm_overpass
8950347517,127.106769,37.526122,osm_overpass
8950347518,127.108246,37.527592,osm_overpass
8950347519,127.108017,37.527746,osm_overpass
8950347520,127.111360,37.526632,osm_overpass
8950347521,127.111618,37.526905,osm_overpass
8950347522,127.111468,37.527007,osm_overpass
8950347523,127.111163,37.526717,osm_overpass
8950347524,127.111101,37.526397,osm_overpass
8950347525,127.110528,37.525833,osm_overpass
8950347526,127.110385,37.525924,osm_overpass
8950347527,127.110962,37.526491,osm_overpass
8950347528,127.110812,37.526594,osm_overpass
8950347529,127.110365,37.526162,osm_overpass
8950347530,127.110229,37.526250,osm_overpass
8950347531,127.110671,37.526690,osm_overpass
8950347532,127.111301,37.526260,osm_overpass
8950347533,127.110730,37.525705,osm_overpass
8950347534,127.109886,37.526241,osm_overpass
8950347535,127.110818,37.526880,osm_overpass
8950347536,127.111151,37.527198,osm_overpass
8950347537,127.111296,37.527108,osm_overpass
8950347538,127.110986,37.526793,osm_overpass
896603642,127.119996,37.523944,osm_overpass
896603643,127.125869,37.518235,osm_overpass
896603645,127.123401,37.522928,osm_overpass
896603646,127.117784,37.521639,osm_overpass
896603648,127.120412,37.524590,osm_overpass
896603649,127.123086,37.518033,osm_overpass
896603651,127.120651,37.524733,osm_overpass
896603653,127.124345,37.517792,osm_overpass
896603654,127.118890,37.523269,osm_overpass
896603656,127.125349,37.520625,osm_overpass
896603657,127.123634,37.525338,osm_overpass
896603658,127.124607,37.517792,osm_overpass
896603660,127.119492,37.523549,osm_overpass
896603662,127.126223,37.518759,osm_overpass
896603663,127.126251,37.519522,osm_overpass
896603665,127.123576,37.522672,osm_overpass
896603667,127.122839,37.524559,osm_overpass
896603669,127.121588,37.524610,osm_overpass
896603670,127.125570,37.518065,osm_overpass
896603672,127.123656,37.517904,osm_overpass
896603674,127.124912,37.520814,osm_overpass
896603675,127.125249,37.517922,osm_overpass
896603677,127.123525,37.524200,osm_overpass
896603679,127.123329,37.523859,osm_overpass
896603681,127.118148,37.522732,osm_overpass
896603682,127.118559,37.523024,osm_overpass
896603684,127.125849,37.520217,osm_overpass
896603685,127.123610,37.522418,osm_overpass
896603687,127.120975,37.524843,osm_overpass
896603688,127.122894,37.523282,osm_overpass
896603690,127.124122,37.521156,osm_overpass
896603691,127.122526,37.524679,osm_overpass
896603694,127.123767,37.521745,osm_overpass
896603695,127.123126,37.523111,osm_overpass
896603697,127.121336,37.524800,osm_overpass
896603699,127.123599,37.524557,osm_overpass
896627387,127.125315,37.521159,osm_overpass
896627391,127.125502,37.521240,osm_overpass
8969922149,127.117849,37.525372,osm_overpass
8969922150,127.133461,37.521040,osm_overpass
8969922152,127.139963,37.507363,osm_overpass
8969922153,127.133897,37.509066,osm_overpass
8969922154,127.131312,37.510599,osm_overpass
8969922155,127.132316,37.509929,osm_overpass
8969922156,127.131162,37.510388,osm_overpass
8969922157,127.129696,37.507151,osm_overpass
8969922158,127.130465,37.508320,osm_overpass
8969922159,127.130540,37.508434,osm_overpass
8969922160,127.131599,37.510087,osm_overpass
8969922161,127.129736,37.507004,osm_overpass
8969922162,127.129570,37.506990,osm_overpass
8969922163,127.129525,37.507100,osm_overpass
8969922164,127.128382,37.511277,osm_overpass
8969922165,127.128243,37.511654,osm_overpass
8969922166,127.128132,37.511989,osm_overpass
8969922167,127.127849,37.511525,osm_overpass
8969922168,127.127717,37.511880,osm_overpass
8969922169,127.112936,37.517428,osm_overpass
8969922170,127.112782,37.517557,osm_overpass
8969922171,127.112856,37.517696,osm_overpass
8969922173,127.112573,37.517457,osm_overpass
8969922174,127.112695,37.517782,osm_overpass
8969922176,127.121534,37.527205,osm_overpass
8969922180,127.137918,37.515482,osm_overpass
8969922181,127.131921,37.517282,osm_overpass
8969922182,127.139846,37.507355,osm_overpass
8969922183,127.130618,37.508335,osm_overpass
8969922184,127.125786,37.508725,osm_overpass
8969922185,127.136663,37.508444,osm_overpass
8969922186,127.136095,37.508674,osm_overpass
8969922187,127.136693,37.508432,osm_overpass
8969922193,127.122543,37.508260,osm_overpass
8969922196,127.126085,37.508689,osm_overpass
8997539840,127.114224,37.530019,osm_overpass
901089988,127.116073,37.522269,osm_overpass
9025610357,127.106133,37.515376,osm_overpass
9030204198,127.092467,37.512089,osm_overpass
9079503582,127.134015,37.509244,osm_overpass
9079503583,127.115838,37.516102,osm_overpass
9079503585,127.115917,37.516241,osm_overpass
9079503586,127.122306,37.514085,osm_overpass
9079503587,127.122487,37.514021,osm_overpass
9079503588,127.122603,37.513978,osm_overpass
9079503589,127.122692,37.513970,osm_overpass
9079503590,127.122752,37.513990,osm_overpass
9079503591,127.123032,37.513706,osm_overpass
9079503592,127.122063,37.514061,osm_overpass
9079503593,127.122024,37.514184,osm_overpass
9079503594,127.129452,37.511086,osm_overpass
9079503595,127.128870,37.511605,osm_overpass
9079503596,127.128607,37.511660,osm_overpass
9079503597,127.128081,37.511902,osm_overpass
9079503598,127.139972,37.507282,osm_overpass
9079503599,127.139898,37.507334,osm_overpass
9079503600,127.140057,37.507136,osm_overpass
9133722396,127.127677,37.511816,osm_overpass
9177374999,127.136947,37.529683,osm_overpass
9194924784,127.107204,37.513689,osm_overpass
9194924785,127.094738,37.510232,osm_overpass
9194924786,127.097758,37.510021,osm_overpass
9194924787,127.107315,37.513489,osm_overpass
9194924790,127.104621,37.509307,osm_overpass
9194924791,127.106758,37.511034,osm_overpass
9194924792,127.106067,37.510482,osm_overpass
9194924793,127.107428,37.513305,osm_overpass
9194924794,127.107770,37.512502,osm_overpass
9194924795,127.107918,37.512003,osm_overpass
9194937656,127.101247,37.510655,osm_overpass
9269732208,127.103099,37.510149,osm_overpass
9269732209,127.103287,37.509948,osm_overpass
9427864920,127.093031,37.510455,osm_overpass
9427864921,127.092616,37.511655,osm_overpass
9427864922,127.093325,37.510371,osm_overpass
9429745788,127.090998,37.507503,osm_overpass
9429745789,127.092677,37.507245,osm_overpass
9429745802,127.086359,37.509440,osm_overpass
9429745803,127.090481,37.507577,osm_overpass
9429745804,127.090605,37.507369,osm_overpass
9429745805,127.092950,37.510090,osm_overpass
9429745806,127.090845,37.507646,osm_overpass
9429745807,127.097529,37.509766,osm_overpass
9429745808,127.097357,37.506683,osm_overpass
9429745809,127.097330,37.506300,osm_overpass
9429745810,127.103597,37.508441,osm_overpass
9429745811,127.102955,37.508057,osm_overpass
9429745812,127.102479,37.507921,osm_overpass
9429745813,127.100655,37.507087,osm_overpass
9429745814,127.101591,37.507480,osm_overpass
9429745815,127.099144,37.506572,osm_overpass
9503807894,127.100849,37.523202,osm_overpass
9503807895,127.100796,37.523224,osm_overpass
9503807896,127.100771,37.523222,osm_overpass
9503807897,127.100769,37.523102,osm_overpass
9503807898,127.100795,37.523100,osm_overpass
9503807899,127.100748,37.523214,osm_overpass
9503807900,127.100729,37.523200,osm_overpass
9503807901,127.100717,37.523182,osm_overpass
9503807902,127.100713,37.523163,osm_overpass
9503807903,127.100717,37.523143,osm_overpass
9503807904,127.100728,37.523125,osm_overpass
9503807905,127.100746,37.523111,osm_overpass
9503807906,127.100821,37.523105,osm_overpass
9503807907,127.100843,37.523116,osm_overpass
9503807908,127.100859,37.523132,osm_overpass
9503807909,127.100868,37.523151,osm_overpass
9503807910,127.100868,37.523172,osm_overpass
9503807911,127.100860,37.523192,osm_overpass
9503807912,127.100844,37.523208,osm_overpass
9503807913,127.100822,37.523219,osm_overpass
9503807915,127.100868,37.523162,osm_overpass
9533959330,127.109086,37.528848,osm_overpass
9533959331,127.109092,37.528761,osm_overpass
9533959332,127.109097,37.528711,osm_overpass
9533959333,127.114299,37.527111,osm_overpass
9533959334,127.111008,37.527993,osm_overpass
9533959335,127.112900,37.527307,osm_overpass
9533959336,127.113050,37.526824,osm_overpass
9533959337,127.113146,37.526895,osm_overpass
9533959338,127.113271,37.526993,osm_overpass
9533959339,127.110354,37.528002,osm_overpass
9533959340,127.109755,37.528541,osm_overpass
9533959341,127.109330,37.528853,osm_overpass
9533959342,127.111972,37.527239,osm_overpass
9533959343,127.112973,37.527041,osm_overpass
9533959344,127.113032,37.526987,osm_overpass
9533959345,127.113043,37.526925,osm_overpass
9533959347,127.107775,37.527718,osm_overpass
9533959348,127.107606,37.527549,osm_overpass
9533959349,127.107311,37.527193,osm_overpass
9533959350,127.107123,37.527016,osm_overpass
9533959351,127.106940,37.526891,osm_overpass
9533959352,127.106471,37.526648,osm_overpass
9533959353,127.106324,37.526567,osm_overpass
9534175268,127.101698,37.523945,osm_overpass
9570320383,127.080429,37.527703,osm_overpass
9570320384,127.075407,37.529207,osm_overpass
9570320385,127.074666,37.529449,osm_overpass
9570320386,127.076121,37.528956,osm_overpass
9570320387,127.071196,37.530432,osm_overpass
9570320389,127.062535,37.532713,osm_overpass
9570320390,127.082226,37.527540,osm_overpass
9570320392,127.087163,37.528090,osm_overpass
9570320394,127.085572,37.527704,osm_overpass
9570320395,127.085164,37.527660,osm_overpass
9570489846,127.085855,37.527496,osm_overpass
9570489856,127.094159,37.520739,osm_overpass
9570489857,127.093794,37.521216,osm_overpass
9570489858,127.093739,37.521290,osm_overpass
9570489859,127.093596,37.521518,osm_overpass
9570489860,127.093535,37.521624,osm_overpass
9570489862,127.095179,37.520327,osm_overpass
9570489863,127.095096,37.520355,osm_overpass
9570489864,127.095007,37.520396,osm_overpass
9570489865,127.094933,37.520438,osm_overpass
9570489866,127.094805,37.520535,osm_overpass
9570489868,127.095271,37.520304,osm_overpass
9570489869,127.094126,37.521292,osm_overpass
9570489870,127.094205,37.519495,osm_overpass
9570489871,127.094390,37.519702,osm_overpass
9570489872,127.094330,37.519621,osm_overpass
9570489873,127.094270,37.519552,osm_overpass
9570489874,127.094482,37.519957,osm_overpass
9570489875,127.094837,37.519746,osm_overpass
9570489876,127.094792,37.519767,osm_overpass
9570489877,127.094524,37.519570,osm_overpass
9570489878,127.094284,37.520603,osm_overpass
9570489879,127.094185,37.520743,osm_overpass
9570489880,127.093848,37.521192,osm_overpass
9570489881,127.094684,37.520625,osm_overpass
9570489882,127.088722,37.527788,osm_overpass
9570489889,127.086437,37.527566,osm_overpass
9570489913,127.094065,37.532191,osm_overpass
9570489914,127.092880,37.531462,osm_overpass
9570489916,127.091309,37.530173,osm_overpass
9570489917,127.089794,37.529019,osm_overpass
9577036969,127.053199,37.534780,osm_overpass
9577082240,127.045259,37.536985,osm_overpass
9577113888,127.029707,37.543356,osm_overpass
9577113889,127.029807,37.543431,osm_overpass
9577113890,127.031530,37.544512,osm_overpass
9577118409,127.028846,37.542813,osm_overpass
9577131729,127.028563,37.542423,osm_overpass
9577131730,127.028557,37.542389,osm_overpass
9577131731,127.028553,37.542312,osm_overpass
9577131732,127.028567,37.542208,osm_overpass
9653299380,127.102562,37.535284,osm_overpass
9664699415,127.123571,37.527668,osm_overpass
9664699416,127.123625,37.527731,osm_overpass
9664699417,127.123657,37.527745,osm_overpass
9664699418,127.123686,37.527745,osm_overpass
9664699419,127.124064,37.527582,osm_overpass
9664699420,127.124080,37.527559,osm_overpass
9664699421,127.124087,37.527537,osm_overpass
9664699422,127.124078,37.527513,osm_overpass
9664699423,127.124042,37.527461,osm_overpass
9664699424,127.123773,37.527579,osm_overpass
9664699425,127.123724,37.527513,osm_overpass
9664699426,127.123518,37.527234,osm_overpass
9664699427,127.123580,37.527318,osm_overpass
9664699428,127.123554,37.527283,osm_overpass
9664699429,127.123706,37.527215,osm_overpass
9664699430,127.123893,37.527987,osm_overpass
9664699431,127.123835,37.527898,osm_overpass
9664699432,127.123863,37.527941,osm_overpass
9664699433,127.124154,37.527813,osm_overpass
9798035785,127.129407,37.500217,osm_overpass
9825254870,127.092797,37.531109,osm_overpass
9825254871,127.090976,37.529771,osm_overpass
9825254872,127.091378,37.530018,osm_overpass
9825254873,127.091270,37.529938,osm_overpass
9825254874,127.091098,37.529831,osm_overpass
9825254875,127.091188,37.529881,osm_overpass
9825254876,127.090056,37.529118,osm_overpass
9825254877,127.089389,37.528704,osm_overpass
9825254878,127.089533,37.528790,osm_overpass
9825254879,127.089194,37.528596,osm_overpass
9825254880,127.088487,37.527803,osm_overpass
9825373872,127.102405,37.539303,osm_overpass
9825373873,127.104807,37.541230,osm_overpass
9825373874,127.105318,37.541633,osm_overpass
9825373875,127.108512,37.544663,osm_overpass
9825373876,127.108535,37.544827,osm_overpass
9825373877,127.108155,37.544297,osm_overpass
9825373879,127.110214,37.548478,osm_overpass
9825373880,127.110211,37.547851,osm_overpass
9825373881,127.110142,37.547570,osm_overpass
9825373882,127.109800,37.546761,osm_overpass
9825373883,127.110209,37.548040,osm_overpass
9825373884,127.110276,37.548950,osm_overpass
9825373885,127.110393,37.549358,osm_overpass
9825373886,127.110775,37.550242,osm_overpass
9825421861,127.118594,37.564667,osm_overpass
9886949043,127.097415,37.517390,osm_overpass
9886949048,127.101489,37.510307,osm_overpass
9886949049,127.101699,37.510316,osm_overpass
9886949050,127.101340,37.510446,osm_overpass
9886949051,127.103401,37.509747,osm_overpass
9886949052,127.102983,37.509507,osm_overpass
9889266896,127.121968,37.511960,osm_overpass
9889267079,127.133768,37.509917,osm_overpass
9889267080,127.133865,37.510486,osm_overpass
9889267081,127.133890,37.510733,osm_overpass
9889267082,127.133928,37.511113,osm_overpass
9889267083,127.133783,37.511822,osm_overpass
9889267084,127.133641,37.512218,osm_overpass
9890821706,127.130057,37.509450,osm_overpass
9890821713,127.128377,37.510434,osm_overpass
9890821740,127.129959,37.509495,osm_overpass
9890821741,127.129684,37.509610,osm_overpass
9894838166,127.130255,37.511529,osm_overpass
9899044780,127.131481,37.498932,osm_overpass
9899044781,127.130298,37.499653,osm_overpass
9901440292,127.107008,37.511102,osm_overpass
9901457409,127.112613,37.500708,osm_overpass
9903670410,127.104246,37.503559,osm_overpass
9903670411,127.103573,37.503417,osm_overpass
997969273,127.107795,37.529167,osm_overpass
997969283,127.105615,37.532475,osm_overpass
997969292,127.108939,37.529815,osm_overpass
997969315,127.109366,37.531512,osm_overpass
997969324,127.109587,37.530253,osm_overpass
997969327,127.109810,37.530570,osm_overpass
997969353,127.107771,37.529677,osm_overpass
997969359,127.108947,37.529874,osm_overpass
997969379,127.109014,37.529721,osm_overpass
997969384,127.109057,37.530187,osm_overpass
997969409,127.107663,37.529983,osm_overpass
997969412,127.107592,37.528617,osm_overpass
997969431,127.108948,37.529775,osm_overpass
9985141856,127.142519,37.499103,osm_overpass
9985141857,127.142185,37.499375,osm_overpass
9985141858,127.142232,37.499347,osm_overpass
9985141859,127.142342,37.499332,osm_overpass
9985141860,127.143002,37.499309,osm_overpass
9985165736,127.142548,37.499101,osm_overpass
999136499,127.122106,37.526411,osm_overpass
999136554,127.114098,37.537430,osm_overpass
999136618,127.122493,37.526601,osm_overpass
999136624,127.121963,37.526284,osm_overpass
999136632,127.117618,37.525548,osm_overpass
9997197360,127.089964,37.526617,osm_overpass
9997197361,127.089850,37.526554,osm_overpass
9997197362,127.089905,37.526482,osm_overpass
9997197363,127.095684,37.518949,osm_overpass
9997197365,127.102330,37.535682,osm_overpass
9997197366,127.102241,37.535596,osm_overpass
